draw_no,date,plan,any_hit,hit_types,spent,won_theory,roi_theory
4205,2015-08-07,A_5mini_hot,0,,1000,0.0,-1.0
4205,2015-08-07,B_5mini_unseen,0,,1000,0.0,-1.0
4205,2015-08-07,C_4mini_1box_hot,0,,1000,0.0,-1.0
4205,2015-08-07,D_3mini_1box_1straight,0,,1000,0.0,-1.0
4205,2015-08-07,E_3mini_1set_1straight_prev,0,,1000,0.0,-1.0
4205,2015-08-07,F_5mini_random,0,,1000,0.0,-1.0
4206,2015-08-10,A_5mini_hot,0,,1000,0.0,-1.0
4206,2015-08-10,B_5mini_unseen,0,,1000,0.0,-1.0
4206,2015-08-10,C_4mini_1box_hot,0,,1000,0.0,-1.0
4206,2015-08-10,D_3mini_1box_1straight,0,,1000,0.0,-1.0
4206,2015-08-10,E_3mini_1set_1straight_prev,0,,1000,0.0,-1.0
4206,2015-08-10,F_5mini_random,0,,1000,0.0,-1.0
4207,2015-08-11,A_5mini_hot,0,,1000,0.0,-1.0
4207,2015-08-11,B_5mini_unseen,0,,1000,0.0,-1.0
4207,2015-08-11,C_4mini_1box_hot,0,,1000,0.0,-1.0
4207,2015-08-11,D_3mini_1box_1straight,0,,1000,0.0,-1.0
4207,2015-08-11,E_3mini_1set_1straight_prev,0,,1000,0.0,-1.0
4207,2015-08-11,F_5mini_random,0,,1000,0.0,-1.0
4208,2015-08-12,A_5mini_hot,0,,1000,0.0,-1.0
4208,2015-08-12,B_5mini_unseen,0,,1000,0.0,-1.0
4208,2015-08-12,C_4mini_1box_hot,0,,1000,0.0,-1.0
4208,2015-08-12,D_3mini_1box_1straight,0,,1000,0.0,-1.0
4208,2015-08-12,E_3mini_1set_1straight_prev,1,mini,1000,9000.0,8.0
4208,2015-08-12,F_5mini_random,0,,1000,0.0,-1.0
4209,2015-08-13,A_5mini_hot,0,,1000,0.0,-1.0
4209,2015-08-13,B_5mini_unseen,0,,1000,0.0,-1.0
4209,2015-08-13,C_4mini_1box_hot,0,,1000,0.0,-1.0
4209,2015-08-13,D_3mini_1box_1straight,0,,1000,0.0,-1.0
4209,2015-08-13,E_3mini_1set_1straight_prev,0,,1000,0.0,-1.0
4209,2015-08-13,F_5mini_random,0,,1000,0.0,-1.0
4210,2015-08-14,A_5mini_hot,0,,1000,0.0,-1.0
4210,2015-08-14,B_5mini_unseen,0,,1000,0.0,-1.0
4210,2015-08-14,C_4mini_1box_hot,0,,1000,0.0,-1.0
4210,2015-08-14,D_3mini_1box_1straight,0,,1000,0.0,-1.0
4210,2015-08-14,E_3mini_1set_1straight_prev,0,,1000,0.0,-1.0
4210,2015-08-14,F_5mini_random,0,,1000,0.0,-1.0
4211,2015-08-17,A_5mini_hot,0,,1000,0.0,-1.0
4211,2015-08-17,B_5mini_unseen,0,,1000,0.0,-1.0
4211,2015-08-17,C_4mini_1box_hot,0,,1000,0.0,-1.0
4211,2015-08-17,D_3mini_1box_1straight,0,,1000,0.0,-1.0
4211,2015-08-17,E_3mini_1set_1straight_prev,0,,1000,0.0,-1.0
4211,2015-08-17,F_5mini_random,0,,1000,0.0,-1.0
4212,2015-08-18,A_5mini_hot,0,,1000,0.0,-1.0
4212,2015-08-18,B_5mini_unseen,0,,1000,0.0,-1.0
4212,2015-08-18,C_4mini_1box_hot,0,,1000,0.0,-1.0
4212,2015-08-18,D_3mini_1box_1straight,0,,1000,0.0,-1.0
4212,2015-08-18,E_3mini_1set_1straight_prev,0,,1000,0.0,-1.0
4212,2015-08-18,F_5mini_random,0,,1000,0.0,-1.0
4213,2015-08-19,A_5mini_hot,1,mini,1000,9000.0,8.0
4213,2015-08-19,B_5mini_unseen,0,,1000,0.0,-1.0
4213,2015-08-19,C_4mini_1box_hot,0,,1000,0.0,-1.0
4213,2015-08-19,D_3mini_1box_1straight,0,,1000,0.0,-1.0
4213,2015-08-19,E_3mini_1set_1straight_prev,0,,1000,0.0,-1.0
4213,2015-08-19,F_5mini_random,0,,1000,0.0,-1.0
4214,2015-08-20,A_5mini_hot,0,,1000,0.0,-1.0
4214,2015-08-20,B_5mini_unseen,0,,1000,0.0,-1.0
4214,2015-08-20,C_4mini_1box_hot,0,,1000,0.0,-1.0
4214,2015-08-20,D_3mini_1box_1straight,0,,1000,0.0,-1.0
4214,2015-08-20,E_3mini_1set_1straight_prev,0,,1000,0.0,-1.0
4214,2015-08-20,F_5mini_random,0,,1000,0.0,-1.0
4215,2015-08-21,A_5mini_hot,0,,1000,0.0,-1.0
4215,2015-08-21,B_5mini_unseen,0,,1000,0.0,-1.0
4215,2015-08-21,C_4mini_1box_hot,0,,1000,0.0,-1.0
4215,2015-08-21,D_3mini_1box_1straight,0,,1000,0.0,-1.0
4215,2015-08-21,E_3mini_1set_1straight_prev,0,,1000,0.0,-1.0
4215,2015-08-21,F_5mini_random,0,,1000,0.0,-1.0
4216,2015-08-24,A_5mini_hot,0,,1000,0.0,-1.0
4216,2015-08-24,B_5mini_unseen,0,,1000,0.0,-1.0
4216,2015-08-24,C_4mini_1box_hot,0,,1000,0.0,-1.0
4216,2015-08-24,D_3mini_1box_1straight,0,,1000,0.0,-1.0
4216,2015-08-24,E_3mini_1set_1straight_prev,0,,1000,0.0,-1.0
4216,2015-08-24,F_5mini_random,1,mini,1000,9000.0,8.0
4217,2015-08-25,A_5mini_hot,0,,1000,0.0,-1.0
4217,2015-08-25,B_5mini_unseen,0,,1000,0.0,-1.0
4217,2015-08-25,C_4mini_1box_hot,0,,1000,0.0,-1.0
4217,2015-08-25,D_3mini_1box_1straight,0,,1000,0.0,-1.0
4217,2015-08-25,E_3mini_1set_1straight_prev,0,,1000,0.0,-1.0
4217,2015-08-25,F_5mini_random,0,,1000,0.0,-1.0
4218,2015-08-26,A_5mini_hot,0,,1000,0.0,-1.0
4218,2015-08-26,B_5mini_unseen,0,,1000,0.0,-1.0
4218,2015-08-26,C_4mini_1box_hot,0,,1000,0.0,-1.0
4218,2015-08-26,D_3mini_1box_1straight,0,,1000,0.0,-1.0
4218,2015-08-26,E_3mini_1set_1straight_prev,0,,1000,0.0,-1.0
4218,2015-08-26,F_5mini_random,0,,1000,0.0,-1.0
4219,2015-08-27,A_5mini_hot,0,,1000,0.0,-1.0
4219,2015-08-27,B_5mini_unseen,0,,1000,0.0,-1.0
4219,2015-08-27,C_4mini_1box_hot,0,,1000,0.0,-1.0
4219,2015-08-27,D_3mini_1box_1straight,0,,1000,0.0,-1.0
4219,2015-08-27,E_3mini_1set_1straight_prev,0,,1000,0.0,-1.0
4219,2015-08-27,F_5mini_random,0,,1000,0.0,-1.0
4220,2015-08-28,A_5mini_hot,0,,1000,0.0,-1.0
4220,2015-08-28,B_5mini_unseen,0,,1000,0.0,-1.0
4220,2015-08-28,C_4mini_1box_hot,0,,1000,0.0,-1.0
4220,2015-08-28,D_3mini_1box_1straight,0,,1000,0.0,-1.0
4220,2015-08-28,E_3mini_1set_1straight_prev,0,,1000,0.0,-1.0
4220,2015-08-28,F_5mini_random,0,,1000,0.0,-1.0
4221,2015-08-31,A_5mini_hot,0,,1000,0.0,-1.0
4221,2015-08-31,B_5mini_unseen,0,,1000,0.0,-1.0
4221,2015-08-31,C_4mini_1box_hot,0,,1000,0.0,-1.0
4221,2015-08-31,D_3mini_1box_1straight,0,,1000,0.0,-1.0
4221,2015-08-31,E_3mini_1set_1straight_prev,0,,1000,0.0,-1.0
4221,2015-08-31,F_5mini_random,0,,1000,0.0,-1.0
4222,2015-09-01,A_5mini_hot,0,,1000,0.0,-1.0
4222,2015-09-01,B_5mini_unseen,0,,1000,0.0,-1.0
4222,2015-09-01,C_4mini_1box_hot,0,,1000,0.0,-1.0
4222,2015-09-01,D_3mini_1box_1straight,0,,1000,0.0,-1.0
4222,2015-09-01,E_3mini_1set_1straight_prev,0,,1000,0.0,-1.0
4222,2015-09-01,F_5mini_random,0,,1000,0.0,-1.0
4223,2015-09-02,A_5mini_hot,0,,1000,0.0,-1.0
4223,2015-09-02,B_5mini_unseen,0,,1000,0.0,-1.0
4223,2015-09-02,C_4mini_1box_hot,0,,1000,0.0,-1.0
4223,2015-09-02,D_3mini_1box_1straight,0,,1000,0.0,-1.0
4223,2015-09-02,E_3mini_1set_1straight_prev,0,,1000,0.0,-1.0
4223,2015-09-02,F_5mini_random,0,,1000,0.0,-1.0
4224,2015-09-03,A_5mini_hot,0,,1000,0.0,-1.0
4224,2015-09-03,B_5mini_unseen,0,,1000,0.0,-1.0
4224,2015-09-03,C_4mini_1box_hot,0,,1000,0.0,-1.0
4224,2015-09-03,D_3mini_1box_1straight,0,,1000,0.0,-1.0
4224,2015-09-03,E_3mini_1set_1straight_prev,0,,1000,0.0,-1.0
4224,2015-09-03,F_5mini_random,0,,1000,0.0,-1.0
4225,2015-09-04,A_5mini_hot,0,,1000,0.0,-1.0
4225,2015-09-04,B_5mini_unseen,0,,1000,0.0,-1.0
4225,2015-09-04,C_4mini_1box_hot,1,box,1000,15000.0,14.0
4225,2015-09-04,D_3mini_1box_1straight,1,"box,straight",1000,105000.0,104.0
4225,2015-09-04,E_3mini_1set_1straight_prev,1,set_straight,1000,52500.0,51.5
4225,2015-09-04,F_5mini_random,0,,1000,0.0,-1.0
4226,2015-09-07,A_5mini_hot,0,,1000,0.0,-1.0
4226,2015-09-07,B_5mini_unseen,0,,1000,0.0,-1.0
4226,2015-09-07,C_4mini_1box_hot,0,,1000,0.0,-1.0
4226,2015-09-07,D_3mini_1box_1straight,0,,1000,0.0,-1.0
4226,2015-09-07,E_3mini_1set_1straight_prev,0,,1000,0.0,-1.0
4226,2015-09-07,F_5mini_random,0,,1000,0.0,-1.0
4227,2015-09-08,A_5mini_hot,0,,1000,0.0,-1.0
4227,2015-09-08,B_5mini_unseen,0,,1000,0.0,-1.0
4227,2015-09-08,C_4mini_1box_hot,0,,1000,0.0,-1.0
4227,2015-09-08,D_3mini_1box_1straight,0,,1000,0.0,-1.0
4227,2015-09-08,E_3mini_1set_1straight_prev,0,,1000,0.0,-1.0
4227,2015-09-08,F_5mini_random,0,,1000,0.0,-1.0
4228,2015-09-09,A_5mini_hot,0,,1000,0.0,-1.0
4228,2015-09-09,B_5mini_unseen,0,,1000,0.0,-1.0
4228,2015-09-09,C_4mini_1box_hot,0,,1000,0.0,-1.0
4228,2015-09-09,D_3mini_1box_1straight,0,,1000,0.0,-1.0
4228,2015-09-09,E_3mini_1set_1straight_prev,0,,1000,0.0,-1.0
4228,2015-09-09,F_5mini_random,0,,1000,0.0,-1.0
4229,2015-09-10,A_5mini_hot,0,,1000,0.0,-1.0
4229,2015-09-10,B_5mini_unseen,0,,1000,0.0,-1.0
4229,2015-09-10,C_4mini_1box_hot,0,,1000,0.0,-1.0
4229,2015-09-10,D_3mini_1box_1straight,0,,1000,0.0,-1.0
4229,2015-09-10,E_3mini_1set_1straight_prev,0,,1000,0.0,-1.0
4229,2015-09-10,F_5mini_random,0,,1000,0.0,-1.0
4230,2015-09-11,A_5mini_hot,0,,1000,0.0,-1.0
4230,2015-09-11,B_5mini_unseen,0,,1000,0.0,-1.0
4230,2015-09-11,C_4mini_1box_hot,0,,1000,0.0,-1.0
4230,2015-09-11,D_3mini_1box_1straight,0,,1000,0.0,-1.0
4230,2015-09-11,E_3mini_1set_1straight_prev,0,,1000,0.0,-1.0
4230,2015-09-11,F_5mini_random,0,,1000,0.0,-1.0
4231,2015-09-14,A_5mini_hot,0,,1000,0.0,-1.0
4231,2015-09-14,B_5mini_unseen,0,,1000,0.0,-1.0
4231,2015-09-14,C_4mini_1box_hot,0,,1000,0.0,-1.0
4231,2015-09-14,D_3mini_1box_1straight,0,,1000,0.0,-1.0
4231,2015-09-14,E_3mini_1set_1straight_prev,0,,1000,0.0,-1.0
4231,2015-09-14,F_5mini_random,0,,1000,0.0,-1.0
4232,2015-09-15,A_5mini_hot,0,,1000,0.0,-1.0
4232,2015-09-15,B_5mini_unseen,0,,1000,0.0,-1.0
4232,2015-09-15,C_4mini_1box_hot,0,,1000,0.0,-1.0
4232,2015-09-15,D_3mini_1box_1straight,0,,1000,0.0,-1.0
4232,2015-09-15,E_3mini_1set_1straight_prev,0,,1000,0.0,-1.0
4232,2015-09-15,F_5mini_random,0,,1000,0.0,-1.0
4233,2015-09-16,A_5mini_hot,0,,1000,0.0,-1.0
4233,2015-09-16,B_5mini_unseen,0,,1000,0.0,-1.0
4233,2015-09-16,C_4mini_1box_hot,0,,1000,0.0,-1.0
4233,2015-09-16,D_3mini_1box_1straight,0,,1000,0.0,-1.0
4233,2015-09-16,E_3mini_1set_1straight_prev,0,,1000,0.0,-1.0
4233,2015-09-16,F_5mini_random,0,,1000,0.0,-1.0
4234,2015-09-17,A_5mini_hot,0,,1000,0.0,-1.0
4234,2015-09-17,B_5mini_unseen,1,mini,1000,9000.0,8.0
4234,2015-09-17,C_4mini_1box_hot,0,,1000,0.0,-1.0
4234,2015-09-17,D_3mini_1box_1straight,0,,1000,0.0,-1.0
4234,2015-09-17,E_3mini_1set_1straight_prev,0,,1000,0.0,-1.0
4234,2015-09-17,F_5mini_random,0,,1000,0.0,-1.0
4235,2015-09-18,A_5mini_hot,0,,1000,0.0,-1.0
4235,2015-09-18,B_5mini_unseen,0,,1000,0.0,-1.0
4235,2015-09-18,C_4mini_1box_hot,0,,1000,0.0,-1.0
4235,2015-09-18,D_3mini_1box_1straight,0,,1000,0.0,-1.0
4235,2015-09-18,E_3mini_1set_1straight_prev,0,,1000,0.0,-1.0
4235,2015-09-18,F_5mini_random,0,,1000,0.0,-1.0
4236,2015-09-21,A_5mini_hot,0,,1000,0.0,-1.0
4236,2015-09-21,B_5mini_unseen,0,,1000,0.0,-1.0
4236,2015-09-21,C_4mini_1box_hot,0,,1000,0.0,-1.0
4236,2015-09-21,D_3mini_1box_1straight,0,,1000,0.0,-1.0
4236,2015-09-21,E_3mini_1set_1straight_prev,0,,1000,0.0,-1.0
4236,2015-09-21,F_5mini_random,0,,1000,0.0,-1.0
4237,2015-09-22,A_5mini_hot,0,,1000,0.0,-1.0
4237,2015-09-22,B_5mini_unseen,0,,1000,0.0,-1.0
4237,2015-09-22,C_4mini_1box_hot,0,,1000,0.0,-1.0
4237,2015-09-22,D_3mini_1box_1straight,0,,1000,0.0,-1.0
4237,2015-09-22,E_3mini_1set_1straight_prev,0,,1000,0.0,-1.0
4237,2015-09-22,F_5mini_random,0,,1000,0.0,-1.0
4238,2015-09-23,A_5mini_hot,0,,1000,0.0,-1.0
4238,2015-09-23,B_5mini_unseen,0,,1000,0.0,-1.0
4238,2015-09-23,C_4mini_1box_hot,0,,1000,0.0,-1.0
4238,2015-09-23,D_3mini_1box_1straight,0,,1000,0.0,-1.0
4238,2015-09-23,E_3mini_1set_1straight_prev,0,,1000,0.0,-1.0
4238,2015-09-23,F_5mini_random,0,,1000,0.0,-1.0
4239,2015-09-24,A_5mini_hot,0,,1000,0.0,-1.0
4239,2015-09-24,B_5mini_unseen,0,,1000,0.0,-1.0
4239,2015-09-24,C_4mini_1box_hot,0,,1000,0.0,-1.0
4239,2015-09-24,D_3mini_1box_1straight,0,,1000,0.0,-1.0
4239,2015-09-24,E_3mini_1set_1straight_prev,0,,1000,0.0,-1.0
4239,2015-09-24,F_5mini_random,0,,1000,0.0,-1.0
4240,2015-09-25,A_5mini_hot,0,,1000,0.0,-1.0
4240,2015-09-25,B_5mini_unseen,0,,1000,0.0,-1.0
4240,2015-09-25,C_4mini_1box_hot,0,,1000,0.0,-1.0
4240,2015-09-25,D_3mini_1box_1straight,0,,1000,0.0,-1.0
4240,2015-09-25,E_3mini_1set_1straight_prev,0,,1000,0.0,-1.0
4240,2015-09-25,F_5mini_random,0,,1000,0.0,-1.0
4241,2015-09-28,A_5mini_hot,0,,1000,0.0,-1.0
4241,2015-09-28,B_5mini_unseen,0,,1000,0.0,-1.0
4241,2015-09-28,C_4mini_1box_hot,0,,1000,0.0,-1.0
4241,2015-09-28,D_3mini_1box_1straight,0,,1000,0.0,-1.0
4241,2015-09-28,E_3mini_1set_1straight_prev,0,,1000,0.0,-1.0
4241,2015-09-28,F_5mini_random,0,,1000,0.0,-1.0
4242,2015-09-29,A_5mini_hot,0,,1000,0.0,-1.0
4242,2015-09-29,B_5mini_unseen,0,,1000,0.0,-1.0
4242,2015-09-29,C_4mini_1box_hot,0,,1000,0.0,-1.0
4242,2015-09-29,D_3mini_1box_1straight,0,,1000,0.0,-1.0
4242,2015-09-29,E_3mini_1set_1straight_prev,0,,1000,0.0,-1.0
4242,2015-09-29,F_5mini_random,0,,1000,0.0,-1.0
4243,2015-09-30,A_5mini_hot,0,,1000,0.0,-1.0
4243,2015-09-30,B_5mini_unseen,0,,1000,0.0,-1.0
4243,2015-09-30,C_4mini_1box_hot,0,,1000,0.0,-1.0
4243,2015-09-30,D_3mini_1box_1straight,0,,1000,0.0,-1.0
4243,2015-09-30,E_3mini_1set_1straight_prev,0,,1000,0.0,-1.0
4243,2015-09-30,F_5mini_random,1,mini,1000,9000.0,8.0
4244,2015-10-01,A_5mini_hot,0,,1000,0.0,-1.0
4244,2015-10-01,B_5mini_unseen,1,mini,1000,9000.0,8.0
4244,2015-10-01,C_4mini_1box_hot,0,,1000,0.0,-1.0
4244,2015-10-01,D_3mini_1box_1straight,0,,1000,0.0,-1.0
4244,2015-10-01,E_3mini_1set_1straight_prev,0,,1000,0.0,-1.0
4244,2015-10-01,F_5mini_random,0,,1000,0.0,-1.0
4245,2015-10-02,A_5mini_hot,1,mini,1000,9000.0,8.0
4245,2015-10-02,B_5mini_unseen,0,,1000,0.0,-1.0
4245,2015-10-02,C_4mini_1box_hot,1,mini,1000,9000.0,8.0
4245,2015-10-02,D_3mini_1box_1straight,1,mini,1000,9000.0,8.0
4245,2015-10-02,E_3mini_1set_1straight_prev,0,,1000,0.0,-1.0
4245,2015-10-02,F_5mini_random,0,,1000,0.0,-1.0
4246,2015-10-05,A_5mini_hot,0,,1000,0.0,-1.0
4246,2015-10-05,B_5mini_unseen,0,,1000,0.0,-1.0
4246,2015-10-05,C_4mini_1box_hot,0,,1000,0.0,-1.0
4246,2015-10-05,D_3mini_1box_1straight,0,,1000,0.0,-1.0
4246,2015-10-05,E_3mini_1set_1straight_prev,0,,1000,0.0,-1.0
4246,2015-10-05,F_5mini_random,0,,1000,0.0,-1.0
4247,2015-10-06,A_5mini_hot,0,,1000,0.0,-1.0
4247,2015-10-06,B_5mini_unseen,0,,1000,0.0,-1.0
4247,2015-10-06,C_4mini_1box_hot,0,,1000,0.0,-1.0
4247,2015-10-06,D_3mini_1box_1straight,0,,1000,0.0,-1.0
4247,2015-10-06,E_3mini_1set_1straight_prev,0,,1000,0.0,-1.0
4247,2015-10-06,F_5mini_random,0,,1000,0.0,-1.0
4248,2015-10-07,A_5mini_hot,0,,1000,0.0,-1.0
4248,2015-10-07,B_5mini_unseen,0,,1000,0.0,-1.0
4248,2015-10-07,C_4mini_1box_hot,0,,1000,0.0,-1.0
4248,2015-10-07,D_3mini_1box_1straight,0,,1000,0.0,-1.0
4248,2015-10-07,E_3mini_1set_1straight_prev,0,,1000,0.0,-1.0
4248,2015-10-07,F_5mini_random,0,,1000,0.0,-1.0
4249,2015-10-08,A_5mini_hot,0,,1000,0.0,-1.0
4249,2015-10-08,B_5mini_unseen,0,,1000,0.0,-1.0
4249,2015-10-08,C_4mini_1box_hot,0,,1000,0.0,-1.0
4249,2015-10-08,D_3mini_1box_1straight,0,,1000,0.0,-1.0
4249,2015-10-08,E_3mini_1set_1straight_prev,0,,1000,0.0,-1.0
4249,2015-10-08,F_5mini_random,0,,1000,0.0,-1.0
4250,2015-10-09,A_5mini_hot,0,,1000,0.0,-1.0
4250,2015-10-09,B_5mini_unseen,0,,1000,0.0,-1.0
4250,2015-10-09,C_4mini_1box_hot,0,,1000,0.0,-1.0
4250,2015-10-09,D_3mini_1box_1straight,0,,1000,0.0,-1.0
4250,2015-10-09,E_3mini_1set_1straight_prev,0,,1000,0.0,-1.0
4250,2015-10-09,F_5mini_random,0,,1000,0.0,-1.0
4251,2015-10-12,A_5mini_hot,0,,1000,0.0,-1.0
4251,2015-10-12,B_5mini_unseen,0,,1000,0.0,-1.0
4251,2015-10-12,C_4mini_1box_hot,0,,1000,0.0,-1.0
4251,2015-10-12,D_3mini_1box_1straight,0,,1000,0.0,-1.0
4251,2015-10-12,E_3mini_1set_1straight_prev,0,,1000,0.0,-1.0
4251,2015-10-12,F_5mini_random,0,,1000,0.0,-1.0
4252,2015-10-13,A_5mini_hot,0,,1000,0.0,-1.0
4252,2015-10-13,B_5mini_unseen,0,,1000,0.0,-1.0
4252,2015-10-13,C_4mini_1box_hot,0,,1000,0.0,-1.0
4252,2015-10-13,D_3mini_1box_1straight,0,,1000,0.0,-1.0
4252,2015-10-13,E_3mini_1set_1straight_prev,0,,1000,0.0,-1.0
4252,2015-10-13,F_5mini_random,0,,1000,0.0,-1.0
4253,2015-10-14,A_5mini_hot,1,mini,1000,9000.0,8.0
4253,2015-10-14,B_5mini_unseen,0,,1000,0.0,-1.0
4253,2015-10-14,C_4mini_1box_hot,1,mini,1000,9000.0,8.0
4253,2015-10-14,D_3mini_1box_1straight,1,mini,1000,9000.0,8.0
4253,2015-10-14,E_3mini_1set_1straight_prev,0,,1000,0.0,-1.0
4253,2015-10-14,F_5mini_random,0,,1000,0.0,-1.0
4254,2015-10-15,A_5mini_hot,0,,1000,0.0,-1.0
4254,2015-10-15,B_5mini_unseen,0,,1000,0.0,-1.0
4254,2015-10-15,C_4mini_1box_hot,0,,1000,0.0,-1.0
4254,2015-10-15,D_3mini_1box_1straight,0,,1000,0.0,-1.0
4254,2015-10-15,E_3mini_1set_1straight_prev,0,,1000,0.0,-1.0
4254,2015-10-15,F_5mini_random,0,,1000,0.0,-1.0
4255,2015-10-16,A_5mini_hot,0,,1000,0.0,-1.0
4255,2015-10-16,B_5mini_unseen,0,,1000,0.0,-1.0
4255,2015-10-16,C_4mini_1box_hot,0,,1000,0.0,-1.0
4255,2015-10-16,D_3mini_1box_1straight,0,,1000,0.0,-1.0
4255,2015-10-16,E_3mini_1set_1straight_prev,0,,1000,0.0,-1.0
4255,2015-10-16,F_5mini_random,0,,1000,0.0,-1.0
4256,2015-10-19,A_5mini_hot,0,,1000,0.0,-1.0
4256,2015-10-19,B_5mini_unseen,0,,1000,0.0,-1.0
4256,2015-10-19,C_4mini_1box_hot,0,,1000,0.0,-1.0
4256,2015-10-19,D_3mini_1box_1straight,0,,1000,0.0,-1.0
4256,2015-10-19,E_3mini_1set_1straight_prev,0,,1000,0.0,-1.0
4256,2015-10-19,F_5mini_random,0,,1000,0.0,-1.0
4257,2015-10-20,A_5mini_hot,0,,1000,0.0,-1.0
4257,2015-10-20,B_5mini_unseen,0,,1000,0.0,-1.0
4257,2015-10-20,C_4mini_1box_hot,0,,1000,0.0,-1.0
4257,2015-10-20,D_3mini_1box_1straight,0,,1000,0.0,-1.0
4257,2015-10-20,E_3mini_1set_1straight_prev,0,,1000,0.0,-1.0
4257,2015-10-20,F_5mini_random,0,,1000,0.0,-1.0
4258,2015-10-21,A_5mini_hot,0,,1000,0.0,-1.0
4258,2015-10-21,B_5mini_unseen,0,,1000,0.0,-1.0
4258,2015-10-21,C_4mini_1box_hot,0,,1000,0.0,-1.0
4258,2015-10-21,D_3mini_1box_1straight,0,,1000,0.0,-1.0
4258,2015-10-21,E_3mini_1set_1straight_prev,0,,1000,0.0,-1.0
4258,2015-10-21,F_5mini_random,0,,1000,0.0,-1.0
4259,2015-10-22,A_5mini_hot,0,,1000,0.0,-1.0
4259,2015-10-22,B_5mini_unseen,0,,1000,0.0,-1.0
4259,2015-10-22,C_4mini_1box_hot,0,,1000,0.0,-1.0
4259,2015-10-22,D_3mini_1box_1straight,0,,1000,0.0,-1.0
4259,2015-10-22,E_3mini_1set_1straight_prev,0,,1000,0.0,-1.0
4259,2015-10-22,F_5mini_random,1,mini,1000,9000.0,8.0
4260,2015-10-23,A_5mini_hot,0,,1000,0.0,-1.0
4260,2015-10-23,B_5mini_unseen,0,,1000,0.0,-1.0
4260,2015-10-23,C_4mini_1box_hot,0,,1000,0.0,-1.0
4260,2015-10-23,D_3mini_1box_1straight,0,,1000,0.0,-1.0
4260,2015-10-23,E_3mini_1set_1straight_prev,0,,1000,0.0,-1.0
4260,2015-10-23,F_5mini_random,0,,1000,0.0,-1.0
4261,2015-10-26,A_5mini_hot,0,,1000,0.0,-1.0
4261,2015-10-26,B_5mini_unseen,0,,1000,0.0,-1.0
4261,2015-10-26,C_4mini_1box_hot,0,,1000,0.0,-1.0
4261,2015-10-26,D_3mini_1box_1straight,0,,1000,0.0,-1.0
4261,2015-10-26,E_3mini_1set_1straight_prev,0,,1000,0.0,-1.0
4261,2015-10-26,F_5mini_random,0,,1000,0.0,-1.0
4262,2015-10-27,A_5mini_hot,0,,1000,0.0,-1.0
4262,2015-10-27,B_5mini_unseen,0,,1000,0.0,-1.0
4262,2015-10-27,C_4mini_1box_hot,0,,1000,0.0,-1.0
4262,2015-10-27,D_3mini_1box_1straight,0,,1000,0.0,-1.0
4262,2015-10-27,E_3mini_1set_1straight_prev,0,,1000,0.0,-1.0
4262,2015-10-27,F_5mini_random,0,,1000,0.0,-1.0
4263,2015-10-28,A_5mini_hot,0,,1000,0.0,-1.0
4263,2015-10-28,B_5mini_unseen,0,,1000,0.0,-1.0
4263,2015-10-28,C_4mini_1box_hot,0,,1000,0.0,-1.0
4263,2015-10-28,D_3mini_1box_1straight,0,,1000,0.0,-1.0
4263,2015-10-28,E_3mini_1set_1straight_prev,0,,1000,0.0,-1.0
4263,2015-10-28,F_5mini_random,0,,1000,0.0,-1.0
4264,2015-10-29,A_5mini_hot,0,,1000,0.0,-1.0
4264,2015-10-29,B_5mini_unseen,0,,1000,0.0,-1.0
4264,2015-10-29,C_4mini_1box_hot,0,,1000,0.0,-1.0
4264,2015-10-29,D_3mini_1box_1straight,0,,1000,0.0,-1.0
4264,2015-10-29,E_3mini_1set_1straight_prev,0,,1000,0.0,-1.0
4264,2015-10-29,F_5mini_random,0,,1000,0.0,-1.0
4265,2015-10-30,A_5mini_hot,0,,1000,0.0,-1.0
4265,2015-10-30,B_5mini_unseen,0,,1000,0.0,-1.0
4265,2015-10-30,C_4mini_1box_hot,0,,1000,0.0,-1.0
4265,2015-10-30,D_3mini_1box_1straight,0,,1000,0.0,-1.0
4265,2015-10-30,E_3mini_1set_1straight_prev,0,,1000,0.0,-1.0
4265,2015-10-30,F_5mini_random,0,,1000,0.0,-1.0
4266,2015-11-02,A_5mini_hot,0,,1000,0.0,-1.0
4266,2015-11-02,B_5mini_unseen,0,,1000,0.0,-1.0
4266,2015-11-02,C_4mini_1box_hot,0,,1000,0.0,-1.0
4266,2015-11-02,D_3mini_1box_1straight,0,,1000,0.0,-1.0
4266,2015-11-02,E_3mini_1set_1straight_prev,0,,1000,0.0,-1.0
4266,2015-11-02,F_5mini_random,0,,1000,0.0,-1.0
4267,2015-11-03,A_5mini_hot,0,,1000,0.0,-1.0
4267,2015-11-03,B_5mini_unseen,0,,1000,0.0,-1.0
4267,2015-11-03,C_4mini_1box_hot,0,,1000,0.0,-1.0
4267,2015-11-03,D_3mini_1box_1straight,0,,1000,0.0,-1.0
4267,2015-11-03,E_3mini_1set_1straight_prev,0,,1000,0.0,-1.0
4267,2015-11-03,F_5mini_random,0,,1000,0.0,-1.0
4268,2015-11-04,A_5mini_hot,0,,1000,0.0,-1.0
4268,2015-11-04,B_5mini_unseen,0,,1000,0.0,-1.0
4268,2015-11-04,C_4mini_1box_hot,0,,1000,0.0,-1.0
4268,2015-11-04,D_3mini_1box_1straight,0,,1000,0.0,-1.0
4268,2015-11-04,E_3mini_1set_1straight_prev,0,,1000,0.0,-1.0
4268,2015-11-04,F_5mini_random,0,,1000,0.0,-1.0
4269,2015-11-05,A_5mini_hot,0,,1000,0.0,-1.0
4269,2015-11-05,B_5mini_unseen,0,,1000,0.0,-1.0
4269,2015-11-05,C_4mini_1box_hot,0,,1000,0.0,-1.0
4269,2015-11-05,D_3mini_1box_1straight,0,,1000,0.0,-1.0
4269,2015-11-05,E_3mini_1set_1straight_prev,0,,1000,0.0,-1.0
4269,2015-11-05,F_5mini_random,0,,1000,0.0,-1.0
4270,2015-11-06,A_5mini_hot,0,,1000,0.0,-1.0
4270,2015-11-06,B_5mini_unseen,0,,1000,0.0,-1.0
4270,2015-11-06,C_4mini_1box_hot,0,,1000,0.0,-1.0
4270,2015-11-06,D_3mini_1box_1straight,0,,1000,0.0,-1.0
4270,2015-11-06,E_3mini_1set_1straight_prev,0,,1000,0.0,-1.0
4270,2015-11-06,F_5mini_random,0,,1000,0.0,-1.0
4271,2015-11-09,A_5mini_hot,0,,1000,0.0,-1.0
4271,2015-11-09,B_5mini_unseen,1,mini,1000,9000.0,8.0
4271,2015-11-09,C_4mini_1box_hot,0,,1000,0.0,-1.0
4271,2015-11-09,D_3mini_1box_1straight,0,,1000,0.0,-1.0
4271,2015-11-09,E_3mini_1set_1straight_prev,0,,1000,0.0,-1.0
4271,2015-11-09,F_5mini_random,0,,1000,0.0,-1.0
4272,2015-11-10,A_5mini_hot,0,,1000,0.0,-1.0
4272,2015-11-10,B_5mini_unseen,0,,1000,0.0,-1.0
4272,2015-11-10,C_4mini_1box_hot,0,,1000,0.0,-1.0
4272,2015-11-10,D_3mini_1box_1straight,0,,1000,0.0,-1.0
4272,2015-11-10,E_3mini_1set_1straight_prev,0,,1000,0.0,-1.0
4272,2015-11-10,F_5mini_random,0,,1000,0.0,-1.0
4273,2015-11-11,A_5mini_hot,0,,1000,0.0,-1.0
4273,2015-11-11,B_5mini_unseen,0,,1000,0.0,-1.0
4273,2015-11-11,C_4mini_1box_hot,0,,1000,0.0,-1.0
4273,2015-11-11,D_3mini_1box_1straight,0,,1000,0.0,-1.0
4273,2015-11-11,E_3mini_1set_1straight_prev,0,,1000,0.0,-1.0
4273,2015-11-11,F_5mini_random,0,,1000,0.0,-1.0
4274,2015-11-12,A_5mini_hot,0,,1000,0.0,-1.0
4274,2015-11-12,B_5mini_unseen,0,,1000,0.0,-1.0
4274,2015-11-12,C_4mini_1box_hot,0,,1000,0.0,-1.0
4274,2015-11-12,D_3mini_1box_1straight,0,,1000,0.0,-1.0
4274,2015-11-12,E_3mini_1set_1straight_prev,0,,1000,0.0,-1.0
4274,2015-11-12,F_5mini_random,1,mini,1000,9000.0,8.0
4275,2015-11-13,A_5mini_hot,0,,1000,0.0,-1.0
4275,2015-11-13,B_5mini_unseen,0,,1000,0.0,-1.0
4275,2015-11-13,C_4mini_1box_hot,0,,1000,0.0,-1.0
4275,2015-11-13,D_3mini_1box_1straight,0,,1000,0.0,-1.0
4275,2015-11-13,E_3mini_1set_1straight_prev,0,,1000,0.0,-1.0
4275,2015-11-13,F_5mini_random,0,,1000,0.0,-1.0
4276,2015-11-16,A_5mini_hot,0,,1000,0.0,-1.0
4276,2015-11-16,B_5mini_unseen,1,mini,1000,9000.0,8.0
4276,2015-11-16,C_4mini_1box_hot,0,,1000,0.0,-1.0
4276,2015-11-16,D_3mini_1box_1straight,0,,1000,0.0,-1.0
4276,2015-11-16,E_3mini_1set_1straight_prev,0,,1000,0.0,-1.0
4276,2015-11-16,F_5mini_random,0,,1000,0.0,-1.0
4277,2015-11-17,A_5mini_hot,0,,1000,0.0,-1.0
4277,2015-11-17,B_5mini_unseen,0,,1000,0.0,-1.0
4277,2015-11-17,C_4mini_1box_hot,0,,1000,0.0,-1.0
4277,2015-11-17,D_3mini_1box_1straight,0,,1000,0.0,-1.0
4277,2015-11-17,E_3mini_1set_1straight_prev,0,,1000,0.0,-1.0
4277,2015-11-17,F_5mini_random,0,,1000,0.0,-1.0
4278,2015-11-18,A_5mini_hot,0,,1000,0.0,-1.0
4278,2015-11-18,B_5mini_unseen,0,,1000,0.0,-1.0
4278,2015-11-18,C_4mini_1box_hot,0,,1000,0.0,-1.0
4278,2015-11-18,D_3mini_1box_1straight,0,,1000,0.0,-1.0
4278,2015-11-18,E_3mini_1set_1straight_prev,0,,1000,0.0,-1.0
4278,2015-11-18,F_5mini_random,0,,1000,0.0,-1.0
4279,2015-11-19,A_5mini_hot,0,,1000,0.0,-1.0
4279,2015-11-19,B_5mini_unseen,0,,1000,0.0,-1.0
4279,2015-11-19,C_4mini_1box_hot,0,,1000,0.0,-1.0
4279,2015-11-19,D_3mini_1box_1straight,0,,1000,0.0,-1.0
4279,2015-11-19,E_3mini_1set_1straight_prev,0,,1000,0.0,-1.0
4279,2015-11-19,F_5mini_random,0,,1000,0.0,-1.0
4280,2015-11-20,A_5mini_hot,0,,1000,0.0,-1.0
4280,2015-11-20,B_5mini_unseen,0,,1000,0.0,-1.0
4280,2015-11-20,C_4mini_1box_hot,0,,1000,0.0,-1.0
4280,2015-11-20,D_3mini_1box_1straight,0,,1000,0.0,-1.0
4280,2015-11-20,E_3mini_1set_1straight_prev,0,,1000,0.0,-1.0
4280,2015-11-20,F_5mini_random,0,,1000,0.0,-1.0
4281,2015-11-23,A_5mini_hot,0,,1000,0.0,-1.0
4281,2015-11-23,B_5mini_unseen,0,,1000,0.0,-1.0
4281,2015-11-23,C_4mini_1box_hot,0,,1000,0.0,-1.0
4281,2015-11-23,D_3mini_1box_1straight,0,,1000,0.0,-1.0
4281,2015-11-23,E_3mini_1set_1straight_prev,0,,1000,0.0,-1.0
4281,2015-11-23,F_5mini_random,0,,1000,0.0,-1.0
4282,2015-11-24,A_5mini_hot,0,,1000,0.0,-1.0
4282,2015-11-24,B_5mini_unseen,0,,1000,0.0,-1.0
4282,2015-11-24,C_4mini_1box_hot,0,,1000,0.0,-1.0
4282,2015-11-24,D_3mini_1box_1straight,0,,1000,0.0,-1.0
4282,2015-11-24,E_3mini_1set_1straight_prev,0,,1000,0.0,-1.0
4282,2015-11-24,F_5mini_random,1,mini,1000,9000.0,8.0
4283,2015-11-25,A_5mini_hot,0,,1000,0.0,-1.0
4283,2015-11-25,B_5mini_unseen,0,,1000,0.0,-1.0
4283,2015-11-25,C_4mini_1box_hot,0,,1000,0.0,-1.0
4283,2015-11-25,D_3mini_1box_1straight,0,,1000,0.0,-1.0
4283,2015-11-25,E_3mini_1set_1straight_prev,0,,1000,0.0,-1.0
4283,2015-11-25,F_5mini_random,0,,1000,0.0,-1.0
4284,2015-11-26,A_5mini_hot,0,,1000,0.0,-1.0
4284,2015-11-26,B_5mini_unseen,0,,1000,0.0,-1.0
4284,2015-11-26,C_4mini_1box_hot,0,,1000,0.0,-1.0
4284,2015-11-26,D_3mini_1box_1straight,0,,1000,0.0,-1.0
4284,2015-11-26,E_3mini_1set_1straight_prev,0,,1000,0.0,-1.0
4284,2015-11-26,F_5mini_random,0,,1000,0.0,-1.0
4285,2015-11-27,A_5mini_hot,0,,1000,0.0,-1.0
4285,2015-11-27,B_5mini_unseen,0,,1000,0.0,-1.0
4285,2015-11-27,C_4mini_1box_hot,0,,1000,0.0,-1.0
4285,2015-11-27,D_3mini_1box_1straight,0,,1000,0.0,-1.0
4285,2015-11-27,E_3mini_1set_1straight_prev,0,,1000,0.0,-1.0
4285,2015-11-27,F_5mini_random,0,,1000,0.0,-1.0
4286,2015-11-30,A_5mini_hot,0,,1000,0.0,-1.0
4286,2015-11-30,B_5mini_unseen,0,,1000,0.0,-1.0
4286,2015-11-30,C_4mini_1box_hot,0,,1000,0.0,-1.0
4286,2015-11-30,D_3mini_1box_1straight,0,,1000,0.0,-1.0
4286,2015-11-30,E_3mini_1set_1straight_prev,0,,1000,0.0,-1.0
4286,2015-11-30,F_5mini_random,0,,1000,0.0,-1.0
4287,2015-12-01,A_5mini_hot,0,,1000,0.0,-1.0
4287,2015-12-01,B_5mini_unseen,0,,1000,0.0,-1.0
4287,2015-12-01,C_4mini_1box_hot,0,,1000,0.0,-1.0
4287,2015-12-01,D_3mini_1box_1straight,0,,1000,0.0,-1.0
4287,2015-12-01,E_3mini_1set_1straight_prev,0,,1000,0.0,-1.0
4287,2015-12-01,F_5mini_random,0,,1000,0.0,-1.0
4288,2015-12-02,A_5mini_hot,0,,1000,0.0,-1.0
4288,2015-12-02,B_5mini_unseen,0,,1000,0.0,-1.0
4288,2015-12-02,C_4mini_1box_hot,0,,1000,0.0,-1.0
4288,2015-12-02,D_3mini_1box_1straight,0,,1000,0.0,-1.0
4288,2015-12-02,E_3mini_1set_1straight_prev,0,,1000,0.0,-1.0
4288,2015-12-02,F_5mini_random,0,,1000,0.0,-1.0
4289,2015-12-03,A_5mini_hot,0,,1000,0.0,-1.0
4289,2015-12-03,B_5mini_unseen,0,,1000,0.0,-1.0
4289,2015-12-03,C_4mini_1box_hot,0,,1000,0.0,-1.0
4289,2015-12-03,D_3mini_1box_1straight,0,,1000,0.0,-1.0
4289,2015-12-03,E_3mini_1set_1straight_prev,0,,1000,0.0,-1.0
4289,2015-12-03,F_5mini_random,0,,1000,0.0,-1.0
4290,2015-12-04,A_5mini_hot,0,,1000,0.0,-1.0
4290,2015-12-04,B_5mini_unseen,0,,1000,0.0,-1.0
4290,2015-12-04,C_4mini_1box_hot,0,,1000,0.0,-1.0
4290,2015-12-04,D_3mini_1box_1straight,0,,1000,0.0,-1.0
4290,2015-12-04,E_3mini_1set_1straight_prev,0,,1000,0.0,-1.0
4290,2015-12-04,F_5mini_random,0,,1000,0.0,-1.0
4291,2015-12-07,A_5mini_hot,0,,1000,0.0,-1.0
4291,2015-12-07,B_5mini_unseen,0,,1000,0.0,-1.0
4291,2015-12-07,C_4mini_1box_hot,0,,1000,0.0,-1.0
4291,2015-12-07,D_3mini_1box_1straight,0,,1000,0.0,-1.0
4291,2015-12-07,E_3mini_1set_1straight_prev,0,,1000,0.0,-1.0
4291,2015-12-07,F_5mini_random,0,,1000,0.0,-1.0
4292,2015-12-08,A_5mini_hot,0,,1000,0.0,-1.0
4292,2015-12-08,B_5mini_unseen,0,,1000,0.0,-1.0
4292,2015-12-08,C_4mini_1box_hot,0,,1000,0.0,-1.0
4292,2015-12-08,D_3mini_1box_1straight,0,,1000,0.0,-1.0
4292,2015-12-08,E_3mini_1set_1straight_prev,0,,1000,0.0,-1.0
4292,2015-12-08,F_5mini_random,0,,1000,0.0,-1.0
4293,2015-12-09,A_5mini_hot,0,,1000,0.0,-1.0
4293,2015-12-09,B_5mini_unseen,0,,1000,0.0,-1.0
4293,2015-12-09,C_4mini_1box_hot,0,,1000,0.0,-1.0
4293,2015-12-09,D_3mini_1box_1straight,0,,1000,0.0,-1.0
4293,2015-12-09,E_3mini_1set_1straight_prev,0,,1000,0.0,-1.0
4293,2015-12-09,F_5mini_random,0,,1000,0.0,-1.0
4294,2015-12-10,A_5mini_hot,0,,1000,0.0,-1.0
4294,2015-12-10,B_5mini_unseen,0,,1000,0.0,-1.0
4294,2015-12-10,C_4mini_1box_hot,0,,1000,0.0,-1.0
4294,2015-12-10,D_3mini_1box_1straight,0,,1000,0.0,-1.0
4294,2015-12-10,E_3mini_1set_1straight_prev,0,,1000,0.0,-1.0
4294,2015-12-10,F_5mini_random,0,,1000,0.0,-1.0
4295,2015-12-11,A_5mini_hot,0,,1000,0.0,-1.0
4295,2015-12-11,B_5mini_unseen,0,,1000,0.0,-1.0
4295,2015-12-11,C_4mini_1box_hot,0,,1000,0.0,-1.0
4295,2015-12-11,D_3mini_1box_1straight,0,,1000,0.0,-1.0
4295,2015-12-11,E_3mini_1set_1straight_prev,0,,1000,0.0,-1.0
4295,2015-12-11,F_5mini_random,0,,1000,0.0,-1.0
4296,2015-12-14,A_5mini_hot,0,,1000,0.0,-1.0
4296,2015-12-14,B_5mini_unseen,0,,1000,0.0,-1.0
4296,2015-12-14,C_4mini_1box_hot,0,,1000,0.0,-1.0
4296,2015-12-14,D_3mini_1box_1straight,0,,1000,0.0,-1.0
4296,2015-12-14,E_3mini_1set_1straight_prev,0,,1000,0.0,-1.0
4296,2015-12-14,F_5mini_random,0,,1000,0.0,-1.0
4297,2015-12-15,A_5mini_hot,0,,1000,0.0,-1.0
4297,2015-12-15,B_5mini_unseen,0,,1000,0.0,-1.0
4297,2015-12-15,C_4mini_1box_hot,0,,1000,0.0,-1.0
4297,2015-12-15,D_3mini_1box_1straight,0,,1000,0.0,-1.0
4297,2015-12-15,E_3mini_1set_1straight_prev,0,,1000,0.0,-1.0
4297,2015-12-15,F_5mini_random,0,,1000,0.0,-1.0
4298,2015-12-16,A_5mini_hot,0,,1000,0.0,-1.0
4298,2015-12-16,B_5mini_unseen,0,,1000,0.0,-1.0
4298,2015-12-16,C_4mini_1box_hot,0,,1000,0.0,-1.0
4298,2015-12-16,D_3mini_1box_1straight,0,,1000,0.0,-1.0
4298,2015-12-16,E_3mini_1set_1straight_prev,0,,1000,0.0,-1.0
4298,2015-12-16,F_5mini_random,0,,1000,0.0,-1.0
4299,2015-12-17,A_5mini_hot,0,,1000,0.0,-1.0
4299,2015-12-17,B_5mini_unseen,0,,1000,0.0,-1.0
4299,2015-12-17,C_4mini_1box_hot,0,,1000,0.0,-1.0
4299,2015-12-17,D_3mini_1box_1straight,0,,1000,0.0,-1.0
4299,2015-12-17,E_3mini_1set_1straight_prev,0,,1000,0.0,-1.0
4299,2015-12-17,F_5mini_random,0,,1000,0.0,-1.0
4300,2015-12-18,A_5mini_hot,0,,1000,0.0,-1.0
4300,2015-12-18,B_5mini_unseen,0,,1000,0.0,-1.0
4300,2015-12-18,C_4mini_1box_hot,0,,1000,0.0,-1.0
4300,2015-12-18,D_3mini_1box_1straight,0,,1000,0.0,-1.0
4300,2015-12-18,E_3mini_1set_1straight_prev,0,,1000,0.0,-1.0
4300,2015-12-18,F_5mini_random,0,,1000,0.0,-1.0
4301,2015-12-21,A_5mini_hot,0,,1000,0.0,-1.0
4301,2015-12-21,B_5mini_unseen,0,,1000,0.0,-1.0
4301,2015-12-21,C_4mini_1box_hot,0,,1000,0.0,-1.0
4301,2015-12-21,D_3mini_1box_1straight,0,,1000,0.0,-1.0
4301,2015-12-21,E_3mini_1set_1straight_prev,0,,1000,0.0,-1.0
4301,2015-12-21,F_5mini_random,0,,1000,0.0,-1.0
4302,2015-12-22,A_5mini_hot,0,,1000,0.0,-1.0
4302,2015-12-22,B_5mini_unseen,0,,1000,0.0,-1.0
4302,2015-12-22,C_4mini_1box_hot,0,,1000,0.0,-1.0
4302,2015-12-22,D_3mini_1box_1straight,0,,1000,0.0,-1.0
4302,2015-12-22,E_3mini_1set_1straight_prev,0,,1000,0.0,-1.0
4302,2015-12-22,F_5mini_random,0,,1000,0.0,-1.0
4303,2015-12-23,A_5mini_hot,0,,1000,0.0,-1.0
4303,2015-12-23,B_5mini_unseen,0,,1000,0.0,-1.0
4303,2015-12-23,C_4mini_1box_hot,0,,1000,0.0,-1.0
4303,2015-12-23,D_3mini_1box_1straight,0,,1000,0.0,-1.0
4303,2015-12-23,E_3mini_1set_1straight_prev,0,,1000,0.0,-1.0
4303,2015-12-23,F_5mini_random,0,,1000,0.0,-1.0
4304,2015-12-24,A_5mini_hot,0,,1000,0.0,-1.0
4304,2015-12-24,B_5mini_unseen,0,,1000,0.0,-1.0
4304,2015-12-24,C_4mini_1box_hot,0,,1000,0.0,-1.0
4304,2015-12-24,D_3mini_1box_1straight,0,,1000,0.0,-1.0
4304,2015-12-24,E_3mini_1set_1straight_prev,0,,1000,0.0,-1.0
4304,2015-12-24,F_5mini_random,0,,1000,0.0,-1.0
4305,2015-12-25,A_5mini_hot,0,,1000,0.0,-1.0
4305,2015-12-25,B_5mini_unseen,0,,1000,0.0,-1.0
4305,2015-12-25,C_4mini_1box_hot,0,,1000,0.0,-1.0
4305,2015-12-25,D_3mini_1box_1straight,0,,1000,0.0,-1.0
4305,2015-12-25,E_3mini_1set_1straight_prev,0,,1000,0.0,-1.0
4305,2015-12-25,F_5mini_random,0,,1000,0.0,-1.0
4306,2015-12-28,A_5mini_hot,0,,1000,0.0,-1.0
4306,2015-12-28,B_5mini_unseen,0,,1000,0.0,-1.0
4306,2015-12-28,C_4mini_1box_hot,0,,1000,0.0,-1.0
4306,2015-12-28,D_3mini_1box_1straight,0,,1000,0.0,-1.0
4306,2015-12-28,E_3mini_1set_1straight_prev,0,,1000,0.0,-1.0
4306,2015-12-28,F_5mini_random,0,,1000,0.0,-1.0
4307,2015-12-29,A_5mini_hot,0,,1000,0.0,-1.0
4307,2015-12-29,B_5mini_unseen,0,,1000,0.0,-1.0
4307,2015-12-29,C_4mini_1box_hot,0,,1000,0.0,-1.0
4307,2015-12-29,D_3mini_1box_1straight,0,,1000,0.0,-1.0
4307,2015-12-29,E_3mini_1set_1straight_prev,0,,1000,0.0,-1.0
4307,2015-12-29,F_5mini_random,0,,1000,0.0,-1.0
4308,2015-12-30,A_5mini_hot,0,,1000,0.0,-1.0
4308,2015-12-30,B_5mini_unseen,0,,1000,0.0,-1.0
4308,2015-12-30,C_4mini_1box_hot,0,,1000,0.0,-1.0
4308,2015-12-30,D_3mini_1box_1straight,0,,1000,0.0,-1.0
4308,2015-12-30,E_3mini_1set_1straight_prev,0,,1000,0.0,-1.0
4308,2015-12-30,F_5mini_random,0,,1000,0.0,-1.0
4309,2016-01-04,A_5mini_hot,0,,1000,0.0,-1.0
4309,2016-01-04,B_5mini_unseen,0,,1000,0.0,-1.0
4309,2016-01-04,C_4mini_1box_hot,0,,1000,0.0,-1.0
4309,2016-01-04,D_3mini_1box_1straight,0,,1000,0.0,-1.0
4309,2016-01-04,E_3mini_1set_1straight_prev,0,,1000,0.0,-1.0
4309,2016-01-04,F_5mini_random,0,,1000,0.0,-1.0
4310,2016-01-05,A_5mini_hot,0,,1000,0.0,-1.0
4310,2016-01-05,B_5mini_unseen,0,,1000,0.0,-1.0
4310,2016-01-05,C_4mini_1box_hot,0,,1000,0.0,-1.0
4310,2016-01-05,D_3mini_1box_1straight,0,,1000,0.0,-1.0
4310,2016-01-05,E_3mini_1set_1straight_prev,0,,1000,0.0,-1.0
4310,2016-01-05,F_5mini_random,0,,1000,0.0,-1.0
4311,2016-01-06,A_5mini_hot,0,,1000,0.0,-1.0
4311,2016-01-06,B_5mini_unseen,0,,1000,0.0,-1.0
4311,2016-01-06,C_4mini_1box_hot,0,,1000,0.0,-1.0
4311,2016-01-06,D_3mini_1box_1straight,0,,1000,0.0,-1.0
4311,2016-01-06,E_3mini_1set_1straight_prev,0,,1000,0.0,-1.0
4311,2016-01-06,F_5mini_random,0,,1000,0.0,-1.0
4312,2016-01-07,A_5mini_hot,0,,1000,0.0,-1.0
4312,2016-01-07,B_5mini_unseen,1,mini,1000,9000.0,8.0
4312,2016-01-07,C_4mini_1box_hot,0,,1000,0.0,-1.0
4312,2016-01-07,D_3mini_1box_1straight,0,,1000,0.0,-1.0
4312,2016-01-07,E_3mini_1set_1straight_prev,0,,1000,0.0,-1.0
4312,2016-01-07,F_5mini_random,0,,1000,0.0,-1.0
4313,2016-01-08,A_5mini_hot,0,,1000,0.0,-1.0
4313,2016-01-08,B_5mini_unseen,0,,1000,0.0,-1.0
4313,2016-01-08,C_4mini_1box_hot,0,,1000,0.0,-1.0
4313,2016-01-08,D_3mini_1box_1straight,0,,1000,0.0,-1.0
4313,2016-01-08,E_3mini_1set_1straight_prev,0,,1000,0.0,-1.0
4313,2016-01-08,F_5mini_random,0,,1000,0.0,-1.0
4314,2016-01-11,A_5mini_hot,0,,1000,0.0,-1.0
4314,2016-01-11,B_5mini_unseen,0,,1000,0.0,-1.0
4314,2016-01-11,C_4mini_1box_hot,0,,1000,0.0,-1.0
4314,2016-01-11,D_3mini_1box_1straight,0,,1000,0.0,-1.0
4314,2016-01-11,E_3mini_1set_1straight_prev,0,,1000,0.0,-1.0
4314,2016-01-11,F_5mini_random,0,,1000,0.0,-1.0
4315,2016-01-12,A_5mini_hot,0,,1000,0.0,-1.0
4315,2016-01-12,B_5mini_unseen,0,,1000,0.0,-1.0
4315,2016-01-12,C_4mini_1box_hot,0,,1000,0.0,-1.0
4315,2016-01-12,D_3mini_1box_1straight,0,,1000,0.0,-1.0
4315,2016-01-12,E_3mini_1set_1straight_prev,0,,1000,0.0,-1.0
4315,2016-01-12,F_5mini_random,0,,1000,0.0,-1.0
4316,2016-01-13,A_5mini_hot,0,,1000,0.0,-1.0
4316,2016-01-13,B_5mini_unseen,0,,1000,0.0,-1.0
4316,2016-01-13,C_4mini_1box_hot,0,,1000,0.0,-1.0
4316,2016-01-13,D_3mini_1box_1straight,0,,1000,0.0,-1.0
4316,2016-01-13,E_3mini_1set_1straight_prev,0,,1000,0.0,-1.0
4316,2016-01-13,F_5mini_random,0,,1000,0.0,-1.0
4317,2016-01-14,A_5mini_hot,0,,1000,0.0,-1.0
4317,2016-01-14,B_5mini_unseen,0,,1000,0.0,-1.0
4317,2016-01-14,C_4mini_1box_hot,0,,1000,0.0,-1.0
4317,2016-01-14,D_3mini_1box_1straight,0,,1000,0.0,-1.0
4317,2016-01-14,E_3mini_1set_1straight_prev,0,,1000,0.0,-1.0
4317,2016-01-14,F_5mini_random,0,,1000,0.0,-1.0
4318,2016-01-15,A_5mini_hot,0,,1000,0.0,-1.0
4318,2016-01-15,B_5mini_unseen,0,,1000,0.0,-1.0
4318,2016-01-15,C_4mini_1box_hot,0,,1000,0.0,-1.0
4318,2016-01-15,D_3mini_1box_1straight,0,,1000,0.0,-1.0
4318,2016-01-15,E_3mini_1set_1straight_prev,0,,1000,0.0,-1.0
4318,2016-01-15,F_5mini_random,0,,1000,0.0,-1.0
4319,2016-01-18,A_5mini_hot,0,,1000,0.0,-1.0
4319,2016-01-18,B_5mini_unseen,0,,1000,0.0,-1.0
4319,2016-01-18,C_4mini_1box_hot,0,,1000,0.0,-1.0
4319,2016-01-18,D_3mini_1box_1straight,0,,1000,0.0,-1.0
4319,2016-01-18,E_3mini_1set_1straight_prev,0,,1000,0.0,-1.0
4319,2016-01-18,F_5mini_random,0,,1000,0.0,-1.0
4320,2016-01-19,A_5mini_hot,0,,1000,0.0,-1.0
4320,2016-01-19,B_5mini_unseen,0,,1000,0.0,-1.0
4320,2016-01-19,C_4mini_1box_hot,0,,1000,0.0,-1.0
4320,2016-01-19,D_3mini_1box_1straight,0,,1000,0.0,-1.0
4320,2016-01-19,E_3mini_1set_1straight_prev,0,,1000,0.0,-1.0
4320,2016-01-19,F_5mini_random,0,,1000,0.0,-1.0
4321,2016-01-20,A_5mini_hot,0,,1000,0.0,-1.0
4321,2016-01-20,B_5mini_unseen,0,,1000,0.0,-1.0
4321,2016-01-20,C_4mini_1box_hot,0,,1000,0.0,-1.0
4321,2016-01-20,D_3mini_1box_1straight,0,,1000,0.0,-1.0
4321,2016-01-20,E_3mini_1set_1straight_prev,0,,1000,0.0,-1.0
4321,2016-01-20,F_5mini_random,0,,1000,0.0,-1.0
4322,2016-01-21,A_5mini_hot,0,,1000,0.0,-1.0
4322,2016-01-21,B_5mini_unseen,0,,1000,0.0,-1.0
4322,2016-01-21,C_4mini_1box_hot,0,,1000,0.0,-1.0
4322,2016-01-21,D_3mini_1box_1straight,0,,1000,0.0,-1.0
4322,2016-01-21,E_3mini_1set_1straight_prev,1,mini,1000,9000.0,8.0
4322,2016-01-21,F_5mini_random,0,,1000,0.0,-1.0
4323,2016-01-22,A_5mini_hot,0,,1000,0.0,-1.0
4323,2016-01-22,B_5mini_unseen,0,,1000,0.0,-1.0
4323,2016-01-22,C_4mini_1box_hot,0,,1000,0.0,-1.0
4323,2016-01-22,D_3mini_1box_1straight,0,,1000,0.0,-1.0
4323,2016-01-22,E_3mini_1set_1straight_prev,0,,1000,0.0,-1.0
4323,2016-01-22,F_5mini_random,0,,1000,0.0,-1.0
4324,2016-01-25,A_5mini_hot,0,,1000,0.0,-1.0
4324,2016-01-25,B_5mini_unseen,0,,1000,0.0,-1.0
4324,2016-01-25,C_4mini_1box_hot,0,,1000,0.0,-1.0
4324,2016-01-25,D_3mini_1box_1straight,0,,1000,0.0,-1.0
4324,2016-01-25,E_3mini_1set_1straight_prev,0,,1000,0.0,-1.0
4324,2016-01-25,F_5mini_random,0,,1000,0.0,-1.0
4325,2016-01-26,A_5mini_hot,0,,1000,0.0,-1.0
4325,2016-01-26,B_5mini_unseen,0,,1000,0.0,-1.0
4325,2016-01-26,C_4mini_1box_hot,0,,1000,0.0,-1.0
4325,2016-01-26,D_3mini_1box_1straight,0,,1000,0.0,-1.0
4325,2016-01-26,E_3mini_1set_1straight_prev,0,,1000,0.0,-1.0
4325,2016-01-26,F_5mini_random,0,,1000,0.0,-1.0
4326,2016-01-27,A_5mini_hot,0,,1000,0.0,-1.0
4326,2016-01-27,B_5mini_unseen,1,mini,1000,9000.0,8.0
4326,2016-01-27,C_4mini_1box_hot,0,,1000,0.0,-1.0
4326,2016-01-27,D_3mini_1box_1straight,0,,1000,0.0,-1.0
4326,2016-01-27,E_3mini_1set_1straight_prev,0,,1000,0.0,-1.0
4326,2016-01-27,F_5mini_random,0,,1000,0.0,-1.0
4327,2016-01-28,A_5mini_hot,0,,1000,0.0,-1.0
4327,2016-01-28,B_5mini_unseen,0,,1000,0.0,-1.0
4327,2016-01-28,C_4mini_1box_hot,0,,1000,0.0,-1.0
4327,2016-01-28,D_3mini_1box_1straight,0,,1000,0.0,-1.0
4327,2016-01-28,E_3mini_1set_1straight_prev,0,,1000,0.0,-1.0
4327,2016-01-28,F_5mini_random,0,,1000,0.0,-1.0
4328,2016-01-29,A_5mini_hot,0,,1000,0.0,-1.0
4328,2016-01-29,B_5mini_unseen,0,,1000,0.0,-1.0
4328,2016-01-29,C_4mini_1box_hot,0,,1000,0.0,-1.0
4328,2016-01-29,D_3mini_1box_1straight,0,,1000,0.0,-1.0
4328,2016-01-29,E_3mini_1set_1straight_prev,0,,1000,0.0,-1.0
4328,2016-01-29,F_5mini_random,0,,1000,0.0,-1.0
4329,2016-02-01,A_5mini_hot,1,mini,1000,9000.0,8.0
4329,2016-02-01,B_5mini_unseen,0,,1000,0.0,-1.0
4329,2016-02-01,C_4mini_1box_hot,1,mini,1000,9000.0,8.0
4329,2016-02-01,D_3mini_1box_1straight,1,mini,1000,9000.0,8.0
4329,2016-02-01,E_3mini_1set_1straight_prev,0,,1000,0.0,-1.0
4329,2016-02-01,F_5mini_random,0,,1000,0.0,-1.0
4330,2016-02-02,A_5mini_hot,0,,1000,0.0,-1.0
4330,2016-02-02,B_5mini_unseen,1,mini,1000,9000.0,8.0
4330,2016-02-02,C_4mini_1box_hot,0,,1000,0.0,-1.0
4330,2016-02-02,D_3mini_1box_1straight,0,,1000,0.0,-1.0
4330,2016-02-02,E_3mini_1set_1straight_prev,0,,1000,0.0,-1.0
4330,2016-02-02,F_5mini_random,0,,1000,0.0,-1.0
4331,2016-02-03,A_5mini_hot,0,,1000,0.0,-1.0
4331,2016-02-03,B_5mini_unseen,0,,1000,0.0,-1.0
4331,2016-02-03,C_4mini_1box_hot,0,,1000,0.0,-1.0
4331,2016-02-03,D_3mini_1box_1straight,0,,1000,0.0,-1.0
4331,2016-02-03,E_3mini_1set_1straight_prev,0,,1000,0.0,-1.0
4331,2016-02-03,F_5mini_random,0,,1000,0.0,-1.0
4332,2016-02-04,A_5mini_hot,0,,1000,0.0,-1.0
4332,2016-02-04,B_5mini_unseen,0,,1000,0.0,-1.0
4332,2016-02-04,C_4mini_1box_hot,0,,1000,0.0,-1.0
4332,2016-02-04,D_3mini_1box_1straight,0,,1000,0.0,-1.0
4332,2016-02-04,E_3mini_1set_1straight_prev,0,,1000,0.0,-1.0
4332,2016-02-04,F_5mini_random,0,,1000,0.0,-1.0
4333,2016-02-05,A_5mini_hot,0,,1000,0.0,-1.0
4333,2016-02-05,B_5mini_unseen,0,,1000,0.0,-1.0
4333,2016-02-05,C_4mini_1box_hot,0,,1000,0.0,-1.0
4333,2016-02-05,D_3mini_1box_1straight,0,,1000,0.0,-1.0
4333,2016-02-05,E_3mini_1set_1straight_prev,0,,1000,0.0,-1.0
4333,2016-02-05,F_5mini_random,0,,1000,0.0,-1.0
4334,2016-02-08,A_5mini_hot,0,,1000,0.0,-1.0
4334,2016-02-08,B_5mini_unseen,1,mini,1000,9000.0,8.0
4334,2016-02-08,C_4mini_1box_hot,0,,1000,0.0,-1.0
4334,2016-02-08,D_3mini_1box_1straight,0,,1000,0.0,-1.0
4334,2016-02-08,E_3mini_1set_1straight_prev,0,,1000,0.0,-1.0
4334,2016-02-08,F_5mini_random,0,,1000,0.0,-1.0
4335,2016-02-09,A_5mini_hot,0,,1000,0.0,-1.0
4335,2016-02-09,B_5mini_unseen,0,,1000,0.0,-1.0
4335,2016-02-09,C_4mini_1box_hot,0,,1000,0.0,-1.0
4335,2016-02-09,D_3mini_1box_1straight,0,,1000,0.0,-1.0
4335,2016-02-09,E_3mini_1set_1straight_prev,0,,1000,0.0,-1.0
4335,2016-02-09,F_5mini_random,0,,1000,0.0,-1.0
4336,2016-02-10,A_5mini_hot,0,,1000,0.0,-1.0
4336,2016-02-10,B_5mini_unseen,1,mini,1000,9000.0,8.0
4336,2016-02-10,C_4mini_1box_hot,0,,1000,0.0,-1.0
4336,2016-02-10,D_3mini_1box_1straight,0,,1000,0.0,-1.0
4336,2016-02-10,E_3mini_1set_1straight_prev,0,,1000,0.0,-1.0
4336,2016-02-10,F_5mini_random,0,,1000,0.0,-1.0
4337,2016-02-11,A_5mini_hot,0,,1000,0.0,-1.0
4337,2016-02-11,B_5mini_unseen,0,,1000,0.0,-1.0
4337,2016-02-11,C_4mini_1box_hot,0,,1000,0.0,-1.0
4337,2016-02-11,D_3mini_1box_1straight,0,,1000,0.0,-1.0
4337,2016-02-11,E_3mini_1set_1straight_prev,0,,1000,0.0,-1.0
4337,2016-02-11,F_5mini_random,1,mini,1000,9000.0,8.0
4338,2016-02-12,A_5mini_hot,0,,1000,0.0,-1.0
4338,2016-02-12,B_5mini_unseen,0,,1000,0.0,-1.0
4338,2016-02-12,C_4mini_1box_hot,0,,1000,0.0,-1.0
4338,2016-02-12,D_3mini_1box_1straight,0,,1000,0.0,-1.0
4338,2016-02-12,E_3mini_1set_1straight_prev,1,mini,1000,9000.0,8.0
4338,2016-02-12,F_5mini_random,0,,1000,0.0,-1.0
4339,2016-02-15,A_5mini_hot,0,,1000,0.0,-1.0
4339,2016-02-15,B_5mini_unseen,0,,1000,0.0,-1.0
4339,2016-02-15,C_4mini_1box_hot,0,,1000,0.0,-1.0
4339,2016-02-15,D_3mini_1box_1straight,0,,1000,0.0,-1.0
4339,2016-02-15,E_3mini_1set_1straight_prev,0,,1000,0.0,-1.0
4339,2016-02-15,F_5mini_random,0,,1000,0.0,-1.0
4340,2016-02-16,A_5mini_hot,0,,1000,0.0,-1.0
4340,2016-02-16,B_5mini_unseen,0,,1000,0.0,-1.0
4340,2016-02-16,C_4mini_1box_hot,0,,1000,0.0,-1.0
4340,2016-02-16,D_3mini_1box_1straight,0,,1000,0.0,-1.0
4340,2016-02-16,E_3mini_1set_1straight_prev,0,,1000,0.0,-1.0
4340,2016-02-16,F_5mini_random,0,,1000,0.0,-1.0
4341,2016-02-17,A_5mini_hot,1,mini,1000,9000.0,8.0
4341,2016-02-17,B_5mini_unseen,0,,1000,0.0,-1.0
4341,2016-02-17,C_4mini_1box_hot,0,,1000,0.0,-1.0
4341,2016-02-17,D_3mini_1box_1straight,0,,1000,0.0,-1.0
4341,2016-02-17,E_3mini_1set_1straight_prev,0,,1000,0.0,-1.0
4341,2016-02-17,F_5mini_random,0,,1000,0.0,-1.0
4342,2016-02-18,A_5mini_hot,0,,1000,0.0,-1.0
4342,2016-02-18,B_5mini_unseen,0,,1000,0.0,-1.0
4342,2016-02-18,C_4mini_1box_hot,0,,1000,0.0,-1.0
4342,2016-02-18,D_3mini_1box_1straight,0,,1000,0.0,-1.0
4342,2016-02-18,E_3mini_1set_1straight_prev,0,,1000,0.0,-1.0
4342,2016-02-18,F_5mini_random,0,,1000,0.0,-1.0
4343,2016-02-19,A_5mini_hot,0,,1000,0.0,-1.0
4343,2016-02-19,B_5mini_unseen,0,,1000,0.0,-1.0
4343,2016-02-19,C_4mini_1box_hot,0,,1000,0.0,-1.0
4343,2016-02-19,D_3mini_1box_1straight,0,,1000,0.0,-1.0
4343,2016-02-19,E_3mini_1set_1straight_prev,0,,1000,0.0,-1.0
4343,2016-02-19,F_5mini_random,0,,1000,0.0,-1.0
4344,2016-02-22,A_5mini_hot,0,,1000,0.0,-1.0
4344,2016-02-22,B_5mini_unseen,0,,1000,0.0,-1.0
4344,2016-02-22,C_4mini_1box_hot,0,,1000,0.0,-1.0
4344,2016-02-22,D_3mini_1box_1straight,0,,1000,0.0,-1.0
4344,2016-02-22,E_3mini_1set_1straight_prev,0,,1000,0.0,-1.0
4344,2016-02-22,F_5mini_random,0,,1000,0.0,-1.0
4345,2016-02-23,A_5mini_hot,0,,1000,0.0,-1.0
4345,2016-02-23,B_5mini_unseen,0,,1000,0.0,-1.0
4345,2016-02-23,C_4mini_1box_hot,0,,1000,0.0,-1.0
4345,2016-02-23,D_3mini_1box_1straight,0,,1000,0.0,-1.0
4345,2016-02-23,E_3mini_1set_1straight_prev,0,,1000,0.0,-1.0
4345,2016-02-23,F_5mini_random,0,,1000,0.0,-1.0
4346,2016-02-24,A_5mini_hot,0,,1000,0.0,-1.0
4346,2016-02-24,B_5mini_unseen,0,,1000,0.0,-1.0
4346,2016-02-24,C_4mini_1box_hot,0,,1000,0.0,-1.0
4346,2016-02-24,D_3mini_1box_1straight,0,,1000,0.0,-1.0
4346,2016-02-24,E_3mini_1set_1straight_prev,0,,1000,0.0,-1.0
4346,2016-02-24,F_5mini_random,0,,1000,0.0,-1.0
4347,2016-02-25,A_5mini_hot,0,,1000,0.0,-1.0
4347,2016-02-25,B_5mini_unseen,0,,1000,0.0,-1.0
4347,2016-02-25,C_4mini_1box_hot,0,,1000,0.0,-1.0
4347,2016-02-25,D_3mini_1box_1straight,0,,1000,0.0,-1.0
4347,2016-02-25,E_3mini_1set_1straight_prev,0,,1000,0.0,-1.0
4347,2016-02-25,F_5mini_random,0,,1000,0.0,-1.0
4348,2016-02-26,A_5mini_hot,0,,1000,0.0,-1.0
4348,2016-02-26,B_5mini_unseen,0,,1000,0.0,-1.0
4348,2016-02-26,C_4mini_1box_hot,0,,1000,0.0,-1.0
4348,2016-02-26,D_3mini_1box_1straight,0,,1000,0.0,-1.0
4348,2016-02-26,E_3mini_1set_1straight_prev,0,,1000,0.0,-1.0
4348,2016-02-26,F_5mini_random,0,,1000,0.0,-1.0
4349,2016-02-29,A_5mini_hot,0,,1000,0.0,-1.0
4349,2016-02-29,B_5mini_unseen,0,,1000,0.0,-1.0
4349,2016-02-29,C_4mini_1box_hot,0,,1000,0.0,-1.0
4349,2016-02-29,D_3mini_1box_1straight,0,,1000,0.0,-1.0
4349,2016-02-29,E_3mini_1set_1straight_prev,0,,1000,0.0,-1.0
4349,2016-02-29,F_5mini_random,0,,1000,0.0,-1.0
4350,2016-03-01,A_5mini_hot,0,,1000,0.0,-1.0
4350,2016-03-01,B_5mini_unseen,0,,1000,0.0,-1.0
4350,2016-03-01,C_4mini_1box_hot,0,,1000,0.0,-1.0
4350,2016-03-01,D_3mini_1box_1straight,0,,1000,0.0,-1.0
4350,2016-03-01,E_3mini_1set_1straight_prev,0,,1000,0.0,-1.0
4350,2016-03-01,F_5mini_random,0,,1000,0.0,-1.0
4351,2016-03-02,A_5mini_hot,0,,1000,0.0,-1.0
4351,2016-03-02,B_5mini_unseen,0,,1000,0.0,-1.0
4351,2016-03-02,C_4mini_1box_hot,0,,1000,0.0,-1.0
4351,2016-03-02,D_3mini_1box_1straight,0,,1000,0.0,-1.0
4351,2016-03-02,E_3mini_1set_1straight_prev,0,,1000,0.0,-1.0
4351,2016-03-02,F_5mini_random,0,,1000,0.0,-1.0
4352,2016-03-03,A_5mini_hot,0,,1000,0.0,-1.0
4352,2016-03-03,B_5mini_unseen,0,,1000,0.0,-1.0
4352,2016-03-03,C_4mini_1box_hot,0,,1000,0.0,-1.0
4352,2016-03-03,D_3mini_1box_1straight,0,,1000,0.0,-1.0
4352,2016-03-03,E_3mini_1set_1straight_prev,0,,1000,0.0,-1.0
4352,2016-03-03,F_5mini_random,0,,1000,0.0,-1.0
4353,2016-03-04,A_5mini_hot,0,,1000,0.0,-1.0
4353,2016-03-04,B_5mini_unseen,1,mini,1000,9000.0,8.0
4353,2016-03-04,C_4mini_1box_hot,0,,1000,0.0,-1.0
4353,2016-03-04,D_3mini_1box_1straight,0,,1000,0.0,-1.0
4353,2016-03-04,E_3mini_1set_1straight_prev,0,,1000,0.0,-1.0
4353,2016-03-04,F_5mini_random,0,,1000,0.0,-1.0
4354,2016-03-07,A_5mini_hot,0,,1000,0.0,-1.0
4354,2016-03-07,B_5mini_unseen,0,,1000,0.0,-1.0
4354,2016-03-07,C_4mini_1box_hot,0,,1000,0.0,-1.0
4354,2016-03-07,D_3mini_1box_1straight,0,,1000,0.0,-1.0
4354,2016-03-07,E_3mini_1set_1straight_prev,0,,1000,0.0,-1.0
4354,2016-03-07,F_5mini_random,0,,1000,0.0,-1.0
4355,2016-03-08,A_5mini_hot,0,,1000,0.0,-1.0
4355,2016-03-08,B_5mini_unseen,1,mini,1000,9000.0,8.0
4355,2016-03-08,C_4mini_1box_hot,0,,1000,0.0,-1.0
4355,2016-03-08,D_3mini_1box_1straight,0,,1000,0.0,-1.0
4355,2016-03-08,E_3mini_1set_1straight_prev,0,,1000,0.0,-1.0
4355,2016-03-08,F_5mini_random,0,,1000,0.0,-1.0
4356,2016-03-09,A_5mini_hot,1,mini,1000,9000.0,8.0
4356,2016-03-09,B_5mini_unseen,0,,1000,0.0,-1.0
4356,2016-03-09,C_4mini_1box_hot,0,,1000,0.0,-1.0
4356,2016-03-09,D_3mini_1box_1straight,0,,1000,0.0,-1.0
4356,2016-03-09,E_3mini_1set_1straight_prev,0,,1000,0.0,-1.0
4356,2016-03-09,F_5mini_random,1,mini,1000,9000.0,8.0
4357,2016-03-10,A_5mini_hot,0,,1000,0.0,-1.0
4357,2016-03-10,B_5mini_unseen,0,,1000,0.0,-1.0
4357,2016-03-10,C_4mini_1box_hot,0,,1000,0.0,-1.0
4357,2016-03-10,D_3mini_1box_1straight,0,,1000,0.0,-1.0
4357,2016-03-10,E_3mini_1set_1straight_prev,0,,1000,0.0,-1.0
4357,2016-03-10,F_5mini_random,0,,1000,0.0,-1.0
4358,2016-03-11,A_5mini_hot,0,,1000,0.0,-1.0
4358,2016-03-11,B_5mini_unseen,0,,1000,0.0,-1.0
4358,2016-03-11,C_4mini_1box_hot,0,,1000,0.0,-1.0
4358,2016-03-11,D_3mini_1box_1straight,0,,1000,0.0,-1.0
4358,2016-03-11,E_3mini_1set_1straight_prev,0,,1000,0.0,-1.0
4358,2016-03-11,F_5mini_random,0,,1000,0.0,-1.0
4359,2016-03-14,A_5mini_hot,0,,1000,0.0,-1.0
4359,2016-03-14,B_5mini_unseen,0,,1000,0.0,-1.0
4359,2016-03-14,C_4mini_1box_hot,0,,1000,0.0,-1.0
4359,2016-03-14,D_3mini_1box_1straight,0,,1000,0.0,-1.0
4359,2016-03-14,E_3mini_1set_1straight_prev,0,,1000,0.0,-1.0
4359,2016-03-14,F_5mini_random,0,,1000,0.0,-1.0
4360,2016-03-15,A_5mini_hot,0,,1000,0.0,-1.0
4360,2016-03-15,B_5mini_unseen,0,,1000,0.0,-1.0
4360,2016-03-15,C_4mini_1box_hot,0,,1000,0.0,-1.0
4360,2016-03-15,D_3mini_1box_1straight,0,,1000,0.0,-1.0
4360,2016-03-15,E_3mini_1set_1straight_prev,0,,1000,0.0,-1.0
4360,2016-03-15,F_5mini_random,1,mini,1000,9000.0,8.0
4361,2016-03-16,A_5mini_hot,0,,1000,0.0,-1.0
4361,2016-03-16,B_5mini_unseen,0,,1000,0.0,-1.0
4361,2016-03-16,C_4mini_1box_hot,0,,1000,0.0,-1.0
4361,2016-03-16,D_3mini_1box_1straight,0,,1000,0.0,-1.0
4361,2016-03-16,E_3mini_1set_1straight_prev,0,,1000,0.0,-1.0
4361,2016-03-16,F_5mini_random,0,,1000,0.0,-1.0
4362,2016-03-17,A_5mini_hot,0,,1000,0.0,-1.0
4362,2016-03-17,B_5mini_unseen,0,,1000,0.0,-1.0
4362,2016-03-17,C_4mini_1box_hot,0,,1000,0.0,-1.0
4362,2016-03-17,D_3mini_1box_1straight,0,,1000,0.0,-1.0
4362,2016-03-17,E_3mini_1set_1straight_prev,0,,1000,0.0,-1.0
4362,2016-03-17,F_5mini_random,0,,1000,0.0,-1.0
4363,2016-03-18,A_5mini_hot,0,,1000,0.0,-1.0
4363,2016-03-18,B_5mini_unseen,1,mini,1000,9000.0,8.0
4363,2016-03-18,C_4mini_1box_hot,0,,1000,0.0,-1.0
4363,2016-03-18,D_3mini_1box_1straight,0,,1000,0.0,-1.0
4363,2016-03-18,E_3mini_1set_1straight_prev,0,,1000,0.0,-1.0
4363,2016-03-18,F_5mini_random,0,,1000,0.0,-1.0
4364,2016-03-21,A_5mini_hot,0,,1000,0.0,-1.0
4364,2016-03-21,B_5mini_unseen,0,,1000,0.0,-1.0
4364,2016-03-21,C_4mini_1box_hot,0,,1000,0.0,-1.0
4364,2016-03-21,D_3mini_1box_1straight,0,,1000,0.0,-1.0
4364,2016-03-21,E_3mini_1set_1straight_prev,0,,1000,0.0,-1.0
4364,2016-03-21,F_5mini_random,0,,1000,0.0,-1.0
4365,2016-03-22,A_5mini_hot,0,,1000,0.0,-1.0
4365,2016-03-22,B_5mini_unseen,0,,1000,0.0,-1.0
4365,2016-03-22,C_4mini_1box_hot,0,,1000,0.0,-1.0
4365,2016-03-22,D_3mini_1box_1straight,0,,1000,0.0,-1.0
4365,2016-03-22,E_3mini_1set_1straight_prev,0,,1000,0.0,-1.0
4365,2016-03-22,F_5mini_random,0,,1000,0.0,-1.0
4366,2016-03-23,A_5mini_hot,0,,1000,0.0,-1.0
4366,2016-03-23,B_5mini_unseen,0,,1000,0.0,-1.0
4366,2016-03-23,C_4mini_1box_hot,0,,1000,0.0,-1.0
4366,2016-03-23,D_3mini_1box_1straight,0,,1000,0.0,-1.0
4366,2016-03-23,E_3mini_1set_1straight_prev,0,,1000,0.0,-1.0
4366,2016-03-23,F_5mini_random,0,,1000,0.0,-1.0
4367,2016-03-24,A_5mini_hot,0,,1000,0.0,-1.0
4367,2016-03-24,B_5mini_unseen,0,,1000,0.0,-1.0
4367,2016-03-24,C_4mini_1box_hot,0,,1000,0.0,-1.0
4367,2016-03-24,D_3mini_1box_1straight,0,,1000,0.0,-1.0
4367,2016-03-24,E_3mini_1set_1straight_prev,0,,1000,0.0,-1.0
4367,2016-03-24,F_5mini_random,1,mini,1000,9000.0,8.0
4368,2016-03-25,A_5mini_hot,0,,1000,0.0,-1.0
4368,2016-03-25,B_5mini_unseen,0,,1000,0.0,-1.0
4368,2016-03-25,C_4mini_1box_hot,0,,1000,0.0,-1.0
4368,2016-03-25,D_3mini_1box_1straight,0,,1000,0.0,-1.0
4368,2016-03-25,E_3mini_1set_1straight_prev,0,,1000,0.0,-1.0
4368,2016-03-25,F_5mini_random,0,,1000,0.0,-1.0
4369,2016-03-28,A_5mini_hot,0,,1000,0.0,-1.0
4369,2016-03-28,B_5mini_unseen,0,,1000,0.0,-1.0
4369,2016-03-28,C_4mini_1box_hot,0,,1000,0.0,-1.0
4369,2016-03-28,D_3mini_1box_1straight,0,,1000,0.0,-1.0
4369,2016-03-28,E_3mini_1set_1straight_prev,0,,1000,0.0,-1.0
4369,2016-03-28,F_5mini_random,0,,1000,0.0,-1.0
4370,2016-03-29,A_5mini_hot,0,,1000,0.0,-1.0
4370,2016-03-29,B_5mini_unseen,0,,1000,0.0,-1.0
4370,2016-03-29,C_4mini_1box_hot,0,,1000,0.0,-1.0
4370,2016-03-29,D_3mini_1box_1straight,0,,1000,0.0,-1.0
4370,2016-03-29,E_3mini_1set_1straight_prev,0,,1000,0.0,-1.0
4370,2016-03-29,F_5mini_random,1,mini,1000,9000.0,8.0
4371,2016-03-30,A_5mini_hot,0,,1000,0.0,-1.0
4371,2016-03-30,B_5mini_unseen,0,,1000,0.0,-1.0
4371,2016-03-30,C_4mini_1box_hot,0,,1000,0.0,-1.0
4371,2016-03-30,D_3mini_1box_1straight,0,,1000,0.0,-1.0
4371,2016-03-30,E_3mini_1set_1straight_prev,0,,1000,0.0,-1.0
4371,2016-03-30,F_5mini_random,0,,1000,0.0,-1.0
4372,2016-03-31,A_5mini_hot,0,,1000,0.0,-1.0
4372,2016-03-31,B_5mini_unseen,0,,1000,0.0,-1.0
4372,2016-03-31,C_4mini_1box_hot,0,,1000,0.0,-1.0
4372,2016-03-31,D_3mini_1box_1straight,0,,1000,0.0,-1.0
4372,2016-03-31,E_3mini_1set_1straight_prev,0,,1000,0.0,-1.0
4372,2016-03-31,F_5mini_random,0,,1000,0.0,-1.0
4373,2016-04-01,A_5mini_hot,0,,1000,0.0,-1.0
4373,2016-04-01,B_5mini_unseen,0,,1000,0.0,-1.0
4373,2016-04-01,C_4mini_1box_hot,0,,1000,0.0,-1.0
4373,2016-04-01,D_3mini_1box_1straight,0,,1000,0.0,-1.0
4373,2016-04-01,E_3mini_1set_1straight_prev,0,,1000,0.0,-1.0
4373,2016-04-01,F_5mini_random,0,,1000,0.0,-1.0
4374,2016-04-04,A_5mini_hot,0,,1000,0.0,-1.0
4374,2016-04-04,B_5mini_unseen,0,,1000,0.0,-1.0
4374,2016-04-04,C_4mini_1box_hot,0,,1000,0.0,-1.0
4374,2016-04-04,D_3mini_1box_1straight,0,,1000,0.0,-1.0
4374,2016-04-04,E_3mini_1set_1straight_prev,0,,1000,0.0,-1.0
4374,2016-04-04,F_5mini_random,0,,1000,0.0,-1.0
4375,2016-04-05,A_5mini_hot,1,mini,1000,9000.0,8.0
4375,2016-04-05,B_5mini_unseen,0,,1000,0.0,-1.0
4375,2016-04-05,C_4mini_1box_hot,1,mini,1000,9000.0,8.0
4375,2016-04-05,D_3mini_1box_1straight,1,mini,1000,9000.0,8.0
4375,2016-04-05,E_3mini_1set_1straight_prev,0,,1000,0.0,-1.0
4375,2016-04-05,F_5mini_random,0,,1000,0.0,-1.0
4376,2016-04-06,A_5mini_hot,0,,1000,0.0,-1.0
4376,2016-04-06,B_5mini_unseen,0,,1000,0.0,-1.0
4376,2016-04-06,C_4mini_1box_hot,0,,1000,0.0,-1.0
4376,2016-04-06,D_3mini_1box_1straight,0,,1000,0.0,-1.0
4376,2016-04-06,E_3mini_1set_1straight_prev,0,,1000,0.0,-1.0
4376,2016-04-06,F_5mini_random,0,,1000,0.0,-1.0
4377,2016-04-07,A_5mini_hot,0,,1000,0.0,-1.0
4377,2016-04-07,B_5mini_unseen,0,,1000,0.0,-1.0
4377,2016-04-07,C_4mini_1box_hot,0,,1000,0.0,-1.0
4377,2016-04-07,D_3mini_1box_1straight,0,,1000,0.0,-1.0
4377,2016-04-07,E_3mini_1set_1straight_prev,0,,1000,0.0,-1.0
4377,2016-04-07,F_5mini_random,0,,1000,0.0,-1.0
4378,2016-04-08,A_5mini_hot,0,,1000,0.0,-1.0
4378,2016-04-08,B_5mini_unseen,0,,1000,0.0,-1.0
4378,2016-04-08,C_4mini_1box_hot,0,,1000,0.0,-1.0
4378,2016-04-08,D_3mini_1box_1straight,0,,1000,0.0,-1.0
4378,2016-04-08,E_3mini_1set_1straight_prev,0,,1000,0.0,-1.0
4378,2016-04-08,F_5mini_random,0,,1000,0.0,-1.0
4379,2016-04-11,A_5mini_hot,0,,1000,0.0,-1.0
4379,2016-04-11,B_5mini_unseen,0,,1000,0.0,-1.0
4379,2016-04-11,C_4mini_1box_hot,0,,1000,0.0,-1.0
4379,2016-04-11,D_3mini_1box_1straight,0,,1000,0.0,-1.0
4379,2016-04-11,E_3mini_1set_1straight_prev,0,,1000,0.0,-1.0
4379,2016-04-11,F_5mini_random,0,,1000,0.0,-1.0
4380,2016-04-12,A_5mini_hot,0,,1000,0.0,-1.0
4380,2016-04-12,B_5mini_unseen,0,,1000,0.0,-1.0
4380,2016-04-12,C_4mini_1box_hot,0,,1000,0.0,-1.0
4380,2016-04-12,D_3mini_1box_1straight,0,,1000,0.0,-1.0
4380,2016-04-12,E_3mini_1set_1straight_prev,0,,1000,0.0,-1.0
4380,2016-04-12,F_5mini_random,0,,1000,0.0,-1.0
4381,2016-04-13,A_5mini_hot,0,,1000,0.0,-1.0
4381,2016-04-13,B_5mini_unseen,0,,1000,0.0,-1.0
4381,2016-04-13,C_4mini_1box_hot,0,,1000,0.0,-1.0
4381,2016-04-13,D_3mini_1box_1straight,0,,1000,0.0,-1.0
4381,2016-04-13,E_3mini_1set_1straight_prev,0,,1000,0.0,-1.0
4381,2016-04-13,F_5mini_random,0,,1000,0.0,-1.0
4382,2016-04-14,A_5mini_hot,0,,1000,0.0,-1.0
4382,2016-04-14,B_5mini_unseen,0,,1000,0.0,-1.0
4382,2016-04-14,C_4mini_1box_hot,0,,1000,0.0,-1.0
4382,2016-04-14,D_3mini_1box_1straight,0,,1000,0.0,-1.0
4382,2016-04-14,E_3mini_1set_1straight_prev,0,,1000,0.0,-1.0
4382,2016-04-14,F_5mini_random,0,,1000,0.0,-1.0
4383,2016-04-15,A_5mini_hot,0,,1000,0.0,-1.0
4383,2016-04-15,B_5mini_unseen,0,,1000,0.0,-1.0
4383,2016-04-15,C_4mini_1box_hot,0,,1000,0.0,-1.0
4383,2016-04-15,D_3mini_1box_1straight,0,,1000,0.0,-1.0
4383,2016-04-15,E_3mini_1set_1straight_prev,0,,1000,0.0,-1.0
4383,2016-04-15,F_5mini_random,0,,1000,0.0,-1.0
4384,2016-04-18,A_5mini_hot,0,,1000,0.0,-1.0
4384,2016-04-18,B_5mini_unseen,0,,1000,0.0,-1.0
4384,2016-04-18,C_4mini_1box_hot,0,,1000,0.0,-1.0
4384,2016-04-18,D_3mini_1box_1straight,0,,1000,0.0,-1.0
4384,2016-04-18,E_3mini_1set_1straight_prev,0,,1000,0.0,-1.0
4384,2016-04-18,F_5mini_random,0,,1000,0.0,-1.0
4385,2016-04-19,A_5mini_hot,0,,1000,0.0,-1.0
4385,2016-04-19,B_5mini_unseen,0,,1000,0.0,-1.0
4385,2016-04-19,C_4mini_1box_hot,0,,1000,0.0,-1.0
4385,2016-04-19,D_3mini_1box_1straight,0,,1000,0.0,-1.0
4385,2016-04-19,E_3mini_1set_1straight_prev,0,,1000,0.0,-1.0
4385,2016-04-19,F_5mini_random,0,,1000,0.0,-1.0
4386,2016-04-20,A_5mini_hot,0,,1000,0.0,-1.0
4386,2016-04-20,B_5mini_unseen,0,,1000,0.0,-1.0
4386,2016-04-20,C_4mini_1box_hot,0,,1000,0.0,-1.0
4386,2016-04-20,D_3mini_1box_1straight,0,,1000,0.0,-1.0
4386,2016-04-20,E_3mini_1set_1straight_prev,0,,1000,0.0,-1.0
4386,2016-04-20,F_5mini_random,0,,1000,0.0,-1.0
4387,2016-04-21,A_5mini_hot,0,,1000,0.0,-1.0
4387,2016-04-21,B_5mini_unseen,1,mini,1000,9000.0,8.0
4387,2016-04-21,C_4mini_1box_hot,0,,1000,0.0,-1.0
4387,2016-04-21,D_3mini_1box_1straight,0,,1000,0.0,-1.0
4387,2016-04-21,E_3mini_1set_1straight_prev,0,,1000,0.0,-1.0
4387,2016-04-21,F_5mini_random,0,,1000,0.0,-1.0
4388,2016-04-22,A_5mini_hot,0,,1000,0.0,-1.0
4388,2016-04-22,B_5mini_unseen,0,,1000,0.0,-1.0
4388,2016-04-22,C_4mini_1box_hot,0,,1000,0.0,-1.0
4388,2016-04-22,D_3mini_1box_1straight,0,,1000,0.0,-1.0
4388,2016-04-22,E_3mini_1set_1straight_prev,0,,1000,0.0,-1.0
4388,2016-04-22,F_5mini_random,0,,1000,0.0,-1.0
4389,2016-04-25,A_5mini_hot,0,,1000,0.0,-1.0
4389,2016-04-25,B_5mini_unseen,0,,1000,0.0,-1.0
4389,2016-04-25,C_4mini_1box_hot,0,,1000,0.0,-1.0
4389,2016-04-25,D_3mini_1box_1straight,0,,1000,0.0,-1.0
4389,2016-04-25,E_3mini_1set_1straight_prev,0,,1000,0.0,-1.0
4389,2016-04-25,F_5mini_random,0,,1000,0.0,-1.0
4390,2016-04-26,A_5mini_hot,0,,1000,0.0,-1.0
4390,2016-04-26,B_5mini_unseen,0,,1000,0.0,-1.0
4390,2016-04-26,C_4mini_1box_hot,0,,1000,0.0,-1.0
4390,2016-04-26,D_3mini_1box_1straight,0,,1000,0.0,-1.0
4390,2016-04-26,E_3mini_1set_1straight_prev,0,,1000,0.0,-1.0
4390,2016-04-26,F_5mini_random,0,,1000,0.0,-1.0
4391,2016-04-27,A_5mini_hot,0,,1000,0.0,-1.0
4391,2016-04-27,B_5mini_unseen,0,,1000,0.0,-1.0
4391,2016-04-27,C_4mini_1box_hot,0,,1000,0.0,-1.0
4391,2016-04-27,D_3mini_1box_1straight,0,,1000,0.0,-1.0
4391,2016-04-27,E_3mini_1set_1straight_prev,0,,1000,0.0,-1.0
4391,2016-04-27,F_5mini_random,0,,1000,0.0,-1.0
4392,2016-04-28,A_5mini_hot,0,,1000,0.0,-1.0
4392,2016-04-28,B_5mini_unseen,0,,1000,0.0,-1.0
4392,2016-04-28,C_4mini_1box_hot,0,,1000,0.0,-1.0
4392,2016-04-28,D_3mini_1box_1straight,0,,1000,0.0,-1.0
4392,2016-04-28,E_3mini_1set_1straight_prev,0,,1000,0.0,-1.0
4392,2016-04-28,F_5mini_random,0,,1000,0.0,-1.0
4393,2016-04-29,A_5mini_hot,0,,1000,0.0,-1.0
4393,2016-04-29,B_5mini_unseen,0,,1000,0.0,-1.0
4393,2016-04-29,C_4mini_1box_hot,0,,1000,0.0,-1.0
4393,2016-04-29,D_3mini_1box_1straight,0,,1000,0.0,-1.0
4393,2016-04-29,E_3mini_1set_1straight_prev,1,"mini,straight",1000,99000.0,98.0
4393,2016-04-29,F_5mini_random,0,,1000,0.0,-1.0
4394,2016-05-02,A_5mini_hot,0,,1000,0.0,-1.0
4394,2016-05-02,B_5mini_unseen,0,,1000,0.0,-1.0
4394,2016-05-02,C_4mini_1box_hot,0,,1000,0.0,-1.0
4394,2016-05-02,D_3mini_1box_1straight,0,,1000,0.0,-1.0
4394,2016-05-02,E_3mini_1set_1straight_prev,0,,1000,0.0,-1.0
4394,2016-05-02,F_5mini_random,0,,1000,0.0,-1.0
4395,2016-05-03,A_5mini_hot,0,,1000,0.0,-1.0
4395,2016-05-03,B_5mini_unseen,0,,1000,0.0,-1.0
4395,2016-05-03,C_4mini_1box_hot,0,,1000,0.0,-1.0
4395,2016-05-03,D_3mini_1box_1straight,0,,1000,0.0,-1.0
4395,2016-05-03,E_3mini_1set_1straight_prev,0,,1000,0.0,-1.0
4395,2016-05-03,F_5mini_random,0,,1000,0.0,-1.0
4396,2016-05-04,A_5mini_hot,0,,1000,0.0,-1.0
4396,2016-05-04,B_5mini_unseen,0,,1000,0.0,-1.0
4396,2016-05-04,C_4mini_1box_hot,0,,1000,0.0,-1.0
4396,2016-05-04,D_3mini_1box_1straight,0,,1000,0.0,-1.0
4396,2016-05-04,E_3mini_1set_1straight_prev,0,,1000,0.0,-1.0
4396,2016-05-04,F_5mini_random,0,,1000,0.0,-1.0
4397,2016-05-05,A_5mini_hot,0,,1000,0.0,-1.0
4397,2016-05-05,B_5mini_unseen,0,,1000,0.0,-1.0
4397,2016-05-05,C_4mini_1box_hot,0,,1000,0.0,-1.0
4397,2016-05-05,D_3mini_1box_1straight,0,,1000,0.0,-1.0
4397,2016-05-05,E_3mini_1set_1straight_prev,0,,1000,0.0,-1.0
4397,2016-05-05,F_5mini_random,0,,1000,0.0,-1.0
4398,2016-05-06,A_5mini_hot,0,,1000,0.0,-1.0
4398,2016-05-06,B_5mini_unseen,0,,1000,0.0,-1.0
4398,2016-05-06,C_4mini_1box_hot,0,,1000,0.0,-1.0
4398,2016-05-06,D_3mini_1box_1straight,0,,1000,0.0,-1.0
4398,2016-05-06,E_3mini_1set_1straight_prev,0,,1000,0.0,-1.0
4398,2016-05-06,F_5mini_random,0,,1000,0.0,-1.0
4399,2016-05-09,A_5mini_hot,0,,1000,0.0,-1.0
4399,2016-05-09,B_5mini_unseen,0,,1000,0.0,-1.0
4399,2016-05-09,C_4mini_1box_hot,0,,1000,0.0,-1.0
4399,2016-05-09,D_3mini_1box_1straight,0,,1000,0.0,-1.0
4399,2016-05-09,E_3mini_1set_1straight_prev,0,,1000,0.0,-1.0
4399,2016-05-09,F_5mini_random,0,,1000,0.0,-1.0
4400,2016-05-10,A_5mini_hot,0,,1000,0.0,-1.0
4400,2016-05-10,B_5mini_unseen,0,,1000,0.0,-1.0
4400,2016-05-10,C_4mini_1box_hot,0,,1000,0.0,-1.0
4400,2016-05-10,D_3mini_1box_1straight,0,,1000,0.0,-1.0
4400,2016-05-10,E_3mini_1set_1straight_prev,0,,1000,0.0,-1.0
4400,2016-05-10,F_5mini_random,0,,1000,0.0,-1.0
4401,2016-05-11,A_5mini_hot,0,,1000,0.0,-1.0
4401,2016-05-11,B_5mini_unseen,1,mini,1000,9000.0,8.0
4401,2016-05-11,C_4mini_1box_hot,0,,1000,0.0,-1.0
4401,2016-05-11,D_3mini_1box_1straight,0,,1000,0.0,-1.0
4401,2016-05-11,E_3mini_1set_1straight_prev,0,,1000,0.0,-1.0
4401,2016-05-11,F_5mini_random,0,,1000,0.0,-1.0
4402,2016-05-12,A_5mini_hot,0,,1000,0.0,-1.0
4402,2016-05-12,B_5mini_unseen,0,,1000,0.0,-1.0
4402,2016-05-12,C_4mini_1box_hot,0,,1000,0.0,-1.0
4402,2016-05-12,D_3mini_1box_1straight,0,,1000,0.0,-1.0
4402,2016-05-12,E_3mini_1set_1straight_prev,0,,1000,0.0,-1.0
4402,2016-05-12,F_5mini_random,0,,1000,0.0,-1.0
4403,2016-05-13,A_5mini_hot,0,,1000,0.0,-1.0
4403,2016-05-13,B_5mini_unseen,0,,1000,0.0,-1.0
4403,2016-05-13,C_4mini_1box_hot,0,,1000,0.0,-1.0
4403,2016-05-13,D_3mini_1box_1straight,0,,1000,0.0,-1.0
4403,2016-05-13,E_3mini_1set_1straight_prev,0,,1000,0.0,-1.0
4403,2016-05-13,F_5mini_random,0,,1000,0.0,-1.0
4404,2016-05-16,A_5mini_hot,0,,1000,0.0,-1.0
4404,2016-05-16,B_5mini_unseen,0,,1000,0.0,-1.0
4404,2016-05-16,C_4mini_1box_hot,0,,1000,0.0,-1.0
4404,2016-05-16,D_3mini_1box_1straight,0,,1000,0.0,-1.0
4404,2016-05-16,E_3mini_1set_1straight_prev,0,,1000,0.0,-1.0
4404,2016-05-16,F_5mini_random,0,,1000,0.0,-1.0
4405,2016-05-17,A_5mini_hot,0,,1000,0.0,-1.0
4405,2016-05-17,B_5mini_unseen,0,,1000,0.0,-1.0
4405,2016-05-17,C_4mini_1box_hot,0,,1000,0.0,-1.0
4405,2016-05-17,D_3mini_1box_1straight,0,,1000,0.0,-1.0
4405,2016-05-17,E_3mini_1set_1straight_prev,0,,1000,0.0,-1.0
4405,2016-05-17,F_5mini_random,0,,1000,0.0,-1.0
4406,2016-05-18,A_5mini_hot,0,,1000,0.0,-1.0
4406,2016-05-18,B_5mini_unseen,0,,1000,0.0,-1.0
4406,2016-05-18,C_4mini_1box_hot,0,,1000,0.0,-1.0
4406,2016-05-18,D_3mini_1box_1straight,0,,1000,0.0,-1.0
4406,2016-05-18,E_3mini_1set_1straight_prev,0,,1000,0.0,-1.0
4406,2016-05-18,F_5mini_random,0,,1000,0.0,-1.0
4407,2016-05-19,A_5mini_hot,0,,1000,0.0,-1.0
4407,2016-05-19,B_5mini_unseen,0,,1000,0.0,-1.0
4407,2016-05-19,C_4mini_1box_hot,0,,1000,0.0,-1.0
4407,2016-05-19,D_3mini_1box_1straight,0,,1000,0.0,-1.0
4407,2016-05-19,E_3mini_1set_1straight_prev,0,,1000,0.0,-1.0
4407,2016-05-19,F_5mini_random,0,,1000,0.0,-1.0
4408,2016-05-20,A_5mini_hot,0,,1000,0.0,-1.0
4408,2016-05-20,B_5mini_unseen,0,,1000,0.0,-1.0
4408,2016-05-20,C_4mini_1box_hot,0,,1000,0.0,-1.0
4408,2016-05-20,D_3mini_1box_1straight,0,,1000,0.0,-1.0
4408,2016-05-20,E_3mini_1set_1straight_prev,0,,1000,0.0,-1.0
4408,2016-05-20,F_5mini_random,0,,1000,0.0,-1.0
4409,2016-05-23,A_5mini_hot,0,,1000,0.0,-1.0
4409,2016-05-23,B_5mini_unseen,0,,1000,0.0,-1.0
4409,2016-05-23,C_4mini_1box_hot,0,,1000,0.0,-1.0
4409,2016-05-23,D_3mini_1box_1straight,0,,1000,0.0,-1.0
4409,2016-05-23,E_3mini_1set_1straight_prev,0,,1000,0.0,-1.0
4409,2016-05-23,F_5mini_random,0,,1000,0.0,-1.0
4410,2016-05-24,A_5mini_hot,0,,1000,0.0,-1.0
4410,2016-05-24,B_5mini_unseen,0,,1000,0.0,-1.0
4410,2016-05-24,C_4mini_1box_hot,0,,1000,0.0,-1.0
4410,2016-05-24,D_3mini_1box_1straight,0,,1000,0.0,-1.0
4410,2016-05-24,E_3mini_1set_1straight_prev,0,,1000,0.0,-1.0
4410,2016-05-24,F_5mini_random,0,,1000,0.0,-1.0
4411,2016-05-25,A_5mini_hot,0,,1000,0.0,-1.0
4411,2016-05-25,B_5mini_unseen,0,,1000,0.0,-1.0
4411,2016-05-25,C_4mini_1box_hot,0,,1000,0.0,-1.0
4411,2016-05-25,D_3mini_1box_1straight,0,,1000,0.0,-1.0
4411,2016-05-25,E_3mini_1set_1straight_prev,0,,1000,0.0,-1.0
4411,2016-05-25,F_5mini_random,0,,1000,0.0,-1.0
4412,2016-05-26,A_5mini_hot,0,,1000,0.0,-1.0
4412,2016-05-26,B_5mini_unseen,0,,1000,0.0,-1.0
4412,2016-05-26,C_4mini_1box_hot,0,,1000,0.0,-1.0
4412,2016-05-26,D_3mini_1box_1straight,0,,1000,0.0,-1.0
4412,2016-05-26,E_3mini_1set_1straight_prev,0,,1000,0.0,-1.0
4412,2016-05-26,F_5mini_random,0,,1000,0.0,-1.0
4413,2016-05-27,A_5mini_hot,0,,1000,0.0,-1.0
4413,2016-05-27,B_5mini_unseen,0,,1000,0.0,-1.0
4413,2016-05-27,C_4mini_1box_hot,0,,1000,0.0,-1.0
4413,2016-05-27,D_3mini_1box_1straight,0,,1000,0.0,-1.0
4413,2016-05-27,E_3mini_1set_1straight_prev,0,,1000,0.0,-1.0
4413,2016-05-27,F_5mini_random,0,,1000,0.0,-1.0
4414,2016-05-30,A_5mini_hot,0,,1000,0.0,-1.0
4414,2016-05-30,B_5mini_unseen,0,,1000,0.0,-1.0
4414,2016-05-30,C_4mini_1box_hot,0,,1000,0.0,-1.0
4414,2016-05-30,D_3mini_1box_1straight,0,,1000,0.0,-1.0
4414,2016-05-30,E_3mini_1set_1straight_prev,0,,1000,0.0,-1.0
4414,2016-05-30,F_5mini_random,0,,1000,0.0,-1.0
4415,2016-05-31,A_5mini_hot,0,,1000,0.0,-1.0
4415,2016-05-31,B_5mini_unseen,0,,1000,0.0,-1.0
4415,2016-05-31,C_4mini_1box_hot,0,,1000,0.0,-1.0
4415,2016-05-31,D_3mini_1box_1straight,0,,1000,0.0,-1.0
4415,2016-05-31,E_3mini_1set_1straight_prev,0,,1000,0.0,-1.0
4415,2016-05-31,F_5mini_random,0,,1000,0.0,-1.0
4416,2016-06-01,A_5mini_hot,0,,1000,0.0,-1.0
4416,2016-06-01,B_5mini_unseen,0,,1000,0.0,-1.0
4416,2016-06-01,C_4mini_1box_hot,0,,1000,0.0,-1.0
4416,2016-06-01,D_3mini_1box_1straight,0,,1000,0.0,-1.0
4416,2016-06-01,E_3mini_1set_1straight_prev,0,,1000,0.0,-1.0
4416,2016-06-01,F_5mini_random,0,,1000,0.0,-1.0
4417,2016-06-02,A_5mini_hot,0,,1000,0.0,-1.0
4417,2016-06-02,B_5mini_unseen,0,,1000,0.0,-1.0
4417,2016-06-02,C_4mini_1box_hot,0,,1000,0.0,-1.0
4417,2016-06-02,D_3mini_1box_1straight,0,,1000,0.0,-1.0
4417,2016-06-02,E_3mini_1set_1straight_prev,0,,1000,0.0,-1.0
4417,2016-06-02,F_5mini_random,0,,1000,0.0,-1.0
4418,2016-06-03,A_5mini_hot,0,,1000,0.0,-1.0
4418,2016-06-03,B_5mini_unseen,0,,1000,0.0,-1.0
4418,2016-06-03,C_4mini_1box_hot,0,,1000,0.0,-1.0
4418,2016-06-03,D_3mini_1box_1straight,0,,1000,0.0,-1.0
4418,2016-06-03,E_3mini_1set_1straight_prev,0,,1000,0.0,-1.0
4418,2016-06-03,F_5mini_random,0,,1000,0.0,-1.0
4419,2016-06-06,A_5mini_hot,0,,1000,0.0,-1.0
4419,2016-06-06,B_5mini_unseen,0,,1000,0.0,-1.0
4419,2016-06-06,C_4mini_1box_hot,0,,1000,0.0,-1.0
4419,2016-06-06,D_3mini_1box_1straight,0,,1000,0.0,-1.0
4419,2016-06-06,E_3mini_1set_1straight_prev,0,,1000,0.0,-1.0
4419,2016-06-06,F_5mini_random,0,,1000,0.0,-1.0
4420,2016-06-07,A_5mini_hot,0,,1000,0.0,-1.0
4420,2016-06-07,B_5mini_unseen,0,,1000,0.0,-1.0
4420,2016-06-07,C_4mini_1box_hot,0,,1000,0.0,-1.0
4420,2016-06-07,D_3mini_1box_1straight,0,,1000,0.0,-1.0
4420,2016-06-07,E_3mini_1set_1straight_prev,0,,1000,0.0,-1.0
4420,2016-06-07,F_5mini_random,0,,1000,0.0,-1.0
4421,2016-06-08,A_5mini_hot,0,,1000,0.0,-1.0
4421,2016-06-08,B_5mini_unseen,0,,1000,0.0,-1.0
4421,2016-06-08,C_4mini_1box_hot,0,,1000,0.0,-1.0
4421,2016-06-08,D_3mini_1box_1straight,0,,1000,0.0,-1.0
4421,2016-06-08,E_3mini_1set_1straight_prev,0,,1000,0.0,-1.0
4421,2016-06-08,F_5mini_random,0,,1000,0.0,-1.0
4422,2016-06-09,A_5mini_hot,0,,1000,0.0,-1.0
4422,2016-06-09,B_5mini_unseen,0,,1000,0.0,-1.0
4422,2016-06-09,C_4mini_1box_hot,0,,1000,0.0,-1.0
4422,2016-06-09,D_3mini_1box_1straight,0,,1000,0.0,-1.0
4422,2016-06-09,E_3mini_1set_1straight_prev,0,,1000,0.0,-1.0
4422,2016-06-09,F_5mini_random,0,,1000,0.0,-1.0
4423,2016-06-10,A_5mini_hot,0,,1000,0.0,-1.0
4423,2016-06-10,B_5mini_unseen,1,mini,1000,9000.0,8.0
4423,2016-06-10,C_4mini_1box_hot,0,,1000,0.0,-1.0
4423,2016-06-10,D_3mini_1box_1straight,0,,1000,0.0,-1.0
4423,2016-06-10,E_3mini_1set_1straight_prev,0,,1000,0.0,-1.0
4423,2016-06-10,F_5mini_random,0,,1000,0.0,-1.0
4424,2016-06-13,A_5mini_hot,0,,1000,0.0,-1.0
4424,2016-06-13,B_5mini_unseen,0,,1000,0.0,-1.0
4424,2016-06-13,C_4mini_1box_hot,0,,1000,0.0,-1.0
4424,2016-06-13,D_3mini_1box_1straight,0,,1000,0.0,-1.0
4424,2016-06-13,E_3mini_1set_1straight_prev,0,,1000,0.0,-1.0
4424,2016-06-13,F_5mini_random,0,,1000,0.0,-1.0
4425,2016-06-14,A_5mini_hot,0,,1000,0.0,-1.0
4425,2016-06-14,B_5mini_unseen,0,,1000,0.0,-1.0
4425,2016-06-14,C_4mini_1box_hot,0,,1000,0.0,-1.0
4425,2016-06-14,D_3mini_1box_1straight,0,,1000,0.0,-1.0
4425,2016-06-14,E_3mini_1set_1straight_prev,0,,1000,0.0,-1.0
4425,2016-06-14,F_5mini_random,0,,1000,0.0,-1.0
4426,2016-06-15,A_5mini_hot,1,mini,1000,9000.0,8.0
4426,2016-06-15,B_5mini_unseen,0,,1000,0.0,-1.0
4426,2016-06-15,C_4mini_1box_hot,1,mini,1000,9000.0,8.0
4426,2016-06-15,D_3mini_1box_1straight,0,,1000,0.0,-1.0
4426,2016-06-15,E_3mini_1set_1straight_prev,0,,1000,0.0,-1.0
4426,2016-06-15,F_5mini_random,0,,1000,0.0,-1.0
4427,2016-06-16,A_5mini_hot,0,,1000,0.0,-1.0
4427,2016-06-16,B_5mini_unseen,0,,1000,0.0,-1.0
4427,2016-06-16,C_4mini_1box_hot,0,,1000,0.0,-1.0
4427,2016-06-16,D_3mini_1box_1straight,0,,1000,0.0,-1.0
4427,2016-06-16,E_3mini_1set_1straight_prev,0,,1000,0.0,-1.0
4427,2016-06-16,F_5mini_random,0,,1000,0.0,-1.0
4428,2016-06-17,A_5mini_hot,1,mini,1000,9000.0,8.0
4428,2016-06-17,B_5mini_unseen,0,,1000,0.0,-1.0
4428,2016-06-17,C_4mini_1box_hot,1,mini,1000,9000.0,8.0
4428,2016-06-17,D_3mini_1box_1straight,1,mini,1000,9000.0,8.0
4428,2016-06-17,E_3mini_1set_1straight_prev,1,mini,1000,9000.0,8.0
4428,2016-06-17,F_5mini_random,0,,1000,0.0,-1.0
4429,2016-06-20,A_5mini_hot,0,,1000,0.0,-1.0
4429,2016-06-20,B_5mini_unseen,0,,1000,0.0,-1.0
4429,2016-06-20,C_4mini_1box_hot,0,,1000,0.0,-1.0
4429,2016-06-20,D_3mini_1box_1straight,0,,1000,0.0,-1.0
4429,2016-06-20,E_3mini_1set_1straight_prev,0,,1000,0.0,-1.0
4429,2016-06-20,F_5mini_random,0,,1000,0.0,-1.0
4430,2016-06-21,A_5mini_hot,0,,1000,0.0,-1.0
4430,2016-06-21,B_5mini_unseen,0,,1000,0.0,-1.0
4430,2016-06-21,C_4mini_1box_hot,0,,1000,0.0,-1.0
4430,2016-06-21,D_3mini_1box_1straight,0,,1000,0.0,-1.0
4430,2016-06-21,E_3mini_1set_1straight_prev,0,,1000,0.0,-1.0
4430,2016-06-21,F_5mini_random,0,,1000,0.0,-1.0
4431,2016-06-22,A_5mini_hot,0,,1000,0.0,-1.0
4431,2016-06-22,B_5mini_unseen,0,,1000,0.0,-1.0
4431,2016-06-22,C_4mini_1box_hot,0,,1000,0.0,-1.0
4431,2016-06-22,D_3mini_1box_1straight,0,,1000,0.0,-1.0
4431,2016-06-22,E_3mini_1set_1straight_prev,0,,1000,0.0,-1.0
4431,2016-06-22,F_5mini_random,0,,1000,0.0,-1.0
4432,2016-06-23,A_5mini_hot,0,,1000,0.0,-1.0
4432,2016-06-23,B_5mini_unseen,0,,1000,0.0,-1.0
4432,2016-06-23,C_4mini_1box_hot,0,,1000,0.0,-1.0
4432,2016-06-23,D_3mini_1box_1straight,0,,1000,0.0,-1.0
4432,2016-06-23,E_3mini_1set_1straight_prev,0,,1000,0.0,-1.0
4432,2016-06-23,F_5mini_random,0,,1000,0.0,-1.0
4433,2016-06-24,A_5mini_hot,0,,1000,0.0,-1.0
4433,2016-06-24,B_5mini_unseen,0,,1000,0.0,-1.0
4433,2016-06-24,C_4mini_1box_hot,0,,1000,0.0,-1.0
4433,2016-06-24,D_3mini_1box_1straight,0,,1000,0.0,-1.0
4433,2016-06-24,E_3mini_1set_1straight_prev,0,,1000,0.0,-1.0
4433,2016-06-24,F_5mini_random,0,,1000,0.0,-1.0
4434,2016-06-27,A_5mini_hot,0,,1000,0.0,-1.0
4434,2016-06-27,B_5mini_unseen,0,,1000,0.0,-1.0
4434,2016-06-27,C_4mini_1box_hot,0,,1000,0.0,-1.0
4434,2016-06-27,D_3mini_1box_1straight,0,,1000,0.0,-1.0
4434,2016-06-27,E_3mini_1set_1straight_prev,0,,1000,0.0,-1.0
4434,2016-06-27,F_5mini_random,0,,1000,0.0,-1.0
4435,2016-06-28,A_5mini_hot,0,,1000,0.0,-1.0
4435,2016-06-28,B_5mini_unseen,0,,1000,0.0,-1.0
4435,2016-06-28,C_4mini_1box_hot,0,,1000,0.0,-1.0
4435,2016-06-28,D_3mini_1box_1straight,0,,1000,0.0,-1.0
4435,2016-06-28,E_3mini_1set_1straight_prev,0,,1000,0.0,-1.0
4435,2016-06-28,F_5mini_random,0,,1000,0.0,-1.0
4436,2016-06-29,A_5mini_hot,0,,1000,0.0,-1.0
4436,2016-06-29,B_5mini_unseen,0,,1000,0.0,-1.0
4436,2016-06-29,C_4mini_1box_hot,0,,1000,0.0,-1.0
4436,2016-06-29,D_3mini_1box_1straight,0,,1000,0.0,-1.0
4436,2016-06-29,E_3mini_1set_1straight_prev,0,,1000,0.0,-1.0
4436,2016-06-29,F_5mini_random,0,,1000,0.0,-1.0
4437,2016-06-30,A_5mini_hot,0,,1000,0.0,-1.0
4437,2016-06-30,B_5mini_unseen,0,,1000,0.0,-1.0
4437,2016-06-30,C_4mini_1box_hot,0,,1000,0.0,-1.0
4437,2016-06-30,D_3mini_1box_1straight,0,,1000,0.0,-1.0
4437,2016-06-30,E_3mini_1set_1straight_prev,0,,1000,0.0,-1.0
4437,2016-06-30,F_5mini_random,0,,1000,0.0,-1.0
4438,2016-07-01,A_5mini_hot,0,,1000,0.0,-1.0
4438,2016-07-01,B_5mini_unseen,0,,1000,0.0,-1.0
4438,2016-07-01,C_4mini_1box_hot,0,,1000,0.0,-1.0
4438,2016-07-01,D_3mini_1box_1straight,0,,1000,0.0,-1.0
4438,2016-07-01,E_3mini_1set_1straight_prev,0,,1000,0.0,-1.0
4438,2016-07-01,F_5mini_random,0,,1000,0.0,-1.0
4439,2016-07-04,A_5mini_hot,0,,1000,0.0,-1.0
4439,2016-07-04,B_5mini_unseen,0,,1000,0.0,-1.0
4439,2016-07-04,C_4mini_1box_hot,0,,1000,0.0,-1.0
4439,2016-07-04,D_3mini_1box_1straight,0,,1000,0.0,-1.0
4439,2016-07-04,E_3mini_1set_1straight_prev,0,,1000,0.0,-1.0
4439,2016-07-04,F_5mini_random,0,,1000,0.0,-1.0
4440,2016-07-05,A_5mini_hot,0,,1000,0.0,-1.0
4440,2016-07-05,B_5mini_unseen,0,,1000,0.0,-1.0
4440,2016-07-05,C_4mini_1box_hot,0,,1000,0.0,-1.0
4440,2016-07-05,D_3mini_1box_1straight,0,,1000,0.0,-1.0
4440,2016-07-05,E_3mini_1set_1straight_prev,0,,1000,0.0,-1.0
4440,2016-07-05,F_5mini_random,0,,1000,0.0,-1.0
4441,2016-07-06,A_5mini_hot,0,,1000,0.0,-1.0
4441,2016-07-06,B_5mini_unseen,0,,1000,0.0,-1.0
4441,2016-07-06,C_4mini_1box_hot,0,,1000,0.0,-1.0
4441,2016-07-06,D_3mini_1box_1straight,0,,1000,0.0,-1.0
4441,2016-07-06,E_3mini_1set_1straight_prev,0,,1000,0.0,-1.0
4441,2016-07-06,F_5mini_random,0,,1000,0.0,-1.0
4442,2016-07-07,A_5mini_hot,0,,1000,0.0,-1.0
4442,2016-07-07,B_5mini_unseen,1,mini,1000,9000.0,8.0
4442,2016-07-07,C_4mini_1box_hot,0,,1000,0.0,-1.0
4442,2016-07-07,D_3mini_1box_1straight,0,,1000,0.0,-1.0
4442,2016-07-07,E_3mini_1set_1straight_prev,0,,1000,0.0,-1.0
4442,2016-07-07,F_5mini_random,0,,1000,0.0,-1.0
4443,2016-07-08,A_5mini_hot,0,,1000,0.0,-1.0
4443,2016-07-08,B_5mini_unseen,0,,1000,0.0,-1.0
4443,2016-07-08,C_4mini_1box_hot,0,,1000,0.0,-1.0
4443,2016-07-08,D_3mini_1box_1straight,0,,1000,0.0,-1.0
4443,2016-07-08,E_3mini_1set_1straight_prev,0,,1000,0.0,-1.0
4443,2016-07-08,F_5mini_random,0,,1000,0.0,-1.0
4444,2016-07-11,A_5mini_hot,0,,1000,0.0,-1.0
4444,2016-07-11,B_5mini_unseen,0,,1000,0.0,-1.0
4444,2016-07-11,C_4mini_1box_hot,0,,1000,0.0,-1.0
4444,2016-07-11,D_3mini_1box_1straight,0,,1000,0.0,-1.0
4444,2016-07-11,E_3mini_1set_1straight_prev,0,,1000,0.0,-1.0
4444,2016-07-11,F_5mini_random,0,,1000,0.0,-1.0
4445,2016-07-12,A_5mini_hot,0,,1000,0.0,-1.0
4445,2016-07-12,B_5mini_unseen,0,,1000,0.0,-1.0
4445,2016-07-12,C_4mini_1box_hot,0,,1000,0.0,-1.0
4445,2016-07-12,D_3mini_1box_1straight,0,,1000,0.0,-1.0
4445,2016-07-12,E_3mini_1set_1straight_prev,0,,1000,0.0,-1.0
4445,2016-07-12,F_5mini_random,0,,1000,0.0,-1.0
4446,2016-07-13,A_5mini_hot,0,,1000,0.0,-1.0
4446,2016-07-13,B_5mini_unseen,0,,1000,0.0,-1.0
4446,2016-07-13,C_4mini_1box_hot,0,,1000,0.0,-1.0
4446,2016-07-13,D_3mini_1box_1straight,0,,1000,0.0,-1.0
4446,2016-07-13,E_3mini_1set_1straight_prev,0,,1000,0.0,-1.0
4446,2016-07-13,F_5mini_random,0,,1000,0.0,-1.0
4447,2016-07-14,A_5mini_hot,0,,1000,0.0,-1.0
4447,2016-07-14,B_5mini_unseen,1,mini,1000,9000.0,8.0
4447,2016-07-14,C_4mini_1box_hot,0,,1000,0.0,-1.0
4447,2016-07-14,D_3mini_1box_1straight,0,,1000,0.0,-1.0
4447,2016-07-14,E_3mini_1set_1straight_prev,0,,1000,0.0,-1.0
4447,2016-07-14,F_5mini_random,0,,1000,0.0,-1.0
4448,2016-07-15,A_5mini_hot,0,,1000,0.0,-1.0
4448,2016-07-15,B_5mini_unseen,0,,1000,0.0,-1.0
4448,2016-07-15,C_4mini_1box_hot,0,,1000,0.0,-1.0
4448,2016-07-15,D_3mini_1box_1straight,0,,1000,0.0,-1.0
4448,2016-07-15,E_3mini_1set_1straight_prev,0,,1000,0.0,-1.0
4448,2016-07-15,F_5mini_random,0,,1000,0.0,-1.0
4449,2016-07-18,A_5mini_hot,0,,1000,0.0,-1.0
4449,2016-07-18,B_5mini_unseen,0,,1000,0.0,-1.0
4449,2016-07-18,C_4mini_1box_hot,0,,1000,0.0,-1.0
4449,2016-07-18,D_3mini_1box_1straight,0,,1000,0.0,-1.0
4449,2016-07-18,E_3mini_1set_1straight_prev,0,,1000,0.0,-1.0
4449,2016-07-18,F_5mini_random,0,,1000,0.0,-1.0
4450,2016-07-19,A_5mini_hot,0,,1000,0.0,-1.0
4450,2016-07-19,B_5mini_unseen,1,mini,1000,9000.0,8.0
4450,2016-07-19,C_4mini_1box_hot,0,,1000,0.0,-1.0
4450,2016-07-19,D_3mini_1box_1straight,0,,1000,0.0,-1.0
4450,2016-07-19,E_3mini_1set_1straight_prev,0,,1000,0.0,-1.0
4450,2016-07-19,F_5mini_random,0,,1000,0.0,-1.0
4451,2016-07-20,A_5mini_hot,0,,1000,0.0,-1.0
4451,2016-07-20,B_5mini_unseen,0,,1000,0.0,-1.0
4451,2016-07-20,C_4mini_1box_hot,0,,1000,0.0,-1.0
4451,2016-07-20,D_3mini_1box_1straight,0,,1000,0.0,-1.0
4451,2016-07-20,E_3mini_1set_1straight_prev,0,,1000,0.0,-1.0
4451,2016-07-20,F_5mini_random,0,,1000,0.0,-1.0
4452,2016-07-21,A_5mini_hot,0,,1000,0.0,-1.0
4452,2016-07-21,B_5mini_unseen,0,,1000,0.0,-1.0
4452,2016-07-21,C_4mini_1box_hot,0,,1000,0.0,-1.0
4452,2016-07-21,D_3mini_1box_1straight,0,,1000,0.0,-1.0
4452,2016-07-21,E_3mini_1set_1straight_prev,0,,1000,0.0,-1.0
4452,2016-07-21,F_5mini_random,0,,1000,0.0,-1.0
4453,2016-07-22,A_5mini_hot,0,,1000,0.0,-1.0
4453,2016-07-22,B_5mini_unseen,0,,1000,0.0,-1.0
4453,2016-07-22,C_4mini_1box_hot,0,,1000,0.0,-1.0
4453,2016-07-22,D_3mini_1box_1straight,0,,1000,0.0,-1.0
4453,2016-07-22,E_3mini_1set_1straight_prev,0,,1000,0.0,-1.0
4453,2016-07-22,F_5mini_random,0,,1000,0.0,-1.0
4454,2016-07-25,A_5mini_hot,0,,1000,0.0,-1.0
4454,2016-07-25,B_5mini_unseen,0,,1000,0.0,-1.0
4454,2016-07-25,C_4mini_1box_hot,0,,1000,0.0,-1.0
4454,2016-07-25,D_3mini_1box_1straight,0,,1000,0.0,-1.0
4454,2016-07-25,E_3mini_1set_1straight_prev,0,,1000,0.0,-1.0
4454,2016-07-25,F_5mini_random,0,,1000,0.0,-1.0
4455,2016-07-26,A_5mini_hot,0,,1000,0.0,-1.0
4455,2016-07-26,B_5mini_unseen,0,,1000,0.0,-1.0
4455,2016-07-26,C_4mini_1box_hot,0,,1000,0.0,-1.0
4455,2016-07-26,D_3mini_1box_1straight,0,,1000,0.0,-1.0
4455,2016-07-26,E_3mini_1set_1straight_prev,0,,1000,0.0,-1.0
4455,2016-07-26,F_5mini_random,0,,1000,0.0,-1.0
4456,2016-07-27,A_5mini_hot,0,,1000,0.0,-1.0
4456,2016-07-27,B_5mini_unseen,0,,1000,0.0,-1.0
4456,2016-07-27,C_4mini_1box_hot,0,,1000,0.0,-1.0
4456,2016-07-27,D_3mini_1box_1straight,0,,1000,0.0,-1.0
4456,2016-07-27,E_3mini_1set_1straight_prev,0,,1000,0.0,-1.0
4456,2016-07-27,F_5mini_random,0,,1000,0.0,-1.0
4457,2016-07-28,A_5mini_hot,0,,1000,0.0,-1.0
4457,2016-07-28,B_5mini_unseen,0,,1000,0.0,-1.0
4457,2016-07-28,C_4mini_1box_hot,0,,1000,0.0,-1.0
4457,2016-07-28,D_3mini_1box_1straight,0,,1000,0.0,-1.0
4457,2016-07-28,E_3mini_1set_1straight_prev,0,,1000,0.0,-1.0
4457,2016-07-28,F_5mini_random,0,,1000,0.0,-1.0
4458,2016-07-29,A_5mini_hot,0,,1000,0.0,-1.0
4458,2016-07-29,B_5mini_unseen,0,,1000,0.0,-1.0
4458,2016-07-29,C_4mini_1box_hot,0,,1000,0.0,-1.0
4458,2016-07-29,D_3mini_1box_1straight,0,,1000,0.0,-1.0
4458,2016-07-29,E_3mini_1set_1straight_prev,0,,1000,0.0,-1.0
4458,2016-07-29,F_5mini_random,0,,1000,0.0,-1.0
4459,2016-08-01,A_5mini_hot,0,,1000,0.0,-1.0
4459,2016-08-01,B_5mini_unseen,1,mini,1000,9000.0,8.0
4459,2016-08-01,C_4mini_1box_hot,0,,1000,0.0,-1.0
4459,2016-08-01,D_3mini_1box_1straight,0,,1000,0.0,-1.0
4459,2016-08-01,E_3mini_1set_1straight_prev,0,,1000,0.0,-1.0
4459,2016-08-01,F_5mini_random,0,,1000,0.0,-1.0
4460,2016-08-02,A_5mini_hot,0,,1000,0.0,-1.0
4460,2016-08-02,B_5mini_unseen,0,,1000,0.0,-1.0
4460,2016-08-02,C_4mini_1box_hot,0,,1000,0.0,-1.0
4460,2016-08-02,D_3mini_1box_1straight,0,,1000,0.0,-1.0
4460,2016-08-02,E_3mini_1set_1straight_prev,1,mini,1000,9000.0,8.0
4460,2016-08-02,F_5mini_random,0,,1000,0.0,-1.0
4461,2016-08-03,A_5mini_hot,0,,1000,0.0,-1.0
4461,2016-08-03,B_5mini_unseen,1,mini,1000,9000.0,8.0
4461,2016-08-03,C_4mini_1box_hot,0,,1000,0.0,-1.0
4461,2016-08-03,D_3mini_1box_1straight,0,,1000,0.0,-1.0
4461,2016-08-03,E_3mini_1set_1straight_prev,0,,1000,0.0,-1.0
4461,2016-08-03,F_5mini_random,0,,1000,0.0,-1.0
4462,2016-08-04,A_5mini_hot,0,,1000,0.0,-1.0
4462,2016-08-04,B_5mini_unseen,0,,1000,0.0,-1.0
4462,2016-08-04,C_4mini_1box_hot,0,,1000,0.0,-1.0
4462,2016-08-04,D_3mini_1box_1straight,0,,1000,0.0,-1.0
4462,2016-08-04,E_3mini_1set_1straight_prev,0,,1000,0.0,-1.0
4462,2016-08-04,F_5mini_random,0,,1000,0.0,-1.0
4463,2016-08-05,A_5mini_hot,0,,1000,0.0,-1.0
4463,2016-08-05,B_5mini_unseen,0,,1000,0.0,-1.0
4463,2016-08-05,C_4mini_1box_hot,0,,1000,0.0,-1.0
4463,2016-08-05,D_3mini_1box_1straight,0,,1000,0.0,-1.0
4463,2016-08-05,E_3mini_1set_1straight_prev,0,,1000,0.0,-1.0
4463,2016-08-05,F_5mini_random,0,,1000,0.0,-1.0
4464,2016-08-08,A_5mini_hot,0,,1000,0.0,-1.0
4464,2016-08-08,B_5mini_unseen,0,,1000,0.0,-1.0
4464,2016-08-08,C_4mini_1box_hot,0,,1000,0.0,-1.0
4464,2016-08-08,D_3mini_1box_1straight,0,,1000,0.0,-1.0
4464,2016-08-08,E_3mini_1set_1straight_prev,0,,1000,0.0,-1.0
4464,2016-08-08,F_5mini_random,0,,1000,0.0,-1.0
4465,2016-08-09,A_5mini_hot,1,mini,1000,9000.0,8.0
4465,2016-08-09,B_5mini_unseen,0,,1000,0.0,-1.0
4465,2016-08-09,C_4mini_1box_hot,1,mini,1000,9000.0,8.0
4465,2016-08-09,D_3mini_1box_1straight,1,mini,1000,9000.0,8.0
4465,2016-08-09,E_3mini_1set_1straight_prev,0,,1000,0.0,-1.0
4465,2016-08-09,F_5mini_random,0,,1000,0.0,-1.0
4466,2016-08-10,A_5mini_hot,0,,1000,0.0,-1.0
4466,2016-08-10,B_5mini_unseen,0,,1000,0.0,-1.0
4466,2016-08-10,C_4mini_1box_hot,0,,1000,0.0,-1.0
4466,2016-08-10,D_3mini_1box_1straight,0,,1000,0.0,-1.0
4466,2016-08-10,E_3mini_1set_1straight_prev,0,,1000,0.0,-1.0
4466,2016-08-10,F_5mini_random,0,,1000,0.0,-1.0
4467,2016-08-11,A_5mini_hot,0,,1000,0.0,-1.0
4467,2016-08-11,B_5mini_unseen,0,,1000,0.0,-1.0
4467,2016-08-11,C_4mini_1box_hot,0,,1000,0.0,-1.0
4467,2016-08-11,D_3mini_1box_1straight,0,,1000,0.0,-1.0
4467,2016-08-11,E_3mini_1set_1straight_prev,0,,1000,0.0,-1.0
4467,2016-08-11,F_5mini_random,0,,1000,0.0,-1.0
4468,2016-08-12,A_5mini_hot,0,,1000,0.0,-1.0
4468,2016-08-12,B_5mini_unseen,0,,1000,0.0,-1.0
4468,2016-08-12,C_4mini_1box_hot,0,,1000,0.0,-1.0
4468,2016-08-12,D_3mini_1box_1straight,0,,1000,0.0,-1.0
4468,2016-08-12,E_3mini_1set_1straight_prev,0,,1000,0.0,-1.0
4468,2016-08-12,F_5mini_random,0,,1000,0.0,-1.0
4469,2016-08-15,A_5mini_hot,1,mini,1000,9000.0,8.0
4469,2016-08-15,B_5mini_unseen,0,,1000,0.0,-1.0
4469,2016-08-15,C_4mini_1box_hot,0,,1000,0.0,-1.0
4469,2016-08-15,D_3mini_1box_1straight,0,,1000,0.0,-1.0
4469,2016-08-15,E_3mini_1set_1straight_prev,0,,1000,0.0,-1.0
4469,2016-08-15,F_5mini_random,0,,1000,0.0,-1.0
4470,2016-08-16,A_5mini_hot,0,,1000,0.0,-1.0
4470,2016-08-16,B_5mini_unseen,0,,1000,0.0,-1.0
4470,2016-08-16,C_4mini_1box_hot,0,,1000,0.0,-1.0
4470,2016-08-16,D_3mini_1box_1straight,0,,1000,0.0,-1.0
4470,2016-08-16,E_3mini_1set_1straight_prev,0,,1000,0.0,-1.0
4470,2016-08-16,F_5mini_random,0,,1000,0.0,-1.0
4471,2016-08-17,A_5mini_hot,0,,1000,0.0,-1.0
4471,2016-08-17,B_5mini_unseen,0,,1000,0.0,-1.0
4471,2016-08-17,C_4mini_1box_hot,0,,1000,0.0,-1.0
4471,2016-08-17,D_3mini_1box_1straight,0,,1000,0.0,-1.0
4471,2016-08-17,E_3mini_1set_1straight_prev,0,,1000,0.0,-1.0
4471,2016-08-17,F_5mini_random,0,,1000,0.0,-1.0
4472,2016-08-18,A_5mini_hot,0,,1000,0.0,-1.0
4472,2016-08-18,B_5mini_unseen,0,,1000,0.0,-1.0
4472,2016-08-18,C_4mini_1box_hot,0,,1000,0.0,-1.0
4472,2016-08-18,D_3mini_1box_1straight,0,,1000,0.0,-1.0
4472,2016-08-18,E_3mini_1set_1straight_prev,0,,1000,0.0,-1.0
4472,2016-08-18,F_5mini_random,0,,1000,0.0,-1.0
4473,2016-08-19,A_5mini_hot,0,,1000,0.0,-1.0
4473,2016-08-19,B_5mini_unseen,0,,1000,0.0,-1.0
4473,2016-08-19,C_4mini_1box_hot,0,,1000,0.0,-1.0
4473,2016-08-19,D_3mini_1box_1straight,0,,1000,0.0,-1.0
4473,2016-08-19,E_3mini_1set_1straight_prev,0,,1000,0.0,-1.0
4473,2016-08-19,F_5mini_random,0,,1000,0.0,-1.0
4474,2016-08-22,A_5mini_hot,0,,1000,0.0,-1.0
4474,2016-08-22,B_5mini_unseen,0,,1000,0.0,-1.0
4474,2016-08-22,C_4mini_1box_hot,0,,1000,0.0,-1.0
4474,2016-08-22,D_3mini_1box_1straight,0,,1000,0.0,-1.0
4474,2016-08-22,E_3mini_1set_1straight_prev,0,,1000,0.0,-1.0
4474,2016-08-22,F_5mini_random,0,,1000,0.0,-1.0
4475,2016-08-23,A_5mini_hot,0,,1000,0.0,-1.0
4475,2016-08-23,B_5mini_unseen,0,,1000,0.0,-1.0
4475,2016-08-23,C_4mini_1box_hot,0,,1000,0.0,-1.0
4475,2016-08-23,D_3mini_1box_1straight,0,,1000,0.0,-1.0
4475,2016-08-23,E_3mini_1set_1straight_prev,0,,1000,0.0,-1.0
4475,2016-08-23,F_5mini_random,0,,1000,0.0,-1.0
4476,2016-08-24,A_5mini_hot,0,,1000,0.0,-1.0
4476,2016-08-24,B_5mini_unseen,0,,1000,0.0,-1.0
4476,2016-08-24,C_4mini_1box_hot,0,,1000,0.0,-1.0
4476,2016-08-24,D_3mini_1box_1straight,0,,1000,0.0,-1.0
4476,2016-08-24,E_3mini_1set_1straight_prev,0,,1000,0.0,-1.0
4476,2016-08-24,F_5mini_random,0,,1000,0.0,-1.0
4477,2016-08-25,A_5mini_hot,0,,1000,0.0,-1.0
4477,2016-08-25,B_5mini_unseen,1,mini,1000,9000.0,8.0
4477,2016-08-25,C_4mini_1box_hot,0,,1000,0.0,-1.0
4477,2016-08-25,D_3mini_1box_1straight,0,,1000,0.0,-1.0
4477,2016-08-25,E_3mini_1set_1straight_prev,0,,1000,0.0,-1.0
4477,2016-08-25,F_5mini_random,0,,1000,0.0,-1.0
4478,2016-08-26,A_5mini_hot,0,,1000,0.0,-1.0
4478,2016-08-26,B_5mini_unseen,1,mini,1000,9000.0,8.0
4478,2016-08-26,C_4mini_1box_hot,1,box,1000,30000.0,29.0
4478,2016-08-26,D_3mini_1box_1straight,1,box,1000,30000.0,29.0
4478,2016-08-26,E_3mini_1set_1straight_prev,1,set_box,1000,15000.0,14.0
4478,2016-08-26,F_5mini_random,0,,1000,0.0,-1.0
4479,2016-08-29,A_5mini_hot,1,mini,1000,9000.0,8.0
4479,2016-08-29,B_5mini_unseen,0,,1000,0.0,-1.0
4479,2016-08-29,C_4mini_1box_hot,0,,1000,0.0,-1.0
4479,2016-08-29,D_3mini_1box_1straight,0,,1000,0.0,-1.0
4479,2016-08-29,E_3mini_1set_1straight_prev,0,,1000,0.0,-1.0
4479,2016-08-29,F_5mini_random,0,,1000,0.0,-1.0
4480,2016-08-30,A_5mini_hot,0,,1000,0.0,-1.0
4480,2016-08-30,B_5mini_unseen,0,,1000,0.0,-1.0
4480,2016-08-30,C_4mini_1box_hot,0,,1000,0.0,-1.0
4480,2016-08-30,D_3mini_1box_1straight,0,,1000,0.0,-1.0
4480,2016-08-30,E_3mini_1set_1straight_prev,0,,1000,0.0,-1.0
4480,2016-08-30,F_5mini_random,0,,1000,0.0,-1.0
4481,2016-08-31,A_5mini_hot,0,,1000,0.0,-1.0
4481,2016-08-31,B_5mini_unseen,0,,1000,0.0,-1.0
4481,2016-08-31,C_4mini_1box_hot,0,,1000,0.0,-1.0
4481,2016-08-31,D_3mini_1box_1straight,0,,1000,0.0,-1.0
4481,2016-08-31,E_3mini_1set_1straight_prev,0,,1000,0.0,-1.0
4481,2016-08-31,F_5mini_random,0,,1000,0.0,-1.0
4482,2016-09-01,A_5mini_hot,0,,1000,0.0,-1.0
4482,2016-09-01,B_5mini_unseen,0,,1000,0.0,-1.0
4482,2016-09-01,C_4mini_1box_hot,0,,1000,0.0,-1.0
4482,2016-09-01,D_3mini_1box_1straight,0,,1000,0.0,-1.0
4482,2016-09-01,E_3mini_1set_1straight_prev,0,,1000,0.0,-1.0
4482,2016-09-01,F_5mini_random,0,,1000,0.0,-1.0
4483,2016-09-02,A_5mini_hot,0,,1000,0.0,-1.0
4483,2016-09-02,B_5mini_unseen,0,,1000,0.0,-1.0
4483,2016-09-02,C_4mini_1box_hot,0,,1000,0.0,-1.0
4483,2016-09-02,D_3mini_1box_1straight,0,,1000,0.0,-1.0
4483,2016-09-02,E_3mini_1set_1straight_prev,0,,1000,0.0,-1.0
4483,2016-09-02,F_5mini_random,0,,1000,0.0,-1.0
4484,2016-09-05,A_5mini_hot,0,,1000,0.0,-1.0
4484,2016-09-05,B_5mini_unseen,0,,1000,0.0,-1.0
4484,2016-09-05,C_4mini_1box_hot,0,,1000,0.0,-1.0
4484,2016-09-05,D_3mini_1box_1straight,0,,1000,0.0,-1.0
4484,2016-09-05,E_3mini_1set_1straight_prev,0,,1000,0.0,-1.0
4484,2016-09-05,F_5mini_random,0,,1000,0.0,-1.0
4485,2016-09-06,A_5mini_hot,0,,1000,0.0,-1.0
4485,2016-09-06,B_5mini_unseen,1,mini,1000,9000.0,8.0
4485,2016-09-06,C_4mini_1box_hot,0,,1000,0.0,-1.0
4485,2016-09-06,D_3mini_1box_1straight,0,,1000,0.0,-1.0
4485,2016-09-06,E_3mini_1set_1straight_prev,0,,1000,0.0,-1.0
4485,2016-09-06,F_5mini_random,0,,1000,0.0,-1.0
4486,2016-09-07,A_5mini_hot,0,,1000,0.0,-1.0
4486,2016-09-07,B_5mini_unseen,0,,1000,0.0,-1.0
4486,2016-09-07,C_4mini_1box_hot,0,,1000,0.0,-1.0
4486,2016-09-07,D_3mini_1box_1straight,0,,1000,0.0,-1.0
4486,2016-09-07,E_3mini_1set_1straight_prev,0,,1000,0.0,-1.0
4486,2016-09-07,F_5mini_random,0,,1000,0.0,-1.0
4487,2016-09-08,A_5mini_hot,0,,1000,0.0,-1.0
4487,2016-09-08,B_5mini_unseen,0,,1000,0.0,-1.0
4487,2016-09-08,C_4mini_1box_hot,0,,1000,0.0,-1.0
4487,2016-09-08,D_3mini_1box_1straight,0,,1000,0.0,-1.0
4487,2016-09-08,E_3mini_1set_1straight_prev,0,,1000,0.0,-1.0
4487,2016-09-08,F_5mini_random,0,,1000,0.0,-1.0
4488,2016-09-09,A_5mini_hot,0,,1000,0.0,-1.0
4488,2016-09-09,B_5mini_unseen,0,,1000,0.0,-1.0
4488,2016-09-09,C_4mini_1box_hot,0,,1000,0.0,-1.0
4488,2016-09-09,D_3mini_1box_1straight,0,,1000,0.0,-1.0
4488,2016-09-09,E_3mini_1set_1straight_prev,0,,1000,0.0,-1.0
4488,2016-09-09,F_5mini_random,0,,1000,0.0,-1.0
4489,2016-09-12,A_5mini_hot,0,,1000,0.0,-1.0
4489,2016-09-12,B_5mini_unseen,0,,1000,0.0,-1.0
4489,2016-09-12,C_4mini_1box_hot,0,,1000,0.0,-1.0
4489,2016-09-12,D_3mini_1box_1straight,0,,1000,0.0,-1.0
4489,2016-09-12,E_3mini_1set_1straight_prev,0,,1000,0.0,-1.0
4489,2016-09-12,F_5mini_random,0,,1000,0.0,-1.0
4490,2016-09-13,A_5mini_hot,0,,1000,0.0,-1.0
4490,2016-09-13,B_5mini_unseen,0,,1000,0.0,-1.0
4490,2016-09-13,C_4mini_1box_hot,0,,1000,0.0,-1.0
4490,2016-09-13,D_3mini_1box_1straight,0,,1000,0.0,-1.0
4490,2016-09-13,E_3mini_1set_1straight_prev,0,,1000,0.0,-1.0
4490,2016-09-13,F_5mini_random,0,,1000,0.0,-1.0
4491,2016-09-14,A_5mini_hot,0,,1000,0.0,-1.0
4491,2016-09-14,B_5mini_unseen,0,,1000,0.0,-1.0
4491,2016-09-14,C_4mini_1box_hot,0,,1000,0.0,-1.0
4491,2016-09-14,D_3mini_1box_1straight,0,,1000,0.0,-1.0
4491,2016-09-14,E_3mini_1set_1straight_prev,0,,1000,0.0,-1.0
4491,2016-09-14,F_5mini_random,0,,1000,0.0,-1.0
4492,2016-09-15,A_5mini_hot,0,,1000,0.0,-1.0
4492,2016-09-15,B_5mini_unseen,0,,1000,0.0,-1.0
4492,2016-09-15,C_4mini_1box_hot,0,,1000,0.0,-1.0
4492,2016-09-15,D_3mini_1box_1straight,0,,1000,0.0,-1.0
4492,2016-09-15,E_3mini_1set_1straight_prev,0,,1000,0.0,-1.0
4492,2016-09-15,F_5mini_random,0,,1000,0.0,-1.0
4493,2016-09-16,A_5mini_hot,0,,1000,0.0,-1.0
4493,2016-09-16,B_5mini_unseen,0,,1000,0.0,-1.0
4493,2016-09-16,C_4mini_1box_hot,0,,1000,0.0,-1.0
4493,2016-09-16,D_3mini_1box_1straight,0,,1000,0.0,-1.0
4493,2016-09-16,E_3mini_1set_1straight_prev,0,,1000,0.0,-1.0
4493,2016-09-16,F_5mini_random,0,,1000,0.0,-1.0
4494,2016-09-19,A_5mini_hot,0,,1000,0.0,-1.0
4494,2016-09-19,B_5mini_unseen,0,,1000,0.0,-1.0
4494,2016-09-19,C_4mini_1box_hot,0,,1000,0.0,-1.0
4494,2016-09-19,D_3mini_1box_1straight,0,,1000,0.0,-1.0
4494,2016-09-19,E_3mini_1set_1straight_prev,0,,1000,0.0,-1.0
4494,2016-09-19,F_5mini_random,0,,1000,0.0,-1.0
4495,2016-09-20,A_5mini_hot,1,mini,1000,9000.0,8.0
4495,2016-09-20,B_5mini_unseen,0,,1000,0.0,-1.0
4495,2016-09-20,C_4mini_1box_hot,1,mini,1000,9000.0,8.0
4495,2016-09-20,D_3mini_1box_1straight,1,mini,1000,9000.0,8.0
4495,2016-09-20,E_3mini_1set_1straight_prev,1,mini,1000,9000.0,8.0
4495,2016-09-20,F_5mini_random,1,mini,1000,9000.0,8.0
4496,2016-09-21,A_5mini_hot,0,,1000,0.0,-1.0
4496,2016-09-21,B_5mini_unseen,0,,1000,0.0,-1.0
4496,2016-09-21,C_4mini_1box_hot,0,,1000,0.0,-1.0
4496,2016-09-21,D_3mini_1box_1straight,0,,1000,0.0,-1.0
4496,2016-09-21,E_3mini_1set_1straight_prev,0,,1000,0.0,-1.0
4496,2016-09-21,F_5mini_random,0,,1000,0.0,-1.0
4497,2016-09-22,A_5mini_hot,0,,1000,0.0,-1.0
4497,2016-09-22,B_5mini_unseen,0,,1000,0.0,-1.0
4497,2016-09-22,C_4mini_1box_hot,0,,1000,0.0,-1.0
4497,2016-09-22,D_3mini_1box_1straight,0,,1000,0.0,-1.0
4497,2016-09-22,E_3mini_1set_1straight_prev,0,,1000,0.0,-1.0
4497,2016-09-22,F_5mini_random,0,,1000,0.0,-1.0
4498,2016-09-23,A_5mini_hot,0,,1000,0.0,-1.0
4498,2016-09-23,B_5mini_unseen,0,,1000,0.0,-1.0
4498,2016-09-23,C_4mini_1box_hot,0,,1000,0.0,-1.0
4498,2016-09-23,D_3mini_1box_1straight,0,,1000,0.0,-1.0
4498,2016-09-23,E_3mini_1set_1straight_prev,0,,1000,0.0,-1.0
4498,2016-09-23,F_5mini_random,0,,1000,0.0,-1.0
4499,2016-09-26,A_5mini_hot,0,,1000,0.0,-1.0
4499,2016-09-26,B_5mini_unseen,0,,1000,0.0,-1.0
4499,2016-09-26,C_4mini_1box_hot,0,,1000,0.0,-1.0
4499,2016-09-26,D_3mini_1box_1straight,0,,1000,0.0,-1.0
4499,2016-09-26,E_3mini_1set_1straight_prev,0,,1000,0.0,-1.0
4499,2016-09-26,F_5mini_random,1,mini,1000,9000.0,8.0
4500,2016-09-27,A_5mini_hot,0,,1000,0.0,-1.0
4500,2016-09-27,B_5mini_unseen,0,,1000,0.0,-1.0
4500,2016-09-27,C_4mini_1box_hot,0,,1000,0.0,-1.0
4500,2016-09-27,D_3mini_1box_1straight,0,,1000,0.0,-1.0
4500,2016-09-27,E_3mini_1set_1straight_prev,0,,1000,0.0,-1.0
4500,2016-09-27,F_5mini_random,0,,1000,0.0,-1.0
4501,2016-09-28,A_5mini_hot,0,,1000,0.0,-1.0
4501,2016-09-28,B_5mini_unseen,0,,1000,0.0,-1.0
4501,2016-09-28,C_4mini_1box_hot,0,,1000,0.0,-1.0
4501,2016-09-28,D_3mini_1box_1straight,0,,1000,0.0,-1.0
4501,2016-09-28,E_3mini_1set_1straight_prev,0,,1000,0.0,-1.0
4501,2016-09-28,F_5mini_random,0,,1000,0.0,-1.0
4502,2016-09-29,A_5mini_hot,0,,1000,0.0,-1.0
4502,2016-09-29,B_5mini_unseen,0,,1000,0.0,-1.0
4502,2016-09-29,C_4mini_1box_hot,0,,1000,0.0,-1.0
4502,2016-09-29,D_3mini_1box_1straight,0,,1000,0.0,-1.0
4502,2016-09-29,E_3mini_1set_1straight_prev,0,,1000,0.0,-1.0
4502,2016-09-29,F_5mini_random,0,,1000,0.0,-1.0
4503,2016-09-30,A_5mini_hot,0,,1000,0.0,-1.0
4503,2016-09-30,B_5mini_unseen,0,,1000,0.0,-1.0
4503,2016-09-30,C_4mini_1box_hot,0,,1000,0.0,-1.0
4503,2016-09-30,D_3mini_1box_1straight,0,,1000,0.0,-1.0
4503,2016-09-30,E_3mini_1set_1straight_prev,0,,1000,0.0,-1.0
4503,2016-09-30,F_5mini_random,1,mini,1000,9000.0,8.0
4504,2016-10-03,A_5mini_hot,0,,1000,0.0,-1.0
4504,2016-10-03,B_5mini_unseen,0,,1000,0.0,-1.0
4504,2016-10-03,C_4mini_1box_hot,0,,1000,0.0,-1.0
4504,2016-10-03,D_3mini_1box_1straight,0,,1000,0.0,-1.0
4504,2016-10-03,E_3mini_1set_1straight_prev,0,,1000,0.0,-1.0
4504,2016-10-03,F_5mini_random,0,,1000,0.0,-1.0
4505,2016-10-04,A_5mini_hot,1,mini,1000,9000.0,8.0
4505,2016-10-04,B_5mini_unseen,0,,1000,0.0,-1.0
4505,2016-10-04,C_4mini_1box_hot,1,mini,1000,9000.0,8.0
4505,2016-10-04,D_3mini_1box_1straight,1,mini,1000,9000.0,8.0
4505,2016-10-04,E_3mini_1set_1straight_prev,1,mini,1000,9000.0,8.0
4505,2016-10-04,F_5mini_random,0,,1000,0.0,-1.0
4506,2016-10-05,A_5mini_hot,0,,1000,0.0,-1.0
4506,2016-10-05,B_5mini_unseen,0,,1000,0.0,-1.0
4506,2016-10-05,C_4mini_1box_hot,0,,1000,0.0,-1.0
4506,2016-10-05,D_3mini_1box_1straight,0,,1000,0.0,-1.0
4506,2016-10-05,E_3mini_1set_1straight_prev,0,,1000,0.0,-1.0
4506,2016-10-05,F_5mini_random,0,,1000,0.0,-1.0
4507,2016-10-06,A_5mini_hot,0,,1000,0.0,-1.0
4507,2016-10-06,B_5mini_unseen,0,,1000,0.0,-1.0
4507,2016-10-06,C_4mini_1box_hot,0,,1000,0.0,-1.0
4507,2016-10-06,D_3mini_1box_1straight,0,,1000,0.0,-1.0
4507,2016-10-06,E_3mini_1set_1straight_prev,0,,1000,0.0,-1.0
4507,2016-10-06,F_5mini_random,0,,1000,0.0,-1.0
4508,2016-10-07,A_5mini_hot,0,,1000,0.0,-1.0
4508,2016-10-07,B_5mini_unseen,0,,1000,0.0,-1.0
4508,2016-10-07,C_4mini_1box_hot,0,,1000,0.0,-1.0
4508,2016-10-07,D_3mini_1box_1straight,0,,1000,0.0,-1.0
4508,2016-10-07,E_3mini_1set_1straight_prev,0,,1000,0.0,-1.0
4508,2016-10-07,F_5mini_random,0,,1000,0.0,-1.0
4509,2016-10-10,A_5mini_hot,0,,1000,0.0,-1.0
4509,2016-10-10,B_5mini_unseen,0,,1000,0.0,-1.0
4509,2016-10-10,C_4mini_1box_hot,0,,1000,0.0,-1.0
4509,2016-10-10,D_3mini_1box_1straight,0,,1000,0.0,-1.0
4509,2016-10-10,E_3mini_1set_1straight_prev,0,,1000,0.0,-1.0
4509,2016-10-10,F_5mini_random,0,,1000,0.0,-1.0
4510,2016-10-11,A_5mini_hot,0,,1000,0.0,-1.0
4510,2016-10-11,B_5mini_unseen,0,,1000,0.0,-1.0
4510,2016-10-11,C_4mini_1box_hot,0,,1000,0.0,-1.0
4510,2016-10-11,D_3mini_1box_1straight,0,,1000,0.0,-1.0
4510,2016-10-11,E_3mini_1set_1straight_prev,0,,1000,0.0,-1.0
4510,2016-10-11,F_5mini_random,1,mini,1000,9000.0,8.0
4511,2016-10-12,A_5mini_hot,0,,1000,0.0,-1.0
4511,2016-10-12,B_5mini_unseen,0,,1000,0.0,-1.0
4511,2016-10-12,C_4mini_1box_hot,0,,1000,0.0,-1.0
4511,2016-10-12,D_3mini_1box_1straight,0,,1000,0.0,-1.0
4511,2016-10-12,E_3mini_1set_1straight_prev,0,,1000,0.0,-1.0
4511,2016-10-12,F_5mini_random,0,,1000,0.0,-1.0
4512,2016-10-13,A_5mini_hot,0,,1000,0.0,-1.0
4512,2016-10-13,B_5mini_unseen,0,,1000,0.0,-1.0
4512,2016-10-13,C_4mini_1box_hot,0,,1000,0.0,-1.0
4512,2016-10-13,D_3mini_1box_1straight,0,,1000,0.0,-1.0
4512,2016-10-13,E_3mini_1set_1straight_prev,0,,1000,0.0,-1.0
4512,2016-10-13,F_5mini_random,1,mini,1000,9000.0,8.0
4513,2016-10-14,A_5mini_hot,0,,1000,0.0,-1.0
4513,2016-10-14,B_5mini_unseen,0,,1000,0.0,-1.0
4513,2016-10-14,C_4mini_1box_hot,0,,1000,0.0,-1.0
4513,2016-10-14,D_3mini_1box_1straight,0,,1000,0.0,-1.0
4513,2016-10-14,E_3mini_1set_1straight_prev,0,,1000,0.0,-1.0
4513,2016-10-14,F_5mini_random,0,,1000,0.0,-1.0
4514,2016-10-17,A_5mini_hot,0,,1000,0.0,-1.0
4514,2016-10-17,B_5mini_unseen,0,,1000,0.0,-1.0
4514,2016-10-17,C_4mini_1box_hot,0,,1000,0.0,-1.0
4514,2016-10-17,D_3mini_1box_1straight,0,,1000,0.0,-1.0
4514,2016-10-17,E_3mini_1set_1straight_prev,0,,1000,0.0,-1.0
4514,2016-10-17,F_5mini_random,0,,1000,0.0,-1.0
4515,2016-10-18,A_5mini_hot,0,,1000,0.0,-1.0
4515,2016-10-18,B_5mini_unseen,0,,1000,0.0,-1.0
4515,2016-10-18,C_4mini_1box_hot,0,,1000,0.0,-1.0
4515,2016-10-18,D_3mini_1box_1straight,0,,1000,0.0,-1.0
4515,2016-10-18,E_3mini_1set_1straight_prev,0,,1000,0.0,-1.0
4515,2016-10-18,F_5mini_random,0,,1000,0.0,-1.0
4516,2016-10-19,A_5mini_hot,0,,1000,0.0,-1.0
4516,2016-10-19,B_5mini_unseen,0,,1000,0.0,-1.0
4516,2016-10-19,C_4mini_1box_hot,1,box,1000,30000.0,29.0
4516,2016-10-19,D_3mini_1box_1straight,1,box,1000,30000.0,29.0
4516,2016-10-19,E_3mini_1set_1straight_prev,1,set_box,1000,15000.0,14.0
4516,2016-10-19,F_5mini_random,0,,1000,0.0,-1.0
4517,2016-10-20,A_5mini_hot,0,,1000,0.0,-1.0
4517,2016-10-20,B_5mini_unseen,0,,1000,0.0,-1.0
4517,2016-10-20,C_4mini_1box_hot,0,,1000,0.0,-1.0
4517,2016-10-20,D_3mini_1box_1straight,0,,1000,0.0,-1.0
4517,2016-10-20,E_3mini_1set_1straight_prev,0,,1000,0.0,-1.0
4517,2016-10-20,F_5mini_random,0,,1000,0.0,-1.0
4518,2016-10-21,A_5mini_hot,0,,1000,0.0,-1.0
4518,2016-10-21,B_5mini_unseen,0,,1000,0.0,-1.0
4518,2016-10-21,C_4mini_1box_hot,0,,1000,0.0,-1.0
4518,2016-10-21,D_3mini_1box_1straight,0,,1000,0.0,-1.0
4518,2016-10-21,E_3mini_1set_1straight_prev,0,,1000,0.0,-1.0
4518,2016-10-21,F_5mini_random,0,,1000,0.0,-1.0
4519,2016-10-24,A_5mini_hot,0,,1000,0.0,-1.0
4519,2016-10-24,B_5mini_unseen,0,,1000,0.0,-1.0
4519,2016-10-24,C_4mini_1box_hot,0,,1000,0.0,-1.0
4519,2016-10-24,D_3mini_1box_1straight,0,,1000,0.0,-1.0
4519,2016-10-24,E_3mini_1set_1straight_prev,0,,1000,0.0,-1.0
4519,2016-10-24,F_5mini_random,0,,1000,0.0,-1.0
4520,2016-10-25,A_5mini_hot,1,mini,1000,9000.0,8.0
4520,2016-10-25,B_5mini_unseen,0,,1000,0.0,-1.0
4520,2016-10-25,C_4mini_1box_hot,0,,1000,0.0,-1.0
4520,2016-10-25,D_3mini_1box_1straight,0,,1000,0.0,-1.0
4520,2016-10-25,E_3mini_1set_1straight_prev,0,,1000,0.0,-1.0
4520,2016-10-25,F_5mini_random,0,,1000,0.0,-1.0
4521,2016-10-26,A_5mini_hot,0,,1000,0.0,-1.0
4521,2016-10-26,B_5mini_unseen,0,,1000,0.0,-1.0
4521,2016-10-26,C_4mini_1box_hot,0,,1000,0.0,-1.0
4521,2016-10-26,D_3mini_1box_1straight,0,,1000,0.0,-1.0
4521,2016-10-26,E_3mini_1set_1straight_prev,0,,1000,0.0,-1.0
4521,2016-10-26,F_5mini_random,0,,1000,0.0,-1.0
4522,2016-10-27,A_5mini_hot,0,,1000,0.0,-1.0
4522,2016-10-27,B_5mini_unseen,0,,1000,0.0,-1.0
4522,2016-10-27,C_4mini_1box_hot,0,,1000,0.0,-1.0
4522,2016-10-27,D_3mini_1box_1straight,0,,1000,0.0,-1.0
4522,2016-10-27,E_3mini_1set_1straight_prev,0,,1000,0.0,-1.0
4522,2016-10-27,F_5mini_random,0,,1000,0.0,-1.0
4523,2016-10-28,A_5mini_hot,0,,1000,0.0,-1.0
4523,2016-10-28,B_5mini_unseen,0,,1000,0.0,-1.0
4523,2016-10-28,C_4mini_1box_hot,0,,1000,0.0,-1.0
4523,2016-10-28,D_3mini_1box_1straight,0,,1000,0.0,-1.0
4523,2016-10-28,E_3mini_1set_1straight_prev,0,,1000,0.0,-1.0
4523,2016-10-28,F_5mini_random,0,,1000,0.0,-1.0
4524,2016-10-31,A_5mini_hot,0,,1000,0.0,-1.0
4524,2016-10-31,B_5mini_unseen,0,,1000,0.0,-1.0
4524,2016-10-31,C_4mini_1box_hot,0,,1000,0.0,-1.0
4524,2016-10-31,D_3mini_1box_1straight,0,,1000,0.0,-1.0
4524,2016-10-31,E_3mini_1set_1straight_prev,0,,1000,0.0,-1.0
4524,2016-10-31,F_5mini_random,0,,1000,0.0,-1.0
4525,2016-11-01,A_5mini_hot,0,,1000,0.0,-1.0
4525,2016-11-01,B_5mini_unseen,0,,1000,0.0,-1.0
4525,2016-11-01,C_4mini_1box_hot,0,,1000,0.0,-1.0
4525,2016-11-01,D_3mini_1box_1straight,0,,1000,0.0,-1.0
4525,2016-11-01,E_3mini_1set_1straight_prev,0,,1000,0.0,-1.0
4525,2016-11-01,F_5mini_random,0,,1000,0.0,-1.0
4526,2016-11-02,A_5mini_hot,0,,1000,0.0,-1.0
4526,2016-11-02,B_5mini_unseen,0,,1000,0.0,-1.0
4526,2016-11-02,C_4mini_1box_hot,0,,1000,0.0,-1.0
4526,2016-11-02,D_3mini_1box_1straight,0,,1000,0.0,-1.0
4526,2016-11-02,E_3mini_1set_1straight_prev,0,,1000,0.0,-1.0
4526,2016-11-02,F_5mini_random,0,,1000,0.0,-1.0
4527,2016-11-03,A_5mini_hot,0,,1000,0.0,-1.0
4527,2016-11-03,B_5mini_unseen,1,mini,1000,9000.0,8.0
4527,2016-11-03,C_4mini_1box_hot,0,,1000,0.0,-1.0
4527,2016-11-03,D_3mini_1box_1straight,0,,1000,0.0,-1.0
4527,2016-11-03,E_3mini_1set_1straight_prev,0,,1000,0.0,-1.0
4527,2016-11-03,F_5mini_random,0,,1000,0.0,-1.0
4528,2016-11-04,A_5mini_hot,0,,1000,0.0,-1.0
4528,2016-11-04,B_5mini_unseen,0,,1000,0.0,-1.0
4528,2016-11-04,C_4mini_1box_hot,0,,1000,0.0,-1.0
4528,2016-11-04,D_3mini_1box_1straight,0,,1000,0.0,-1.0
4528,2016-11-04,E_3mini_1set_1straight_prev,0,,1000,0.0,-1.0
4528,2016-11-04,F_5mini_random,0,,1000,0.0,-1.0
4529,2016-11-07,A_5mini_hot,0,,1000,0.0,-1.0
4529,2016-11-07,B_5mini_unseen,0,,1000,0.0,-1.0
4529,2016-11-07,C_4mini_1box_hot,0,,1000,0.0,-1.0
4529,2016-11-07,D_3mini_1box_1straight,0,,1000,0.0,-1.0
4529,2016-11-07,E_3mini_1set_1straight_prev,0,,1000,0.0,-1.0
4529,2016-11-07,F_5mini_random,0,,1000,0.0,-1.0
4530,2016-11-08,A_5mini_hot,0,,1000,0.0,-1.0
4530,2016-11-08,B_5mini_unseen,0,,1000,0.0,-1.0
4530,2016-11-08,C_4mini_1box_hot,0,,1000,0.0,-1.0
4530,2016-11-08,D_3mini_1box_1straight,0,,1000,0.0,-1.0
4530,2016-11-08,E_3mini_1set_1straight_prev,0,,1000,0.0,-1.0
4530,2016-11-08,F_5mini_random,0,,1000,0.0,-1.0
4531,2016-11-09,A_5mini_hot,0,,1000,0.0,-1.0
4531,2016-11-09,B_5mini_unseen,0,,1000,0.0,-1.0
4531,2016-11-09,C_4mini_1box_hot,0,,1000,0.0,-1.0
4531,2016-11-09,D_3mini_1box_1straight,0,,1000,0.0,-1.0
4531,2016-11-09,E_3mini_1set_1straight_prev,0,,1000,0.0,-1.0
4531,2016-11-09,F_5mini_random,1,mini,1000,9000.0,8.0
4532,2016-11-10,A_5mini_hot,0,,1000,0.0,-1.0
4532,2016-11-10,B_5mini_unseen,0,,1000,0.0,-1.0
4532,2016-11-10,C_4mini_1box_hot,0,,1000,0.0,-1.0
4532,2016-11-10,D_3mini_1box_1straight,0,,1000,0.0,-1.0
4532,2016-11-10,E_3mini_1set_1straight_prev,0,,1000,0.0,-1.0
4532,2016-11-10,F_5mini_random,0,,1000,0.0,-1.0
4533,2016-11-11,A_5mini_hot,0,,1000,0.0,-1.0
4533,2016-11-11,B_5mini_unseen,0,,1000,0.0,-1.0
4533,2016-11-11,C_4mini_1box_hot,0,,1000,0.0,-1.0
4533,2016-11-11,D_3mini_1box_1straight,0,,1000,0.0,-1.0
4533,2016-11-11,E_3mini_1set_1straight_prev,0,,1000,0.0,-1.0
4533,2016-11-11,F_5mini_random,0,,1000,0.0,-1.0
4534,2016-11-14,A_5mini_hot,0,,1000,0.0,-1.0
4534,2016-11-14,B_5mini_unseen,0,,1000,0.0,-1.0
4534,2016-11-14,C_4mini_1box_hot,0,,1000,0.0,-1.0
4534,2016-11-14,D_3mini_1box_1straight,0,,1000,0.0,-1.0
4534,2016-11-14,E_3mini_1set_1straight_prev,0,,1000,0.0,-1.0
4534,2016-11-14,F_5mini_random,0,,1000,0.0,-1.0
4535,2016-11-15,A_5mini_hot,0,,1000,0.0,-1.0
4535,2016-11-15,B_5mini_unseen,0,,1000,0.0,-1.0
4535,2016-11-15,C_4mini_1box_hot,0,,1000,0.0,-1.0
4535,2016-11-15,D_3mini_1box_1straight,0,,1000,0.0,-1.0
4535,2016-11-15,E_3mini_1set_1straight_prev,0,,1000,0.0,-1.0
4535,2016-11-15,F_5mini_random,0,,1000,0.0,-1.0
4536,2016-11-16,A_5mini_hot,0,,1000,0.0,-1.0
4536,2016-11-16,B_5mini_unseen,0,,1000,0.0,-1.0
4536,2016-11-16,C_4mini_1box_hot,0,,1000,0.0,-1.0
4536,2016-11-16,D_3mini_1box_1straight,0,,1000,0.0,-1.0
4536,2016-11-16,E_3mini_1set_1straight_prev,0,,1000,0.0,-1.0
4536,2016-11-16,F_5mini_random,0,,1000,0.0,-1.0
4537,2016-11-17,A_5mini_hot,0,,1000,0.0,-1.0
4537,2016-11-17,B_5mini_unseen,0,,1000,0.0,-1.0
4537,2016-11-17,C_4mini_1box_hot,0,,1000,0.0,-1.0
4537,2016-11-17,D_3mini_1box_1straight,0,,1000,0.0,-1.0
4537,2016-11-17,E_3mini_1set_1straight_prev,0,,1000,0.0,-1.0
4537,2016-11-17,F_5mini_random,0,,1000,0.0,-1.0
4538,2016-11-18,A_5mini_hot,0,,1000,0.0,-1.0
4538,2016-11-18,B_5mini_unseen,0,,1000,0.0,-1.0
4538,2016-11-18,C_4mini_1box_hot,0,,1000,0.0,-1.0
4538,2016-11-18,D_3mini_1box_1straight,0,,1000,0.0,-1.0
4538,2016-11-18,E_3mini_1set_1straight_prev,0,,1000,0.0,-1.0
4538,2016-11-18,F_5mini_random,0,,1000,0.0,-1.0
4539,2016-11-21,A_5mini_hot,0,,1000,0.0,-1.0
4539,2016-11-21,B_5mini_unseen,0,,1000,0.0,-1.0
4539,2016-11-21,C_4mini_1box_hot,0,,1000,0.0,-1.0
4539,2016-11-21,D_3mini_1box_1straight,0,,1000,0.0,-1.0
4539,2016-11-21,E_3mini_1set_1straight_prev,0,,1000,0.0,-1.0
4539,2016-11-21,F_5mini_random,0,,1000,0.0,-1.0
4540,2016-11-22,A_5mini_hot,0,,1000,0.0,-1.0
4540,2016-11-22,B_5mini_unseen,0,,1000,0.0,-1.0
4540,2016-11-22,C_4mini_1box_hot,0,,1000,0.0,-1.0
4540,2016-11-22,D_3mini_1box_1straight,0,,1000,0.0,-1.0
4540,2016-11-22,E_3mini_1set_1straight_prev,0,,1000,0.0,-1.0
4540,2016-11-22,F_5mini_random,0,,1000,0.0,-1.0
4541,2016-11-23,A_5mini_hot,0,,1000,0.0,-1.0
4541,2016-11-23,B_5mini_unseen,0,,1000,0.0,-1.0
4541,2016-11-23,C_4mini_1box_hot,0,,1000,0.0,-1.0
4541,2016-11-23,D_3mini_1box_1straight,0,,1000,0.0,-1.0
4541,2016-11-23,E_3mini_1set_1straight_prev,0,,1000,0.0,-1.0
4541,2016-11-23,F_5mini_random,0,,1000,0.0,-1.0
4542,2016-11-24,A_5mini_hot,0,,1000,0.0,-1.0
4542,2016-11-24,B_5mini_unseen,0,,1000,0.0,-1.0
4542,2016-11-24,C_4mini_1box_hot,0,,1000,0.0,-1.0
4542,2016-11-24,D_3mini_1box_1straight,0,,1000,0.0,-1.0
4542,2016-11-24,E_3mini_1set_1straight_prev,0,,1000,0.0,-1.0
4542,2016-11-24,F_5mini_random,1,mini,1000,9000.0,8.0
4543,2016-11-25,A_5mini_hot,0,,1000,0.0,-1.0
4543,2016-11-25,B_5mini_unseen,0,,1000,0.0,-1.0
4543,2016-11-25,C_4mini_1box_hot,0,,1000,0.0,-1.0
4543,2016-11-25,D_3mini_1box_1straight,0,,1000,0.0,-1.0
4543,2016-11-25,E_3mini_1set_1straight_prev,0,,1000,0.0,-1.0
4543,2016-11-25,F_5mini_random,0,,1000,0.0,-1.0
4544,2016-11-28,A_5mini_hot,0,,1000,0.0,-1.0
4544,2016-11-28,B_5mini_unseen,0,,1000,0.0,-1.0
4544,2016-11-28,C_4mini_1box_hot,0,,1000,0.0,-1.0
4544,2016-11-28,D_3mini_1box_1straight,0,,1000,0.0,-1.0
4544,2016-11-28,E_3mini_1set_1straight_prev,0,,1000,0.0,-1.0
4544,2016-11-28,F_5mini_random,0,,1000,0.0,-1.0
4545,2016-11-29,A_5mini_hot,0,,1000,0.0,-1.0
4545,2016-11-29,B_5mini_unseen,0,,1000,0.0,-1.0
4545,2016-11-29,C_4mini_1box_hot,0,,1000,0.0,-1.0
4545,2016-11-29,D_3mini_1box_1straight,0,,1000,0.0,-1.0
4545,2016-11-29,E_3mini_1set_1straight_prev,0,,1000,0.0,-1.0
4545,2016-11-29,F_5mini_random,0,,1000,0.0,-1.0
4546,2016-11-30,A_5mini_hot,0,,1000,0.0,-1.0
4546,2016-11-30,B_5mini_unseen,0,,1000,0.0,-1.0
4546,2016-11-30,C_4mini_1box_hot,0,,1000,0.0,-1.0
4546,2016-11-30,D_3mini_1box_1straight,0,,1000,0.0,-1.0
4546,2016-11-30,E_3mini_1set_1straight_prev,1,mini,1000,9000.0,8.0
4546,2016-11-30,F_5mini_random,1,mini,1000,9000.0,8.0
4547,2016-12-01,A_5mini_hot,1,mini,1000,9000.0,8.0
4547,2016-12-01,B_5mini_unseen,0,,1000,0.0,-1.0
4547,2016-12-01,C_4mini_1box_hot,1,mini,1000,9000.0,8.0
4547,2016-12-01,D_3mini_1box_1straight,1,mini,1000,9000.0,8.0
4547,2016-12-01,E_3mini_1set_1straight_prev,1,mini,1000,9000.0,8.0
4547,2016-12-01,F_5mini_random,0,,1000,0.0,-1.0
4548,2016-12-02,A_5mini_hot,0,,1000,0.0,-1.0
4548,2016-12-02,B_5mini_unseen,0,,1000,0.0,-1.0
4548,2016-12-02,C_4mini_1box_hot,0,,1000,0.0,-1.0
4548,2016-12-02,D_3mini_1box_1straight,0,,1000,0.0,-1.0
4548,2016-12-02,E_3mini_1set_1straight_prev,0,,1000,0.0,-1.0
4548,2016-12-02,F_5mini_random,0,,1000,0.0,-1.0
4549,2016-12-05,A_5mini_hot,0,,1000,0.0,-1.0
4549,2016-12-05,B_5mini_unseen,0,,1000,0.0,-1.0
4549,2016-12-05,C_4mini_1box_hot,0,,1000,0.0,-1.0
4549,2016-12-05,D_3mini_1box_1straight,0,,1000,0.0,-1.0
4549,2016-12-05,E_3mini_1set_1straight_prev,0,,1000,0.0,-1.0
4549,2016-12-05,F_5mini_random,0,,1000,0.0,-1.0
4550,2016-12-06,A_5mini_hot,0,,1000,0.0,-1.0
4550,2016-12-06,B_5mini_unseen,0,,1000,0.0,-1.0
4550,2016-12-06,C_4mini_1box_hot,0,,1000,0.0,-1.0
4550,2016-12-06,D_3mini_1box_1straight,0,,1000,0.0,-1.0
4550,2016-12-06,E_3mini_1set_1straight_prev,0,,1000,0.0,-1.0
4550,2016-12-06,F_5mini_random,0,,1000,0.0,-1.0
4551,2016-12-07,A_5mini_hot,0,,1000,0.0,-1.0
4551,2016-12-07,B_5mini_unseen,0,,1000,0.0,-1.0
4551,2016-12-07,C_4mini_1box_hot,0,,1000,0.0,-1.0
4551,2016-12-07,D_3mini_1box_1straight,0,,1000,0.0,-1.0
4551,2016-12-07,E_3mini_1set_1straight_prev,0,,1000,0.0,-1.0
4551,2016-12-07,F_5mini_random,0,,1000,0.0,-1.0
4552,2016-12-08,A_5mini_hot,1,mini,1000,9000.0,8.0
4552,2016-12-08,B_5mini_unseen,0,,1000,0.0,-1.0
4552,2016-12-08,C_4mini_1box_hot,0,,1000,0.0,-1.0
4552,2016-12-08,D_3mini_1box_1straight,0,,1000,0.0,-1.0
4552,2016-12-08,E_3mini_1set_1straight_prev,0,,1000,0.0,-1.0
4552,2016-12-08,F_5mini_random,0,,1000,0.0,-1.0
4553,2016-12-09,A_5mini_hot,0,,1000,0.0,-1.0
4553,2016-12-09,B_5mini_unseen,0,,1000,0.0,-1.0
4553,2016-12-09,C_4mini_1box_hot,0,,1000,0.0,-1.0
4553,2016-12-09,D_3mini_1box_1straight,0,,1000,0.0,-1.0
4553,2016-12-09,E_3mini_1set_1straight_prev,0,,1000,0.0,-1.0
4553,2016-12-09,F_5mini_random,0,,1000,0.0,-1.0
4554,2016-12-12,A_5mini_hot,1,mini,1000,9000.0,8.0
4554,2016-12-12,B_5mini_unseen,0,,1000,0.0,-1.0
4554,2016-12-12,C_4mini_1box_hot,1,mini,1000,9000.0,8.0
4554,2016-12-12,D_3mini_1box_1straight,1,mini,1000,9000.0,8.0
4554,2016-12-12,E_3mini_1set_1straight_prev,1,mini,1000,9000.0,8.0
4554,2016-12-12,F_5mini_random,0,,1000,0.0,-1.0
4555,2016-12-13,A_5mini_hot,0,,1000,0.0,-1.0
4555,2016-12-13,B_5mini_unseen,0,,1000,0.0,-1.0
4555,2016-12-13,C_4mini_1box_hot,0,,1000,0.0,-1.0
4555,2016-12-13,D_3mini_1box_1straight,0,,1000,0.0,-1.0
4555,2016-12-13,E_3mini_1set_1straight_prev,0,,1000,0.0,-1.0
4555,2016-12-13,F_5mini_random,0,,1000,0.0,-1.0
4556,2016-12-14,A_5mini_hot,0,,1000,0.0,-1.0
4556,2016-12-14,B_5mini_unseen,0,,1000,0.0,-1.0
4556,2016-12-14,C_4mini_1box_hot,0,,1000,0.0,-1.0
4556,2016-12-14,D_3mini_1box_1straight,0,,1000,0.0,-1.0
4556,2016-12-14,E_3mini_1set_1straight_prev,0,,1000,0.0,-1.0
4556,2016-12-14,F_5mini_random,0,,1000,0.0,-1.0
4557,2016-12-15,A_5mini_hot,0,,1000,0.0,-1.0
4557,2016-12-15,B_5mini_unseen,0,,1000,0.0,-1.0
4557,2016-12-15,C_4mini_1box_hot,0,,1000,0.0,-1.0
4557,2016-12-15,D_3mini_1box_1straight,0,,1000,0.0,-1.0
4557,2016-12-15,E_3mini_1set_1straight_prev,0,,1000,0.0,-1.0
4557,2016-12-15,F_5mini_random,1,mini,1000,9000.0,8.0
4558,2016-12-16,A_5mini_hot,0,,1000,0.0,-1.0
4558,2016-12-16,B_5mini_unseen,0,,1000,0.0,-1.0
4558,2016-12-16,C_4mini_1box_hot,0,,1000,0.0,-1.0
4558,2016-12-16,D_3mini_1box_1straight,0,,1000,0.0,-1.0
4558,2016-12-16,E_3mini_1set_1straight_prev,0,,1000,0.0,-1.0
4558,2016-12-16,F_5mini_random,0,,1000,0.0,-1.0
4559,2016-12-19,A_5mini_hot,0,,1000,0.0,-1.0
4559,2016-12-19,B_5mini_unseen,0,,1000,0.0,-1.0
4559,2016-12-19,C_4mini_1box_hot,0,,1000,0.0,-1.0
4559,2016-12-19,D_3mini_1box_1straight,0,,1000,0.0,-1.0
4559,2016-12-19,E_3mini_1set_1straight_prev,0,,1000,0.0,-1.0
4559,2016-12-19,F_5mini_random,0,,1000,0.0,-1.0
4560,2016-12-20,A_5mini_hot,0,,1000,0.0,-1.0
4560,2016-12-20,B_5mini_unseen,0,,1000,0.0,-1.0
4560,2016-12-20,C_4mini_1box_hot,0,,1000,0.0,-1.0
4560,2016-12-20,D_3mini_1box_1straight,0,,1000,0.0,-1.0
4560,2016-12-20,E_3mini_1set_1straight_prev,0,,1000,0.0,-1.0
4560,2016-12-20,F_5mini_random,0,,1000,0.0,-1.0
4561,2016-12-21,A_5mini_hot,0,,1000,0.0,-1.0
4561,2016-12-21,B_5mini_unseen,0,,1000,0.0,-1.0
4561,2016-12-21,C_4mini_1box_hot,0,,1000,0.0,-1.0
4561,2016-12-21,D_3mini_1box_1straight,0,,1000,0.0,-1.0
4561,2016-12-21,E_3mini_1set_1straight_prev,0,,1000,0.0,-1.0
4561,2016-12-21,F_5mini_random,0,,1000,0.0,-1.0
4562,2016-12-22,A_5mini_hot,0,,1000,0.0,-1.0
4562,2016-12-22,B_5mini_unseen,0,,1000,0.0,-1.0
4562,2016-12-22,C_4mini_1box_hot,0,,1000,0.0,-1.0
4562,2016-12-22,D_3mini_1box_1straight,0,,1000,0.0,-1.0
4562,2016-12-22,E_3mini_1set_1straight_prev,0,,1000,0.0,-1.0
4562,2016-12-22,F_5mini_random,0,,1000,0.0,-1.0
4563,2016-12-23,A_5mini_hot,0,,1000,0.0,-1.0
4563,2016-12-23,B_5mini_unseen,0,,1000,0.0,-1.0
4563,2016-12-23,C_4mini_1box_hot,0,,1000,0.0,-1.0
4563,2016-12-23,D_3mini_1box_1straight,0,,1000,0.0,-1.0
4563,2016-12-23,E_3mini_1set_1straight_prev,0,,1000,0.0,-1.0
4563,2016-12-23,F_5mini_random,0,,1000,0.0,-1.0
4564,2016-12-26,A_5mini_hot,0,,1000,0.0,-1.0
4564,2016-12-26,B_5mini_unseen,0,,1000,0.0,-1.0
4564,2016-12-26,C_4mini_1box_hot,0,,1000,0.0,-1.0
4564,2016-12-26,D_3mini_1box_1straight,0,,1000,0.0,-1.0
4564,2016-12-26,E_3mini_1set_1straight_prev,0,,1000,0.0,-1.0
4564,2016-12-26,F_5mini_random,0,,1000,0.0,-1.0
4565,2016-12-27,A_5mini_hot,0,,1000,0.0,-1.0
4565,2016-12-27,B_5mini_unseen,0,,1000,0.0,-1.0
4565,2016-12-27,C_4mini_1box_hot,0,,1000,0.0,-1.0
4565,2016-12-27,D_3mini_1box_1straight,0,,1000,0.0,-1.0
4565,2016-12-27,E_3mini_1set_1straight_prev,0,,1000,0.0,-1.0
4565,2016-12-27,F_5mini_random,0,,1000,0.0,-1.0
4566,2016-12-28,A_5mini_hot,0,,1000,0.0,-1.0
4566,2016-12-28,B_5mini_unseen,0,,1000,0.0,-1.0
4566,2016-12-28,C_4mini_1box_hot,0,,1000,0.0,-1.0
4566,2016-12-28,D_3mini_1box_1straight,0,,1000,0.0,-1.0
4566,2016-12-28,E_3mini_1set_1straight_prev,0,,1000,0.0,-1.0
4566,2016-12-28,F_5mini_random,0,,1000,0.0,-1.0
4567,2016-12-29,A_5mini_hot,0,,1000,0.0,-1.0
4567,2016-12-29,B_5mini_unseen,0,,1000,0.0,-1.0
4567,2016-12-29,C_4mini_1box_hot,0,,1000,0.0,-1.0
4567,2016-12-29,D_3mini_1box_1straight,0,,1000,0.0,-1.0
4567,2016-12-29,E_3mini_1set_1straight_prev,0,,1000,0.0,-1.0
4567,2016-12-29,F_5mini_random,0,,1000,0.0,-1.0
4568,2016-12-30,A_5mini_hot,0,,1000,0.0,-1.0
4568,2016-12-30,B_5mini_unseen,0,,1000,0.0,-1.0
4568,2016-12-30,C_4mini_1box_hot,0,,1000,0.0,-1.0
4568,2016-12-30,D_3mini_1box_1straight,0,,1000,0.0,-1.0
4568,2016-12-30,E_3mini_1set_1straight_prev,0,,1000,0.0,-1.0
4568,2016-12-30,F_5mini_random,0,,1000,0.0,-1.0
4569,2017-01-04,A_5mini_hot,0,,1000,0.0,-1.0
4569,2017-01-04,B_5mini_unseen,0,,1000,0.0,-1.0
4569,2017-01-04,C_4mini_1box_hot,0,,1000,0.0,-1.0
4569,2017-01-04,D_3mini_1box_1straight,0,,1000,0.0,-1.0
4569,2017-01-04,E_3mini_1set_1straight_prev,0,,1000,0.0,-1.0
4569,2017-01-04,F_5mini_random,0,,1000,0.0,-1.0
4570,2017-01-05,A_5mini_hot,1,mini,1000,9000.0,8.0
4570,2017-01-05,B_5mini_unseen,0,,1000,0.0,-1.0
4570,2017-01-05,C_4mini_1box_hot,1,mini,1000,9000.0,8.0
4570,2017-01-05,D_3mini_1box_1straight,1,mini,1000,9000.0,8.0
4570,2017-01-05,E_3mini_1set_1straight_prev,0,,1000,0.0,-1.0
4570,2017-01-05,F_5mini_random,0,,1000,0.0,-1.0
4571,2017-01-06,A_5mini_hot,0,,1000,0.0,-1.0
4571,2017-01-06,B_5mini_unseen,0,,1000,0.0,-1.0
4571,2017-01-06,C_4mini_1box_hot,0,,1000,0.0,-1.0
4571,2017-01-06,D_3mini_1box_1straight,0,,1000,0.0,-1.0
4571,2017-01-06,E_3mini_1set_1straight_prev,0,,1000,0.0,-1.0
4571,2017-01-06,F_5mini_random,0,,1000,0.0,-1.0
4572,2017-01-09,A_5mini_hot,0,,1000,0.0,-1.0
4572,2017-01-09,B_5mini_unseen,0,,1000,0.0,-1.0
4572,2017-01-09,C_4mini_1box_hot,0,,1000,0.0,-1.0
4572,2017-01-09,D_3mini_1box_1straight,0,,1000,0.0,-1.0
4572,2017-01-09,E_3mini_1set_1straight_prev,0,,1000,0.0,-1.0
4572,2017-01-09,F_5mini_random,0,,1000,0.0,-1.0
4573,2017-01-10,A_5mini_hot,0,,1000,0.0,-1.0
4573,2017-01-10,B_5mini_unseen,0,,1000,0.0,-1.0
4573,2017-01-10,C_4mini_1box_hot,0,,1000,0.0,-1.0
4573,2017-01-10,D_3mini_1box_1straight,0,,1000,0.0,-1.0
4573,2017-01-10,E_3mini_1set_1straight_prev,0,,1000,0.0,-1.0
4573,2017-01-10,F_5mini_random,0,,1000,0.0,-1.0
4574,2017-01-11,A_5mini_hot,0,,1000,0.0,-1.0
4574,2017-01-11,B_5mini_unseen,0,,1000,0.0,-1.0
4574,2017-01-11,C_4mini_1box_hot,0,,1000,0.0,-1.0
4574,2017-01-11,D_3mini_1box_1straight,0,,1000,0.0,-1.0
4574,2017-01-11,E_3mini_1set_1straight_prev,0,,1000,0.0,-1.0
4574,2017-01-11,F_5mini_random,0,,1000,0.0,-1.0
4575,2017-01-12,A_5mini_hot,0,,1000,0.0,-1.0
4575,2017-01-12,B_5mini_unseen,0,,1000,0.0,-1.0
4575,2017-01-12,C_4mini_1box_hot,0,,1000,0.0,-1.0
4575,2017-01-12,D_3mini_1box_1straight,0,,1000,0.0,-1.0
4575,2017-01-12,E_3mini_1set_1straight_prev,0,,1000,0.0,-1.0
4575,2017-01-12,F_5mini_random,1,mini,1000,9000.0,8.0
4576,2017-01-13,A_5mini_hot,0,,1000,0.0,-1.0
4576,2017-01-13,B_5mini_unseen,0,,1000,0.0,-1.0
4576,2017-01-13,C_4mini_1box_hot,0,,1000,0.0,-1.0
4576,2017-01-13,D_3mini_1box_1straight,0,,1000,0.0,-1.0
4576,2017-01-13,E_3mini_1set_1straight_prev,0,,1000,0.0,-1.0
4576,2017-01-13,F_5mini_random,0,,1000,0.0,-1.0
4577,2017-01-16,A_5mini_hot,0,,1000,0.0,-1.0
4577,2017-01-16,B_5mini_unseen,0,,1000,0.0,-1.0
4577,2017-01-16,C_4mini_1box_hot,0,,1000,0.0,-1.0
4577,2017-01-16,D_3mini_1box_1straight,0,,1000,0.0,-1.0
4577,2017-01-16,E_3mini_1set_1straight_prev,0,,1000,0.0,-1.0
4577,2017-01-16,F_5mini_random,0,,1000,0.0,-1.0
4578,2017-01-17,A_5mini_hot,0,,1000,0.0,-1.0
4578,2017-01-17,B_5mini_unseen,0,,1000,0.0,-1.0
4578,2017-01-17,C_4mini_1box_hot,0,,1000,0.0,-1.0
4578,2017-01-17,D_3mini_1box_1straight,0,,1000,0.0,-1.0
4578,2017-01-17,E_3mini_1set_1straight_prev,0,,1000,0.0,-1.0
4578,2017-01-17,F_5mini_random,0,,1000,0.0,-1.0
4579,2017-01-18,A_5mini_hot,0,,1000,0.0,-1.0
4579,2017-01-18,B_5mini_unseen,0,,1000,0.0,-1.0
4579,2017-01-18,C_4mini_1box_hot,0,,1000,0.0,-1.0
4579,2017-01-18,D_3mini_1box_1straight,0,,1000,0.0,-1.0
4579,2017-01-18,E_3mini_1set_1straight_prev,0,,1000,0.0,-1.0
4579,2017-01-18,F_5mini_random,0,,1000,0.0,-1.0
4580,2017-01-19,A_5mini_hot,0,,1000,0.0,-1.0
4580,2017-01-19,B_5mini_unseen,0,,1000,0.0,-1.0
4580,2017-01-19,C_4mini_1box_hot,1,box,1000,15000.0,14.0
4580,2017-01-19,D_3mini_1box_1straight,1,"box,straight",1000,105000.0,104.0
4580,2017-01-19,E_3mini_1set_1straight_prev,1,set_straight,1000,52500.0,51.5
4580,2017-01-19,F_5mini_random,0,,1000,0.0,-1.0
4581,2017-01-20,A_5mini_hot,0,,1000,0.0,-1.0
4581,2017-01-20,B_5mini_unseen,0,,1000,0.0,-1.0
4581,2017-01-20,C_4mini_1box_hot,0,,1000,0.0,-1.0
4581,2017-01-20,D_3mini_1box_1straight,0,,1000,0.0,-1.0
4581,2017-01-20,E_3mini_1set_1straight_prev,0,,1000,0.0,-1.0
4581,2017-01-20,F_5mini_random,0,,1000,0.0,-1.0
4582,2017-01-23,A_5mini_hot,0,,1000,0.0,-1.0
4582,2017-01-23,B_5mini_unseen,0,,1000,0.0,-1.0
4582,2017-01-23,C_4mini_1box_hot,0,,1000,0.0,-1.0
4582,2017-01-23,D_3mini_1box_1straight,0,,1000,0.0,-1.0
4582,2017-01-23,E_3mini_1set_1straight_prev,0,,1000,0.0,-1.0
4582,2017-01-23,F_5mini_random,0,,1000,0.0,-1.0
4583,2017-01-24,A_5mini_hot,1,mini,1000,9000.0,8.0
4583,2017-01-24,B_5mini_unseen,0,,1000,0.0,-1.0
4583,2017-01-24,C_4mini_1box_hot,1,mini,1000,9000.0,8.0
4583,2017-01-24,D_3mini_1box_1straight,1,mini,1000,9000.0,8.0
4583,2017-01-24,E_3mini_1set_1straight_prev,0,,1000,0.0,-1.0
4583,2017-01-24,F_5mini_random,0,,1000,0.0,-1.0
4584,2017-01-25,A_5mini_hot,0,,1000,0.0,-1.0
4584,2017-01-25,B_5mini_unseen,0,,1000,0.0,-1.0
4584,2017-01-25,C_4mini_1box_hot,0,,1000,0.0,-1.0
4584,2017-01-25,D_3mini_1box_1straight,0,,1000,0.0,-1.0
4584,2017-01-25,E_3mini_1set_1straight_prev,0,,1000,0.0,-1.0
4584,2017-01-25,F_5mini_random,0,,1000,0.0,-1.0
4585,2017-01-26,A_5mini_hot,0,,1000,0.0,-1.0
4585,2017-01-26,B_5mini_unseen,0,,1000,0.0,-1.0
4585,2017-01-26,C_4mini_1box_hot,0,,1000,0.0,-1.0
4585,2017-01-26,D_3mini_1box_1straight,0,,1000,0.0,-1.0
4585,2017-01-26,E_3mini_1set_1straight_prev,0,,1000,0.0,-1.0
4585,2017-01-26,F_5mini_random,0,,1000,0.0,-1.0
4586,2017-01-27,A_5mini_hot,0,,1000,0.0,-1.0
4586,2017-01-27,B_5mini_unseen,0,,1000,0.0,-1.0
4586,2017-01-27,C_4mini_1box_hot,0,,1000,0.0,-1.0
4586,2017-01-27,D_3mini_1box_1straight,0,,1000,0.0,-1.0
4586,2017-01-27,E_3mini_1set_1straight_prev,0,,1000,0.0,-1.0
4586,2017-01-27,F_5mini_random,0,,1000,0.0,-1.0
4587,2017-01-30,A_5mini_hot,0,,1000,0.0,-1.0
4587,2017-01-30,B_5mini_unseen,0,,1000,0.0,-1.0
4587,2017-01-30,C_4mini_1box_hot,0,,1000,0.0,-1.0
4587,2017-01-30,D_3mini_1box_1straight,0,,1000,0.0,-1.0
4587,2017-01-30,E_3mini_1set_1straight_prev,0,,1000,0.0,-1.0
4587,2017-01-30,F_5mini_random,0,,1000,0.0,-1.0
4588,2017-01-31,A_5mini_hot,0,,1000,0.0,-1.0
4588,2017-01-31,B_5mini_unseen,0,,1000,0.0,-1.0
4588,2017-01-31,C_4mini_1box_hot,0,,1000,0.0,-1.0
4588,2017-01-31,D_3mini_1box_1straight,0,,1000,0.0,-1.0
4588,2017-01-31,E_3mini_1set_1straight_prev,0,,1000,0.0,-1.0
4588,2017-01-31,F_5mini_random,0,,1000,0.0,-1.0
4589,2017-02-01,A_5mini_hot,0,,1000,0.0,-1.0
4589,2017-02-01,B_5mini_unseen,0,,1000,0.0,-1.0
4589,2017-02-01,C_4mini_1box_hot,0,,1000,0.0,-1.0
4589,2017-02-01,D_3mini_1box_1straight,0,,1000,0.0,-1.0
4589,2017-02-01,E_3mini_1set_1straight_prev,0,,1000,0.0,-1.0
4589,2017-02-01,F_5mini_random,0,,1000,0.0,-1.0
4590,2017-02-02,A_5mini_hot,0,,1000,0.0,-1.0
4590,2017-02-02,B_5mini_unseen,0,,1000,0.0,-1.0
4590,2017-02-02,C_4mini_1box_hot,0,,1000,0.0,-1.0
4590,2017-02-02,D_3mini_1box_1straight,0,,1000,0.0,-1.0
4590,2017-02-02,E_3mini_1set_1straight_prev,0,,1000,0.0,-1.0
4590,2017-02-02,F_5mini_random,0,,1000,0.0,-1.0
4591,2017-02-03,A_5mini_hot,0,,1000,0.0,-1.0
4591,2017-02-03,B_5mini_unseen,0,,1000,0.0,-1.0
4591,2017-02-03,C_4mini_1box_hot,0,,1000,0.0,-1.0
4591,2017-02-03,D_3mini_1box_1straight,0,,1000,0.0,-1.0
4591,2017-02-03,E_3mini_1set_1straight_prev,0,,1000,0.0,-1.0
4591,2017-02-03,F_5mini_random,0,,1000,0.0,-1.0
4592,2017-02-06,A_5mini_hot,0,,1000,0.0,-1.0
4592,2017-02-06,B_5mini_unseen,0,,1000,0.0,-1.0
4592,2017-02-06,C_4mini_1box_hot,0,,1000,0.0,-1.0
4592,2017-02-06,D_3mini_1box_1straight,0,,1000,0.0,-1.0
4592,2017-02-06,E_3mini_1set_1straight_prev,0,,1000,0.0,-1.0
4592,2017-02-06,F_5mini_random,0,,1000,0.0,-1.0
4593,2017-02-07,A_5mini_hot,0,,1000,0.0,-1.0
4593,2017-02-07,B_5mini_unseen,0,,1000,0.0,-1.0
4593,2017-02-07,C_4mini_1box_hot,0,,1000,0.0,-1.0
4593,2017-02-07,D_3mini_1box_1straight,0,,1000,0.0,-1.0
4593,2017-02-07,E_3mini_1set_1straight_prev,1,mini,1000,9000.0,8.0
4593,2017-02-07,F_5mini_random,0,,1000,0.0,-1.0
4594,2017-02-08,A_5mini_hot,0,,1000,0.0,-1.0
4594,2017-02-08,B_5mini_unseen,0,,1000,0.0,-1.0
4594,2017-02-08,C_4mini_1box_hot,0,,1000,0.0,-1.0
4594,2017-02-08,D_3mini_1box_1straight,0,,1000,0.0,-1.0
4594,2017-02-08,E_3mini_1set_1straight_prev,0,,1000,0.0,-1.0
4594,2017-02-08,F_5mini_random,0,,1000,0.0,-1.0
4595,2017-02-09,A_5mini_hot,0,,1000,0.0,-1.0
4595,2017-02-09,B_5mini_unseen,0,,1000,0.0,-1.0
4595,2017-02-09,C_4mini_1box_hot,0,,1000,0.0,-1.0
4595,2017-02-09,D_3mini_1box_1straight,0,,1000,0.0,-1.0
4595,2017-02-09,E_3mini_1set_1straight_prev,0,,1000,0.0,-1.0
4595,2017-02-09,F_5mini_random,0,,1000,0.0,-1.0
4596,2017-02-10,A_5mini_hot,0,,1000,0.0,-1.0
4596,2017-02-10,B_5mini_unseen,0,,1000,0.0,-1.0
4596,2017-02-10,C_4mini_1box_hot,0,,1000,0.0,-1.0
4596,2017-02-10,D_3mini_1box_1straight,0,,1000,0.0,-1.0
4596,2017-02-10,E_3mini_1set_1straight_prev,0,,1000,0.0,-1.0
4596,2017-02-10,F_5mini_random,0,,1000,0.0,-1.0
4597,2017-02-13,A_5mini_hot,0,,1000,0.0,-1.0
4597,2017-02-13,B_5mini_unseen,0,,1000,0.0,-1.0
4597,2017-02-13,C_4mini_1box_hot,0,,1000,0.0,-1.0
4597,2017-02-13,D_3mini_1box_1straight,0,,1000,0.0,-1.0
4597,2017-02-13,E_3mini_1set_1straight_prev,0,,1000,0.0,-1.0
4597,2017-02-13,F_5mini_random,0,,1000,0.0,-1.0
4598,2017-02-14,A_5mini_hot,0,,1000,0.0,-1.0
4598,2017-02-14,B_5mini_unseen,0,,1000,0.0,-1.0
4598,2017-02-14,C_4mini_1box_hot,0,,1000,0.0,-1.0
4598,2017-02-14,D_3mini_1box_1straight,0,,1000,0.0,-1.0
4598,2017-02-14,E_3mini_1set_1straight_prev,0,,1000,0.0,-1.0
4598,2017-02-14,F_5mini_random,0,,1000,0.0,-1.0
4599,2017-02-15,A_5mini_hot,0,,1000,0.0,-1.0
4599,2017-02-15,B_5mini_unseen,0,,1000,0.0,-1.0
4599,2017-02-15,C_4mini_1box_hot,0,,1000,0.0,-1.0
4599,2017-02-15,D_3mini_1box_1straight,0,,1000,0.0,-1.0
4599,2017-02-15,E_3mini_1set_1straight_prev,0,,1000,0.0,-1.0
4599,2017-02-15,F_5mini_random,0,,1000,0.0,-1.0
4600,2017-02-16,A_5mini_hot,0,,1000,0.0,-1.0
4600,2017-02-16,B_5mini_unseen,0,,1000,0.0,-1.0
4600,2017-02-16,C_4mini_1box_hot,0,,1000,0.0,-1.0
4600,2017-02-16,D_3mini_1box_1straight,0,,1000,0.0,-1.0
4600,2017-02-16,E_3mini_1set_1straight_prev,0,,1000,0.0,-1.0
4600,2017-02-16,F_5mini_random,0,,1000,0.0,-1.0
4601,2017-02-17,A_5mini_hot,1,mini,1000,9000.0,8.0
4601,2017-02-17,B_5mini_unseen,0,,1000,0.0,-1.0
4601,2017-02-17,C_4mini_1box_hot,1,mini,1000,9000.0,8.0
4601,2017-02-17,D_3mini_1box_1straight,0,,1000,0.0,-1.0
4601,2017-02-17,E_3mini_1set_1straight_prev,0,,1000,0.0,-1.0
4601,2017-02-17,F_5mini_random,0,,1000,0.0,-1.0
4602,2017-02-20,A_5mini_hot,0,,1000,0.0,-1.0
4602,2017-02-20,B_5mini_unseen,0,,1000,0.0,-1.0
4602,2017-02-20,C_4mini_1box_hot,0,,1000,0.0,-1.0
4602,2017-02-20,D_3mini_1box_1straight,0,,1000,0.0,-1.0
4602,2017-02-20,E_3mini_1set_1straight_prev,0,,1000,0.0,-1.0
4602,2017-02-20,F_5mini_random,0,,1000,0.0,-1.0
4603,2017-02-21,A_5mini_hot,0,,1000,0.0,-1.0
4603,2017-02-21,B_5mini_unseen,0,,1000,0.0,-1.0
4603,2017-02-21,C_4mini_1box_hot,0,,1000,0.0,-1.0
4603,2017-02-21,D_3mini_1box_1straight,0,,1000,0.0,-1.0
4603,2017-02-21,E_3mini_1set_1straight_prev,0,,1000,0.0,-1.0
4603,2017-02-21,F_5mini_random,0,,1000,0.0,-1.0
4604,2017-02-22,A_5mini_hot,0,,1000,0.0,-1.0
4604,2017-02-22,B_5mini_unseen,0,,1000,0.0,-1.0
4604,2017-02-22,C_4mini_1box_hot,0,,1000,0.0,-1.0
4604,2017-02-22,D_3mini_1box_1straight,0,,1000,0.0,-1.0
4604,2017-02-22,E_3mini_1set_1straight_prev,0,,1000,0.0,-1.0
4604,2017-02-22,F_5mini_random,0,,1000,0.0,-1.0
4605,2017-02-23,A_5mini_hot,0,,1000,0.0,-1.0
4605,2017-02-23,B_5mini_unseen,0,,1000,0.0,-1.0
4605,2017-02-23,C_4mini_1box_hot,0,,1000,0.0,-1.0
4605,2017-02-23,D_3mini_1box_1straight,0,,1000,0.0,-1.0
4605,2017-02-23,E_3mini_1set_1straight_prev,0,,1000,0.0,-1.0
4605,2017-02-23,F_5mini_random,0,,1000,0.0,-1.0
4606,2017-02-24,A_5mini_hot,0,,1000,0.0,-1.0
4606,2017-02-24,B_5mini_unseen,0,,1000,0.0,-1.0
4606,2017-02-24,C_4mini_1box_hot,0,,1000,0.0,-1.0
4606,2017-02-24,D_3mini_1box_1straight,0,,1000,0.0,-1.0
4606,2017-02-24,E_3mini_1set_1straight_prev,0,,1000,0.0,-1.0
4606,2017-02-24,F_5mini_random,0,,1000,0.0,-1.0
4607,2017-02-27,A_5mini_hot,0,,1000,0.0,-1.0
4607,2017-02-27,B_5mini_unseen,0,,1000,0.0,-1.0
4607,2017-02-27,C_4mini_1box_hot,0,,1000,0.0,-1.0
4607,2017-02-27,D_3mini_1box_1straight,0,,1000,0.0,-1.0
4607,2017-02-27,E_3mini_1set_1straight_prev,0,,1000,0.0,-1.0
4607,2017-02-27,F_5mini_random,0,,1000,0.0,-1.0
4608,2017-02-28,A_5mini_hot,0,,1000,0.0,-1.0
4608,2017-02-28,B_5mini_unseen,0,,1000,0.0,-1.0
4608,2017-02-28,C_4mini_1box_hot,0,,1000,0.0,-1.0
4608,2017-02-28,D_3mini_1box_1straight,0,,1000,0.0,-1.0
4608,2017-02-28,E_3mini_1set_1straight_prev,0,,1000,0.0,-1.0
4608,2017-02-28,F_5mini_random,0,,1000,0.0,-1.0
4609,2017-03-01,A_5mini_hot,0,,1000,0.0,-1.0
4609,2017-03-01,B_5mini_unseen,0,,1000,0.0,-1.0
4609,2017-03-01,C_4mini_1box_hot,0,,1000,0.0,-1.0
4609,2017-03-01,D_3mini_1box_1straight,0,,1000,0.0,-1.0
4609,2017-03-01,E_3mini_1set_1straight_prev,0,,1000,0.0,-1.0
4609,2017-03-01,F_5mini_random,0,,1000,0.0,-1.0
4610,2017-03-02,A_5mini_hot,0,,1000,0.0,-1.0
4610,2017-03-02,B_5mini_unseen,0,,1000,0.0,-1.0
4610,2017-03-02,C_4mini_1box_hot,0,,1000,0.0,-1.0
4610,2017-03-02,D_3mini_1box_1straight,0,,1000,0.0,-1.0
4610,2017-03-02,E_3mini_1set_1straight_prev,0,,1000,0.0,-1.0
4610,2017-03-02,F_5mini_random,0,,1000,0.0,-1.0
4611,2017-03-03,A_5mini_hot,0,,1000,0.0,-1.0
4611,2017-03-03,B_5mini_unseen,0,,1000,0.0,-1.0
4611,2017-03-03,C_4mini_1box_hot,0,,1000,0.0,-1.0
4611,2017-03-03,D_3mini_1box_1straight,0,,1000,0.0,-1.0
4611,2017-03-03,E_3mini_1set_1straight_prev,0,,1000,0.0,-1.0
4611,2017-03-03,F_5mini_random,0,,1000,0.0,-1.0
4612,2017-03-06,A_5mini_hot,0,,1000,0.0,-1.0
4612,2017-03-06,B_5mini_unseen,0,,1000,0.0,-1.0
4612,2017-03-06,C_4mini_1box_hot,0,,1000,0.0,-1.0
4612,2017-03-06,D_3mini_1box_1straight,0,,1000,0.0,-1.0
4612,2017-03-06,E_3mini_1set_1straight_prev,0,,1000,0.0,-1.0
4612,2017-03-06,F_5mini_random,0,,1000,0.0,-1.0
4613,2017-03-07,A_5mini_hot,0,,1000,0.0,-1.0
4613,2017-03-07,B_5mini_unseen,0,,1000,0.0,-1.0
4613,2017-03-07,C_4mini_1box_hot,0,,1000,0.0,-1.0
4613,2017-03-07,D_3mini_1box_1straight,0,,1000,0.0,-1.0
4613,2017-03-07,E_3mini_1set_1straight_prev,0,,1000,0.0,-1.0
4613,2017-03-07,F_5mini_random,0,,1000,0.0,-1.0
4614,2017-03-08,A_5mini_hot,0,,1000,0.0,-1.0
4614,2017-03-08,B_5mini_unseen,0,,1000,0.0,-1.0
4614,2017-03-08,C_4mini_1box_hot,0,,1000,0.0,-1.0
4614,2017-03-08,D_3mini_1box_1straight,0,,1000,0.0,-1.0
4614,2017-03-08,E_3mini_1set_1straight_prev,0,,1000,0.0,-1.0
4614,2017-03-08,F_5mini_random,0,,1000,0.0,-1.0
4615,2017-03-09,A_5mini_hot,0,,1000,0.0,-1.0
4615,2017-03-09,B_5mini_unseen,0,,1000,0.0,-1.0
4615,2017-03-09,C_4mini_1box_hot,0,,1000,0.0,-1.0
4615,2017-03-09,D_3mini_1box_1straight,0,,1000,0.0,-1.0
4615,2017-03-09,E_3mini_1set_1straight_prev,1,mini,1000,9000.0,8.0
4615,2017-03-09,F_5mini_random,0,,1000,0.0,-1.0
4616,2017-03-10,A_5mini_hot,0,,1000,0.0,-1.0
4616,2017-03-10,B_5mini_unseen,0,,1000,0.0,-1.0
4616,2017-03-10,C_4mini_1box_hot,0,,1000,0.0,-1.0
4616,2017-03-10,D_3mini_1box_1straight,0,,1000,0.0,-1.0
4616,2017-03-10,E_3mini_1set_1straight_prev,0,,1000,0.0,-1.0
4616,2017-03-10,F_5mini_random,0,,1000,0.0,-1.0
4617,2017-03-28,A_5mini_hot,0,,1000,0.0,-1.0
4617,2017-03-28,B_5mini_unseen,0,,1000,0.0,-1.0
4617,2017-03-28,C_4mini_1box_hot,0,,1000,0.0,-1.0
4617,2017-03-28,D_3mini_1box_1straight,0,,1000,0.0,-1.0
4617,2017-03-28,E_3mini_1set_1straight_prev,0,,1000,0.0,-1.0
4617,2017-03-28,F_5mini_random,0,,1000,0.0,-1.0
4618,2017-03-14,A_5mini_hot,0,,1000,0.0,-1.0
4618,2017-03-14,B_5mini_unseen,1,mini,1000,9000.0,8.0
4618,2017-03-14,C_4mini_1box_hot,0,,1000,0.0,-1.0
4618,2017-03-14,D_3mini_1box_1straight,0,,1000,0.0,-1.0
4618,2017-03-14,E_3mini_1set_1straight_prev,0,,1000,0.0,-1.0
4618,2017-03-14,F_5mini_random,0,,1000,0.0,-1.0
4619,2017-03-15,A_5mini_hot,0,,1000,0.0,-1.0
4619,2017-03-15,B_5mini_unseen,0,,1000,0.0,-1.0
4619,2017-03-15,C_4mini_1box_hot,0,,1000,0.0,-1.0
4619,2017-03-15,D_3mini_1box_1straight,0,,1000,0.0,-1.0
4619,2017-03-15,E_3mini_1set_1straight_prev,0,,1000,0.0,-1.0
4619,2017-03-15,F_5mini_random,0,,1000,0.0,-1.0
4620,2017-03-16,A_5mini_hot,0,,1000,0.0,-1.0
4620,2017-03-16,B_5mini_unseen,0,,1000,0.0,-1.0
4620,2017-03-16,C_4mini_1box_hot,0,,1000,0.0,-1.0
4620,2017-03-16,D_3mini_1box_1straight,0,,1000,0.0,-1.0
4620,2017-03-16,E_3mini_1set_1straight_prev,0,,1000,0.0,-1.0
4620,2017-03-16,F_5mini_random,0,,1000,0.0,-1.0
4621,2017-03-17,A_5mini_hot,0,,1000,0.0,-1.0
4621,2017-03-17,B_5mini_unseen,0,,1000,0.0,-1.0
4621,2017-03-17,C_4mini_1box_hot,0,,1000,0.0,-1.0
4621,2017-03-17,D_3mini_1box_1straight,0,,1000,0.0,-1.0
4621,2017-03-17,E_3mini_1set_1straight_prev,0,,1000,0.0,-1.0
4621,2017-03-17,F_5mini_random,1,mini,1000,9000.0,8.0
4622,2017-03-20,A_5mini_hot,0,,1000,0.0,-1.0
4622,2017-03-20,B_5mini_unseen,0,,1000,0.0,-1.0
4622,2017-03-20,C_4mini_1box_hot,0,,1000,0.0,-1.0
4622,2017-03-20,D_3mini_1box_1straight,0,,1000,0.0,-1.0
4622,2017-03-20,E_3mini_1set_1straight_prev,0,,1000,0.0,-1.0
4622,2017-03-20,F_5mini_random,0,,1000,0.0,-1.0
4623,2017-03-21,A_5mini_hot,0,,1000,0.0,-1.0
4623,2017-03-21,B_5mini_unseen,0,,1000,0.0,-1.0
4623,2017-03-21,C_4mini_1box_hot,0,,1000,0.0,-1.0
4623,2017-03-21,D_3mini_1box_1straight,0,,1000,0.0,-1.0
4623,2017-03-21,E_3mini_1set_1straight_prev,1,mini,1000,9000.0,8.0
4623,2017-03-21,F_5mini_random,0,,1000,0.0,-1.0
4624,2017-03-22,A_5mini_hot,0,,1000,0.0,-1.0
4624,2017-03-22,B_5mini_unseen,0,,1000,0.0,-1.0
4624,2017-03-22,C_4mini_1box_hot,0,,1000,0.0,-1.0
4624,2017-03-22,D_3mini_1box_1straight,0,,1000,0.0,-1.0
4624,2017-03-22,E_3mini_1set_1straight_prev,0,,1000,0.0,-1.0
4624,2017-03-22,F_5mini_random,0,,1000,0.0,-1.0
4625,2017-03-23,A_5mini_hot,0,,1000,0.0,-1.0
4625,2017-03-23,B_5mini_unseen,1,mini,1000,9000.0,8.0
4625,2017-03-23,C_4mini_1box_hot,0,,1000,0.0,-1.0
4625,2017-03-23,D_3mini_1box_1straight,0,,1000,0.0,-1.0
4625,2017-03-23,E_3mini_1set_1straight_prev,0,,1000,0.0,-1.0
4625,2017-03-23,F_5mini_random,1,mini,1000,9000.0,8.0
4626,2017-03-24,A_5mini_hot,0,,1000,0.0,-1.0
4626,2017-03-24,B_5mini_unseen,0,,1000,0.0,-1.0
4626,2017-03-24,C_4mini_1box_hot,0,,1000,0.0,-1.0
4626,2017-03-24,D_3mini_1box_1straight,0,,1000,0.0,-1.0
4626,2017-03-24,E_3mini_1set_1straight_prev,0,,1000,0.0,-1.0
4626,2017-03-24,F_5mini_random,0,,1000,0.0,-1.0
4627,2017-03-27,A_5mini_hot,0,,1000,0.0,-1.0
4627,2017-03-27,B_5mini_unseen,0,,1000,0.0,-1.0
4627,2017-03-27,C_4mini_1box_hot,0,,1000,0.0,-1.0
4627,2017-03-27,D_3mini_1box_1straight,0,,1000,0.0,-1.0
4627,2017-03-27,E_3mini_1set_1straight_prev,0,,1000,0.0,-1.0
4627,2017-03-27,F_5mini_random,0,,1000,0.0,-1.0
4629,2017-03-29,A_5mini_hot,0,,1000,0.0,-1.0
4629,2017-03-29,B_5mini_unseen,0,,1000,0.0,-1.0
4629,2017-03-29,C_4mini_1box_hot,0,,1000,0.0,-1.0
4629,2017-03-29,D_3mini_1box_1straight,0,,1000,0.0,-1.0
4629,2017-03-29,E_3mini_1set_1straight_prev,0,,1000,0.0,-1.0
4629,2017-03-29,F_5mini_random,0,,1000,0.0,-1.0
4630,2017-03-30,A_5mini_hot,0,,1000,0.0,-1.0
4630,2017-03-30,B_5mini_unseen,0,,1000,0.0,-1.0
4630,2017-03-30,C_4mini_1box_hot,0,,1000,0.0,-1.0
4630,2017-03-30,D_3mini_1box_1straight,0,,1000,0.0,-1.0
4630,2017-03-30,E_3mini_1set_1straight_prev,0,,1000,0.0,-1.0
4630,2017-03-30,F_5mini_random,0,,1000,0.0,-1.0
4631,2017-03-31,A_5mini_hot,0,,1000,0.0,-1.0
4631,2017-03-31,B_5mini_unseen,0,,1000,0.0,-1.0
4631,2017-03-31,C_4mini_1box_hot,0,,1000,0.0,-1.0
4631,2017-03-31,D_3mini_1box_1straight,0,,1000,0.0,-1.0
4631,2017-03-31,E_3mini_1set_1straight_prev,0,,1000,0.0,-1.0
4631,2017-03-31,F_5mini_random,0,,1000,0.0,-1.0
4632,2017-04-03,A_5mini_hot,0,,1000,0.0,-1.0
4632,2017-04-03,B_5mini_unseen,0,,1000,0.0,-1.0
4632,2017-04-03,C_4mini_1box_hot,0,,1000,0.0,-1.0
4632,2017-04-03,D_3mini_1box_1straight,0,,1000,0.0,-1.0
4632,2017-04-03,E_3mini_1set_1straight_prev,0,,1000,0.0,-1.0
4632,2017-04-03,F_5mini_random,0,,1000,0.0,-1.0
4633,2017-04-04,A_5mini_hot,0,,1000,0.0,-1.0
4633,2017-04-04,B_5mini_unseen,0,,1000,0.0,-1.0
4633,2017-04-04,C_4mini_1box_hot,0,,1000,0.0,-1.0
4633,2017-04-04,D_3mini_1box_1straight,0,,1000,0.0,-1.0
4633,2017-04-04,E_3mini_1set_1straight_prev,0,,1000,0.0,-1.0
4633,2017-04-04,F_5mini_random,0,,1000,0.0,-1.0
4634,2017-04-05,A_5mini_hot,0,,1000,0.0,-1.0
4634,2017-04-05,B_5mini_unseen,0,,1000,0.0,-1.0
4634,2017-04-05,C_4mini_1box_hot,0,,1000,0.0,-1.0
4634,2017-04-05,D_3mini_1box_1straight,0,,1000,0.0,-1.0
4634,2017-04-05,E_3mini_1set_1straight_prev,0,,1000,0.0,-1.0
4634,2017-04-05,F_5mini_random,0,,1000,0.0,-1.0
4635,2017-04-06,A_5mini_hot,0,,1000,0.0,-1.0
4635,2017-04-06,B_5mini_unseen,0,,1000,0.0,-1.0
4635,2017-04-06,C_4mini_1box_hot,0,,1000,0.0,-1.0
4635,2017-04-06,D_3mini_1box_1straight,0,,1000,0.0,-1.0
4635,2017-04-06,E_3mini_1set_1straight_prev,0,,1000,0.0,-1.0
4635,2017-04-06,F_5mini_random,0,,1000,0.0,-1.0
4636,2017-04-07,A_5mini_hot,1,mini,1000,9000.0,8.0
4636,2017-04-07,B_5mini_unseen,0,,1000,0.0,-1.0
4636,2017-04-07,C_4mini_1box_hot,1,mini,1000,9000.0,8.0
4636,2017-04-07,D_3mini_1box_1straight,1,mini,1000,9000.0,8.0
4636,2017-04-07,E_3mini_1set_1straight_prev,0,,1000,0.0,-1.0
4636,2017-04-07,F_5mini_random,0,,1000,0.0,-1.0
4637,2017-04-10,A_5mini_hot,0,,1000,0.0,-1.0
4637,2017-04-10,B_5mini_unseen,0,,1000,0.0,-1.0
4637,2017-04-10,C_4mini_1box_hot,0,,1000,0.0,-1.0
4637,2017-04-10,D_3mini_1box_1straight,0,,1000,0.0,-1.0
4637,2017-04-10,E_3mini_1set_1straight_prev,0,,1000,0.0,-1.0
4637,2017-04-10,F_5mini_random,0,,1000,0.0,-1.0
4638,2017-04-11,A_5mini_hot,0,,1000,0.0,-1.0
4638,2017-04-11,B_5mini_unseen,0,,1000,0.0,-1.0
4638,2017-04-11,C_4mini_1box_hot,0,,1000,0.0,-1.0
4638,2017-04-11,D_3mini_1box_1straight,0,,1000,0.0,-1.0
4638,2017-04-11,E_3mini_1set_1straight_prev,0,,1000,0.0,-1.0
4638,2017-04-11,F_5mini_random,0,,1000,0.0,-1.0
4639,2017-04-12,A_5mini_hot,0,,1000,0.0,-1.0
4639,2017-04-12,B_5mini_unseen,0,,1000,0.0,-1.0
4639,2017-04-12,C_4mini_1box_hot,0,,1000,0.0,-1.0
4639,2017-04-12,D_3mini_1box_1straight,0,,1000,0.0,-1.0
4639,2017-04-12,E_3mini_1set_1straight_prev,0,,1000,0.0,-1.0
4639,2017-04-12,F_5mini_random,0,,1000,0.0,-1.0
4640,2017-04-13,A_5mini_hot,0,,1000,0.0,-1.0
4640,2017-04-13,B_5mini_unseen,0,,1000,0.0,-1.0
4640,2017-04-13,C_4mini_1box_hot,0,,1000,0.0,-1.0
4640,2017-04-13,D_3mini_1box_1straight,0,,1000,0.0,-1.0
4640,2017-04-13,E_3mini_1set_1straight_prev,0,,1000,0.0,-1.0
4640,2017-04-13,F_5mini_random,0,,1000,0.0,-1.0
4641,2017-04-14,A_5mini_hot,0,,1000,0.0,-1.0
4641,2017-04-14,B_5mini_unseen,0,,1000,0.0,-1.0
4641,2017-04-14,C_4mini_1box_hot,0,,1000,0.0,-1.0
4641,2017-04-14,D_3mini_1box_1straight,0,,1000,0.0,-1.0
4641,2017-04-14,E_3mini_1set_1straight_prev,0,,1000,0.0,-1.0
4641,2017-04-14,F_5mini_random,0,,1000,0.0,-1.0
4642,2017-04-17,A_5mini_hot,0,,1000,0.0,-1.0
4642,2017-04-17,B_5mini_unseen,0,,1000,0.0,-1.0
4642,2017-04-17,C_4mini_1box_hot,0,,1000,0.0,-1.0
4642,2017-04-17,D_3mini_1box_1straight,0,,1000,0.0,-1.0
4642,2017-04-17,E_3mini_1set_1straight_prev,0,,1000,0.0,-1.0
4642,2017-04-17,F_5mini_random,0,,1000,0.0,-1.0
4643,2017-04-18,A_5mini_hot,0,,1000,0.0,-1.0
4643,2017-04-18,B_5mini_unseen,0,,1000,0.0,-1.0
4643,2017-04-18,C_4mini_1box_hot,0,,1000,0.0,-1.0
4643,2017-04-18,D_3mini_1box_1straight,0,,1000,0.0,-1.0
4643,2017-04-18,E_3mini_1set_1straight_prev,0,,1000,0.0,-1.0
4643,2017-04-18,F_5mini_random,0,,1000,0.0,-1.0
4644,2017-04-19,A_5mini_hot,0,,1000,0.0,-1.0
4644,2017-04-19,B_5mini_unseen,0,,1000,0.0,-1.0
4644,2017-04-19,C_4mini_1box_hot,0,,1000,0.0,-1.0
4644,2017-04-19,D_3mini_1box_1straight,0,,1000,0.0,-1.0
4644,2017-04-19,E_3mini_1set_1straight_prev,0,,1000,0.0,-1.0
4644,2017-04-19,F_5mini_random,0,,1000,0.0,-1.0
4645,2017-04-20,A_5mini_hot,0,,1000,0.0,-1.0
4645,2017-04-20,B_5mini_unseen,0,,1000,0.0,-1.0
4645,2017-04-20,C_4mini_1box_hot,0,,1000,0.0,-1.0
4645,2017-04-20,D_3mini_1box_1straight,0,,1000,0.0,-1.0
4645,2017-04-20,E_3mini_1set_1straight_prev,0,,1000,0.0,-1.0
4645,2017-04-20,F_5mini_random,0,,1000,0.0,-1.0
4646,2017-04-21,A_5mini_hot,0,,1000,0.0,-1.0
4646,2017-04-21,B_5mini_unseen,0,,1000,0.0,-1.0
4646,2017-04-21,C_4mini_1box_hot,0,,1000,0.0,-1.0
4646,2017-04-21,D_3mini_1box_1straight,0,,1000,0.0,-1.0
4646,2017-04-21,E_3mini_1set_1straight_prev,0,,1000,0.0,-1.0
4646,2017-04-21,F_5mini_random,0,,1000,0.0,-1.0
4647,2017-04-24,A_5mini_hot,1,mini,1000,9000.0,8.0
4647,2017-04-24,B_5mini_unseen,0,,1000,0.0,-1.0
4647,2017-04-24,C_4mini_1box_hot,1,mini,1000,9000.0,8.0
4647,2017-04-24,D_3mini_1box_1straight,1,mini,1000,9000.0,8.0
4647,2017-04-24,E_3mini_1set_1straight_prev,0,,1000,0.0,-1.0
4647,2017-04-24,F_5mini_random,0,,1000,0.0,-1.0
4648,2017-04-25,A_5mini_hot,0,,1000,0.0,-1.0
4648,2017-04-25,B_5mini_unseen,0,,1000,0.0,-1.0
4648,2017-04-25,C_4mini_1box_hot,0,,1000,0.0,-1.0
4648,2017-04-25,D_3mini_1box_1straight,0,,1000,0.0,-1.0
4648,2017-04-25,E_3mini_1set_1straight_prev,0,,1000,0.0,-1.0
4648,2017-04-25,F_5mini_random,0,,1000,0.0,-1.0
4649,2017-04-26,A_5mini_hot,0,,1000,0.0,-1.0
4649,2017-04-26,B_5mini_unseen,0,,1000,0.0,-1.0
4649,2017-04-26,C_4mini_1box_hot,0,,1000,0.0,-1.0
4649,2017-04-26,D_3mini_1box_1straight,0,,1000,0.0,-1.0
4649,2017-04-26,E_3mini_1set_1straight_prev,0,,1000,0.0,-1.0
4649,2017-04-26,F_5mini_random,0,,1000,0.0,-1.0
4650,2017-04-27,A_5mini_hot,0,,1000,0.0,-1.0
4650,2017-04-27,B_5mini_unseen,0,,1000,0.0,-1.0
4650,2017-04-27,C_4mini_1box_hot,0,,1000,0.0,-1.0
4650,2017-04-27,D_3mini_1box_1straight,0,,1000,0.0,-1.0
4650,2017-04-27,E_3mini_1set_1straight_prev,0,,1000,0.0,-1.0
4650,2017-04-27,F_5mini_random,0,,1000,0.0,-1.0
4651,2017-04-28,A_5mini_hot,0,,1000,0.0,-1.0
4651,2017-04-28,B_5mini_unseen,0,,1000,0.0,-1.0
4651,2017-04-28,C_4mini_1box_hot,0,,1000,0.0,-1.0
4651,2017-04-28,D_3mini_1box_1straight,0,,1000,0.0,-1.0
4651,2017-04-28,E_3mini_1set_1straight_prev,0,,1000,0.0,-1.0
4651,2017-04-28,F_5mini_random,0,,1000,0.0,-1.0
4652,2017-05-01,A_5mini_hot,0,,1000,0.0,-1.0
4652,2017-05-01,B_5mini_unseen,0,,1000,0.0,-1.0
4652,2017-05-01,C_4mini_1box_hot,0,,1000,0.0,-1.0
4652,2017-05-01,D_3mini_1box_1straight,0,,1000,0.0,-1.0
4652,2017-05-01,E_3mini_1set_1straight_prev,0,,1000,0.0,-1.0
4652,2017-05-01,F_5mini_random,0,,1000,0.0,-1.0
4653,2017-05-02,A_5mini_hot,0,,1000,0.0,-1.0
4653,2017-05-02,B_5mini_unseen,0,,1000,0.0,-1.0
4653,2017-05-02,C_4mini_1box_hot,0,,1000,0.0,-1.0
4653,2017-05-02,D_3mini_1box_1straight,0,,1000,0.0,-1.0
4653,2017-05-02,E_3mini_1set_1straight_prev,0,,1000,0.0,-1.0
4653,2017-05-02,F_5mini_random,0,,1000,0.0,-1.0
4654,2017-05-03,A_5mini_hot,0,,1000,0.0,-1.0
4654,2017-05-03,B_5mini_unseen,0,,1000,0.0,-1.0
4654,2017-05-03,C_4mini_1box_hot,0,,1000,0.0,-1.0
4654,2017-05-03,D_3mini_1box_1straight,0,,1000,0.0,-1.0
4654,2017-05-03,E_3mini_1set_1straight_prev,0,,1000,0.0,-1.0
4654,2017-05-03,F_5mini_random,0,,1000,0.0,-1.0
4655,2017-05-04,A_5mini_hot,0,,1000,0.0,-1.0
4655,2017-05-04,B_5mini_unseen,1,mini,1000,9000.0,8.0
4655,2017-05-04,C_4mini_1box_hot,0,,1000,0.0,-1.0
4655,2017-05-04,D_3mini_1box_1straight,0,,1000,0.0,-1.0
4655,2017-05-04,E_3mini_1set_1straight_prev,0,,1000,0.0,-1.0
4655,2017-05-04,F_5mini_random,0,,1000,0.0,-1.0
4656,2017-05-05,A_5mini_hot,0,,1000,0.0,-1.0
4656,2017-05-05,B_5mini_unseen,0,,1000,0.0,-1.0
4656,2017-05-05,C_4mini_1box_hot,0,,1000,0.0,-1.0
4656,2017-05-05,D_3mini_1box_1straight,0,,1000,0.0,-1.0
4656,2017-05-05,E_3mini_1set_1straight_prev,0,,1000,0.0,-1.0
4656,2017-05-05,F_5mini_random,0,,1000,0.0,-1.0
4657,2017-05-08,A_5mini_hot,0,,1000,0.0,-1.0
4657,2017-05-08,B_5mini_unseen,0,,1000,0.0,-1.0
4657,2017-05-08,C_4mini_1box_hot,0,,1000,0.0,-1.0
4657,2017-05-08,D_3mini_1box_1straight,0,,1000,0.0,-1.0
4657,2017-05-08,E_3mini_1set_1straight_prev,0,,1000,0.0,-1.0
4657,2017-05-08,F_5mini_random,0,,1000,0.0,-1.0
4658,2017-05-09,A_5mini_hot,0,,1000,0.0,-1.0
4658,2017-05-09,B_5mini_unseen,0,,1000,0.0,-1.0
4658,2017-05-09,C_4mini_1box_hot,0,,1000,0.0,-1.0
4658,2017-05-09,D_3mini_1box_1straight,0,,1000,0.0,-1.0
4658,2017-05-09,E_3mini_1set_1straight_prev,0,,1000,0.0,-1.0
4658,2017-05-09,F_5mini_random,0,,1000,0.0,-1.0
4659,2017-05-10,A_5mini_hot,0,,1000,0.0,-1.0
4659,2017-05-10,B_5mini_unseen,0,,1000,0.0,-1.0
4659,2017-05-10,C_4mini_1box_hot,0,,1000,0.0,-1.0
4659,2017-05-10,D_3mini_1box_1straight,0,,1000,0.0,-1.0
4659,2017-05-10,E_3mini_1set_1straight_prev,0,,1000,0.0,-1.0
4659,2017-05-10,F_5mini_random,0,,1000,0.0,-1.0
4660,2017-05-11,A_5mini_hot,0,,1000,0.0,-1.0
4660,2017-05-11,B_5mini_unseen,0,,1000,0.0,-1.0
4660,2017-05-11,C_4mini_1box_hot,0,,1000,0.0,-1.0
4660,2017-05-11,D_3mini_1box_1straight,0,,1000,0.0,-1.0
4660,2017-05-11,E_3mini_1set_1straight_prev,0,,1000,0.0,-1.0
4660,2017-05-11,F_5mini_random,0,,1000,0.0,-1.0
4661,2017-05-12,A_5mini_hot,0,,1000,0.0,-1.0
4661,2017-05-12,B_5mini_unseen,0,,1000,0.0,-1.0
4661,2017-05-12,C_4mini_1box_hot,0,,1000,0.0,-1.0
4661,2017-05-12,D_3mini_1box_1straight,0,,1000,0.0,-1.0
4661,2017-05-12,E_3mini_1set_1straight_prev,0,,1000,0.0,-1.0
4661,2017-05-12,F_5mini_random,0,,1000,0.0,-1.0
4662,2017-05-15,A_5mini_hot,0,,1000,0.0,-1.0
4662,2017-05-15,B_5mini_unseen,0,,1000,0.0,-1.0
4662,2017-05-15,C_4mini_1box_hot,0,,1000,0.0,-1.0
4662,2017-05-15,D_3mini_1box_1straight,0,,1000,0.0,-1.0
4662,2017-05-15,E_3mini_1set_1straight_prev,0,,1000,0.0,-1.0
4662,2017-05-15,F_5mini_random,0,,1000,0.0,-1.0
4663,2017-05-16,A_5mini_hot,0,,1000,0.0,-1.0
4663,2017-05-16,B_5mini_unseen,0,,1000,0.0,-1.0
4663,2017-05-16,C_4mini_1box_hot,0,,1000,0.0,-1.0
4663,2017-05-16,D_3mini_1box_1straight,0,,1000,0.0,-1.0
4663,2017-05-16,E_3mini_1set_1straight_prev,0,,1000,0.0,-1.0
4663,2017-05-16,F_5mini_random,0,,1000,0.0,-1.0
4664,2017-05-17,A_5mini_hot,0,,1000,0.0,-1.0
4664,2017-05-17,B_5mini_unseen,0,,1000,0.0,-1.0
4664,2017-05-17,C_4mini_1box_hot,0,,1000,0.0,-1.0
4664,2017-05-17,D_3mini_1box_1straight,0,,1000,0.0,-1.0
4664,2017-05-17,E_3mini_1set_1straight_prev,0,,1000,0.0,-1.0
4664,2017-05-17,F_5mini_random,0,,1000,0.0,-1.0
4665,2017-05-18,A_5mini_hot,0,,1000,0.0,-1.0
4665,2017-05-18,B_5mini_unseen,0,,1000,0.0,-1.0
4665,2017-05-18,C_4mini_1box_hot,0,,1000,0.0,-1.0
4665,2017-05-18,D_3mini_1box_1straight,0,,1000,0.0,-1.0
4665,2017-05-18,E_3mini_1set_1straight_prev,0,,1000,0.0,-1.0
4665,2017-05-18,F_5mini_random,0,,1000,0.0,-1.0
4666,2017-05-19,A_5mini_hot,0,,1000,0.0,-1.0
4666,2017-05-19,B_5mini_unseen,0,,1000,0.0,-1.0
4666,2017-05-19,C_4mini_1box_hot,0,,1000,0.0,-1.0
4666,2017-05-19,D_3mini_1box_1straight,0,,1000,0.0,-1.0
4666,2017-05-19,E_3mini_1set_1straight_prev,0,,1000,0.0,-1.0
4666,2017-05-19,F_5mini_random,0,,1000,0.0,-1.0
4667,2017-05-22,A_5mini_hot,0,,1000,0.0,-1.0
4667,2017-05-22,B_5mini_unseen,0,,1000,0.0,-1.0
4667,2017-05-22,C_4mini_1box_hot,0,,1000,0.0,-1.0
4667,2017-05-22,D_3mini_1box_1straight,0,,1000,0.0,-1.0
4667,2017-05-22,E_3mini_1set_1straight_prev,0,,1000,0.0,-1.0
4667,2017-05-22,F_5mini_random,0,,1000,0.0,-1.0
4668,2017-05-23,A_5mini_hot,0,,1000,0.0,-1.0
4668,2017-05-23,B_5mini_unseen,0,,1000,0.0,-1.0
4668,2017-05-23,C_4mini_1box_hot,0,,1000,0.0,-1.0
4668,2017-05-23,D_3mini_1box_1straight,0,,1000,0.0,-1.0
4668,2017-05-23,E_3mini_1set_1straight_prev,0,,1000,0.0,-1.0
4668,2017-05-23,F_5mini_random,0,,1000,0.0,-1.0
4669,2017-05-24,A_5mini_hot,0,,1000,0.0,-1.0
4669,2017-05-24,B_5mini_unseen,1,mini,1000,9000.0,8.0
4669,2017-05-24,C_4mini_1box_hot,0,,1000,0.0,-1.0
4669,2017-05-24,D_3mini_1box_1straight,0,,1000,0.0,-1.0
4669,2017-05-24,E_3mini_1set_1straight_prev,0,,1000,0.0,-1.0
4669,2017-05-24,F_5mini_random,0,,1000,0.0,-1.0
4670,2017-05-25,A_5mini_hot,1,mini,1000,9000.0,8.0
4670,2017-05-25,B_5mini_unseen,0,,1000,0.0,-1.0
4670,2017-05-25,C_4mini_1box_hot,1,mini,1000,9000.0,8.0
4670,2017-05-25,D_3mini_1box_1straight,1,mini,1000,9000.0,8.0
4670,2017-05-25,E_3mini_1set_1straight_prev,0,,1000,0.0,-1.0
4670,2017-05-25,F_5mini_random,0,,1000,0.0,-1.0
4671,2017-05-26,A_5mini_hot,0,,1000,0.0,-1.0
4671,2017-05-26,B_5mini_unseen,0,,1000,0.0,-1.0
4671,2017-05-26,C_4mini_1box_hot,0,,1000,0.0,-1.0
4671,2017-05-26,D_3mini_1box_1straight,0,,1000,0.0,-1.0
4671,2017-05-26,E_3mini_1set_1straight_prev,0,,1000,0.0,-1.0
4671,2017-05-26,F_5mini_random,0,,1000,0.0,-1.0
4672,2017-05-29,A_5mini_hot,0,,1000,0.0,-1.0
4672,2017-05-29,B_5mini_unseen,0,,1000,0.0,-1.0
4672,2017-05-29,C_4mini_1box_hot,0,,1000,0.0,-1.0
4672,2017-05-29,D_3mini_1box_1straight,0,,1000,0.0,-1.0
4672,2017-05-29,E_3mini_1set_1straight_prev,0,,1000,0.0,-1.0
4672,2017-05-29,F_5mini_random,0,,1000,0.0,-1.0
4673,2017-05-30,A_5mini_hot,0,,1000,0.0,-1.0
4673,2017-05-30,B_5mini_unseen,0,,1000,0.0,-1.0
4673,2017-05-30,C_4mini_1box_hot,0,,1000,0.0,-1.0
4673,2017-05-30,D_3mini_1box_1straight,0,,1000,0.0,-1.0
4673,2017-05-30,E_3mini_1set_1straight_prev,0,,1000,0.0,-1.0
4673,2017-05-30,F_5mini_random,0,,1000,0.0,-1.0
4674,2017-05-31,A_5mini_hot,0,,1000,0.0,-1.0
4674,2017-05-31,B_5mini_unseen,0,,1000,0.0,-1.0
4674,2017-05-31,C_4mini_1box_hot,0,,1000,0.0,-1.0
4674,2017-05-31,D_3mini_1box_1straight,0,,1000,0.0,-1.0
4674,2017-05-31,E_3mini_1set_1straight_prev,0,,1000,0.0,-1.0
4674,2017-05-31,F_5mini_random,0,,1000,0.0,-1.0
4675,2017-06-01,A_5mini_hot,0,,1000,0.0,-1.0
4675,2017-06-01,B_5mini_unseen,0,,1000,0.0,-1.0
4675,2017-06-01,C_4mini_1box_hot,0,,1000,0.0,-1.0
4675,2017-06-01,D_3mini_1box_1straight,0,,1000,0.0,-1.0
4675,2017-06-01,E_3mini_1set_1straight_prev,0,,1000,0.0,-1.0
4675,2017-06-01,F_5mini_random,0,,1000,0.0,-1.0
4676,2017-06-02,A_5mini_hot,0,,1000,0.0,-1.0
4676,2017-06-02,B_5mini_unseen,0,,1000,0.0,-1.0
4676,2017-06-02,C_4mini_1box_hot,0,,1000,0.0,-1.0
4676,2017-06-02,D_3mini_1box_1straight,0,,1000,0.0,-1.0
4676,2017-06-02,E_3mini_1set_1straight_prev,0,,1000,0.0,-1.0
4676,2017-06-02,F_5mini_random,0,,1000,0.0,-1.0
4677,2017-06-05,A_5mini_hot,0,,1000,0.0,-1.0
4677,2017-06-05,B_5mini_unseen,0,,1000,0.0,-1.0
4677,2017-06-05,C_4mini_1box_hot,0,,1000,0.0,-1.0
4677,2017-06-05,D_3mini_1box_1straight,0,,1000,0.0,-1.0
4677,2017-06-05,E_3mini_1set_1straight_prev,0,,1000,0.0,-1.0
4677,2017-06-05,F_5mini_random,0,,1000,0.0,-1.0
4678,2017-06-06,A_5mini_hot,0,,1000,0.0,-1.0
4678,2017-06-06,B_5mini_unseen,0,,1000,0.0,-1.0
4678,2017-06-06,C_4mini_1box_hot,0,,1000,0.0,-1.0
4678,2017-06-06,D_3mini_1box_1straight,0,,1000,0.0,-1.0
4678,2017-06-06,E_3mini_1set_1straight_prev,0,,1000,0.0,-1.0
4678,2017-06-06,F_5mini_random,0,,1000,0.0,-1.0
4679,2017-06-07,A_5mini_hot,0,,1000,0.0,-1.0
4679,2017-06-07,B_5mini_unseen,0,,1000,0.0,-1.0
4679,2017-06-07,C_4mini_1box_hot,0,,1000,0.0,-1.0
4679,2017-06-07,D_3mini_1box_1straight,0,,1000,0.0,-1.0
4679,2017-06-07,E_3mini_1set_1straight_prev,0,,1000,0.0,-1.0
4679,2017-06-07,F_5mini_random,0,,1000,0.0,-1.0
4680,2017-06-08,A_5mini_hot,0,,1000,0.0,-1.0
4680,2017-06-08,B_5mini_unseen,0,,1000,0.0,-1.0
4680,2017-06-08,C_4mini_1box_hot,0,,1000,0.0,-1.0
4680,2017-06-08,D_3mini_1box_1straight,0,,1000,0.0,-1.0
4680,2017-06-08,E_3mini_1set_1straight_prev,0,,1000,0.0,-1.0
4680,2017-06-08,F_5mini_random,0,,1000,0.0,-1.0
4681,2017-06-09,A_5mini_hot,0,,1000,0.0,-1.0
4681,2017-06-09,B_5mini_unseen,0,,1000,0.0,-1.0
4681,2017-06-09,C_4mini_1box_hot,0,,1000,0.0,-1.0
4681,2017-06-09,D_3mini_1box_1straight,0,,1000,0.0,-1.0
4681,2017-06-09,E_3mini_1set_1straight_prev,0,,1000,0.0,-1.0
4681,2017-06-09,F_5mini_random,0,,1000,0.0,-1.0
4682,2017-06-12,A_5mini_hot,0,,1000,0.0,-1.0
4682,2017-06-12,B_5mini_unseen,0,,1000,0.0,-1.0
4682,2017-06-12,C_4mini_1box_hot,0,,1000,0.0,-1.0
4682,2017-06-12,D_3mini_1box_1straight,0,,1000,0.0,-1.0
4682,2017-06-12,E_3mini_1set_1straight_prev,0,,1000,0.0,-1.0
4682,2017-06-12,F_5mini_random,0,,1000,0.0,-1.0
4683,2017-06-13,A_5mini_hot,0,,1000,0.0,-1.0
4683,2017-06-13,B_5mini_unseen,0,,1000,0.0,-1.0
4683,2017-06-13,C_4mini_1box_hot,0,,1000,0.0,-1.0
4683,2017-06-13,D_3mini_1box_1straight,0,,1000,0.0,-1.0
4683,2017-06-13,E_3mini_1set_1straight_prev,0,,1000,0.0,-1.0
4683,2017-06-13,F_5mini_random,0,,1000,0.0,-1.0
4684,2017-06-14,A_5mini_hot,0,,1000,0.0,-1.0
4684,2017-06-14,B_5mini_unseen,0,,1000,0.0,-1.0
4684,2017-06-14,C_4mini_1box_hot,0,,1000,0.0,-1.0
4684,2017-06-14,D_3mini_1box_1straight,0,,1000,0.0,-1.0
4684,2017-06-14,E_3mini_1set_1straight_prev,0,,1000,0.0,-1.0
4684,2017-06-14,F_5mini_random,0,,1000,0.0,-1.0
4685,2017-06-15,A_5mini_hot,0,,1000,0.0,-1.0
4685,2017-06-15,B_5mini_unseen,1,mini,1000,9000.0,8.0
4685,2017-06-15,C_4mini_1box_hot,0,,1000,0.0,-1.0
4685,2017-06-15,D_3mini_1box_1straight,0,,1000,0.0,-1.0
4685,2017-06-15,E_3mini_1set_1straight_prev,0,,1000,0.0,-1.0
4685,2017-06-15,F_5mini_random,0,,1000,0.0,-1.0
4686,2017-06-16,A_5mini_hot,0,,1000,0.0,-1.0
4686,2017-06-16,B_5mini_unseen,0,,1000,0.0,-1.0
4686,2017-06-16,C_4mini_1box_hot,0,,1000,0.0,-1.0
4686,2017-06-16,D_3mini_1box_1straight,0,,1000,0.0,-1.0
4686,2017-06-16,E_3mini_1set_1straight_prev,0,,1000,0.0,-1.0
4686,2017-06-16,F_5mini_random,0,,1000,0.0,-1.0
4687,2017-06-19,A_5mini_hot,0,,1000,0.0,-1.0
4687,2017-06-19,B_5mini_unseen,0,,1000,0.0,-1.0
4687,2017-06-19,C_4mini_1box_hot,0,,1000,0.0,-1.0
4687,2017-06-19,D_3mini_1box_1straight,0,,1000,0.0,-1.0
4687,2017-06-19,E_3mini_1set_1straight_prev,0,,1000,0.0,-1.0
4687,2017-06-19,F_5mini_random,0,,1000,0.0,-1.0
4688,2017-06-20,A_5mini_hot,1,mini,1000,9000.0,8.0
4688,2017-06-20,B_5mini_unseen,0,,1000,0.0,-1.0
4688,2017-06-20,C_4mini_1box_hot,1,mini,1000,9000.0,8.0
4688,2017-06-20,D_3mini_1box_1straight,1,mini,1000,9000.0,8.0
4688,2017-06-20,E_3mini_1set_1straight_prev,0,,1000,0.0,-1.0
4688,2017-06-20,F_5mini_random,0,,1000,0.0,-1.0
4689,2017-06-21,A_5mini_hot,0,,1000,0.0,-1.0
4689,2017-06-21,B_5mini_unseen,0,,1000,0.0,-1.0
4689,2017-06-21,C_4mini_1box_hot,0,,1000,0.0,-1.0
4689,2017-06-21,D_3mini_1box_1straight,0,,1000,0.0,-1.0
4689,2017-06-21,E_3mini_1set_1straight_prev,0,,1000,0.0,-1.0
4689,2017-06-21,F_5mini_random,0,,1000,0.0,-1.0
4690,2017-06-22,A_5mini_hot,0,,1000,0.0,-1.0
4690,2017-06-22,B_5mini_unseen,0,,1000,0.0,-1.0
4690,2017-06-22,C_4mini_1box_hot,0,,1000,0.0,-1.0
4690,2017-06-22,D_3mini_1box_1straight,0,,1000,0.0,-1.0
4690,2017-06-22,E_3mini_1set_1straight_prev,0,,1000,0.0,-1.0
4690,2017-06-22,F_5mini_random,0,,1000,0.0,-1.0
4691,2017-06-23,A_5mini_hot,0,,1000,0.0,-1.0
4691,2017-06-23,B_5mini_unseen,0,,1000,0.0,-1.0
4691,2017-06-23,C_4mini_1box_hot,0,,1000,0.0,-1.0
4691,2017-06-23,D_3mini_1box_1straight,0,,1000,0.0,-1.0
4691,2017-06-23,E_3mini_1set_1straight_prev,0,,1000,0.0,-1.0
4691,2017-06-23,F_5mini_random,0,,1000,0.0,-1.0
4692,2017-06-26,A_5mini_hot,0,,1000,0.0,-1.0
4692,2017-06-26,B_5mini_unseen,0,,1000,0.0,-1.0
4692,2017-06-26,C_4mini_1box_hot,0,,1000,0.0,-1.0
4692,2017-06-26,D_3mini_1box_1straight,0,,1000,0.0,-1.0
4692,2017-06-26,E_3mini_1set_1straight_prev,0,,1000,0.0,-1.0
4692,2017-06-26,F_5mini_random,0,,1000,0.0,-1.0
4693,2017-06-27,A_5mini_hot,1,mini,1000,9000.0,8.0
4693,2017-06-27,B_5mini_unseen,0,,1000,0.0,-1.0
4693,2017-06-27,C_4mini_1box_hot,1,mini,1000,9000.0,8.0
4693,2017-06-27,D_3mini_1box_1straight,1,mini,1000,9000.0,8.0
4693,2017-06-27,E_3mini_1set_1straight_prev,1,mini,1000,9000.0,8.0
4693,2017-06-27,F_5mini_random,0,,1000,0.0,-1.0
4694,2017-06-28,A_5mini_hot,0,,1000,0.0,-1.0
4694,2017-06-28,B_5mini_unseen,0,,1000,0.0,-1.0
4694,2017-06-28,C_4mini_1box_hot,0,,1000,0.0,-1.0
4694,2017-06-28,D_3mini_1box_1straight,0,,1000,0.0,-1.0
4694,2017-06-28,E_3mini_1set_1straight_prev,0,,1000,0.0,-1.0
4694,2017-06-28,F_5mini_random,0,,1000,0.0,-1.0
4695,2017-06-29,A_5mini_hot,1,mini,1000,9000.0,8.0
4695,2017-06-29,B_5mini_unseen,0,,1000,0.0,-1.0
4695,2017-06-29,C_4mini_1box_hot,1,mini,1000,9000.0,8.0
4695,2017-06-29,D_3mini_1box_1straight,1,mini,1000,9000.0,8.0
4695,2017-06-29,E_3mini_1set_1straight_prev,0,,1000,0.0,-1.0
4695,2017-06-29,F_5mini_random,0,,1000,0.0,-1.0
4696,2017-06-30,A_5mini_hot,0,,1000,0.0,-1.0
4696,2017-06-30,B_5mini_unseen,0,,1000,0.0,-1.0
4696,2017-06-30,C_4mini_1box_hot,0,,1000,0.0,-1.0
4696,2017-06-30,D_3mini_1box_1straight,0,,1000,0.0,-1.0
4696,2017-06-30,E_3mini_1set_1straight_prev,0,,1000,0.0,-1.0
4696,2017-06-30,F_5mini_random,0,,1000,0.0,-1.0
4697,2017-07-03,A_5mini_hot,1,mini,1000,9000.0,8.0
4697,2017-07-03,B_5mini_unseen,0,,1000,0.0,-1.0
4697,2017-07-03,C_4mini_1box_hot,1,mini,1000,9000.0,8.0
4697,2017-07-03,D_3mini_1box_1straight,1,mini,1000,9000.0,8.0
4697,2017-07-03,E_3mini_1set_1straight_prev,0,,1000,0.0,-1.0
4697,2017-07-03,F_5mini_random,0,,1000,0.0,-1.0
4698,2017-07-04,A_5mini_hot,0,,1000,0.0,-1.0
4698,2017-07-04,B_5mini_unseen,0,,1000,0.0,-1.0
4698,2017-07-04,C_4mini_1box_hot,0,,1000,0.0,-1.0
4698,2017-07-04,D_3mini_1box_1straight,0,,1000,0.0,-1.0
4698,2017-07-04,E_3mini_1set_1straight_prev,0,,1000,0.0,-1.0
4698,2017-07-04,F_5mini_random,0,,1000,0.0,-1.0
4699,2017-07-05,A_5mini_hot,0,,1000,0.0,-1.0
4699,2017-07-05,B_5mini_unseen,0,,1000,0.0,-1.0
4699,2017-07-05,C_4mini_1box_hot,0,,1000,0.0,-1.0
4699,2017-07-05,D_3mini_1box_1straight,0,,1000,0.0,-1.0
4699,2017-07-05,E_3mini_1set_1straight_prev,0,,1000,0.0,-1.0
4699,2017-07-05,F_5mini_random,0,,1000,0.0,-1.0
4700,2017-07-06,A_5mini_hot,0,,1000,0.0,-1.0
4700,2017-07-06,B_5mini_unseen,0,,1000,0.0,-1.0
4700,2017-07-06,C_4mini_1box_hot,0,,1000,0.0,-1.0
4700,2017-07-06,D_3mini_1box_1straight,0,,1000,0.0,-1.0
4700,2017-07-06,E_3mini_1set_1straight_prev,0,,1000,0.0,-1.0
4700,2017-07-06,F_5mini_random,0,,1000,0.0,-1.0
4701,2017-07-07,A_5mini_hot,0,,1000,0.0,-1.0
4701,2017-07-07,B_5mini_unseen,0,,1000,0.0,-1.0
4701,2017-07-07,C_4mini_1box_hot,0,,1000,0.0,-1.0
4701,2017-07-07,D_3mini_1box_1straight,0,,1000,0.0,-1.0
4701,2017-07-07,E_3mini_1set_1straight_prev,0,,1000,0.0,-1.0
4701,2017-07-07,F_5mini_random,0,,1000,0.0,-1.0
4702,2017-07-10,A_5mini_hot,0,,1000,0.0,-1.0
4702,2017-07-10,B_5mini_unseen,0,,1000,0.0,-1.0
4702,2017-07-10,C_4mini_1box_hot,0,,1000,0.0,-1.0
4702,2017-07-10,D_3mini_1box_1straight,0,,1000,0.0,-1.0
4702,2017-07-10,E_3mini_1set_1straight_prev,0,,1000,0.0,-1.0
4702,2017-07-10,F_5mini_random,0,,1000,0.0,-1.0
4703,2017-07-11,A_5mini_hot,0,,1000,0.0,-1.0
4703,2017-07-11,B_5mini_unseen,0,,1000,0.0,-1.0
4703,2017-07-11,C_4mini_1box_hot,0,,1000,0.0,-1.0
4703,2017-07-11,D_3mini_1box_1straight,0,,1000,0.0,-1.0
4703,2017-07-11,E_3mini_1set_1straight_prev,0,,1000,0.0,-1.0
4703,2017-07-11,F_5mini_random,0,,1000,0.0,-1.0
4704,2017-07-12,A_5mini_hot,0,,1000,0.0,-1.0
4704,2017-07-12,B_5mini_unseen,0,,1000,0.0,-1.0
4704,2017-07-12,C_4mini_1box_hot,0,,1000,0.0,-1.0
4704,2017-07-12,D_3mini_1box_1straight,0,,1000,0.0,-1.0
4704,2017-07-12,E_3mini_1set_1straight_prev,0,,1000,0.0,-1.0
4704,2017-07-12,F_5mini_random,0,,1000,0.0,-1.0
4705,2017-07-13,A_5mini_hot,0,,1000,0.0,-1.0
4705,2017-07-13,B_5mini_unseen,0,,1000,0.0,-1.0
4705,2017-07-13,C_4mini_1box_hot,0,,1000,0.0,-1.0
4705,2017-07-13,D_3mini_1box_1straight,0,,1000,0.0,-1.0
4705,2017-07-13,E_3mini_1set_1straight_prev,0,,1000,0.0,-1.0
4705,2017-07-13,F_5mini_random,0,,1000,0.0,-1.0
4706,2017-07-14,A_5mini_hot,0,,1000,0.0,-1.0
4706,2017-07-14,B_5mini_unseen,0,,1000,0.0,-1.0
4706,2017-07-14,C_4mini_1box_hot,0,,1000,0.0,-1.0
4706,2017-07-14,D_3mini_1box_1straight,0,,1000,0.0,-1.0
4706,2017-07-14,E_3mini_1set_1straight_prev,0,,1000,0.0,-1.0
4706,2017-07-14,F_5mini_random,0,,1000,0.0,-1.0
4707,2017-07-17,A_5mini_hot,0,,1000,0.0,-1.0
4707,2017-07-17,B_5mini_unseen,0,,1000,0.0,-1.0
4707,2017-07-17,C_4mini_1box_hot,0,,1000,0.0,-1.0
4707,2017-07-17,D_3mini_1box_1straight,0,,1000,0.0,-1.0
4707,2017-07-17,E_3mini_1set_1straight_prev,0,,1000,0.0,-1.0
4707,2017-07-17,F_5mini_random,0,,1000,0.0,-1.0
4708,2017-07-18,A_5mini_hot,0,,1000,0.0,-1.0
4708,2017-07-18,B_5mini_unseen,0,,1000,0.0,-1.0
4708,2017-07-18,C_4mini_1box_hot,0,,1000,0.0,-1.0
4708,2017-07-18,D_3mini_1box_1straight,0,,1000,0.0,-1.0
4708,2017-07-18,E_3mini_1set_1straight_prev,0,,1000,0.0,-1.0
4708,2017-07-18,F_5mini_random,0,,1000,0.0,-1.0
4709,2017-07-19,A_5mini_hot,0,,1000,0.0,-1.0
4709,2017-07-19,B_5mini_unseen,0,,1000,0.0,-1.0
4709,2017-07-19,C_4mini_1box_hot,0,,1000,0.0,-1.0
4709,2017-07-19,D_3mini_1box_1straight,0,,1000,0.0,-1.0
4709,2017-07-19,E_3mini_1set_1straight_prev,0,,1000,0.0,-1.0
4709,2017-07-19,F_5mini_random,0,,1000,0.0,-1.0
4710,2017-07-20,A_5mini_hot,0,,1000,0.0,-1.0
4710,2017-07-20,B_5mini_unseen,0,,1000,0.0,-1.0
4710,2017-07-20,C_4mini_1box_hot,0,,1000,0.0,-1.0
4710,2017-07-20,D_3mini_1box_1straight,0,,1000,0.0,-1.0
4710,2017-07-20,E_3mini_1set_1straight_prev,0,,1000,0.0,-1.0
4710,2017-07-20,F_5mini_random,0,,1000,0.0,-1.0
4711,2017-07-21,A_5mini_hot,1,mini,1000,9000.0,8.0
4711,2017-07-21,B_5mini_unseen,0,,1000,0.0,-1.0
4711,2017-07-21,C_4mini_1box_hot,0,,1000,0.0,-1.0
4711,2017-07-21,D_3mini_1box_1straight,0,,1000,0.0,-1.0
4711,2017-07-21,E_3mini_1set_1straight_prev,0,,1000,0.0,-1.0
4711,2017-07-21,F_5mini_random,0,,1000,0.0,-1.0
4712,2017-07-24,A_5mini_hot,0,,1000,0.0,-1.0
4712,2017-07-24,B_5mini_unseen,0,,1000,0.0,-1.0
4712,2017-07-24,C_4mini_1box_hot,0,,1000,0.0,-1.0
4712,2017-07-24,D_3mini_1box_1straight,0,,1000,0.0,-1.0
4712,2017-07-24,E_3mini_1set_1straight_prev,0,,1000,0.0,-1.0
4712,2017-07-24,F_5mini_random,0,,1000,0.0,-1.0
4713,2017-07-25,A_5mini_hot,0,,1000,0.0,-1.0
4713,2017-07-25,B_5mini_unseen,0,,1000,0.0,-1.0
4713,2017-07-25,C_4mini_1box_hot,0,,1000,0.0,-1.0
4713,2017-07-25,D_3mini_1box_1straight,0,,1000,0.0,-1.0
4713,2017-07-25,E_3mini_1set_1straight_prev,0,,1000,0.0,-1.0
4713,2017-07-25,F_5mini_random,0,,1000,0.0,-1.0
4714,2017-07-26,A_5mini_hot,0,,1000,0.0,-1.0
4714,2017-07-26,B_5mini_unseen,0,,1000,0.0,-1.0
4714,2017-07-26,C_4mini_1box_hot,0,,1000,0.0,-1.0
4714,2017-07-26,D_3mini_1box_1straight,0,,1000,0.0,-1.0
4714,2017-07-26,E_3mini_1set_1straight_prev,0,,1000,0.0,-1.0
4714,2017-07-26,F_5mini_random,0,,1000,0.0,-1.0
4715,2017-07-27,A_5mini_hot,0,,1000,0.0,-1.0
4715,2017-07-27,B_5mini_unseen,0,,1000,0.0,-1.0
4715,2017-07-27,C_4mini_1box_hot,0,,1000,0.0,-1.0
4715,2017-07-27,D_3mini_1box_1straight,0,,1000,0.0,-1.0
4715,2017-07-27,E_3mini_1set_1straight_prev,0,,1000,0.0,-1.0
4715,2017-07-27,F_5mini_random,0,,1000,0.0,-1.0
4716,2017-07-28,A_5mini_hot,0,,1000,0.0,-1.0
4716,2017-07-28,B_5mini_unseen,0,,1000,0.0,-1.0
4716,2017-07-28,C_4mini_1box_hot,0,,1000,0.0,-1.0
4716,2017-07-28,D_3mini_1box_1straight,0,,1000,0.0,-1.0
4716,2017-07-28,E_3mini_1set_1straight_prev,0,,1000,0.0,-1.0
4716,2017-07-28,F_5mini_random,0,,1000,0.0,-1.0
4717,2017-07-31,A_5mini_hot,0,,1000,0.0,-1.0
4717,2017-07-31,B_5mini_unseen,0,,1000,0.0,-1.0
4717,2017-07-31,C_4mini_1box_hot,1,box,1000,15000.0,14.0
4717,2017-07-31,D_3mini_1box_1straight,1,box,1000,15000.0,14.0
4717,2017-07-31,E_3mini_1set_1straight_prev,1,set_box,1000,7500.0,6.5
4717,2017-07-31,F_5mini_random,0,,1000,0.0,-1.0
4718,2017-08-01,A_5mini_hot,0,,1000,0.0,-1.0
4718,2017-08-01,B_5mini_unseen,0,,1000,0.0,-1.0
4718,2017-08-01,C_4mini_1box_hot,0,,1000,0.0,-1.0
4718,2017-08-01,D_3mini_1box_1straight,0,,1000,0.0,-1.0
4718,2017-08-01,E_3mini_1set_1straight_prev,0,,1000,0.0,-1.0
4718,2017-08-01,F_5mini_random,0,,1000,0.0,-1.0
4719,2017-08-02,A_5mini_hot,0,,1000,0.0,-1.0
4719,2017-08-02,B_5mini_unseen,0,,1000,0.0,-1.0
4719,2017-08-02,C_4mini_1box_hot,0,,1000,0.0,-1.0
4719,2017-08-02,D_3mini_1box_1straight,0,,1000,0.0,-1.0
4719,2017-08-02,E_3mini_1set_1straight_prev,0,,1000,0.0,-1.0
4719,2017-08-02,F_5mini_random,0,,1000,0.0,-1.0
4720,2017-08-03,A_5mini_hot,0,,1000,0.0,-1.0
4720,2017-08-03,B_5mini_unseen,0,,1000,0.0,-1.0
4720,2017-08-03,C_4mini_1box_hot,0,,1000,0.0,-1.0
4720,2017-08-03,D_3mini_1box_1straight,0,,1000,0.0,-1.0
4720,2017-08-03,E_3mini_1set_1straight_prev,0,,1000,0.0,-1.0
4720,2017-08-03,F_5mini_random,0,,1000,0.0,-1.0
4721,2017-08-04,A_5mini_hot,0,,1000,0.0,-1.0
4721,2017-08-04,B_5mini_unseen,0,,1000,0.0,-1.0
4721,2017-08-04,C_4mini_1box_hot,0,,1000,0.0,-1.0
4721,2017-08-04,D_3mini_1box_1straight,0,,1000,0.0,-1.0
4721,2017-08-04,E_3mini_1set_1straight_prev,0,,1000,0.0,-1.0
4721,2017-08-04,F_5mini_random,0,,1000,0.0,-1.0
4722,2017-08-07,A_5mini_hot,0,,1000,0.0,-1.0
4722,2017-08-07,B_5mini_unseen,0,,1000,0.0,-1.0
4722,2017-08-07,C_4mini_1box_hot,0,,1000,0.0,-1.0
4722,2017-08-07,D_3mini_1box_1straight,0,,1000,0.0,-1.0
4722,2017-08-07,E_3mini_1set_1straight_prev,0,,1000,0.0,-1.0
4722,2017-08-07,F_5mini_random,0,,1000,0.0,-1.0
4723,2017-08-08,A_5mini_hot,0,,1000,0.0,-1.0
4723,2017-08-08,B_5mini_unseen,0,,1000,0.0,-1.0
4723,2017-08-08,C_4mini_1box_hot,0,,1000,0.0,-1.0
4723,2017-08-08,D_3mini_1box_1straight,0,,1000,0.0,-1.0
4723,2017-08-08,E_3mini_1set_1straight_prev,0,,1000,0.0,-1.0
4723,2017-08-08,F_5mini_random,0,,1000,0.0,-1.0
4724,2017-08-09,A_5mini_hot,0,,1000,0.0,-1.0
4724,2017-08-09,B_5mini_unseen,0,,1000,0.0,-1.0
4724,2017-08-09,C_4mini_1box_hot,0,,1000,0.0,-1.0
4724,2017-08-09,D_3mini_1box_1straight,0,,1000,0.0,-1.0
4724,2017-08-09,E_3mini_1set_1straight_prev,0,,1000,0.0,-1.0
4724,2017-08-09,F_5mini_random,0,,1000,0.0,-1.0
4725,2017-08-10,A_5mini_hot,0,,1000,0.0,-1.0
4725,2017-08-10,B_5mini_unseen,0,,1000,0.0,-1.0
4725,2017-08-10,C_4mini_1box_hot,0,,1000,0.0,-1.0
4725,2017-08-10,D_3mini_1box_1straight,0,,1000,0.0,-1.0
4725,2017-08-10,E_3mini_1set_1straight_prev,0,,1000,0.0,-1.0
4725,2017-08-10,F_5mini_random,0,,1000,0.0,-1.0
4726,2017-08-11,A_5mini_hot,0,,1000,0.0,-1.0
4726,2017-08-11,B_5mini_unseen,0,,1000,0.0,-1.0
4726,2017-08-11,C_4mini_1box_hot,0,,1000,0.0,-1.0
4726,2017-08-11,D_3mini_1box_1straight,0,,1000,0.0,-1.0
4726,2017-08-11,E_3mini_1set_1straight_prev,0,,1000,0.0,-1.0
4726,2017-08-11,F_5mini_random,0,,1000,0.0,-1.0
4727,2017-08-14,A_5mini_hot,0,,1000,0.0,-1.0
4727,2017-08-14,B_5mini_unseen,0,,1000,0.0,-1.0
4727,2017-08-14,C_4mini_1box_hot,0,,1000,0.0,-1.0
4727,2017-08-14,D_3mini_1box_1straight,0,,1000,0.0,-1.0
4727,2017-08-14,E_3mini_1set_1straight_prev,0,,1000,0.0,-1.0
4727,2017-08-14,F_5mini_random,0,,1000,0.0,-1.0
4728,2017-08-15,A_5mini_hot,1,mini,1000,9000.0,8.0
4728,2017-08-15,B_5mini_unseen,0,,1000,0.0,-1.0
4728,2017-08-15,C_4mini_1box_hot,1,mini,1000,9000.0,8.0
4728,2017-08-15,D_3mini_1box_1straight,0,,1000,0.0,-1.0
4728,2017-08-15,E_3mini_1set_1straight_prev,0,,1000,0.0,-1.0
4728,2017-08-15,F_5mini_random,0,,1000,0.0,-1.0
4729,2017-08-16,A_5mini_hot,1,mini,1000,9000.0,8.0
4729,2017-08-16,B_5mini_unseen,0,,1000,0.0,-1.0
4729,2017-08-16,C_4mini_1box_hot,1,mini,1000,9000.0,8.0
4729,2017-08-16,D_3mini_1box_1straight,1,mini,1000,9000.0,8.0
4729,2017-08-16,E_3mini_1set_1straight_prev,1,mini,1000,9000.0,8.0
4729,2017-08-16,F_5mini_random,1,mini,1000,9000.0,8.0
4730,2017-08-17,A_5mini_hot,1,mini,1000,9000.0,8.0
4730,2017-08-17,B_5mini_unseen,0,,1000,0.0,-1.0
4730,2017-08-17,C_4mini_1box_hot,0,,1000,0.0,-1.0
4730,2017-08-17,D_3mini_1box_1straight,0,,1000,0.0,-1.0
4730,2017-08-17,E_3mini_1set_1straight_prev,0,,1000,0.0,-1.0
4730,2017-08-17,F_5mini_random,0,,1000,0.0,-1.0
4731,2017-08-18,A_5mini_hot,0,,1000,0.0,-1.0
4731,2017-08-18,B_5mini_unseen,1,mini,1000,9000.0,8.0
4731,2017-08-18,C_4mini_1box_hot,0,,1000,0.0,-1.0
4731,2017-08-18,D_3mini_1box_1straight,0,,1000,0.0,-1.0
4731,2017-08-18,E_3mini_1set_1straight_prev,0,,1000,0.0,-1.0
4731,2017-08-18,F_5mini_random,0,,1000,0.0,-1.0
4732,2017-08-21,A_5mini_hot,0,,1000,0.0,-1.0
4732,2017-08-21,B_5mini_unseen,0,,1000,0.0,-1.0
4732,2017-08-21,C_4mini_1box_hot,0,,1000,0.0,-1.0
4732,2017-08-21,D_3mini_1box_1straight,0,,1000,0.0,-1.0
4732,2017-08-21,E_3mini_1set_1straight_prev,0,,1000,0.0,-1.0
4732,2017-08-21,F_5mini_random,0,,1000,0.0,-1.0
4733,2017-08-22,A_5mini_hot,0,,1000,0.0,-1.0
4733,2017-08-22,B_5mini_unseen,0,,1000,0.0,-1.0
4733,2017-08-22,C_4mini_1box_hot,0,,1000,0.0,-1.0
4733,2017-08-22,D_3mini_1box_1straight,0,,1000,0.0,-1.0
4733,2017-08-22,E_3mini_1set_1straight_prev,0,,1000,0.0,-1.0
4733,2017-08-22,F_5mini_random,0,,1000,0.0,-1.0
4734,2017-08-23,A_5mini_hot,0,,1000,0.0,-1.0
4734,2017-08-23,B_5mini_unseen,0,,1000,0.0,-1.0
4734,2017-08-23,C_4mini_1box_hot,0,,1000,0.0,-1.0
4734,2017-08-23,D_3mini_1box_1straight,0,,1000,0.0,-1.0
4734,2017-08-23,E_3mini_1set_1straight_prev,0,,1000,0.0,-1.0
4734,2017-08-23,F_5mini_random,0,,1000,0.0,-1.0
4735,2017-08-24,A_5mini_hot,0,,1000,0.0,-1.0
4735,2017-08-24,B_5mini_unseen,0,,1000,0.0,-1.0
4735,2017-08-24,C_4mini_1box_hot,0,,1000,0.0,-1.0
4735,2017-08-24,D_3mini_1box_1straight,0,,1000,0.0,-1.0
4735,2017-08-24,E_3mini_1set_1straight_prev,0,,1000,0.0,-1.0
4735,2017-08-24,F_5mini_random,0,,1000,0.0,-1.0
4736,2017-08-25,A_5mini_hot,0,,1000,0.0,-1.0
4736,2017-08-25,B_5mini_unseen,0,,1000,0.0,-1.0
4736,2017-08-25,C_4mini_1box_hot,0,,1000,0.0,-1.0
4736,2017-08-25,D_3mini_1box_1straight,0,,1000,0.0,-1.0
4736,2017-08-25,E_3mini_1set_1straight_prev,0,,1000,0.0,-1.0
4736,2017-08-25,F_5mini_random,0,,1000,0.0,-1.0
4737,2017-08-28,A_5mini_hot,0,,1000,0.0,-1.0
4737,2017-08-28,B_5mini_unseen,0,,1000,0.0,-1.0
4737,2017-08-28,C_4mini_1box_hot,0,,1000,0.0,-1.0
4737,2017-08-28,D_3mini_1box_1straight,0,,1000,0.0,-1.0
4737,2017-08-28,E_3mini_1set_1straight_prev,0,,1000,0.0,-1.0
4737,2017-08-28,F_5mini_random,0,,1000,0.0,-1.0
4738,2017-08-29,A_5mini_hot,0,,1000,0.0,-1.0
4738,2017-08-29,B_5mini_unseen,0,,1000,0.0,-1.0
4738,2017-08-29,C_4mini_1box_hot,0,,1000,0.0,-1.0
4738,2017-08-29,D_3mini_1box_1straight,0,,1000,0.0,-1.0
4738,2017-08-29,E_3mini_1set_1straight_prev,0,,1000,0.0,-1.0
4738,2017-08-29,F_5mini_random,0,,1000,0.0,-1.0
4739,2017-08-30,A_5mini_hot,0,,1000,0.0,-1.0
4739,2017-08-30,B_5mini_unseen,0,,1000,0.0,-1.0
4739,2017-08-30,C_4mini_1box_hot,0,,1000,0.0,-1.0
4739,2017-08-30,D_3mini_1box_1straight,0,,1000,0.0,-1.0
4739,2017-08-30,E_3mini_1set_1straight_prev,0,,1000,0.0,-1.0
4739,2017-08-30,F_5mini_random,0,,1000,0.0,-1.0
4740,2017-08-31,A_5mini_hot,0,,1000,0.0,-1.0
4740,2017-08-31,B_5mini_unseen,0,,1000,0.0,-1.0
4740,2017-08-31,C_4mini_1box_hot,0,,1000,0.0,-1.0
4740,2017-08-31,D_3mini_1box_1straight,0,,1000,0.0,-1.0
4740,2017-08-31,E_3mini_1set_1straight_prev,0,,1000,0.0,-1.0
4740,2017-08-31,F_5mini_random,1,mini,1000,9000.0,8.0
4741,2017-09-01,A_5mini_hot,0,,1000,0.0,-1.0
4741,2017-09-01,B_5mini_unseen,1,mini,1000,9000.0,8.0
4741,2017-09-01,C_4mini_1box_hot,0,,1000,0.0,-1.0
4741,2017-09-01,D_3mini_1box_1straight,0,,1000,0.0,-1.0
4741,2017-09-01,E_3mini_1set_1straight_prev,0,,1000,0.0,-1.0
4741,2017-09-01,F_5mini_random,0,,1000,0.0,-1.0
4742,2017-09-04,A_5mini_hot,0,,1000,0.0,-1.0
4742,2017-09-04,B_5mini_unseen,0,,1000,0.0,-1.0
4742,2017-09-04,C_4mini_1box_hot,0,,1000,0.0,-1.0
4742,2017-09-04,D_3mini_1box_1straight,0,,1000,0.0,-1.0
4742,2017-09-04,E_3mini_1set_1straight_prev,0,,1000,0.0,-1.0
4742,2017-09-04,F_5mini_random,0,,1000,0.0,-1.0
4743,2017-09-05,A_5mini_hot,0,,1000,0.0,-1.0
4743,2017-09-05,B_5mini_unseen,0,,1000,0.0,-1.0
4743,2017-09-05,C_4mini_1box_hot,0,,1000,0.0,-1.0
4743,2017-09-05,D_3mini_1box_1straight,0,,1000,0.0,-1.0
4743,2017-09-05,E_3mini_1set_1straight_prev,0,,1000,0.0,-1.0
4743,2017-09-05,F_5mini_random,0,,1000,0.0,-1.0
4744,2017-09-06,A_5mini_hot,1,mini,1000,9000.0,8.0
4744,2017-09-06,B_5mini_unseen,0,,1000,0.0,-1.0
4744,2017-09-06,C_4mini_1box_hot,1,mini,1000,9000.0,8.0
4744,2017-09-06,D_3mini_1box_1straight,0,,1000,0.0,-1.0
4744,2017-09-06,E_3mini_1set_1straight_prev,0,,1000,0.0,-1.0
4744,2017-09-06,F_5mini_random,0,,1000,0.0,-1.0
4745,2017-09-07,A_5mini_hot,0,,1000,0.0,-1.0
4745,2017-09-07,B_5mini_unseen,0,,1000,0.0,-1.0
4745,2017-09-07,C_4mini_1box_hot,0,,1000,0.0,-1.0
4745,2017-09-07,D_3mini_1box_1straight,0,,1000,0.0,-1.0
4745,2017-09-07,E_3mini_1set_1straight_prev,0,,1000,0.0,-1.0
4745,2017-09-07,F_5mini_random,0,,1000,0.0,-1.0
4746,2017-09-08,A_5mini_hot,0,,1000,0.0,-1.0
4746,2017-09-08,B_5mini_unseen,0,,1000,0.0,-1.0
4746,2017-09-08,C_4mini_1box_hot,0,,1000,0.0,-1.0
4746,2017-09-08,D_3mini_1box_1straight,0,,1000,0.0,-1.0
4746,2017-09-08,E_3mini_1set_1straight_prev,0,,1000,0.0,-1.0
4746,2017-09-08,F_5mini_random,0,,1000,0.0,-1.0
4747,2017-09-11,A_5mini_hot,0,,1000,0.0,-1.0
4747,2017-09-11,B_5mini_unseen,0,,1000,0.0,-1.0
4747,2017-09-11,C_4mini_1box_hot,0,,1000,0.0,-1.0
4747,2017-09-11,D_3mini_1box_1straight,0,,1000,0.0,-1.0
4747,2017-09-11,E_3mini_1set_1straight_prev,0,,1000,0.0,-1.0
4747,2017-09-11,F_5mini_random,0,,1000,0.0,-1.0
4748,2017-09-12,A_5mini_hot,0,,1000,0.0,-1.0
4748,2017-09-12,B_5mini_unseen,0,,1000,0.0,-1.0
4748,2017-09-12,C_4mini_1box_hot,0,,1000,0.0,-1.0
4748,2017-09-12,D_3mini_1box_1straight,0,,1000,0.0,-1.0
4748,2017-09-12,E_3mini_1set_1straight_prev,0,,1000,0.0,-1.0
4748,2017-09-12,F_5mini_random,0,,1000,0.0,-1.0
4749,2017-09-13,A_5mini_hot,0,,1000,0.0,-1.0
4749,2017-09-13,B_5mini_unseen,1,mini,1000,9000.0,8.0
4749,2017-09-13,C_4mini_1box_hot,0,,1000,0.0,-1.0
4749,2017-09-13,D_3mini_1box_1straight,0,,1000,0.0,-1.0
4749,2017-09-13,E_3mini_1set_1straight_prev,0,,1000,0.0,-1.0
4749,2017-09-13,F_5mini_random,0,,1000,0.0,-1.0
4750,2017-09-14,A_5mini_hot,0,,1000,0.0,-1.0
4750,2017-09-14,B_5mini_unseen,0,,1000,0.0,-1.0
4750,2017-09-14,C_4mini_1box_hot,0,,1000,0.0,-1.0
4750,2017-09-14,D_3mini_1box_1straight,0,,1000,0.0,-1.0
4750,2017-09-14,E_3mini_1set_1straight_prev,0,,1000,0.0,-1.0
4750,2017-09-14,F_5mini_random,0,,1000,0.0,-1.0
4751,2017-09-15,A_5mini_hot,1,mini,1000,9000.0,8.0
4751,2017-09-15,B_5mini_unseen,0,,1000,0.0,-1.0
4751,2017-09-15,C_4mini_1box_hot,1,mini,1000,9000.0,8.0
4751,2017-09-15,D_3mini_1box_1straight,0,,1000,0.0,-1.0
4751,2017-09-15,E_3mini_1set_1straight_prev,0,,1000,0.0,-1.0
4751,2017-09-15,F_5mini_random,0,,1000,0.0,-1.0
4752,2017-09-18,A_5mini_hot,0,,1000,0.0,-1.0
4752,2017-09-18,B_5mini_unseen,0,,1000,0.0,-1.0
4752,2017-09-18,C_4mini_1box_hot,0,,1000,0.0,-1.0
4752,2017-09-18,D_3mini_1box_1straight,0,,1000,0.0,-1.0
4752,2017-09-18,E_3mini_1set_1straight_prev,0,,1000,0.0,-1.0
4752,2017-09-18,F_5mini_random,0,,1000,0.0,-1.0
4753,2017-09-19,A_5mini_hot,0,,1000,0.0,-1.0
4753,2017-09-19,B_5mini_unseen,0,,1000,0.0,-1.0
4753,2017-09-19,C_4mini_1box_hot,0,,1000,0.0,-1.0
4753,2017-09-19,D_3mini_1box_1straight,0,,1000,0.0,-1.0
4753,2017-09-19,E_3mini_1set_1straight_prev,0,,1000,0.0,-1.0
4753,2017-09-19,F_5mini_random,0,,1000,0.0,-1.0
4754,2017-09-20,A_5mini_hot,0,,1000,0.0,-1.0
4754,2017-09-20,B_5mini_unseen,0,,1000,0.0,-1.0
4754,2017-09-20,C_4mini_1box_hot,0,,1000,0.0,-1.0
4754,2017-09-20,D_3mini_1box_1straight,0,,1000,0.0,-1.0
4754,2017-09-20,E_3mini_1set_1straight_prev,0,,1000,0.0,-1.0
4754,2017-09-20,F_5mini_random,0,,1000,0.0,-1.0
4755,2017-09-21,A_5mini_hot,0,,1000,0.0,-1.0
4755,2017-09-21,B_5mini_unseen,0,,1000,0.0,-1.0
4755,2017-09-21,C_4mini_1box_hot,0,,1000,0.0,-1.0
4755,2017-09-21,D_3mini_1box_1straight,0,,1000,0.0,-1.0
4755,2017-09-21,E_3mini_1set_1straight_prev,0,,1000,0.0,-1.0
4755,2017-09-21,F_5mini_random,0,,1000,0.0,-1.0
4756,2017-09-22,A_5mini_hot,0,,1000,0.0,-1.0
4756,2017-09-22,B_5mini_unseen,0,,1000,0.0,-1.0
4756,2017-09-22,C_4mini_1box_hot,0,,1000,0.0,-1.0
4756,2017-09-22,D_3mini_1box_1straight,0,,1000,0.0,-1.0
4756,2017-09-22,E_3mini_1set_1straight_prev,0,,1000,0.0,-1.0
4756,2017-09-22,F_5mini_random,0,,1000,0.0,-1.0
4757,2017-09-25,A_5mini_hot,0,,1000,0.0,-1.0
4757,2017-09-25,B_5mini_unseen,0,,1000,0.0,-1.0
4757,2017-09-25,C_4mini_1box_hot,0,,1000,0.0,-1.0
4757,2017-09-25,D_3mini_1box_1straight,0,,1000,0.0,-1.0
4757,2017-09-25,E_3mini_1set_1straight_prev,0,,1000,0.0,-1.0
4757,2017-09-25,F_5mini_random,0,,1000,0.0,-1.0
4758,2017-09-26,A_5mini_hot,0,,1000,0.0,-1.0
4758,2017-09-26,B_5mini_unseen,0,,1000,0.0,-1.0
4758,2017-09-26,C_4mini_1box_hot,0,,1000,0.0,-1.0
4758,2017-09-26,D_3mini_1box_1straight,0,,1000,0.0,-1.0
4758,2017-09-26,E_3mini_1set_1straight_prev,0,,1000,0.0,-1.0
4758,2017-09-26,F_5mini_random,0,,1000,0.0,-1.0
4759,2017-09-27,A_5mini_hot,0,,1000,0.0,-1.0
4759,2017-09-27,B_5mini_unseen,0,,1000,0.0,-1.0
4759,2017-09-27,C_4mini_1box_hot,0,,1000,0.0,-1.0
4759,2017-09-27,D_3mini_1box_1straight,0,,1000,0.0,-1.0
4759,2017-09-27,E_3mini_1set_1straight_prev,0,,1000,0.0,-1.0
4759,2017-09-27,F_5mini_random,0,,1000,0.0,-1.0
4760,2017-09-28,A_5mini_hot,0,,1000,0.0,-1.0
4760,2017-09-28,B_5mini_unseen,0,,1000,0.0,-1.0
4760,2017-09-28,C_4mini_1box_hot,0,,1000,0.0,-1.0
4760,2017-09-28,D_3mini_1box_1straight,0,,1000,0.0,-1.0
4760,2017-09-28,E_3mini_1set_1straight_prev,0,,1000,0.0,-1.0
4760,2017-09-28,F_5mini_random,0,,1000,0.0,-1.0
4761,2017-09-29,A_5mini_hot,0,,1000,0.0,-1.0
4761,2017-09-29,B_5mini_unseen,0,,1000,0.0,-1.0
4761,2017-09-29,C_4mini_1box_hot,0,,1000,0.0,-1.0
4761,2017-09-29,D_3mini_1box_1straight,0,,1000,0.0,-1.0
4761,2017-09-29,E_3mini_1set_1straight_prev,0,,1000,0.0,-1.0
4761,2017-09-29,F_5mini_random,0,,1000,0.0,-1.0
4762,2017-10-02,A_5mini_hot,0,,1000,0.0,-1.0
4762,2017-10-02,B_5mini_unseen,0,,1000,0.0,-1.0
4762,2017-10-02,C_4mini_1box_hot,0,,1000,0.0,-1.0
4762,2017-10-02,D_3mini_1box_1straight,0,,1000,0.0,-1.0
4762,2017-10-02,E_3mini_1set_1straight_prev,0,,1000,0.0,-1.0
4762,2017-10-02,F_5mini_random,0,,1000,0.0,-1.0
4763,2017-10-03,A_5mini_hot,0,,1000,0.0,-1.0
4763,2017-10-03,B_5mini_unseen,0,,1000,0.0,-1.0
4763,2017-10-03,C_4mini_1box_hot,0,,1000,0.0,-1.0
4763,2017-10-03,D_3mini_1box_1straight,0,,1000,0.0,-1.0
4763,2017-10-03,E_3mini_1set_1straight_prev,0,,1000,0.0,-1.0
4763,2017-10-03,F_5mini_random,0,,1000,0.0,-1.0
4764,2017-10-04,A_5mini_hot,0,,1000,0.0,-1.0
4764,2017-10-04,B_5mini_unseen,0,,1000,0.0,-1.0
4764,2017-10-04,C_4mini_1box_hot,0,,1000,0.0,-1.0
4764,2017-10-04,D_3mini_1box_1straight,0,,1000,0.0,-1.0
4764,2017-10-04,E_3mini_1set_1straight_prev,0,,1000,0.0,-1.0
4764,2017-10-04,F_5mini_random,0,,1000,0.0,-1.0
4765,2017-10-05,A_5mini_hot,0,,1000,0.0,-1.0
4765,2017-10-05,B_5mini_unseen,0,,1000,0.0,-1.0
4765,2017-10-05,C_4mini_1box_hot,0,,1000,0.0,-1.0
4765,2017-10-05,D_3mini_1box_1straight,0,,1000,0.0,-1.0
4765,2017-10-05,E_3mini_1set_1straight_prev,0,,1000,0.0,-1.0
4765,2017-10-05,F_5mini_random,0,,1000,0.0,-1.0
4766,2017-10-06,A_5mini_hot,0,,1000,0.0,-1.0
4766,2017-10-06,B_5mini_unseen,0,,1000,0.0,-1.0
4766,2017-10-06,C_4mini_1box_hot,0,,1000,0.0,-1.0
4766,2017-10-06,D_3mini_1box_1straight,0,,1000,0.0,-1.0
4766,2017-10-06,E_3mini_1set_1straight_prev,0,,1000,0.0,-1.0
4766,2017-10-06,F_5mini_random,0,,1000,0.0,-1.0
4767,2017-10-09,A_5mini_hot,0,,1000,0.0,-1.0
4767,2017-10-09,B_5mini_unseen,0,,1000,0.0,-1.0
4767,2017-10-09,C_4mini_1box_hot,0,,1000,0.0,-1.0
4767,2017-10-09,D_3mini_1box_1straight,0,,1000,0.0,-1.0
4767,2017-10-09,E_3mini_1set_1straight_prev,0,,1000,0.0,-1.0
4767,2017-10-09,F_5mini_random,1,mini,1000,9000.0,8.0
4768,2017-10-10,A_5mini_hot,0,,1000,0.0,-1.0
4768,2017-10-10,B_5mini_unseen,0,,1000,0.0,-1.0
4768,2017-10-10,C_4mini_1box_hot,0,,1000,0.0,-1.0
4768,2017-10-10,D_3mini_1box_1straight,0,,1000,0.0,-1.0
4768,2017-10-10,E_3mini_1set_1straight_prev,0,,1000,0.0,-1.0
4768,2017-10-10,F_5mini_random,0,,1000,0.0,-1.0
4769,2017-10-11,A_5mini_hot,0,,1000,0.0,-1.0
4769,2017-10-11,B_5mini_unseen,0,,1000,0.0,-1.0
4769,2017-10-11,C_4mini_1box_hot,0,,1000,0.0,-1.0
4769,2017-10-11,D_3mini_1box_1straight,0,,1000,0.0,-1.0
4769,2017-10-11,E_3mini_1set_1straight_prev,0,,1000,0.0,-1.0
4769,2017-10-11,F_5mini_random,0,,1000,0.0,-1.0
4770,2017-10-12,A_5mini_hot,0,,1000,0.0,-1.0
4770,2017-10-12,B_5mini_unseen,0,,1000,0.0,-1.0
4770,2017-10-12,C_4mini_1box_hot,0,,1000,0.0,-1.0
4770,2017-10-12,D_3mini_1box_1straight,0,,1000,0.0,-1.0
4770,2017-10-12,E_3mini_1set_1straight_prev,0,,1000,0.0,-1.0
4770,2017-10-12,F_5mini_random,0,,1000,0.0,-1.0
4771,2017-10-13,A_5mini_hot,0,,1000,0.0,-1.0
4771,2017-10-13,B_5mini_unseen,0,,1000,0.0,-1.0
4771,2017-10-13,C_4mini_1box_hot,0,,1000,0.0,-1.0
4771,2017-10-13,D_3mini_1box_1straight,0,,1000,0.0,-1.0
4771,2017-10-13,E_3mini_1set_1straight_prev,0,,1000,0.0,-1.0
4771,2017-10-13,F_5mini_random,0,,1000,0.0,-1.0
4772,2017-10-16,A_5mini_hot,0,,1000,0.0,-1.0
4772,2017-10-16,B_5mini_unseen,0,,1000,0.0,-1.0
4772,2017-10-16,C_4mini_1box_hot,0,,1000,0.0,-1.0
4772,2017-10-16,D_3mini_1box_1straight,0,,1000,0.0,-1.0
4772,2017-10-16,E_3mini_1set_1straight_prev,0,,1000,0.0,-1.0
4772,2017-10-16,F_5mini_random,0,,1000,0.0,-1.0
4773,2017-10-17,A_5mini_hot,0,,1000,0.0,-1.0
4773,2017-10-17,B_5mini_unseen,0,,1000,0.0,-1.0
4773,2017-10-17,C_4mini_1box_hot,0,,1000,0.0,-1.0
4773,2017-10-17,D_3mini_1box_1straight,0,,1000,0.0,-1.0
4773,2017-10-17,E_3mini_1set_1straight_prev,0,,1000,0.0,-1.0
4773,2017-10-17,F_5mini_random,0,,1000,0.0,-1.0
4774,2017-10-18,A_5mini_hot,0,,1000,0.0,-1.0
4774,2017-10-18,B_5mini_unseen,0,,1000,0.0,-1.0
4774,2017-10-18,C_4mini_1box_hot,0,,1000,0.0,-1.0
4774,2017-10-18,D_3mini_1box_1straight,0,,1000,0.0,-1.0
4774,2017-10-18,E_3mini_1set_1straight_prev,0,,1000,0.0,-1.0
4774,2017-10-18,F_5mini_random,0,,1000,0.0,-1.0
4775,2017-10-19,A_5mini_hot,0,,1000,0.0,-1.0
4775,2017-10-19,B_5mini_unseen,0,,1000,0.0,-1.0
4775,2017-10-19,C_4mini_1box_hot,0,,1000,0.0,-1.0
4775,2017-10-19,D_3mini_1box_1straight,0,,1000,0.0,-1.0
4775,2017-10-19,E_3mini_1set_1straight_prev,0,,1000,0.0,-1.0
4775,2017-10-19,F_5mini_random,0,,1000,0.0,-1.0
4776,2017-10-20,A_5mini_hot,0,,1000,0.0,-1.0
4776,2017-10-20,B_5mini_unseen,0,,1000,0.0,-1.0
4776,2017-10-20,C_4mini_1box_hot,0,,1000,0.0,-1.0
4776,2017-10-20,D_3mini_1box_1straight,0,,1000,0.0,-1.0
4776,2017-10-20,E_3mini_1set_1straight_prev,0,,1000,0.0,-1.0
4776,2017-10-20,F_5mini_random,0,,1000,0.0,-1.0
4777,2017-10-23,A_5mini_hot,0,,1000,0.0,-1.0
4777,2017-10-23,B_5mini_unseen,0,,1000,0.0,-1.0
4777,2017-10-23,C_4mini_1box_hot,0,,1000,0.0,-1.0
4777,2017-10-23,D_3mini_1box_1straight,0,,1000,0.0,-1.0
4777,2017-10-23,E_3mini_1set_1straight_prev,0,,1000,0.0,-1.0
4777,2017-10-23,F_5mini_random,0,,1000,0.0,-1.0
4778,2017-10-24,A_5mini_hot,0,,1000,0.0,-1.0
4778,2017-10-24,B_5mini_unseen,0,,1000,0.0,-1.0
4778,2017-10-24,C_4mini_1box_hot,0,,1000,0.0,-1.0
4778,2017-10-24,D_3mini_1box_1straight,0,,1000,0.0,-1.0
4778,2017-10-24,E_3mini_1set_1straight_prev,0,,1000,0.0,-1.0
4778,2017-10-24,F_5mini_random,0,,1000,0.0,-1.0
4779,2017-10-25,A_5mini_hot,0,,1000,0.0,-1.0
4779,2017-10-25,B_5mini_unseen,0,,1000,0.0,-1.0
4779,2017-10-25,C_4mini_1box_hot,0,,1000,0.0,-1.0
4779,2017-10-25,D_3mini_1box_1straight,0,,1000,0.0,-1.0
4779,2017-10-25,E_3mini_1set_1straight_prev,0,,1000,0.0,-1.0
4779,2017-10-25,F_5mini_random,0,,1000,0.0,-1.0
4780,2017-10-26,A_5mini_hot,0,,1000,0.0,-1.0
4780,2017-10-26,B_5mini_unseen,0,,1000,0.0,-1.0
4780,2017-10-26,C_4mini_1box_hot,0,,1000,0.0,-1.0
4780,2017-10-26,D_3mini_1box_1straight,0,,1000,0.0,-1.0
4780,2017-10-26,E_3mini_1set_1straight_prev,0,,1000,0.0,-1.0
4780,2017-10-26,F_5mini_random,0,,1000,0.0,-1.0
4781,2017-10-27,A_5mini_hot,0,,1000,0.0,-1.0
4781,2017-10-27,B_5mini_unseen,0,,1000,0.0,-1.0
4781,2017-10-27,C_4mini_1box_hot,0,,1000,0.0,-1.0
4781,2017-10-27,D_3mini_1box_1straight,0,,1000,0.0,-1.0
4781,2017-10-27,E_3mini_1set_1straight_prev,0,,1000,0.0,-1.0
4781,2017-10-27,F_5mini_random,0,,1000,0.0,-1.0
4782,2017-10-30,A_5mini_hot,0,,1000,0.0,-1.0
4782,2017-10-30,B_5mini_unseen,0,,1000,0.0,-1.0
4782,2017-10-30,C_4mini_1box_hot,0,,1000,0.0,-1.0
4782,2017-10-30,D_3mini_1box_1straight,0,,1000,0.0,-1.0
4782,2017-10-30,E_3mini_1set_1straight_prev,0,,1000,0.0,-1.0
4782,2017-10-30,F_5mini_random,0,,1000,0.0,-1.0
4783,2017-10-31,A_5mini_hot,0,,1000,0.0,-1.0
4783,2017-10-31,B_5mini_unseen,0,,1000,0.0,-1.0
4783,2017-10-31,C_4mini_1box_hot,0,,1000,0.0,-1.0
4783,2017-10-31,D_3mini_1box_1straight,0,,1000,0.0,-1.0
4783,2017-10-31,E_3mini_1set_1straight_prev,0,,1000,0.0,-1.0
4783,2017-10-31,F_5mini_random,0,,1000,0.0,-1.0
4784,2017-11-01,A_5mini_hot,0,,1000,0.0,-1.0
4784,2017-11-01,B_5mini_unseen,0,,1000,0.0,-1.0
4784,2017-11-01,C_4mini_1box_hot,0,,1000,0.0,-1.0
4784,2017-11-01,D_3mini_1box_1straight,0,,1000,0.0,-1.0
4784,2017-11-01,E_3mini_1set_1straight_prev,0,,1000,0.0,-1.0
4784,2017-11-01,F_5mini_random,0,,1000,0.0,-1.0
4785,2017-11-02,A_5mini_hot,0,,1000,0.0,-1.0
4785,2017-11-02,B_5mini_unseen,0,,1000,0.0,-1.0
4785,2017-11-02,C_4mini_1box_hot,0,,1000,0.0,-1.0
4785,2017-11-02,D_3mini_1box_1straight,0,,1000,0.0,-1.0
4785,2017-11-02,E_3mini_1set_1straight_prev,0,,1000,0.0,-1.0
4785,2017-11-02,F_5mini_random,0,,1000,0.0,-1.0
4786,2017-11-03,A_5mini_hot,1,mini,1000,9000.0,8.0
4786,2017-11-03,B_5mini_unseen,0,,1000,0.0,-1.0
4786,2017-11-03,C_4mini_1box_hot,1,mini,1000,9000.0,8.0
4786,2017-11-03,D_3mini_1box_1straight,1,mini,1000,9000.0,8.0
4786,2017-11-03,E_3mini_1set_1straight_prev,1,mini,1000,9000.0,8.0
4786,2017-11-03,F_5mini_random,0,,1000,0.0,-1.0
4787,2017-11-06,A_5mini_hot,0,,1000,0.0,-1.0
4787,2017-11-06,B_5mini_unseen,0,,1000,0.0,-1.0
4787,2017-11-06,C_4mini_1box_hot,0,,1000,0.0,-1.0
4787,2017-11-06,D_3mini_1box_1straight,0,,1000,0.0,-1.0
4787,2017-11-06,E_3mini_1set_1straight_prev,0,,1000,0.0,-1.0
4787,2017-11-06,F_5mini_random,0,,1000,0.0,-1.0
4788,2017-11-07,A_5mini_hot,0,,1000,0.0,-1.0
4788,2017-11-07,B_5mini_unseen,0,,1000,0.0,-1.0
4788,2017-11-07,C_4mini_1box_hot,0,,1000,0.0,-1.0
4788,2017-11-07,D_3mini_1box_1straight,0,,1000,0.0,-1.0
4788,2017-11-07,E_3mini_1set_1straight_prev,1,mini,1000,9000.0,8.0
4788,2017-11-07,F_5mini_random,0,,1000,0.0,-1.0
4789,2017-11-08,A_5mini_hot,0,,1000,0.0,-1.0
4789,2017-11-08,B_5mini_unseen,0,,1000,0.0,-1.0
4789,2017-11-08,C_4mini_1box_hot,0,,1000,0.0,-1.0
4789,2017-11-08,D_3mini_1box_1straight,0,,1000,0.0,-1.0
4789,2017-11-08,E_3mini_1set_1straight_prev,0,,1000,0.0,-1.0
4789,2017-11-08,F_5mini_random,0,,1000,0.0,-1.0
4790,2017-11-09,A_5mini_hot,0,,1000,0.0,-1.0
4790,2017-11-09,B_5mini_unseen,0,,1000,0.0,-1.0
4790,2017-11-09,C_4mini_1box_hot,0,,1000,0.0,-1.0
4790,2017-11-09,D_3mini_1box_1straight,0,,1000,0.0,-1.0
4790,2017-11-09,E_3mini_1set_1straight_prev,0,,1000,0.0,-1.0
4790,2017-11-09,F_5mini_random,0,,1000,0.0,-1.0
4791,2017-11-10,A_5mini_hot,1,mini,1000,9000.0,8.0
4791,2017-11-10,B_5mini_unseen,0,,1000,0.0,-1.0
4791,2017-11-10,C_4mini_1box_hot,1,mini,1000,9000.0,8.0
4791,2017-11-10,D_3mini_1box_1straight,1,mini,1000,9000.0,8.0
4791,2017-11-10,E_3mini_1set_1straight_prev,1,mini,1000,9000.0,8.0
4791,2017-11-10,F_5mini_random,0,,1000,0.0,-1.0
4792,2017-11-13,A_5mini_hot,0,,1000,0.0,-1.0
4792,2017-11-13,B_5mini_unseen,0,,1000,0.0,-1.0
4792,2017-11-13,C_4mini_1box_hot,0,,1000,0.0,-1.0
4792,2017-11-13,D_3mini_1box_1straight,0,,1000,0.0,-1.0
4792,2017-11-13,E_3mini_1set_1straight_prev,1,mini,1000,9000.0,8.0
4792,2017-11-13,F_5mini_random,0,,1000,0.0,-1.0
4793,2017-11-14,A_5mini_hot,0,,1000,0.0,-1.0
4793,2017-11-14,B_5mini_unseen,0,,1000,0.0,-1.0
4793,2017-11-14,C_4mini_1box_hot,0,,1000,0.0,-1.0
4793,2017-11-14,D_3mini_1box_1straight,0,,1000,0.0,-1.0
4793,2017-11-14,E_3mini_1set_1straight_prev,0,,1000,0.0,-1.0
4793,2017-11-14,F_5mini_random,0,,1000,0.0,-1.0
4794,2017-11-15,A_5mini_hot,0,,1000,0.0,-1.0
4794,2017-11-15,B_5mini_unseen,0,,1000,0.0,-1.0
4794,2017-11-15,C_4mini_1box_hot,0,,1000,0.0,-1.0
4794,2017-11-15,D_3mini_1box_1straight,0,,1000,0.0,-1.0
4794,2017-11-15,E_3mini_1set_1straight_prev,0,,1000,0.0,-1.0
4794,2017-11-15,F_5mini_random,0,,1000,0.0,-1.0
4795,2017-11-16,A_5mini_hot,0,,1000,0.0,-1.0
4795,2017-11-16,B_5mini_unseen,0,,1000,0.0,-1.0
4795,2017-11-16,C_4mini_1box_hot,0,,1000,0.0,-1.0
4795,2017-11-16,D_3mini_1box_1straight,0,,1000,0.0,-1.0
4795,2017-11-16,E_3mini_1set_1straight_prev,0,,1000,0.0,-1.0
4795,2017-11-16,F_5mini_random,0,,1000,0.0,-1.0
4796,2017-11-17,A_5mini_hot,0,,1000,0.0,-1.0
4796,2017-11-17,B_5mini_unseen,0,,1000,0.0,-1.0
4796,2017-11-17,C_4mini_1box_hot,0,,1000,0.0,-1.0
4796,2017-11-17,D_3mini_1box_1straight,0,,1000,0.0,-1.0
4796,2017-11-17,E_3mini_1set_1straight_prev,0,,1000,0.0,-1.0
4796,2017-11-17,F_5mini_random,0,,1000,0.0,-1.0
4797,2017-11-20,A_5mini_hot,0,,1000,0.0,-1.0
4797,2017-11-20,B_5mini_unseen,0,,1000,0.0,-1.0
4797,2017-11-20,C_4mini_1box_hot,0,,1000,0.0,-1.0
4797,2017-11-20,D_3mini_1box_1straight,0,,1000,0.0,-1.0
4797,2017-11-20,E_3mini_1set_1straight_prev,0,,1000,0.0,-1.0
4797,2017-11-20,F_5mini_random,0,,1000,0.0,-1.0
4798,2017-11-21,A_5mini_hot,0,,1000,0.0,-1.0
4798,2017-11-21,B_5mini_unseen,0,,1000,0.0,-1.0
4798,2017-11-21,C_4mini_1box_hot,0,,1000,0.0,-1.0
4798,2017-11-21,D_3mini_1box_1straight,0,,1000,0.0,-1.0
4798,2017-11-21,E_3mini_1set_1straight_prev,0,,1000,0.0,-1.0
4798,2017-11-21,F_5mini_random,0,,1000,0.0,-1.0
4799,2017-11-22,A_5mini_hot,0,,1000,0.0,-1.0
4799,2017-11-22,B_5mini_unseen,0,,1000,0.0,-1.0
4799,2017-11-22,C_4mini_1box_hot,0,,1000,0.0,-1.0
4799,2017-11-22,D_3mini_1box_1straight,0,,1000,0.0,-1.0
4799,2017-11-22,E_3mini_1set_1straight_prev,0,,1000,0.0,-1.0
4799,2017-11-22,F_5mini_random,0,,1000,0.0,-1.0
4800,2017-11-23,A_5mini_hot,0,,1000,0.0,-1.0
4800,2017-11-23,B_5mini_unseen,0,,1000,0.0,-1.0
4800,2017-11-23,C_4mini_1box_hot,0,,1000,0.0,-1.0
4800,2017-11-23,D_3mini_1box_1straight,0,,1000,0.0,-1.0
4800,2017-11-23,E_3mini_1set_1straight_prev,0,,1000,0.0,-1.0
4800,2017-11-23,F_5mini_random,0,,1000,0.0,-1.0
4801,2017-11-24,A_5mini_hot,0,,1000,0.0,-1.0
4801,2017-11-24,B_5mini_unseen,0,,1000,0.0,-1.0
4801,2017-11-24,C_4mini_1box_hot,0,,1000,0.0,-1.0
4801,2017-11-24,D_3mini_1box_1straight,0,,1000,0.0,-1.0
4801,2017-11-24,E_3mini_1set_1straight_prev,0,,1000,0.0,-1.0
4801,2017-11-24,F_5mini_random,0,,1000,0.0,-1.0
4802,2017-11-27,A_5mini_hot,0,,1000,0.0,-1.0
4802,2017-11-27,B_5mini_unseen,0,,1000,0.0,-1.0
4802,2017-11-27,C_4mini_1box_hot,0,,1000,0.0,-1.0
4802,2017-11-27,D_3mini_1box_1straight,0,,1000,0.0,-1.0
4802,2017-11-27,E_3mini_1set_1straight_prev,0,,1000,0.0,-1.0
4802,2017-11-27,F_5mini_random,0,,1000,0.0,-1.0
4803,2017-11-28,A_5mini_hot,0,,1000,0.0,-1.0
4803,2017-11-28,B_5mini_unseen,0,,1000,0.0,-1.0
4803,2017-11-28,C_4mini_1box_hot,0,,1000,0.0,-1.0
4803,2017-11-28,D_3mini_1box_1straight,0,,1000,0.0,-1.0
4803,2017-11-28,E_3mini_1set_1straight_prev,0,,1000,0.0,-1.0
4803,2017-11-28,F_5mini_random,0,,1000,0.0,-1.0
4804,2017-11-29,A_5mini_hot,0,,1000,0.0,-1.0
4804,2017-11-29,B_5mini_unseen,0,,1000,0.0,-1.0
4804,2017-11-29,C_4mini_1box_hot,0,,1000,0.0,-1.0
4804,2017-11-29,D_3mini_1box_1straight,0,,1000,0.0,-1.0
4804,2017-11-29,E_3mini_1set_1straight_prev,0,,1000,0.0,-1.0
4804,2017-11-29,F_5mini_random,0,,1000,0.0,-1.0
4805,2017-11-30,A_5mini_hot,0,,1000,0.0,-1.0
4805,2017-11-30,B_5mini_unseen,0,,1000,0.0,-1.0
4805,2017-11-30,C_4mini_1box_hot,0,,1000,0.0,-1.0
4805,2017-11-30,D_3mini_1box_1straight,0,,1000,0.0,-1.0
4805,2017-11-30,E_3mini_1set_1straight_prev,0,,1000,0.0,-1.0
4805,2017-11-30,F_5mini_random,0,,1000,0.0,-1.0
4806,2017-12-01,A_5mini_hot,0,,1000,0.0,-1.0
4806,2017-12-01,B_5mini_unseen,0,,1000,0.0,-1.0
4806,2017-12-01,C_4mini_1box_hot,0,,1000,0.0,-1.0
4806,2017-12-01,D_3mini_1box_1straight,0,,1000,0.0,-1.0
4806,2017-12-01,E_3mini_1set_1straight_prev,0,,1000,0.0,-1.0
4806,2017-12-01,F_5mini_random,0,,1000,0.0,-1.0
4807,2017-12-04,A_5mini_hot,0,,1000,0.0,-1.0
4807,2017-12-04,B_5mini_unseen,0,,1000,0.0,-1.0
4807,2017-12-04,C_4mini_1box_hot,0,,1000,0.0,-1.0
4807,2017-12-04,D_3mini_1box_1straight,0,,1000,0.0,-1.0
4807,2017-12-04,E_3mini_1set_1straight_prev,0,,1000,0.0,-1.0
4807,2017-12-04,F_5mini_random,0,,1000,0.0,-1.0
4808,2017-12-05,A_5mini_hot,0,,1000,0.0,-1.0
4808,2017-12-05,B_5mini_unseen,0,,1000,0.0,-1.0
4808,2017-12-05,C_4mini_1box_hot,0,,1000,0.0,-1.0
4808,2017-12-05,D_3mini_1box_1straight,0,,1000,0.0,-1.0
4808,2017-12-05,E_3mini_1set_1straight_prev,0,,1000,0.0,-1.0
4808,2017-12-05,F_5mini_random,0,,1000,0.0,-1.0
4809,2017-12-06,A_5mini_hot,0,,1000,0.0,-1.0
4809,2017-12-06,B_5mini_unseen,0,,1000,0.0,-1.0
4809,2017-12-06,C_4mini_1box_hot,0,,1000,0.0,-1.0
4809,2017-12-06,D_3mini_1box_1straight,0,,1000,0.0,-1.0
4809,2017-12-06,E_3mini_1set_1straight_prev,0,,1000,0.0,-1.0
4809,2017-12-06,F_5mini_random,0,,1000,0.0,-1.0
4810,2017-12-07,A_5mini_hot,0,,1000,0.0,-1.0
4810,2017-12-07,B_5mini_unseen,0,,1000,0.0,-1.0
4810,2017-12-07,C_4mini_1box_hot,0,,1000,0.0,-1.0
4810,2017-12-07,D_3mini_1box_1straight,0,,1000,0.0,-1.0
4810,2017-12-07,E_3mini_1set_1straight_prev,1,mini,1000,9000.0,8.0
4810,2017-12-07,F_5mini_random,0,,1000,0.0,-1.0
4811,2017-12-08,A_5mini_hot,0,,1000,0.0,-1.0
4811,2017-12-08,B_5mini_unseen,0,,1000,0.0,-1.0
4811,2017-12-08,C_4mini_1box_hot,0,,1000,0.0,-1.0
4811,2017-12-08,D_3mini_1box_1straight,0,,1000,0.0,-1.0
4811,2017-12-08,E_3mini_1set_1straight_prev,0,,1000,0.0,-1.0
4811,2017-12-08,F_5mini_random,0,,1000,0.0,-1.0
4812,2017-12-11,A_5mini_hot,0,,1000,0.0,-1.0
4812,2017-12-11,B_5mini_unseen,0,,1000,0.0,-1.0
4812,2017-12-11,C_4mini_1box_hot,0,,1000,0.0,-1.0
4812,2017-12-11,D_3mini_1box_1straight,0,,1000,0.0,-1.0
4812,2017-12-11,E_3mini_1set_1straight_prev,0,,1000,0.0,-1.0
4812,2017-12-11,F_5mini_random,0,,1000,0.0,-1.0
4813,2017-12-12,A_5mini_hot,0,,1000,0.0,-1.0
4813,2017-12-12,B_5mini_unseen,0,,1000,0.0,-1.0
4813,2017-12-12,C_4mini_1box_hot,0,,1000,0.0,-1.0
4813,2017-12-12,D_3mini_1box_1straight,0,,1000,0.0,-1.0
4813,2017-12-12,E_3mini_1set_1straight_prev,0,,1000,0.0,-1.0
4813,2017-12-12,F_5mini_random,0,,1000,0.0,-1.0
4814,2017-12-13,A_5mini_hot,0,,1000,0.0,-1.0
4814,2017-12-13,B_5mini_unseen,0,,1000,0.0,-1.0
4814,2017-12-13,C_4mini_1box_hot,0,,1000,0.0,-1.0
4814,2017-12-13,D_3mini_1box_1straight,0,,1000,0.0,-1.0
4814,2017-12-13,E_3mini_1set_1straight_prev,0,,1000,0.0,-1.0
4814,2017-12-13,F_5mini_random,0,,1000,0.0,-1.0
4815,2017-12-14,A_5mini_hot,0,,1000,0.0,-1.0
4815,2017-12-14,B_5mini_unseen,0,,1000,0.0,-1.0
4815,2017-12-14,C_4mini_1box_hot,0,,1000,0.0,-1.0
4815,2017-12-14,D_3mini_1box_1straight,0,,1000,0.0,-1.0
4815,2017-12-14,E_3mini_1set_1straight_prev,0,,1000,0.0,-1.0
4815,2017-12-14,F_5mini_random,0,,1000,0.0,-1.0
4816,2017-12-15,A_5mini_hot,0,,1000,0.0,-1.0
4816,2017-12-15,B_5mini_unseen,0,,1000,0.0,-1.0
4816,2017-12-15,C_4mini_1box_hot,0,,1000,0.0,-1.0
4816,2017-12-15,D_3mini_1box_1straight,0,,1000,0.0,-1.0
4816,2017-12-15,E_3mini_1set_1straight_prev,0,,1000,0.0,-1.0
4816,2017-12-15,F_5mini_random,0,,1000,0.0,-1.0
4817,2017-12-18,A_5mini_hot,0,,1000,0.0,-1.0
4817,2017-12-18,B_5mini_unseen,0,,1000,0.0,-1.0
4817,2017-12-18,C_4mini_1box_hot,0,,1000,0.0,-1.0
4817,2017-12-18,D_3mini_1box_1straight,0,,1000,0.0,-1.0
4817,2017-12-18,E_3mini_1set_1straight_prev,0,,1000,0.0,-1.0
4817,2017-12-18,F_5mini_random,0,,1000,0.0,-1.0
4818,2017-12-19,A_5mini_hot,0,,1000,0.0,-1.0
4818,2017-12-19,B_5mini_unseen,0,,1000,0.0,-1.0
4818,2017-12-19,C_4mini_1box_hot,0,,1000,0.0,-1.0
4818,2017-12-19,D_3mini_1box_1straight,0,,1000,0.0,-1.0
4818,2017-12-19,E_3mini_1set_1straight_prev,0,,1000,0.0,-1.0
4818,2017-12-19,F_5mini_random,0,,1000,0.0,-1.0
4819,2017-12-20,A_5mini_hot,0,,1000,0.0,-1.0
4819,2017-12-20,B_5mini_unseen,0,,1000,0.0,-1.0
4819,2017-12-20,C_4mini_1box_hot,0,,1000,0.0,-1.0
4819,2017-12-20,D_3mini_1box_1straight,0,,1000,0.0,-1.0
4819,2017-12-20,E_3mini_1set_1straight_prev,0,,1000,0.0,-1.0
4819,2017-12-20,F_5mini_random,0,,1000,0.0,-1.0
4820,2017-12-21,A_5mini_hot,0,,1000,0.0,-1.0
4820,2017-12-21,B_5mini_unseen,0,,1000,0.0,-1.0
4820,2017-12-21,C_4mini_1box_hot,0,,1000,0.0,-1.0
4820,2017-12-21,D_3mini_1box_1straight,0,,1000,0.0,-1.0
4820,2017-12-21,E_3mini_1set_1straight_prev,0,,1000,0.0,-1.0
4820,2017-12-21,F_5mini_random,0,,1000,0.0,-1.0
4821,2017-12-22,A_5mini_hot,0,,1000,0.0,-1.0
4821,2017-12-22,B_5mini_unseen,0,,1000,0.0,-1.0
4821,2017-12-22,C_4mini_1box_hot,0,,1000,0.0,-1.0
4821,2017-12-22,D_3mini_1box_1straight,0,,1000,0.0,-1.0
4821,2017-12-22,E_3mini_1set_1straight_prev,0,,1000,0.0,-1.0
4821,2017-12-22,F_5mini_random,0,,1000,0.0,-1.0
4822,2017-12-25,A_5mini_hot,1,mini,1000,9000.0,8.0
4822,2017-12-25,B_5mini_unseen,0,,1000,0.0,-1.0
4822,2017-12-25,C_4mini_1box_hot,1,mini,1000,9000.0,8.0
4822,2017-12-25,D_3mini_1box_1straight,1,mini,1000,9000.0,8.0
4822,2017-12-25,E_3mini_1set_1straight_prev,0,,1000,0.0,-1.0
4822,2017-12-25,F_5mini_random,0,,1000,0.0,-1.0
4823,2017-12-26,A_5mini_hot,0,,1000,0.0,-1.0
4823,2017-12-26,B_5mini_unseen,0,,1000,0.0,-1.0
4823,2017-12-26,C_4mini_1box_hot,0,,1000,0.0,-1.0
4823,2017-12-26,D_3mini_1box_1straight,0,,1000,0.0,-1.0
4823,2017-12-26,E_3mini_1set_1straight_prev,0,,1000,0.0,-1.0
4823,2017-12-26,F_5mini_random,0,,1000,0.0,-1.0
4824,2017-12-27,A_5mini_hot,0,,1000,0.0,-1.0
4824,2017-12-27,B_5mini_unseen,0,,1000,0.0,-1.0
4824,2017-12-27,C_4mini_1box_hot,0,,1000,0.0,-1.0
4824,2017-12-27,D_3mini_1box_1straight,0,,1000,0.0,-1.0
4824,2017-12-27,E_3mini_1set_1straight_prev,0,,1000,0.0,-1.0
4824,2017-12-27,F_5mini_random,0,,1000,0.0,-1.0
4825,2017-12-28,A_5mini_hot,0,,1000,0.0,-1.0
4825,2017-12-28,B_5mini_unseen,0,,1000,0.0,-1.0
4825,2017-12-28,C_4mini_1box_hot,0,,1000,0.0,-1.0
4825,2017-12-28,D_3mini_1box_1straight,0,,1000,0.0,-1.0
4825,2017-12-28,E_3mini_1set_1straight_prev,0,,1000,0.0,-1.0
4825,2017-12-28,F_5mini_random,0,,1000,0.0,-1.0
4826,2017-12-29,A_5mini_hot,0,,1000,0.0,-1.0
4826,2017-12-29,B_5mini_unseen,0,,1000,0.0,-1.0
4826,2017-12-29,C_4mini_1box_hot,0,,1000,0.0,-1.0
4826,2017-12-29,D_3mini_1box_1straight,0,,1000,0.0,-1.0
4826,2017-12-29,E_3mini_1set_1straight_prev,0,,1000,0.0,-1.0
4826,2017-12-29,F_5mini_random,0,,1000,0.0,-1.0
4827,2018-01-04,A_5mini_hot,0,,1000,0.0,-1.0
4827,2018-01-04,B_5mini_unseen,0,,1000,0.0,-1.0
4827,2018-01-04,C_4mini_1box_hot,0,,1000,0.0,-1.0
4827,2018-01-04,D_3mini_1box_1straight,0,,1000,0.0,-1.0
4827,2018-01-04,E_3mini_1set_1straight_prev,0,,1000,0.0,-1.0
4827,2018-01-04,F_5mini_random,0,,1000,0.0,-1.0
4828,2018-01-05,A_5mini_hot,0,,1000,0.0,-1.0
4828,2018-01-05,B_5mini_unseen,0,,1000,0.0,-1.0
4828,2018-01-05,C_4mini_1box_hot,0,,1000,0.0,-1.0
4828,2018-01-05,D_3mini_1box_1straight,0,,1000,0.0,-1.0
4828,2018-01-05,E_3mini_1set_1straight_prev,0,,1000,0.0,-1.0
4828,2018-01-05,F_5mini_random,0,,1000,0.0,-1.0
4829,2018-01-08,A_5mini_hot,0,,1000,0.0,-1.0
4829,2018-01-08,B_5mini_unseen,0,,1000,0.0,-1.0
4829,2018-01-08,C_4mini_1box_hot,0,,1000,0.0,-1.0
4829,2018-01-08,D_3mini_1box_1straight,0,,1000,0.0,-1.0
4829,2018-01-08,E_3mini_1set_1straight_prev,0,,1000,0.0,-1.0
4829,2018-01-08,F_5mini_random,0,,1000,0.0,-1.0
4830,2018-01-09,A_5mini_hot,0,,1000,0.0,-1.0
4830,2018-01-09,B_5mini_unseen,0,,1000,0.0,-1.0
4830,2018-01-09,C_4mini_1box_hot,0,,1000,0.0,-1.0
4830,2018-01-09,D_3mini_1box_1straight,0,,1000,0.0,-1.0
4830,2018-01-09,E_3mini_1set_1straight_prev,0,,1000,0.0,-1.0
4830,2018-01-09,F_5mini_random,0,,1000,0.0,-1.0
4831,2018-01-10,A_5mini_hot,0,,1000,0.0,-1.0
4831,2018-01-10,B_5mini_unseen,0,,1000,0.0,-1.0
4831,2018-01-10,C_4mini_1box_hot,0,,1000,0.0,-1.0
4831,2018-01-10,D_3mini_1box_1straight,0,,1000,0.0,-1.0
4831,2018-01-10,E_3mini_1set_1straight_prev,0,,1000,0.0,-1.0
4831,2018-01-10,F_5mini_random,0,,1000,0.0,-1.0
4832,2018-01-11,A_5mini_hot,1,mini,1000,9000.0,8.0
4832,2018-01-11,B_5mini_unseen,0,,1000,0.0,-1.0
4832,2018-01-11,C_4mini_1box_hot,1,mini,1000,9000.0,8.0
4832,2018-01-11,D_3mini_1box_1straight,1,mini,1000,9000.0,8.0
4832,2018-01-11,E_3mini_1set_1straight_prev,0,,1000,0.0,-1.0
4832,2018-01-11,F_5mini_random,0,,1000,0.0,-1.0
4833,2018-01-12,A_5mini_hot,0,,1000,0.0,-1.0
4833,2018-01-12,B_5mini_unseen,0,,1000,0.0,-1.0
4833,2018-01-12,C_4mini_1box_hot,0,,1000,0.0,-1.0
4833,2018-01-12,D_3mini_1box_1straight,0,,1000,0.0,-1.0
4833,2018-01-12,E_3mini_1set_1straight_prev,0,,1000,0.0,-1.0
4833,2018-01-12,F_5mini_random,0,,1000,0.0,-1.0
4834,2018-01-15,A_5mini_hot,0,,1000,0.0,-1.0
4834,2018-01-15,B_5mini_unseen,0,,1000,0.0,-1.0
4834,2018-01-15,C_4mini_1box_hot,0,,1000,0.0,-1.0
4834,2018-01-15,D_3mini_1box_1straight,0,,1000,0.0,-1.0
4834,2018-01-15,E_3mini_1set_1straight_prev,0,,1000,0.0,-1.0
4834,2018-01-15,F_5mini_random,0,,1000,0.0,-1.0
4835,2018-01-16,A_5mini_hot,0,,1000,0.0,-1.0
4835,2018-01-16,B_5mini_unseen,0,,1000,0.0,-1.0
4835,2018-01-16,C_4mini_1box_hot,0,,1000,0.0,-1.0
4835,2018-01-16,D_3mini_1box_1straight,0,,1000,0.0,-1.0
4835,2018-01-16,E_3mini_1set_1straight_prev,0,,1000,0.0,-1.0
4835,2018-01-16,F_5mini_random,0,,1000,0.0,-1.0
4836,2018-01-17,A_5mini_hot,0,,1000,0.0,-1.0
4836,2018-01-17,B_5mini_unseen,0,,1000,0.0,-1.0
4836,2018-01-17,C_4mini_1box_hot,0,,1000,0.0,-1.0
4836,2018-01-17,D_3mini_1box_1straight,0,,1000,0.0,-1.0
4836,2018-01-17,E_3mini_1set_1straight_prev,0,,1000,0.0,-1.0
4836,2018-01-17,F_5mini_random,0,,1000,0.0,-1.0
4837,2018-01-18,A_5mini_hot,0,,1000,0.0,-1.0
4837,2018-01-18,B_5mini_unseen,0,,1000,0.0,-1.0
4837,2018-01-18,C_4mini_1box_hot,0,,1000,0.0,-1.0
4837,2018-01-18,D_3mini_1box_1straight,0,,1000,0.0,-1.0
4837,2018-01-18,E_3mini_1set_1straight_prev,0,,1000,0.0,-1.0
4837,2018-01-18,F_5mini_random,0,,1000,0.0,-1.0
4838,2018-01-19,A_5mini_hot,0,,1000,0.0,-1.0
4838,2018-01-19,B_5mini_unseen,0,,1000,0.0,-1.0
4838,2018-01-19,C_4mini_1box_hot,0,,1000,0.0,-1.0
4838,2018-01-19,D_3mini_1box_1straight,0,,1000,0.0,-1.0
4838,2018-01-19,E_3mini_1set_1straight_prev,0,,1000,0.0,-1.0
4838,2018-01-19,F_5mini_random,0,,1000,0.0,-1.0
4839,2018-01-22,A_5mini_hot,0,,1000,0.0,-1.0
4839,2018-01-22,B_5mini_unseen,0,,1000,0.0,-1.0
4839,2018-01-22,C_4mini_1box_hot,0,,1000,0.0,-1.0
4839,2018-01-22,D_3mini_1box_1straight,0,,1000,0.0,-1.0
4839,2018-01-22,E_3mini_1set_1straight_prev,0,,1000,0.0,-1.0
4839,2018-01-22,F_5mini_random,0,,1000,0.0,-1.0
4840,2018-01-23,A_5mini_hot,0,,1000,0.0,-1.0
4840,2018-01-23,B_5mini_unseen,0,,1000,0.0,-1.0
4840,2018-01-23,C_4mini_1box_hot,0,,1000,0.0,-1.0
4840,2018-01-23,D_3mini_1box_1straight,0,,1000,0.0,-1.0
4840,2018-01-23,E_3mini_1set_1straight_prev,0,,1000,0.0,-1.0
4840,2018-01-23,F_5mini_random,0,,1000,0.0,-1.0
4841,2018-01-24,A_5mini_hot,0,,1000,0.0,-1.0
4841,2018-01-24,B_5mini_unseen,0,,1000,0.0,-1.0
4841,2018-01-24,C_4mini_1box_hot,0,,1000,0.0,-1.0
4841,2018-01-24,D_3mini_1box_1straight,0,,1000,0.0,-1.0
4841,2018-01-24,E_3mini_1set_1straight_prev,0,,1000,0.0,-1.0
4841,2018-01-24,F_5mini_random,0,,1000,0.0,-1.0
4842,2018-01-25,A_5mini_hot,0,,1000,0.0,-1.0
4842,2018-01-25,B_5mini_unseen,0,,1000,0.0,-1.0
4842,2018-01-25,C_4mini_1box_hot,0,,1000,0.0,-1.0
4842,2018-01-25,D_3mini_1box_1straight,0,,1000,0.0,-1.0
4842,2018-01-25,E_3mini_1set_1straight_prev,0,,1000,0.0,-1.0
4842,2018-01-25,F_5mini_random,1,mini,1000,9000.0,8.0
4843,2018-01-26,A_5mini_hot,0,,1000,0.0,-1.0
4843,2018-01-26,B_5mini_unseen,0,,1000,0.0,-1.0
4843,2018-01-26,C_4mini_1box_hot,0,,1000,0.0,-1.0
4843,2018-01-26,D_3mini_1box_1straight,0,,1000,0.0,-1.0
4843,2018-01-26,E_3mini_1set_1straight_prev,0,,1000,0.0,-1.0
4843,2018-01-26,F_5mini_random,0,,1000,0.0,-1.0
4844,2018-01-29,A_5mini_hot,0,,1000,0.0,-1.0
4844,2018-01-29,B_5mini_unseen,0,,1000,0.0,-1.0
4844,2018-01-29,C_4mini_1box_hot,0,,1000,0.0,-1.0
4844,2018-01-29,D_3mini_1box_1straight,0,,1000,0.0,-1.0
4844,2018-01-29,E_3mini_1set_1straight_prev,0,,1000,0.0,-1.0
4844,2018-01-29,F_5mini_random,0,,1000,0.0,-1.0
4845,2018-01-30,A_5mini_hot,0,,1000,0.0,-1.0
4845,2018-01-30,B_5mini_unseen,0,,1000,0.0,-1.0
4845,2018-01-30,C_4mini_1box_hot,0,,1000,0.0,-1.0
4845,2018-01-30,D_3mini_1box_1straight,0,,1000,0.0,-1.0
4845,2018-01-30,E_3mini_1set_1straight_prev,0,,1000,0.0,-1.0
4845,2018-01-30,F_5mini_random,0,,1000,0.0,-1.0
4846,2018-01-31,A_5mini_hot,0,,1000,0.0,-1.0
4846,2018-01-31,B_5mini_unseen,0,,1000,0.0,-1.0
4846,2018-01-31,C_4mini_1box_hot,0,,1000,0.0,-1.0
4846,2018-01-31,D_3mini_1box_1straight,0,,1000,0.0,-1.0
4846,2018-01-31,E_3mini_1set_1straight_prev,0,,1000,0.0,-1.0
4846,2018-01-31,F_5mini_random,0,,1000,0.0,-1.0
4847,2018-02-01,A_5mini_hot,0,,1000,0.0,-1.0
4847,2018-02-01,B_5mini_unseen,0,,1000,0.0,-1.0
4847,2018-02-01,C_4mini_1box_hot,0,,1000,0.0,-1.0
4847,2018-02-01,D_3mini_1box_1straight,0,,1000,0.0,-1.0
4847,2018-02-01,E_3mini_1set_1straight_prev,0,,1000,0.0,-1.0
4847,2018-02-01,F_5mini_random,0,,1000,0.0,-1.0
4848,2018-02-02,A_5mini_hot,0,,1000,0.0,-1.0
4848,2018-02-02,B_5mini_unseen,0,,1000,0.0,-1.0
4848,2018-02-02,C_4mini_1box_hot,0,,1000,0.0,-1.0
4848,2018-02-02,D_3mini_1box_1straight,0,,1000,0.0,-1.0
4848,2018-02-02,E_3mini_1set_1straight_prev,0,,1000,0.0,-1.0
4848,2018-02-02,F_5mini_random,0,,1000,0.0,-1.0
4849,2018-02-05,A_5mini_hot,0,,1000,0.0,-1.0
4849,2018-02-05,B_5mini_unseen,0,,1000,0.0,-1.0
4849,2018-02-05,C_4mini_1box_hot,0,,1000,0.0,-1.0
4849,2018-02-05,D_3mini_1box_1straight,0,,1000,0.0,-1.0
4849,2018-02-05,E_3mini_1set_1straight_prev,0,,1000,0.0,-1.0
4849,2018-02-05,F_5mini_random,1,mini,1000,9000.0,8.0
4850,2018-02-06,A_5mini_hot,0,,1000,0.0,-1.0
4850,2018-02-06,B_5mini_unseen,0,,1000,0.0,-1.0
4850,2018-02-06,C_4mini_1box_hot,0,,1000,0.0,-1.0
4850,2018-02-06,D_3mini_1box_1straight,0,,1000,0.0,-1.0
4850,2018-02-06,E_3mini_1set_1straight_prev,0,,1000,0.0,-1.0
4850,2018-02-06,F_5mini_random,0,,1000,0.0,-1.0
4851,2018-02-07,A_5mini_hot,0,,1000,0.0,-1.0
4851,2018-02-07,B_5mini_unseen,0,,1000,0.0,-1.0
4851,2018-02-07,C_4mini_1box_hot,0,,1000,0.0,-1.0
4851,2018-02-07,D_3mini_1box_1straight,0,,1000,0.0,-1.0
4851,2018-02-07,E_3mini_1set_1straight_prev,0,,1000,0.0,-1.0
4851,2018-02-07,F_5mini_random,0,,1000,0.0,-1.0
4852,2018-02-08,A_5mini_hot,0,,1000,0.0,-1.0
4852,2018-02-08,B_5mini_unseen,0,,1000,0.0,-1.0
4852,2018-02-08,C_4mini_1box_hot,0,,1000,0.0,-1.0
4852,2018-02-08,D_3mini_1box_1straight,0,,1000,0.0,-1.0
4852,2018-02-08,E_3mini_1set_1straight_prev,0,,1000,0.0,-1.0
4852,2018-02-08,F_5mini_random,0,,1000,0.0,-1.0
4853,2018-02-09,A_5mini_hot,0,,1000,0.0,-1.0
4853,2018-02-09,B_5mini_unseen,0,,1000,0.0,-1.0
4853,2018-02-09,C_4mini_1box_hot,0,,1000,0.0,-1.0
4853,2018-02-09,D_3mini_1box_1straight,0,,1000,0.0,-1.0
4853,2018-02-09,E_3mini_1set_1straight_prev,0,,1000,0.0,-1.0
4853,2018-02-09,F_5mini_random,0,,1000,0.0,-1.0
4854,2018-02-12,A_5mini_hot,0,,1000,0.0,-1.0
4854,2018-02-12,B_5mini_unseen,0,,1000,0.0,-1.0
4854,2018-02-12,C_4mini_1box_hot,0,,1000,0.0,-1.0
4854,2018-02-12,D_3mini_1box_1straight,0,,1000,0.0,-1.0
4854,2018-02-12,E_3mini_1set_1straight_prev,0,,1000,0.0,-1.0
4854,2018-02-12,F_5mini_random,0,,1000,0.0,-1.0
4855,2018-02-13,A_5mini_hot,0,,1000,0.0,-1.0
4855,2018-02-13,B_5mini_unseen,0,,1000,0.0,-1.0
4855,2018-02-13,C_4mini_1box_hot,0,,1000,0.0,-1.0
4855,2018-02-13,D_3mini_1box_1straight,0,,1000,0.0,-1.0
4855,2018-02-13,E_3mini_1set_1straight_prev,0,,1000,0.0,-1.0
4855,2018-02-13,F_5mini_random,0,,1000,0.0,-1.0
4856,2018-02-14,A_5mini_hot,0,,1000,0.0,-1.0
4856,2018-02-14,B_5mini_unseen,0,,1000,0.0,-1.0
4856,2018-02-14,C_4mini_1box_hot,0,,1000,0.0,-1.0
4856,2018-02-14,D_3mini_1box_1straight,0,,1000,0.0,-1.0
4856,2018-02-14,E_3mini_1set_1straight_prev,0,,1000,0.0,-1.0
4856,2018-02-14,F_5mini_random,0,,1000,0.0,-1.0
4857,2018-02-15,A_5mini_hot,0,,1000,0.0,-1.0
4857,2018-02-15,B_5mini_unseen,0,,1000,0.0,-1.0
4857,2018-02-15,C_4mini_1box_hot,0,,1000,0.0,-1.0
4857,2018-02-15,D_3mini_1box_1straight,0,,1000,0.0,-1.0
4857,2018-02-15,E_3mini_1set_1straight_prev,0,,1000,0.0,-1.0
4857,2018-02-15,F_5mini_random,0,,1000,0.0,-1.0
4858,2018-02-16,A_5mini_hot,0,,1000,0.0,-1.0
4858,2018-02-16,B_5mini_unseen,0,,1000,0.0,-1.0
4858,2018-02-16,C_4mini_1box_hot,0,,1000,0.0,-1.0
4858,2018-02-16,D_3mini_1box_1straight,0,,1000,0.0,-1.0
4858,2018-02-16,E_3mini_1set_1straight_prev,0,,1000,0.0,-1.0
4858,2018-02-16,F_5mini_random,0,,1000,0.0,-1.0
4859,2018-02-19,A_5mini_hot,0,,1000,0.0,-1.0
4859,2018-02-19,B_5mini_unseen,0,,1000,0.0,-1.0
4859,2018-02-19,C_4mini_1box_hot,0,,1000,0.0,-1.0
4859,2018-02-19,D_3mini_1box_1straight,0,,1000,0.0,-1.0
4859,2018-02-19,E_3mini_1set_1straight_prev,0,,1000,0.0,-1.0
4859,2018-02-19,F_5mini_random,0,,1000,0.0,-1.0
4860,2018-02-20,A_5mini_hot,0,,1000,0.0,-1.0
4860,2018-02-20,B_5mini_unseen,0,,1000,0.0,-1.0
4860,2018-02-20,C_4mini_1box_hot,0,,1000,0.0,-1.0
4860,2018-02-20,D_3mini_1box_1straight,0,,1000,0.0,-1.0
4860,2018-02-20,E_3mini_1set_1straight_prev,0,,1000,0.0,-1.0
4860,2018-02-20,F_5mini_random,0,,1000,0.0,-1.0
4861,2018-02-21,A_5mini_hot,0,,1000,0.0,-1.0
4861,2018-02-21,B_5mini_unseen,0,,1000,0.0,-1.0
4861,2018-02-21,C_4mini_1box_hot,0,,1000,0.0,-1.0
4861,2018-02-21,D_3mini_1box_1straight,0,,1000,0.0,-1.0
4861,2018-02-21,E_3mini_1set_1straight_prev,0,,1000,0.0,-1.0
4861,2018-02-21,F_5mini_random,0,,1000,0.0,-1.0
4862,2018-02-22,A_5mini_hot,0,,1000,0.0,-1.0
4862,2018-02-22,B_5mini_unseen,0,,1000,0.0,-1.0
4862,2018-02-22,C_4mini_1box_hot,0,,1000,0.0,-1.0
4862,2018-02-22,D_3mini_1box_1straight,0,,1000,0.0,-1.0
4862,2018-02-22,E_3mini_1set_1straight_prev,0,,1000,0.0,-1.0
4862,2018-02-22,F_5mini_random,0,,1000,0.0,-1.0
4863,2018-02-23,A_5mini_hot,0,,1000,0.0,-1.0
4863,2018-02-23,B_5mini_unseen,0,,1000,0.0,-1.0
4863,2018-02-23,C_4mini_1box_hot,0,,1000,0.0,-1.0
4863,2018-02-23,D_3mini_1box_1straight,0,,1000,0.0,-1.0
4863,2018-02-23,E_3mini_1set_1straight_prev,0,,1000,0.0,-1.0
4863,2018-02-23,F_5mini_random,0,,1000,0.0,-1.0
4864,2018-02-26,A_5mini_hot,0,,1000,0.0,-1.0
4864,2018-02-26,B_5mini_unseen,0,,1000,0.0,-1.0
4864,2018-02-26,C_4mini_1box_hot,0,,1000,0.0,-1.0
4864,2018-02-26,D_3mini_1box_1straight,0,,1000,0.0,-1.0
4864,2018-02-26,E_3mini_1set_1straight_prev,1,"mini,straight",1000,99000.0,98.0
4864,2018-02-26,F_5mini_random,0,,1000,0.0,-1.0
4865,2018-02-27,A_5mini_hot,0,,1000,0.0,-1.0
4865,2018-02-27,B_5mini_unseen,0,,1000,0.0,-1.0
4865,2018-02-27,C_4mini_1box_hot,0,,1000,0.0,-1.0
4865,2018-02-27,D_3mini_1box_1straight,0,,1000,0.0,-1.0
4865,2018-02-27,E_3mini_1set_1straight_prev,0,,1000,0.0,-1.0
4865,2018-02-27,F_5mini_random,0,,1000,0.0,-1.0
4866,2018-02-28,A_5mini_hot,0,,1000,0.0,-1.0
4866,2018-02-28,B_5mini_unseen,0,,1000,0.0,-1.0
4866,2018-02-28,C_4mini_1box_hot,0,,1000,0.0,-1.0
4866,2018-02-28,D_3mini_1box_1straight,0,,1000,0.0,-1.0
4866,2018-02-28,E_3mini_1set_1straight_prev,0,,1000,0.0,-1.0
4866,2018-02-28,F_5mini_random,0,,1000,0.0,-1.0
4867,2018-03-01,A_5mini_hot,0,,1000,0.0,-1.0
4867,2018-03-01,B_5mini_unseen,0,,1000,0.0,-1.0
4867,2018-03-01,C_4mini_1box_hot,0,,1000,0.0,-1.0
4867,2018-03-01,D_3mini_1box_1straight,0,,1000,0.0,-1.0
4867,2018-03-01,E_3mini_1set_1straight_prev,0,,1000,0.0,-1.0
4867,2018-03-01,F_5mini_random,0,,1000,0.0,-1.0
4868,2018-03-02,A_5mini_hot,1,mini,1000,9000.0,8.0
4868,2018-03-02,B_5mini_unseen,0,,1000,0.0,-1.0
4868,2018-03-02,C_4mini_1box_hot,1,mini,1000,9000.0,8.0
4868,2018-03-02,D_3mini_1box_1straight,1,mini,1000,9000.0,8.0
4868,2018-03-02,E_3mini_1set_1straight_prev,0,,1000,0.0,-1.0
4868,2018-03-02,F_5mini_random,0,,1000,0.0,-1.0
4869,2018-03-05,A_5mini_hot,0,,1000,0.0,-1.0
4869,2018-03-05,B_5mini_unseen,0,,1000,0.0,-1.0
4869,2018-03-05,C_4mini_1box_hot,0,,1000,0.0,-1.0
4869,2018-03-05,D_3mini_1box_1straight,0,,1000,0.0,-1.0
4869,2018-03-05,E_3mini_1set_1straight_prev,0,,1000,0.0,-1.0
4869,2018-03-05,F_5mini_random,0,,1000,0.0,-1.0
4870,2018-03-06,A_5mini_hot,0,,1000,0.0,-1.0
4870,2018-03-06,B_5mini_unseen,0,,1000,0.0,-1.0
4870,2018-03-06,C_4mini_1box_hot,0,,1000,0.0,-1.0
4870,2018-03-06,D_3mini_1box_1straight,0,,1000,0.0,-1.0
4870,2018-03-06,E_3mini_1set_1straight_prev,0,,1000,0.0,-1.0
4870,2018-03-06,F_5mini_random,0,,1000,0.0,-1.0
4871,2018-03-07,A_5mini_hot,0,,1000,0.0,-1.0
4871,2018-03-07,B_5mini_unseen,0,,1000,0.0,-1.0
4871,2018-03-07,C_4mini_1box_hot,0,,1000,0.0,-1.0
4871,2018-03-07,D_3mini_1box_1straight,0,,1000,0.0,-1.0
4871,2018-03-07,E_3mini_1set_1straight_prev,0,,1000,0.0,-1.0
4871,2018-03-07,F_5mini_random,0,,1000,0.0,-1.0
4872,2018-03-08,A_5mini_hot,0,,1000,0.0,-1.0
4872,2018-03-08,B_5mini_unseen,0,,1000,0.0,-1.0
4872,2018-03-08,C_4mini_1box_hot,0,,1000,0.0,-1.0
4872,2018-03-08,D_3mini_1box_1straight,0,,1000,0.0,-1.0
4872,2018-03-08,E_3mini_1set_1straight_prev,0,,1000,0.0,-1.0
4872,2018-03-08,F_5mini_random,0,,1000,0.0,-1.0
4873,2018-03-09,A_5mini_hot,0,,1000,0.0,-1.0
4873,2018-03-09,B_5mini_unseen,0,,1000,0.0,-1.0
4873,2018-03-09,C_4mini_1box_hot,0,,1000,0.0,-1.0
4873,2018-03-09,D_3mini_1box_1straight,0,,1000,0.0,-1.0
4873,2018-03-09,E_3mini_1set_1straight_prev,0,,1000,0.0,-1.0
4873,2018-03-09,F_5mini_random,0,,1000,0.0,-1.0
4874,2018-03-12,A_5mini_hot,0,,1000,0.0,-1.0
4874,2018-03-12,B_5mini_unseen,0,,1000,0.0,-1.0
4874,2018-03-12,C_4mini_1box_hot,0,,1000,0.0,-1.0
4874,2018-03-12,D_3mini_1box_1straight,0,,1000,0.0,-1.0
4874,2018-03-12,E_3mini_1set_1straight_prev,0,,1000,0.0,-1.0
4874,2018-03-12,F_5mini_random,0,,1000,0.0,-1.0
4875,2018-03-13,A_5mini_hot,0,,1000,0.0,-1.0
4875,2018-03-13,B_5mini_unseen,0,,1000,0.0,-1.0
4875,2018-03-13,C_4mini_1box_hot,0,,1000,0.0,-1.0
4875,2018-03-13,D_3mini_1box_1straight,0,,1000,0.0,-1.0
4875,2018-03-13,E_3mini_1set_1straight_prev,0,,1000,0.0,-1.0
4875,2018-03-13,F_5mini_random,0,,1000,0.0,-1.0
4876,2018-03-14,A_5mini_hot,0,,1000,0.0,-1.0
4876,2018-03-14,B_5mini_unseen,0,,1000,0.0,-1.0
4876,2018-03-14,C_4mini_1box_hot,0,,1000,0.0,-1.0
4876,2018-03-14,D_3mini_1box_1straight,0,,1000,0.0,-1.0
4876,2018-03-14,E_3mini_1set_1straight_prev,0,,1000,0.0,-1.0
4876,2018-03-14,F_5mini_random,0,,1000,0.0,-1.0
4877,2018-03-15,A_5mini_hot,0,,1000,0.0,-1.0
4877,2018-03-15,B_5mini_unseen,0,,1000,0.0,-1.0
4877,2018-03-15,C_4mini_1box_hot,0,,1000,0.0,-1.0
4877,2018-03-15,D_3mini_1box_1straight,0,,1000,0.0,-1.0
4877,2018-03-15,E_3mini_1set_1straight_prev,0,,1000,0.0,-1.0
4877,2018-03-15,F_5mini_random,0,,1000,0.0,-1.0
4878,2018-03-16,A_5mini_hot,0,,1000,0.0,-1.0
4878,2018-03-16,B_5mini_unseen,0,,1000,0.0,-1.0
4878,2018-03-16,C_4mini_1box_hot,0,,1000,0.0,-1.0
4878,2018-03-16,D_3mini_1box_1straight,0,,1000,0.0,-1.0
4878,2018-03-16,E_3mini_1set_1straight_prev,0,,1000,0.0,-1.0
4878,2018-03-16,F_5mini_random,0,,1000,0.0,-1.0
4879,2018-03-19,A_5mini_hot,0,,1000,0.0,-1.0
4879,2018-03-19,B_5mini_unseen,0,,1000,0.0,-1.0
4879,2018-03-19,C_4mini_1box_hot,0,,1000,0.0,-1.0
4879,2018-03-19,D_3mini_1box_1straight,0,,1000,0.0,-1.0
4879,2018-03-19,E_3mini_1set_1straight_prev,0,,1000,0.0,-1.0
4879,2018-03-19,F_5mini_random,0,,1000,0.0,-1.0
4880,2018-03-20,A_5mini_hot,0,,1000,0.0,-1.0
4880,2018-03-20,B_5mini_unseen,0,,1000,0.0,-1.0
4880,2018-03-20,C_4mini_1box_hot,0,,1000,0.0,-1.0
4880,2018-03-20,D_3mini_1box_1straight,0,,1000,0.0,-1.0
4880,2018-03-20,E_3mini_1set_1straight_prev,0,,1000,0.0,-1.0
4880,2018-03-20,F_5mini_random,0,,1000,0.0,-1.0
4881,2018-03-21,A_5mini_hot,0,,1000,0.0,-1.0
4881,2018-03-21,B_5mini_unseen,0,,1000,0.0,-1.0
4881,2018-03-21,C_4mini_1box_hot,0,,1000,0.0,-1.0
4881,2018-03-21,D_3mini_1box_1straight,0,,1000,0.0,-1.0
4881,2018-03-21,E_3mini_1set_1straight_prev,0,,1000,0.0,-1.0
4881,2018-03-21,F_5mini_random,0,,1000,0.0,-1.0
4882,2018-03-22,A_5mini_hot,0,,1000,0.0,-1.0
4882,2018-03-22,B_5mini_unseen,0,,1000,0.0,-1.0
4882,2018-03-22,C_4mini_1box_hot,0,,1000,0.0,-1.0
4882,2018-03-22,D_3mini_1box_1straight,0,,1000,0.0,-1.0
4882,2018-03-22,E_3mini_1set_1straight_prev,0,,1000,0.0,-1.0
4882,2018-03-22,F_5mini_random,0,,1000,0.0,-1.0
4883,2018-03-23,A_5mini_hot,0,,1000,0.0,-1.0
4883,2018-03-23,B_5mini_unseen,1,mini,1000,9000.0,8.0
4883,2018-03-23,C_4mini_1box_hot,0,,1000,0.0,-1.0
4883,2018-03-23,D_3mini_1box_1straight,0,,1000,0.0,-1.0
4883,2018-03-23,E_3mini_1set_1straight_prev,0,,1000,0.0,-1.0
4883,2018-03-23,F_5mini_random,0,,1000,0.0,-1.0
4884,2018-03-26,A_5mini_hot,0,,1000,0.0,-1.0
4884,2018-03-26,B_5mini_unseen,0,,1000,0.0,-1.0
4884,2018-03-26,C_4mini_1box_hot,0,,1000,0.0,-1.0
4884,2018-03-26,D_3mini_1box_1straight,0,,1000,0.0,-1.0
4884,2018-03-26,E_3mini_1set_1straight_prev,0,,1000,0.0,-1.0
4884,2018-03-26,F_5mini_random,1,mini,1000,9000.0,8.0
4885,2018-03-27,A_5mini_hot,0,,1000,0.0,-1.0
4885,2018-03-27,B_5mini_unseen,1,mini,1000,9000.0,8.0
4885,2018-03-27,C_4mini_1box_hot,0,,1000,0.0,-1.0
4885,2018-03-27,D_3mini_1box_1straight,0,,1000,0.0,-1.0
4885,2018-03-27,E_3mini_1set_1straight_prev,0,,1000,0.0,-1.0
4885,2018-03-27,F_5mini_random,0,,1000,0.0,-1.0
4886,2018-03-28,A_5mini_hot,0,,1000,0.0,-1.0
4886,2018-03-28,B_5mini_unseen,0,,1000,0.0,-1.0
4886,2018-03-28,C_4mini_1box_hot,0,,1000,0.0,-1.0
4886,2018-03-28,D_3mini_1box_1straight,0,,1000,0.0,-1.0
4886,2018-03-28,E_3mini_1set_1straight_prev,0,,1000,0.0,-1.0
4886,2018-03-28,F_5mini_random,0,,1000,0.0,-1.0
4887,2018-03-29,A_5mini_hot,1,mini,1000,9000.0,8.0
4887,2018-03-29,B_5mini_unseen,0,,1000,0.0,-1.0
4887,2018-03-29,C_4mini_1box_hot,1,mini,1000,9000.0,8.0
4887,2018-03-29,D_3mini_1box_1straight,1,mini,1000,9000.0,8.0
4887,2018-03-29,E_3mini_1set_1straight_prev,0,,1000,0.0,-1.0
4887,2018-03-29,F_5mini_random,0,,1000,0.0,-1.0
4888,2018-03-30,A_5mini_hot,0,,1000,0.0,-1.0
4888,2018-03-30,B_5mini_unseen,0,,1000,0.0,-1.0
4888,2018-03-30,C_4mini_1box_hot,0,,1000,0.0,-1.0
4888,2018-03-30,D_3mini_1box_1straight,0,,1000,0.0,-1.0
4888,2018-03-30,E_3mini_1set_1straight_prev,0,,1000,0.0,-1.0
4888,2018-03-30,F_5mini_random,1,mini,1000,9000.0,8.0
4889,2018-04-02,A_5mini_hot,0,,1000,0.0,-1.0
4889,2018-04-02,B_5mini_unseen,0,,1000,0.0,-1.0
4889,2018-04-02,C_4mini_1box_hot,0,,1000,0.0,-1.0
4889,2018-04-02,D_3mini_1box_1straight,0,,1000,0.0,-1.0
4889,2018-04-02,E_3mini_1set_1straight_prev,0,,1000,0.0,-1.0
4889,2018-04-02,F_5mini_random,0,,1000,0.0,-1.0
4890,2018-04-03,A_5mini_hot,0,,1000,0.0,-1.0
4890,2018-04-03,B_5mini_unseen,0,,1000,0.0,-1.0
4890,2018-04-03,C_4mini_1box_hot,0,,1000,0.0,-1.0
4890,2018-04-03,D_3mini_1box_1straight,0,,1000,0.0,-1.0
4890,2018-04-03,E_3mini_1set_1straight_prev,0,,1000,0.0,-1.0
4890,2018-04-03,F_5mini_random,0,,1000,0.0,-1.0
4891,2018-04-04,A_5mini_hot,0,,1000,0.0,-1.0
4891,2018-04-04,B_5mini_unseen,0,,1000,0.0,-1.0
4891,2018-04-04,C_4mini_1box_hot,0,,1000,0.0,-1.0
4891,2018-04-04,D_3mini_1box_1straight,0,,1000,0.0,-1.0
4891,2018-04-04,E_3mini_1set_1straight_prev,0,,1000,0.0,-1.0
4891,2018-04-04,F_5mini_random,0,,1000,0.0,-1.0
4892,2018-04-05,A_5mini_hot,0,,1000,0.0,-1.0
4892,2018-04-05,B_5mini_unseen,0,,1000,0.0,-1.0
4892,2018-04-05,C_4mini_1box_hot,0,,1000,0.0,-1.0
4892,2018-04-05,D_3mini_1box_1straight,0,,1000,0.0,-1.0
4892,2018-04-05,E_3mini_1set_1straight_prev,0,,1000,0.0,-1.0
4892,2018-04-05,F_5mini_random,0,,1000,0.0,-1.0
4893,2018-04-06,A_5mini_hot,0,,1000,0.0,-1.0
4893,2018-04-06,B_5mini_unseen,0,,1000,0.0,-1.0
4893,2018-04-06,C_4mini_1box_hot,0,,1000,0.0,-1.0
4893,2018-04-06,D_3mini_1box_1straight,0,,1000,0.0,-1.0
4893,2018-04-06,E_3mini_1set_1straight_prev,0,,1000,0.0,-1.0
4893,2018-04-06,F_5mini_random,0,,1000,0.0,-1.0
4894,2018-04-09,A_5mini_hot,0,,1000,0.0,-1.0
4894,2018-04-09,B_5mini_unseen,0,,1000,0.0,-1.0
4894,2018-04-09,C_4mini_1box_hot,0,,1000,0.0,-1.0
4894,2018-04-09,D_3mini_1box_1straight,0,,1000,0.0,-1.0
4894,2018-04-09,E_3mini_1set_1straight_prev,0,,1000,0.0,-1.0
4894,2018-04-09,F_5mini_random,0,,1000,0.0,-1.0
4895,2018-04-10,A_5mini_hot,0,,1000,0.0,-1.0
4895,2018-04-10,B_5mini_unseen,0,,1000,0.0,-1.0
4895,2018-04-10,C_4mini_1box_hot,0,,1000,0.0,-1.0
4895,2018-04-10,D_3mini_1box_1straight,0,,1000,0.0,-1.0
4895,2018-04-10,E_3mini_1set_1straight_prev,0,,1000,0.0,-1.0
4895,2018-04-10,F_5mini_random,0,,1000,0.0,-1.0
4896,2018-04-11,A_5mini_hot,0,,1000,0.0,-1.0
4896,2018-04-11,B_5mini_unseen,0,,1000,0.0,-1.0
4896,2018-04-11,C_4mini_1box_hot,0,,1000,0.0,-1.0
4896,2018-04-11,D_3mini_1box_1straight,0,,1000,0.0,-1.0
4896,2018-04-11,E_3mini_1set_1straight_prev,0,,1000,0.0,-1.0
4896,2018-04-11,F_5mini_random,0,,1000,0.0,-1.0
4897,2018-04-12,A_5mini_hot,0,,1000,0.0,-1.0
4897,2018-04-12,B_5mini_unseen,0,,1000,0.0,-1.0
4897,2018-04-12,C_4mini_1box_hot,0,,1000,0.0,-1.0
4897,2018-04-12,D_3mini_1box_1straight,0,,1000,0.0,-1.0
4897,2018-04-12,E_3mini_1set_1straight_prev,0,,1000,0.0,-1.0
4897,2018-04-12,F_5mini_random,0,,1000,0.0,-1.0
4898,2018-04-13,A_5mini_hot,0,,1000,0.0,-1.0
4898,2018-04-13,B_5mini_unseen,0,,1000,0.0,-1.0
4898,2018-04-13,C_4mini_1box_hot,0,,1000,0.0,-1.0
4898,2018-04-13,D_3mini_1box_1straight,0,,1000,0.0,-1.0
4898,2018-04-13,E_3mini_1set_1straight_prev,0,,1000,0.0,-1.0
4898,2018-04-13,F_5mini_random,0,,1000,0.0,-1.0
4899,2018-04-16,A_5mini_hot,0,,1000,0.0,-1.0
4899,2018-04-16,B_5mini_unseen,0,,1000,0.0,-1.0
4899,2018-04-16,C_4mini_1box_hot,0,,1000,0.0,-1.0
4899,2018-04-16,D_3mini_1box_1straight,0,,1000,0.0,-1.0
4899,2018-04-16,E_3mini_1set_1straight_prev,0,,1000,0.0,-1.0
4899,2018-04-16,F_5mini_random,0,,1000,0.0,-1.0
4900,2018-04-17,A_5mini_hot,0,,1000,0.0,-1.0
4900,2018-04-17,B_5mini_unseen,0,,1000,0.0,-1.0
4900,2018-04-17,C_4mini_1box_hot,0,,1000,0.0,-1.0
4900,2018-04-17,D_3mini_1box_1straight,0,,1000,0.0,-1.0
4900,2018-04-17,E_3mini_1set_1straight_prev,0,,1000,0.0,-1.0
4900,2018-04-17,F_5mini_random,0,,1000,0.0,-1.0
4901,2018-04-18,A_5mini_hot,0,,1000,0.0,-1.0
4901,2018-04-18,B_5mini_unseen,0,,1000,0.0,-1.0
4901,2018-04-18,C_4mini_1box_hot,0,,1000,0.0,-1.0
4901,2018-04-18,D_3mini_1box_1straight,0,,1000,0.0,-1.0
4901,2018-04-18,E_3mini_1set_1straight_prev,0,,1000,0.0,-1.0
4901,2018-04-18,F_5mini_random,0,,1000,0.0,-1.0
4902,2018-04-19,A_5mini_hot,0,,1000,0.0,-1.0
4902,2018-04-19,B_5mini_unseen,0,,1000,0.0,-1.0
4902,2018-04-19,C_4mini_1box_hot,0,,1000,0.0,-1.0
4902,2018-04-19,D_3mini_1box_1straight,0,,1000,0.0,-1.0
4902,2018-04-19,E_3mini_1set_1straight_prev,0,,1000,0.0,-1.0
4902,2018-04-19,F_5mini_random,0,,1000,0.0,-1.0
4903,2018-04-20,A_5mini_hot,0,,1000,0.0,-1.0
4903,2018-04-20,B_5mini_unseen,0,,1000,0.0,-1.0
4903,2018-04-20,C_4mini_1box_hot,0,,1000,0.0,-1.0
4903,2018-04-20,D_3mini_1box_1straight,0,,1000,0.0,-1.0
4903,2018-04-20,E_3mini_1set_1straight_prev,0,,1000,0.0,-1.0
4903,2018-04-20,F_5mini_random,0,,1000,0.0,-1.0
4904,2018-04-23,A_5mini_hot,0,,1000,0.0,-1.0
4904,2018-04-23,B_5mini_unseen,0,,1000,0.0,-1.0
4904,2018-04-23,C_4mini_1box_hot,0,,1000,0.0,-1.0
4904,2018-04-23,D_3mini_1box_1straight,0,,1000,0.0,-1.0
4904,2018-04-23,E_3mini_1set_1straight_prev,0,,1000,0.0,-1.0
4904,2018-04-23,F_5mini_random,0,,1000,0.0,-1.0
4905,2018-04-24,A_5mini_hot,0,,1000,0.0,-1.0
4905,2018-04-24,B_5mini_unseen,0,,1000,0.0,-1.0
4905,2018-04-24,C_4mini_1box_hot,0,,1000,0.0,-1.0
4905,2018-04-24,D_3mini_1box_1straight,0,,1000,0.0,-1.0
4905,2018-04-24,E_3mini_1set_1straight_prev,0,,1000,0.0,-1.0
4905,2018-04-24,F_5mini_random,0,,1000,0.0,-1.0
4906,2018-04-25,A_5mini_hot,0,,1000,0.0,-1.0
4906,2018-04-25,B_5mini_unseen,0,,1000,0.0,-1.0
4906,2018-04-25,C_4mini_1box_hot,0,,1000,0.0,-1.0
4906,2018-04-25,D_3mini_1box_1straight,0,,1000,0.0,-1.0
4906,2018-04-25,E_3mini_1set_1straight_prev,0,,1000,0.0,-1.0
4906,2018-04-25,F_5mini_random,1,mini,1000,9000.0,8.0
4907,2018-04-26,A_5mini_hot,0,,1000,0.0,-1.0
4907,2018-04-26,B_5mini_unseen,0,,1000,0.0,-1.0
4907,2018-04-26,C_4mini_1box_hot,0,,1000,0.0,-1.0
4907,2018-04-26,D_3mini_1box_1straight,0,,1000,0.0,-1.0
4907,2018-04-26,E_3mini_1set_1straight_prev,0,,1000,0.0,-1.0
4907,2018-04-26,F_5mini_random,0,,1000,0.0,-1.0
4908,2018-04-27,A_5mini_hot,0,,1000,0.0,-1.0
4908,2018-04-27,B_5mini_unseen,0,,1000,0.0,-1.0
4908,2018-04-27,C_4mini_1box_hot,0,,1000,0.0,-1.0
4908,2018-04-27,D_3mini_1box_1straight,0,,1000,0.0,-1.0
4908,2018-04-27,E_3mini_1set_1straight_prev,0,,1000,0.0,-1.0
4908,2018-04-27,F_5mini_random,0,,1000,0.0,-1.0
4909,2018-04-30,A_5mini_hot,0,,1000,0.0,-1.0
4909,2018-04-30,B_5mini_unseen,1,mini,1000,9000.0,8.0
4909,2018-04-30,C_4mini_1box_hot,0,,1000,0.0,-1.0
4909,2018-04-30,D_3mini_1box_1straight,0,,1000,0.0,-1.0
4909,2018-04-30,E_3mini_1set_1straight_prev,0,,1000,0.0,-1.0
4909,2018-04-30,F_5mini_random,0,,1000,0.0,-1.0
4910,2018-05-01,A_5mini_hot,0,,1000,0.0,-1.0
4910,2018-05-01,B_5mini_unseen,0,,1000,0.0,-1.0
4910,2018-05-01,C_4mini_1box_hot,0,,1000,0.0,-1.0
4910,2018-05-01,D_3mini_1box_1straight,0,,1000,0.0,-1.0
4910,2018-05-01,E_3mini_1set_1straight_prev,0,,1000,0.0,-1.0
4910,2018-05-01,F_5mini_random,0,,1000,0.0,-1.0
4911,2018-05-02,A_5mini_hot,0,,1000,0.0,-1.0
4911,2018-05-02,B_5mini_unseen,0,,1000,0.0,-1.0
4911,2018-05-02,C_4mini_1box_hot,0,,1000,0.0,-1.0
4911,2018-05-02,D_3mini_1box_1straight,0,,1000,0.0,-1.0
4911,2018-05-02,E_3mini_1set_1straight_prev,0,,1000,0.0,-1.0
4911,2018-05-02,F_5mini_random,0,,1000,0.0,-1.0
4912,2018-05-03,A_5mini_hot,0,,1000,0.0,-1.0
4912,2018-05-03,B_5mini_unseen,0,,1000,0.0,-1.0
4912,2018-05-03,C_4mini_1box_hot,0,,1000,0.0,-1.0
4912,2018-05-03,D_3mini_1box_1straight,0,,1000,0.0,-1.0
4912,2018-05-03,E_3mini_1set_1straight_prev,0,,1000,0.0,-1.0
4912,2018-05-03,F_5mini_random,0,,1000,0.0,-1.0
4913,2018-05-04,A_5mini_hot,0,,1000,0.0,-1.0
4913,2018-05-04,B_5mini_unseen,0,,1000,0.0,-1.0
4913,2018-05-04,C_4mini_1box_hot,0,,1000,0.0,-1.0
4913,2018-05-04,D_3mini_1box_1straight,0,,1000,0.0,-1.0
4913,2018-05-04,E_3mini_1set_1straight_prev,0,,1000,0.0,-1.0
4913,2018-05-04,F_5mini_random,0,,1000,0.0,-1.0
4914,2018-05-07,A_5mini_hot,0,,1000,0.0,-1.0
4914,2018-05-07,B_5mini_unseen,0,,1000,0.0,-1.0
4914,2018-05-07,C_4mini_1box_hot,0,,1000,0.0,-1.0
4914,2018-05-07,D_3mini_1box_1straight,0,,1000,0.0,-1.0
4914,2018-05-07,E_3mini_1set_1straight_prev,0,,1000,0.0,-1.0
4914,2018-05-07,F_5mini_random,0,,1000,0.0,-1.0
4915,2018-05-08,A_5mini_hot,0,,1000,0.0,-1.0
4915,2018-05-08,B_5mini_unseen,0,,1000,0.0,-1.0
4915,2018-05-08,C_4mini_1box_hot,0,,1000,0.0,-1.0
4915,2018-05-08,D_3mini_1box_1straight,0,,1000,0.0,-1.0
4915,2018-05-08,E_3mini_1set_1straight_prev,0,,1000,0.0,-1.0
4915,2018-05-08,F_5mini_random,0,,1000,0.0,-1.0
4916,2018-05-09,A_5mini_hot,0,,1000,0.0,-1.0
4916,2018-05-09,B_5mini_unseen,0,,1000,0.0,-1.0
4916,2018-05-09,C_4mini_1box_hot,0,,1000,0.0,-1.0
4916,2018-05-09,D_3mini_1box_1straight,0,,1000,0.0,-1.0
4916,2018-05-09,E_3mini_1set_1straight_prev,0,,1000,0.0,-1.0
4916,2018-05-09,F_5mini_random,0,,1000,0.0,-1.0
4917,2018-05-10,A_5mini_hot,0,,1000,0.0,-1.0
4917,2018-05-10,B_5mini_unseen,0,,1000,0.0,-1.0
4917,2018-05-10,C_4mini_1box_hot,0,,1000,0.0,-1.0
4917,2018-05-10,D_3mini_1box_1straight,0,,1000,0.0,-1.0
4917,2018-05-10,E_3mini_1set_1straight_prev,0,,1000,0.0,-1.0
4917,2018-05-10,F_5mini_random,0,,1000,0.0,-1.0
4918,2018-05-11,A_5mini_hot,0,,1000,0.0,-1.0
4918,2018-05-11,B_5mini_unseen,0,,1000,0.0,-1.0
4918,2018-05-11,C_4mini_1box_hot,0,,1000,0.0,-1.0
4918,2018-05-11,D_3mini_1box_1straight,0,,1000,0.0,-1.0
4918,2018-05-11,E_3mini_1set_1straight_prev,0,,1000,0.0,-1.0
4918,2018-05-11,F_5mini_random,0,,1000,0.0,-1.0
4919,2018-05-14,A_5mini_hot,0,,1000,0.0,-1.0
4919,2018-05-14,B_5mini_unseen,1,mini,1000,9000.0,8.0
4919,2018-05-14,C_4mini_1box_hot,0,,1000,0.0,-1.0
4919,2018-05-14,D_3mini_1box_1straight,0,,1000,0.0,-1.0
4919,2018-05-14,E_3mini_1set_1straight_prev,0,,1000,0.0,-1.0
4919,2018-05-14,F_5mini_random,0,,1000,0.0,-1.0
4920,2018-05-15,A_5mini_hot,0,,1000,0.0,-1.0
4920,2018-05-15,B_5mini_unseen,0,,1000,0.0,-1.0
4920,2018-05-15,C_4mini_1box_hot,0,,1000,0.0,-1.0
4920,2018-05-15,D_3mini_1box_1straight,0,,1000,0.0,-1.0
4920,2018-05-15,E_3mini_1set_1straight_prev,0,,1000,0.0,-1.0
4920,2018-05-15,F_5mini_random,0,,1000,0.0,-1.0
4921,2018-05-16,A_5mini_hot,0,,1000,0.0,-1.0
4921,2018-05-16,B_5mini_unseen,0,,1000,0.0,-1.0
4921,2018-05-16,C_4mini_1box_hot,0,,1000,0.0,-1.0
4921,2018-05-16,D_3mini_1box_1straight,0,,1000,0.0,-1.0
4921,2018-05-16,E_3mini_1set_1straight_prev,0,,1000,0.0,-1.0
4921,2018-05-16,F_5mini_random,0,,1000,0.0,-1.0
4922,2018-05-17,A_5mini_hot,0,,1000,0.0,-1.0
4922,2018-05-17,B_5mini_unseen,0,,1000,0.0,-1.0
4922,2018-05-17,C_4mini_1box_hot,0,,1000,0.0,-1.0
4922,2018-05-17,D_3mini_1box_1straight,0,,1000,0.0,-1.0
4922,2018-05-17,E_3mini_1set_1straight_prev,0,,1000,0.0,-1.0
4922,2018-05-17,F_5mini_random,0,,1000,0.0,-1.0
4923,2018-05-18,A_5mini_hot,0,,1000,0.0,-1.0
4923,2018-05-18,B_5mini_unseen,0,,1000,0.0,-1.0
4923,2018-05-18,C_4mini_1box_hot,0,,1000,0.0,-1.0
4923,2018-05-18,D_3mini_1box_1straight,0,,1000,0.0,-1.0
4923,2018-05-18,E_3mini_1set_1straight_prev,0,,1000,0.0,-1.0
4923,2018-05-18,F_5mini_random,0,,1000,0.0,-1.0
4924,2018-05-21,A_5mini_hot,0,,1000,0.0,-1.0
4924,2018-05-21,B_5mini_unseen,0,,1000,0.0,-1.0
4924,2018-05-21,C_4mini_1box_hot,0,,1000,0.0,-1.0
4924,2018-05-21,D_3mini_1box_1straight,0,,1000,0.0,-1.0
4924,2018-05-21,E_3mini_1set_1straight_prev,0,,1000,0.0,-1.0
4924,2018-05-21,F_5mini_random,0,,1000,0.0,-1.0
4925,2018-05-22,A_5mini_hot,0,,1000,0.0,-1.0
4925,2018-05-22,B_5mini_unseen,0,,1000,0.0,-1.0
4925,2018-05-22,C_4mini_1box_hot,0,,1000,0.0,-1.0
4925,2018-05-22,D_3mini_1box_1straight,0,,1000,0.0,-1.0
4925,2018-05-22,E_3mini_1set_1straight_prev,0,,1000,0.0,-1.0
4925,2018-05-22,F_5mini_random,1,mini,1000,9000.0,8.0
4926,2018-05-23,A_5mini_hot,0,,1000,0.0,-1.0
4926,2018-05-23,B_5mini_unseen,0,,1000,0.0,-1.0
4926,2018-05-23,C_4mini_1box_hot,0,,1000,0.0,-1.0
4926,2018-05-23,D_3mini_1box_1straight,0,,1000,0.0,-1.0
4926,2018-05-23,E_3mini_1set_1straight_prev,0,,1000,0.0,-1.0
4926,2018-05-23,F_5mini_random,0,,1000,0.0,-1.0
4927,2018-05-24,A_5mini_hot,0,,1000,0.0,-1.0
4927,2018-05-24,B_5mini_unseen,0,,1000,0.0,-1.0
4927,2018-05-24,C_4mini_1box_hot,0,,1000,0.0,-1.0
4927,2018-05-24,D_3mini_1box_1straight,0,,1000,0.0,-1.0
4927,2018-05-24,E_3mini_1set_1straight_prev,0,,1000,0.0,-1.0
4927,2018-05-24,F_5mini_random,0,,1000,0.0,-1.0
4928,2018-05-25,A_5mini_hot,0,,1000,0.0,-1.0
4928,2018-05-25,B_5mini_unseen,0,,1000,0.0,-1.0
4928,2018-05-25,C_4mini_1box_hot,0,,1000,0.0,-1.0
4928,2018-05-25,D_3mini_1box_1straight,0,,1000,0.0,-1.0
4928,2018-05-25,E_3mini_1set_1straight_prev,0,,1000,0.0,-1.0
4928,2018-05-25,F_5mini_random,0,,1000,0.0,-1.0
4929,2018-05-28,A_5mini_hot,0,,1000,0.0,-1.0
4929,2018-05-28,B_5mini_unseen,0,,1000,0.0,-1.0
4929,2018-05-28,C_4mini_1box_hot,0,,1000,0.0,-1.0
4929,2018-05-28,D_3mini_1box_1straight,0,,1000,0.0,-1.0
4929,2018-05-28,E_3mini_1set_1straight_prev,0,,1000,0.0,-1.0
4929,2018-05-28,F_5mini_random,0,,1000,0.0,-1.0
4930,2018-05-29,A_5mini_hot,0,,1000,0.0,-1.0
4930,2018-05-29,B_5mini_unseen,0,,1000,0.0,-1.0
4930,2018-05-29,C_4mini_1box_hot,0,,1000,0.0,-1.0
4930,2018-05-29,D_3mini_1box_1straight,0,,1000,0.0,-1.0
4930,2018-05-29,E_3mini_1set_1straight_prev,0,,1000,0.0,-1.0
4930,2018-05-29,F_5mini_random,0,,1000,0.0,-1.0
4931,2018-05-30,A_5mini_hot,0,,1000,0.0,-1.0
4931,2018-05-30,B_5mini_unseen,0,,1000,0.0,-1.0
4931,2018-05-30,C_4mini_1box_hot,0,,1000,0.0,-1.0
4931,2018-05-30,D_3mini_1box_1straight,0,,1000,0.0,-1.0
4931,2018-05-30,E_3mini_1set_1straight_prev,0,,1000,0.0,-1.0
4931,2018-05-30,F_5mini_random,0,,1000,0.0,-1.0
4932,2018-05-31,A_5mini_hot,0,,1000,0.0,-1.0
4932,2018-05-31,B_5mini_unseen,0,,1000,0.0,-1.0
4932,2018-05-31,C_4mini_1box_hot,0,,1000,0.0,-1.0
4932,2018-05-31,D_3mini_1box_1straight,0,,1000,0.0,-1.0
4932,2018-05-31,E_3mini_1set_1straight_prev,0,,1000,0.0,-1.0
4932,2018-05-31,F_5mini_random,0,,1000,0.0,-1.0
4933,2018-06-01,A_5mini_hot,0,,1000,0.0,-1.0
4933,2018-06-01,B_5mini_unseen,0,,1000,0.0,-1.0
4933,2018-06-01,C_4mini_1box_hot,0,,1000,0.0,-1.0
4933,2018-06-01,D_3mini_1box_1straight,0,,1000,0.0,-1.0
4933,2018-06-01,E_3mini_1set_1straight_prev,0,,1000,0.0,-1.0
4933,2018-06-01,F_5mini_random,0,,1000,0.0,-1.0
4934,2018-06-04,A_5mini_hot,0,,1000,0.0,-1.0
4934,2018-06-04,B_5mini_unseen,0,,1000,0.0,-1.0
4934,2018-06-04,C_4mini_1box_hot,0,,1000,0.0,-1.0
4934,2018-06-04,D_3mini_1box_1straight,0,,1000,0.0,-1.0
4934,2018-06-04,E_3mini_1set_1straight_prev,0,,1000,0.0,-1.0
4934,2018-06-04,F_5mini_random,0,,1000,0.0,-1.0
4935,2018-06-05,A_5mini_hot,0,,1000,0.0,-1.0
4935,2018-06-05,B_5mini_unseen,0,,1000,0.0,-1.0
4935,2018-06-05,C_4mini_1box_hot,0,,1000,0.0,-1.0
4935,2018-06-05,D_3mini_1box_1straight,0,,1000,0.0,-1.0
4935,2018-06-05,E_3mini_1set_1straight_prev,0,,1000,0.0,-1.0
4935,2018-06-05,F_5mini_random,0,,1000,0.0,-1.0
4936,2018-06-06,A_5mini_hot,0,,1000,0.0,-1.0
4936,2018-06-06,B_5mini_unseen,0,,1000,0.0,-1.0
4936,2018-06-06,C_4mini_1box_hot,0,,1000,0.0,-1.0
4936,2018-06-06,D_3mini_1box_1straight,0,,1000,0.0,-1.0
4936,2018-06-06,E_3mini_1set_1straight_prev,0,,1000,0.0,-1.0
4936,2018-06-06,F_5mini_random,0,,1000,0.0,-1.0
4937,2018-06-07,A_5mini_hot,0,,1000,0.0,-1.0
4937,2018-06-07,B_5mini_unseen,0,,1000,0.0,-1.0
4937,2018-06-07,C_4mini_1box_hot,0,,1000,0.0,-1.0
4937,2018-06-07,D_3mini_1box_1straight,0,,1000,0.0,-1.0
4937,2018-06-07,E_3mini_1set_1straight_prev,0,,1000,0.0,-1.0
4937,2018-06-07,F_5mini_random,0,,1000,0.0,-1.0
4938,2018-06-08,A_5mini_hot,0,,1000,0.0,-1.0
4938,2018-06-08,B_5mini_unseen,0,,1000,0.0,-1.0
4938,2018-06-08,C_4mini_1box_hot,0,,1000,0.0,-1.0
4938,2018-06-08,D_3mini_1box_1straight,0,,1000,0.0,-1.0
4938,2018-06-08,E_3mini_1set_1straight_prev,0,,1000,0.0,-1.0
4938,2018-06-08,F_5mini_random,0,,1000,0.0,-1.0
4939,2018-06-11,A_5mini_hot,0,,1000,0.0,-1.0
4939,2018-06-11,B_5mini_unseen,0,,1000,0.0,-1.0
4939,2018-06-11,C_4mini_1box_hot,0,,1000,0.0,-1.0
4939,2018-06-11,D_3mini_1box_1straight,0,,1000,0.0,-1.0
4939,2018-06-11,E_3mini_1set_1straight_prev,0,,1000,0.0,-1.0
4939,2018-06-11,F_5mini_random,1,mini,1000,9000.0,8.0
4940,2018-06-12,A_5mini_hot,1,mini,1000,9000.0,8.0
4940,2018-06-12,B_5mini_unseen,0,,1000,0.0,-1.0
4940,2018-06-12,C_4mini_1box_hot,0,,1000,0.0,-1.0
4940,2018-06-12,D_3mini_1box_1straight,0,,1000,0.0,-1.0
4940,2018-06-12,E_3mini_1set_1straight_prev,0,,1000,0.0,-1.0
4940,2018-06-12,F_5mini_random,0,,1000,0.0,-1.0
4941,2018-06-13,A_5mini_hot,0,,1000,0.0,-1.0
4941,2018-06-13,B_5mini_unseen,0,,1000,0.0,-1.0
4941,2018-06-13,C_4mini_1box_hot,0,,1000,0.0,-1.0
4941,2018-06-13,D_3mini_1box_1straight,0,,1000,0.0,-1.0
4941,2018-06-13,E_3mini_1set_1straight_prev,0,,1000,0.0,-1.0
4941,2018-06-13,F_5mini_random,0,,1000,0.0,-1.0
4942,2018-06-14,A_5mini_hot,0,,1000,0.0,-1.0
4942,2018-06-14,B_5mini_unseen,0,,1000,0.0,-1.0
4942,2018-06-14,C_4mini_1box_hot,0,,1000,0.0,-1.0
4942,2018-06-14,D_3mini_1box_1straight,0,,1000,0.0,-1.0
4942,2018-06-14,E_3mini_1set_1straight_prev,0,,1000,0.0,-1.0
4942,2018-06-14,F_5mini_random,0,,1000,0.0,-1.0
4943,2018-06-15,A_5mini_hot,0,,1000,0.0,-1.0
4943,2018-06-15,B_5mini_unseen,0,,1000,0.0,-1.0
4943,2018-06-15,C_4mini_1box_hot,0,,1000,0.0,-1.0
4943,2018-06-15,D_3mini_1box_1straight,0,,1000,0.0,-1.0
4943,2018-06-15,E_3mini_1set_1straight_prev,0,,1000,0.0,-1.0
4943,2018-06-15,F_5mini_random,0,,1000,0.0,-1.0
4944,2018-06-18,A_5mini_hot,0,,1000,0.0,-1.0
4944,2018-06-18,B_5mini_unseen,0,,1000,0.0,-1.0
4944,2018-06-18,C_4mini_1box_hot,1,box,1000,30000.0,29.0
4944,2018-06-18,D_3mini_1box_1straight,1,"box,straight",1000,120000.0,119.0
4944,2018-06-18,E_3mini_1set_1straight_prev,1,set_straight,1000,52500.0,51.5
4944,2018-06-18,F_5mini_random,0,,1000,0.0,-1.0
4945,2018-06-19,A_5mini_hot,0,,1000,0.0,-1.0
4945,2018-06-19,B_5mini_unseen,0,,1000,0.0,-1.0
4945,2018-06-19,C_4mini_1box_hot,0,,1000,0.0,-1.0
4945,2018-06-19,D_3mini_1box_1straight,0,,1000,0.0,-1.0
4945,2018-06-19,E_3mini_1set_1straight_prev,0,,1000,0.0,-1.0
4945,2018-06-19,F_5mini_random,1,mini,1000,9000.0,8.0
4946,2018-06-20,A_5mini_hot,0,,1000,0.0,-1.0
4946,2018-06-20,B_5mini_unseen,0,,1000,0.0,-1.0
4946,2018-06-20,C_4mini_1box_hot,0,,1000,0.0,-1.0
4946,2018-06-20,D_3mini_1box_1straight,0,,1000,0.0,-1.0
4946,2018-06-20,E_3mini_1set_1straight_prev,0,,1000,0.0,-1.0
4946,2018-06-20,F_5mini_random,0,,1000,0.0,-1.0
4947,2018-06-21,A_5mini_hot,0,,1000,0.0,-1.0
4947,2018-06-21,B_5mini_unseen,0,,1000,0.0,-1.0
4947,2018-06-21,C_4mini_1box_hot,0,,1000,0.0,-1.0
4947,2018-06-21,D_3mini_1box_1straight,0,,1000,0.0,-1.0
4947,2018-06-21,E_3mini_1set_1straight_prev,0,,1000,0.0,-1.0
4947,2018-06-21,F_5mini_random,0,,1000,0.0,-1.0
4948,2018-06-22,A_5mini_hot,0,,1000,0.0,-1.0
4948,2018-06-22,B_5mini_unseen,1,mini,1000,9000.0,8.0
4948,2018-06-22,C_4mini_1box_hot,0,,1000,0.0,-1.0
4948,2018-06-22,D_3mini_1box_1straight,0,,1000,0.0,-1.0
4948,2018-06-22,E_3mini_1set_1straight_prev,0,,1000,0.0,-1.0
4948,2018-06-22,F_5mini_random,0,,1000,0.0,-1.0
4949,2018-06-25,A_5mini_hot,0,,1000,0.0,-1.0
4949,2018-06-25,B_5mini_unseen,0,,1000,0.0,-1.0
4949,2018-06-25,C_4mini_1box_hot,0,,1000,0.0,-1.0
4949,2018-06-25,D_3mini_1box_1straight,0,,1000,0.0,-1.0
4949,2018-06-25,E_3mini_1set_1straight_prev,0,,1000,0.0,-1.0
4949,2018-06-25,F_5mini_random,0,,1000,0.0,-1.0
4950,2018-06-26,A_5mini_hot,0,,1000,0.0,-1.0
4950,2018-06-26,B_5mini_unseen,0,,1000,0.0,-1.0
4950,2018-06-26,C_4mini_1box_hot,0,,1000,0.0,-1.0
4950,2018-06-26,D_3mini_1box_1straight,0,,1000,0.0,-1.0
4950,2018-06-26,E_3mini_1set_1straight_prev,0,,1000,0.0,-1.0
4950,2018-06-26,F_5mini_random,0,,1000,0.0,-1.0
4951,2018-06-27,A_5mini_hot,0,,1000,0.0,-1.0
4951,2018-06-27,B_5mini_unseen,0,,1000,0.0,-1.0
4951,2018-06-27,C_4mini_1box_hot,0,,1000,0.0,-1.0
4951,2018-06-27,D_3mini_1box_1straight,0,,1000,0.0,-1.0
4951,2018-06-27,E_3mini_1set_1straight_prev,0,,1000,0.0,-1.0
4951,2018-06-27,F_5mini_random,0,,1000,0.0,-1.0
4952,2018-06-28,A_5mini_hot,0,,1000,0.0,-1.0
4952,2018-06-28,B_5mini_unseen,0,,1000,0.0,-1.0
4952,2018-06-28,C_4mini_1box_hot,0,,1000,0.0,-1.0
4952,2018-06-28,D_3mini_1box_1straight,0,,1000,0.0,-1.0
4952,2018-06-28,E_3mini_1set_1straight_prev,0,,1000,0.0,-1.0
4952,2018-06-28,F_5mini_random,0,,1000,0.0,-1.0
4953,2018-06-29,A_5mini_hot,0,,1000,0.0,-1.0
4953,2018-06-29,B_5mini_unseen,0,,1000,0.0,-1.0
4953,2018-06-29,C_4mini_1box_hot,0,,1000,0.0,-1.0
4953,2018-06-29,D_3mini_1box_1straight,0,,1000,0.0,-1.0
4953,2018-06-29,E_3mini_1set_1straight_prev,0,,1000,0.0,-1.0
4953,2018-06-29,F_5mini_random,1,mini,1000,9000.0,8.0
4954,2018-07-02,A_5mini_hot,0,,1000,0.0,-1.0
4954,2018-07-02,B_5mini_unseen,0,,1000,0.0,-1.0
4954,2018-07-02,C_4mini_1box_hot,0,,1000,0.0,-1.0
4954,2018-07-02,D_3mini_1box_1straight,0,,1000,0.0,-1.0
4954,2018-07-02,E_3mini_1set_1straight_prev,0,,1000,0.0,-1.0
4954,2018-07-02,F_5mini_random,0,,1000,0.0,-1.0
4955,2018-07-03,A_5mini_hot,0,,1000,0.0,-1.0
4955,2018-07-03,B_5mini_unseen,0,,1000,0.0,-1.0
4955,2018-07-03,C_4mini_1box_hot,0,,1000,0.0,-1.0
4955,2018-07-03,D_3mini_1box_1straight,0,,1000,0.0,-1.0
4955,2018-07-03,E_3mini_1set_1straight_prev,0,,1000,0.0,-1.0
4955,2018-07-03,F_5mini_random,0,,1000,0.0,-1.0
4956,2018-07-04,A_5mini_hot,0,,1000,0.0,-1.0
4956,2018-07-04,B_5mini_unseen,0,,1000,0.0,-1.0
4956,2018-07-04,C_4mini_1box_hot,0,,1000,0.0,-1.0
4956,2018-07-04,D_3mini_1box_1straight,0,,1000,0.0,-1.0
4956,2018-07-04,E_3mini_1set_1straight_prev,0,,1000,0.0,-1.0
4956,2018-07-04,F_5mini_random,0,,1000,0.0,-1.0
4957,2018-07-05,A_5mini_hot,0,,1000,0.0,-1.0
4957,2018-07-05,B_5mini_unseen,0,,1000,0.0,-1.0
4957,2018-07-05,C_4mini_1box_hot,0,,1000,0.0,-1.0
4957,2018-07-05,D_3mini_1box_1straight,0,,1000,0.0,-1.0
4957,2018-07-05,E_3mini_1set_1straight_prev,0,,1000,0.0,-1.0
4957,2018-07-05,F_5mini_random,0,,1000,0.0,-1.0
4958,2018-07-06,A_5mini_hot,0,,1000,0.0,-1.0
4958,2018-07-06,B_5mini_unseen,0,,1000,0.0,-1.0
4958,2018-07-06,C_4mini_1box_hot,0,,1000,0.0,-1.0
4958,2018-07-06,D_3mini_1box_1straight,0,,1000,0.0,-1.0
4958,2018-07-06,E_3mini_1set_1straight_prev,0,,1000,0.0,-1.0
4958,2018-07-06,F_5mini_random,0,,1000,0.0,-1.0
4959,2018-07-09,A_5mini_hot,0,,1000,0.0,-1.0
4959,2018-07-09,B_5mini_unseen,0,,1000,0.0,-1.0
4959,2018-07-09,C_4mini_1box_hot,0,,1000,0.0,-1.0
4959,2018-07-09,D_3mini_1box_1straight,0,,1000,0.0,-1.0
4959,2018-07-09,E_3mini_1set_1straight_prev,0,,1000,0.0,-1.0
4959,2018-07-09,F_5mini_random,1,mini,1000,9000.0,8.0
4960,2018-07-10,A_5mini_hot,0,,1000,0.0,-1.0
4960,2018-07-10,B_5mini_unseen,0,,1000,0.0,-1.0
4960,2018-07-10,C_4mini_1box_hot,0,,1000,0.0,-1.0
4960,2018-07-10,D_3mini_1box_1straight,0,,1000,0.0,-1.0
4960,2018-07-10,E_3mini_1set_1straight_prev,0,,1000,0.0,-1.0
4960,2018-07-10,F_5mini_random,0,,1000,0.0,-1.0
4961,2018-07-11,A_5mini_hot,0,,1000,0.0,-1.0
4961,2018-07-11,B_5mini_unseen,0,,1000,0.0,-1.0
4961,2018-07-11,C_4mini_1box_hot,0,,1000,0.0,-1.0
4961,2018-07-11,D_3mini_1box_1straight,0,,1000,0.0,-1.0
4961,2018-07-11,E_3mini_1set_1straight_prev,0,,1000,0.0,-1.0
4961,2018-07-11,F_5mini_random,0,,1000,0.0,-1.0
4962,2018-07-12,A_5mini_hot,0,,1000,0.0,-1.0
4962,2018-07-12,B_5mini_unseen,1,mini,1000,9000.0,8.0
4962,2018-07-12,C_4mini_1box_hot,0,,1000,0.0,-1.0
4962,2018-07-12,D_3mini_1box_1straight,0,,1000,0.0,-1.0
4962,2018-07-12,E_3mini_1set_1straight_prev,0,,1000,0.0,-1.0
4962,2018-07-12,F_5mini_random,0,,1000,0.0,-1.0
4963,2018-07-13,A_5mini_hot,0,,1000,0.0,-1.0
4963,2018-07-13,B_5mini_unseen,0,,1000,0.0,-1.0
4963,2018-07-13,C_4mini_1box_hot,0,,1000,0.0,-1.0
4963,2018-07-13,D_3mini_1box_1straight,0,,1000,0.0,-1.0
4963,2018-07-13,E_3mini_1set_1straight_prev,0,,1000,0.0,-1.0
4963,2018-07-13,F_5mini_random,0,,1000,0.0,-1.0
4964,2018-07-16,A_5mini_hot,0,,1000,0.0,-1.0
4964,2018-07-16,B_5mini_unseen,0,,1000,0.0,-1.0
4964,2018-07-16,C_4mini_1box_hot,0,,1000,0.0,-1.0
4964,2018-07-16,D_3mini_1box_1straight,0,,1000,0.0,-1.0
4964,2018-07-16,E_3mini_1set_1straight_prev,0,,1000,0.0,-1.0
4964,2018-07-16,F_5mini_random,0,,1000,0.0,-1.0
4965,2018-07-17,A_5mini_hot,0,,1000,0.0,-1.0
4965,2018-07-17,B_5mini_unseen,0,,1000,0.0,-1.0
4965,2018-07-17,C_4mini_1box_hot,0,,1000,0.0,-1.0
4965,2018-07-17,D_3mini_1box_1straight,0,,1000,0.0,-1.0
4965,2018-07-17,E_3mini_1set_1straight_prev,0,,1000,0.0,-1.0
4965,2018-07-17,F_5mini_random,0,,1000,0.0,-1.0
4966,2018-07-18,A_5mini_hot,0,,1000,0.0,-1.0
4966,2018-07-18,B_5mini_unseen,0,,1000,0.0,-1.0
4966,2018-07-18,C_4mini_1box_hot,0,,1000,0.0,-1.0
4966,2018-07-18,D_3mini_1box_1straight,0,,1000,0.0,-1.0
4966,2018-07-18,E_3mini_1set_1straight_prev,0,,1000,0.0,-1.0
4966,2018-07-18,F_5mini_random,0,,1000,0.0,-1.0
4967,2018-07-19,A_5mini_hot,1,mini,1000,9000.0,8.0
4967,2018-07-19,B_5mini_unseen,0,,1000,0.0,-1.0
4967,2018-07-19,C_4mini_1box_hot,1,mini,1000,9000.0,8.0
4967,2018-07-19,D_3mini_1box_1straight,0,,1000,0.0,-1.0
4967,2018-07-19,E_3mini_1set_1straight_prev,0,,1000,0.0,-1.0
4967,2018-07-19,F_5mini_random,0,,1000,0.0,-1.0
4968,2018-07-20,A_5mini_hot,0,,1000,0.0,-1.0
4968,2018-07-20,B_5mini_unseen,0,,1000,0.0,-1.0
4968,2018-07-20,C_4mini_1box_hot,0,,1000,0.0,-1.0
4968,2018-07-20,D_3mini_1box_1straight,0,,1000,0.0,-1.0
4968,2018-07-20,E_3mini_1set_1straight_prev,0,,1000,0.0,-1.0
4968,2018-07-20,F_5mini_random,0,,1000,0.0,-1.0
4969,2018-07-23,A_5mini_hot,0,,1000,0.0,-1.0
4969,2018-07-23,B_5mini_unseen,0,,1000,0.0,-1.0
4969,2018-07-23,C_4mini_1box_hot,0,,1000,0.0,-1.0
4969,2018-07-23,D_3mini_1box_1straight,0,,1000,0.0,-1.0
4969,2018-07-23,E_3mini_1set_1straight_prev,0,,1000,0.0,-1.0
4969,2018-07-23,F_5mini_random,0,,1000,0.0,-1.0
4970,2018-07-24,A_5mini_hot,0,,1000,0.0,-1.0
4970,2018-07-24,B_5mini_unseen,0,,1000,0.0,-1.0
4970,2018-07-24,C_4mini_1box_hot,0,,1000,0.0,-1.0
4970,2018-07-24,D_3mini_1box_1straight,0,,1000,0.0,-1.0
4970,2018-07-24,E_3mini_1set_1straight_prev,0,,1000,0.0,-1.0
4970,2018-07-24,F_5mini_random,0,,1000,0.0,-1.0
4971,2018-07-25,A_5mini_hot,0,,1000,0.0,-1.0
4971,2018-07-25,B_5mini_unseen,0,,1000,0.0,-1.0
4971,2018-07-25,C_4mini_1box_hot,0,,1000,0.0,-1.0
4971,2018-07-25,D_3mini_1box_1straight,0,,1000,0.0,-1.0
4971,2018-07-25,E_3mini_1set_1straight_prev,0,,1000,0.0,-1.0
4971,2018-07-25,F_5mini_random,0,,1000,0.0,-1.0
4972,2018-07-26,A_5mini_hot,0,,1000,0.0,-1.0
4972,2018-07-26,B_5mini_unseen,0,,1000,0.0,-1.0
4972,2018-07-26,C_4mini_1box_hot,0,,1000,0.0,-1.0
4972,2018-07-26,D_3mini_1box_1straight,0,,1000,0.0,-1.0
4972,2018-07-26,E_3mini_1set_1straight_prev,0,,1000,0.0,-1.0
4972,2018-07-26,F_5mini_random,0,,1000,0.0,-1.0
4973,2018-07-27,A_5mini_hot,0,,1000,0.0,-1.0
4973,2018-07-27,B_5mini_unseen,0,,1000,0.0,-1.0
4973,2018-07-27,C_4mini_1box_hot,0,,1000,0.0,-1.0
4973,2018-07-27,D_3mini_1box_1straight,0,,1000,0.0,-1.0
4973,2018-07-27,E_3mini_1set_1straight_prev,0,,1000,0.0,-1.0
4973,2018-07-27,F_5mini_random,0,,1000,0.0,-1.0
4974,2018-07-30,A_5mini_hot,0,,1000,0.0,-1.0
4974,2018-07-30,B_5mini_unseen,0,,1000,0.0,-1.0
4974,2018-07-30,C_4mini_1box_hot,0,,1000,0.0,-1.0
4974,2018-07-30,D_3mini_1box_1straight,0,,1000,0.0,-1.0
4974,2018-07-30,E_3mini_1set_1straight_prev,0,,1000,0.0,-1.0
4974,2018-07-30,F_5mini_random,0,,1000,0.0,-1.0
4975,2018-07-31,A_5mini_hot,0,,1000,0.0,-1.0
4975,2018-07-31,B_5mini_unseen,0,,1000,0.0,-1.0
4975,2018-07-31,C_4mini_1box_hot,0,,1000,0.0,-1.0
4975,2018-07-31,D_3mini_1box_1straight,0,,1000,0.0,-1.0
4975,2018-07-31,E_3mini_1set_1straight_prev,0,,1000,0.0,-1.0
4975,2018-07-31,F_5mini_random,0,,1000,0.0,-1.0
4976,2018-08-01,A_5mini_hot,0,,1000,0.0,-1.0
4976,2018-08-01,B_5mini_unseen,0,,1000,0.0,-1.0
4976,2018-08-01,C_4mini_1box_hot,0,,1000,0.0,-1.0
4976,2018-08-01,D_3mini_1box_1straight,0,,1000,0.0,-1.0
4976,2018-08-01,E_3mini_1set_1straight_prev,0,,1000,0.0,-1.0
4976,2018-08-01,F_5mini_random,0,,1000,0.0,-1.0
4977,2018-08-02,A_5mini_hot,0,,1000,0.0,-1.0
4977,2018-08-02,B_5mini_unseen,0,,1000,0.0,-1.0
4977,2018-08-02,C_4mini_1box_hot,0,,1000,0.0,-1.0
4977,2018-08-02,D_3mini_1box_1straight,0,,1000,0.0,-1.0
4977,2018-08-02,E_3mini_1set_1straight_prev,0,,1000,0.0,-1.0
4977,2018-08-02,F_5mini_random,0,,1000,0.0,-1.0
4978,2018-08-03,A_5mini_hot,0,,1000,0.0,-1.0
4978,2018-08-03,B_5mini_unseen,0,,1000,0.0,-1.0
4978,2018-08-03,C_4mini_1box_hot,0,,1000,0.0,-1.0
4978,2018-08-03,D_3mini_1box_1straight,0,,1000,0.0,-1.0
4978,2018-08-03,E_3mini_1set_1straight_prev,0,,1000,0.0,-1.0
4978,2018-08-03,F_5mini_random,0,,1000,0.0,-1.0
4979,2018-08-06,A_5mini_hot,0,,1000,0.0,-1.0
4979,2018-08-06,B_5mini_unseen,0,,1000,0.0,-1.0
4979,2018-08-06,C_4mini_1box_hot,0,,1000,0.0,-1.0
4979,2018-08-06,D_3mini_1box_1straight,0,,1000,0.0,-1.0
4979,2018-08-06,E_3mini_1set_1straight_prev,0,,1000,0.0,-1.0
4979,2018-08-06,F_5mini_random,0,,1000,0.0,-1.0
4980,2018-08-07,A_5mini_hot,0,,1000,0.0,-1.0
4980,2018-08-07,B_5mini_unseen,0,,1000,0.0,-1.0
4980,2018-08-07,C_4mini_1box_hot,0,,1000,0.0,-1.0
4980,2018-08-07,D_3mini_1box_1straight,0,,1000,0.0,-1.0
4980,2018-08-07,E_3mini_1set_1straight_prev,0,,1000,0.0,-1.0
4980,2018-08-07,F_5mini_random,0,,1000,0.0,-1.0
4981,2018-08-08,A_5mini_hot,0,,1000,0.0,-1.0
4981,2018-08-08,B_5mini_unseen,0,,1000,0.0,-1.0
4981,2018-08-08,C_4mini_1box_hot,0,,1000,0.0,-1.0
4981,2018-08-08,D_3mini_1box_1straight,0,,1000,0.0,-1.0
4981,2018-08-08,E_3mini_1set_1straight_prev,0,,1000,0.0,-1.0
4981,2018-08-08,F_5mini_random,0,,1000,0.0,-1.0
4982,2018-08-09,A_5mini_hot,0,,1000,0.0,-1.0
4982,2018-08-09,B_5mini_unseen,0,,1000,0.0,-1.0
4982,2018-08-09,C_4mini_1box_hot,0,,1000,0.0,-1.0
4982,2018-08-09,D_3mini_1box_1straight,0,,1000,0.0,-1.0
4982,2018-08-09,E_3mini_1set_1straight_prev,0,,1000,0.0,-1.0
4982,2018-08-09,F_5mini_random,0,,1000,0.0,-1.0
4983,2018-08-10,A_5mini_hot,0,,1000,0.0,-1.0
4983,2018-08-10,B_5mini_unseen,0,,1000,0.0,-1.0
4983,2018-08-10,C_4mini_1box_hot,0,,1000,0.0,-1.0
4983,2018-08-10,D_3mini_1box_1straight,0,,1000,0.0,-1.0
4983,2018-08-10,E_3mini_1set_1straight_prev,0,,1000,0.0,-1.0
4983,2018-08-10,F_5mini_random,0,,1000,0.0,-1.0
4984,2018-08-13,A_5mini_hot,0,,1000,0.0,-1.0
4984,2018-08-13,B_5mini_unseen,0,,1000,0.0,-1.0
4984,2018-08-13,C_4mini_1box_hot,0,,1000,0.0,-1.0
4984,2018-08-13,D_3mini_1box_1straight,0,,1000,0.0,-1.0
4984,2018-08-13,E_3mini_1set_1straight_prev,0,,1000,0.0,-1.0
4984,2018-08-13,F_5mini_random,0,,1000,0.0,-1.0
4985,2018-08-14,A_5mini_hot,0,,1000,0.0,-1.0
4985,2018-08-14,B_5mini_unseen,0,,1000,0.0,-1.0
4985,2018-08-14,C_4mini_1box_hot,0,,1000,0.0,-1.0
4985,2018-08-14,D_3mini_1box_1straight,0,,1000,0.0,-1.0
4985,2018-08-14,E_3mini_1set_1straight_prev,0,,1000,0.0,-1.0
4985,2018-08-14,F_5mini_random,0,,1000,0.0,-1.0
4986,2018-08-15,A_5mini_hot,0,,1000,0.0,-1.0
4986,2018-08-15,B_5mini_unseen,0,,1000,0.0,-1.0
4986,2018-08-15,C_4mini_1box_hot,0,,1000,0.0,-1.0
4986,2018-08-15,D_3mini_1box_1straight,0,,1000,0.0,-1.0
4986,2018-08-15,E_3mini_1set_1straight_prev,0,,1000,0.0,-1.0
4986,2018-08-15,F_5mini_random,0,,1000,0.0,-1.0
4987,2018-08-16,A_5mini_hot,0,,1000,0.0,-1.0
4987,2018-08-16,B_5mini_unseen,0,,1000,0.0,-1.0
4987,2018-08-16,C_4mini_1box_hot,0,,1000,0.0,-1.0
4987,2018-08-16,D_3mini_1box_1straight,0,,1000,0.0,-1.0
4987,2018-08-16,E_3mini_1set_1straight_prev,0,,1000,0.0,-1.0
4987,2018-08-16,F_5mini_random,0,,1000,0.0,-1.0
4988,2018-08-17,A_5mini_hot,0,,1000,0.0,-1.0
4988,2018-08-17,B_5mini_unseen,0,,1000,0.0,-1.0
4988,2018-08-17,C_4mini_1box_hot,0,,1000,0.0,-1.0
4988,2018-08-17,D_3mini_1box_1straight,0,,1000,0.0,-1.0
4988,2018-08-17,E_3mini_1set_1straight_prev,0,,1000,0.0,-1.0
4988,2018-08-17,F_5mini_random,0,,1000,0.0,-1.0
4989,2018-08-20,A_5mini_hot,0,,1000,0.0,-1.0
4989,2018-08-20,B_5mini_unseen,1,mini,1000,9000.0,8.0
4989,2018-08-20,C_4mini_1box_hot,0,,1000,0.0,-1.0
4989,2018-08-20,D_3mini_1box_1straight,0,,1000,0.0,-1.0
4989,2018-08-20,E_3mini_1set_1straight_prev,0,,1000,0.0,-1.0
4989,2018-08-20,F_5mini_random,0,,1000,0.0,-1.0
4990,2018-08-21,A_5mini_hot,0,,1000,0.0,-1.0
4990,2018-08-21,B_5mini_unseen,0,,1000,0.0,-1.0
4990,2018-08-21,C_4mini_1box_hot,0,,1000,0.0,-1.0
4990,2018-08-21,D_3mini_1box_1straight,0,,1000,0.0,-1.0
4990,2018-08-21,E_3mini_1set_1straight_prev,0,,1000,0.0,-1.0
4990,2018-08-21,F_5mini_random,0,,1000,0.0,-1.0
4991,2018-08-22,A_5mini_hot,0,,1000,0.0,-1.0
4991,2018-08-22,B_5mini_unseen,0,,1000,0.0,-1.0
4991,2018-08-22,C_4mini_1box_hot,0,,1000,0.0,-1.0
4991,2018-08-22,D_3mini_1box_1straight,0,,1000,0.0,-1.0
4991,2018-08-22,E_3mini_1set_1straight_prev,0,,1000,0.0,-1.0
4991,2018-08-22,F_5mini_random,0,,1000,0.0,-1.0
4992,2018-08-23,A_5mini_hot,0,,1000,0.0,-1.0
4992,2018-08-23,B_5mini_unseen,0,,1000,0.0,-1.0
4992,2018-08-23,C_4mini_1box_hot,0,,1000,0.0,-1.0
4992,2018-08-23,D_3mini_1box_1straight,0,,1000,0.0,-1.0
4992,2018-08-23,E_3mini_1set_1straight_prev,0,,1000,0.0,-1.0
4992,2018-08-23,F_5mini_random,0,,1000,0.0,-1.0
4993,2018-08-24,A_5mini_hot,0,,1000,0.0,-1.0
4993,2018-08-24,B_5mini_unseen,0,,1000,0.0,-1.0
4993,2018-08-24,C_4mini_1box_hot,0,,1000,0.0,-1.0
4993,2018-08-24,D_3mini_1box_1straight,0,,1000,0.0,-1.0
4993,2018-08-24,E_3mini_1set_1straight_prev,0,,1000,0.0,-1.0
4993,2018-08-24,F_5mini_random,0,,1000,0.0,-1.0
4994,2018-08-27,A_5mini_hot,0,,1000,0.0,-1.0
4994,2018-08-27,B_5mini_unseen,1,mini,1000,9000.0,8.0
4994,2018-08-27,C_4mini_1box_hot,0,,1000,0.0,-1.0
4994,2018-08-27,D_3mini_1box_1straight,0,,1000,0.0,-1.0
4994,2018-08-27,E_3mini_1set_1straight_prev,0,,1000,0.0,-1.0
4994,2018-08-27,F_5mini_random,0,,1000,0.0,-1.0
4995,2018-08-28,A_5mini_hot,0,,1000,0.0,-1.0
4995,2018-08-28,B_5mini_unseen,0,,1000,0.0,-1.0
4995,2018-08-28,C_4mini_1box_hot,0,,1000,0.0,-1.0
4995,2018-08-28,D_3mini_1box_1straight,0,,1000,0.0,-1.0
4995,2018-08-28,E_3mini_1set_1straight_prev,0,,1000,0.0,-1.0
4995,2018-08-28,F_5mini_random,0,,1000,0.0,-1.0
4996,2018-08-29,A_5mini_hot,0,,1000,0.0,-1.0
4996,2018-08-29,B_5mini_unseen,0,,1000,0.0,-1.0
4996,2018-08-29,C_4mini_1box_hot,0,,1000,0.0,-1.0
4996,2018-08-29,D_3mini_1box_1straight,0,,1000,0.0,-1.0
4996,2018-08-29,E_3mini_1set_1straight_prev,0,,1000,0.0,-1.0
4996,2018-08-29,F_5mini_random,0,,1000,0.0,-1.0
4997,2018-08-30,A_5mini_hot,0,,1000,0.0,-1.0
4997,2018-08-30,B_5mini_unseen,0,,1000,0.0,-1.0
4997,2018-08-30,C_4mini_1box_hot,0,,1000,0.0,-1.0
4997,2018-08-30,D_3mini_1box_1straight,0,,1000,0.0,-1.0
4997,2018-08-30,E_3mini_1set_1straight_prev,0,,1000,0.0,-1.0
4997,2018-08-30,F_5mini_random,0,,1000,0.0,-1.0
4998,2018-08-31,A_5mini_hot,0,,1000,0.0,-1.0
4998,2018-08-31,B_5mini_unseen,0,,1000,0.0,-1.0
4998,2018-08-31,C_4mini_1box_hot,0,,1000,0.0,-1.0
4998,2018-08-31,D_3mini_1box_1straight,0,,1000,0.0,-1.0
4998,2018-08-31,E_3mini_1set_1straight_prev,0,,1000,0.0,-1.0
4998,2018-08-31,F_5mini_random,0,,1000,0.0,-1.0
4999,2018-09-03,A_5mini_hot,0,,1000,0.0,-1.0
4999,2018-09-03,B_5mini_unseen,0,,1000,0.0,-1.0
4999,2018-09-03,C_4mini_1box_hot,0,,1000,0.0,-1.0
4999,2018-09-03,D_3mini_1box_1straight,0,,1000,0.0,-1.0
4999,2018-09-03,E_3mini_1set_1straight_prev,0,,1000,0.0,-1.0
4999,2018-09-03,F_5mini_random,0,,1000,0.0,-1.0
5000,2018-09-04,A_5mini_hot,0,,1000,0.0,-1.0
5000,2018-09-04,B_5mini_unseen,0,,1000,0.0,-1.0
5000,2018-09-04,C_4mini_1box_hot,0,,1000,0.0,-1.0
5000,2018-09-04,D_3mini_1box_1straight,0,,1000,0.0,-1.0
5000,2018-09-04,E_3mini_1set_1straight_prev,0,,1000,0.0,-1.0
5000,2018-09-04,F_5mini_random,0,,1000,0.0,-1.0
5001,2018-09-05,A_5mini_hot,0,,1000,0.0,-1.0
5001,2018-09-05,B_5mini_unseen,0,,1000,0.0,-1.0
5001,2018-09-05,C_4mini_1box_hot,0,,1000,0.0,-1.0
5001,2018-09-05,D_3mini_1box_1straight,0,,1000,0.0,-1.0
5001,2018-09-05,E_3mini_1set_1straight_prev,0,,1000,0.0,-1.0
5001,2018-09-05,F_5mini_random,0,,1000,0.0,-1.0
5002,2018-09-06,A_5mini_hot,1,mini,1000,9000.0,8.0
5002,2018-09-06,B_5mini_unseen,0,,1000,0.0,-1.0
5002,2018-09-06,C_4mini_1box_hot,0,,1000,0.0,-1.0
5002,2018-09-06,D_3mini_1box_1straight,0,,1000,0.0,-1.0
5002,2018-09-06,E_3mini_1set_1straight_prev,0,,1000,0.0,-1.0
5002,2018-09-06,F_5mini_random,0,,1000,0.0,-1.0
5003,2018-09-07,A_5mini_hot,0,,1000,0.0,-1.0
5003,2018-09-07,B_5mini_unseen,0,,1000,0.0,-1.0
5003,2018-09-07,C_4mini_1box_hot,0,,1000,0.0,-1.0
5003,2018-09-07,D_3mini_1box_1straight,0,,1000,0.0,-1.0
5003,2018-09-07,E_3mini_1set_1straight_prev,0,,1000,0.0,-1.0
5003,2018-09-07,F_5mini_random,1,mini,1000,9000.0,8.0
5004,2018-09-10,A_5mini_hot,0,,1000,0.0,-1.0
5004,2018-09-10,B_5mini_unseen,0,,1000,0.0,-1.0
5004,2018-09-10,C_4mini_1box_hot,0,,1000,0.0,-1.0
5004,2018-09-10,D_3mini_1box_1straight,0,,1000,0.0,-1.0
5004,2018-09-10,E_3mini_1set_1straight_prev,0,,1000,0.0,-1.0
5004,2018-09-10,F_5mini_random,0,,1000,0.0,-1.0
5005,2018-09-11,A_5mini_hot,0,,1000,0.0,-1.0
5005,2018-09-11,B_5mini_unseen,0,,1000,0.0,-1.0
5005,2018-09-11,C_4mini_1box_hot,0,,1000,0.0,-1.0
5005,2018-09-11,D_3mini_1box_1straight,0,,1000,0.0,-1.0
5005,2018-09-11,E_3mini_1set_1straight_prev,0,,1000,0.0,-1.0
5005,2018-09-11,F_5mini_random,0,,1000,0.0,-1.0
5006,2018-09-12,A_5mini_hot,0,,1000,0.0,-1.0
5006,2018-09-12,B_5mini_unseen,0,,1000,0.0,-1.0
5006,2018-09-12,C_4mini_1box_hot,0,,1000,0.0,-1.0
5006,2018-09-12,D_3mini_1box_1straight,0,,1000,0.0,-1.0
5006,2018-09-12,E_3mini_1set_1straight_prev,0,,1000,0.0,-1.0
5006,2018-09-12,F_5mini_random,0,,1000,0.0,-1.0
5007,2018-09-13,A_5mini_hot,0,,1000,0.0,-1.0
5007,2018-09-13,B_5mini_unseen,1,mini,1000,9000.0,8.0
5007,2018-09-13,C_4mini_1box_hot,0,,1000,0.0,-1.0
5007,2018-09-13,D_3mini_1box_1straight,0,,1000,0.0,-1.0
5007,2018-09-13,E_3mini_1set_1straight_prev,0,,1000,0.0,-1.0
5007,2018-09-13,F_5mini_random,0,,1000,0.0,-1.0
5008,2018-09-14,A_5mini_hot,0,,1000,0.0,-1.0
5008,2018-09-14,B_5mini_unseen,0,,1000,0.0,-1.0
5008,2018-09-14,C_4mini_1box_hot,0,,1000,0.0,-1.0
5008,2018-09-14,D_3mini_1box_1straight,0,,1000,0.0,-1.0
5008,2018-09-14,E_3mini_1set_1straight_prev,0,,1000,0.0,-1.0
5008,2018-09-14,F_5mini_random,1,mini,1000,9000.0,8.0
5009,2018-09-17,A_5mini_hot,0,,1000,0.0,-1.0
5009,2018-09-17,B_5mini_unseen,0,,1000,0.0,-1.0
5009,2018-09-17,C_4mini_1box_hot,0,,1000,0.0,-1.0
5009,2018-09-17,D_3mini_1box_1straight,0,,1000,0.0,-1.0
5009,2018-09-17,E_3mini_1set_1straight_prev,0,,1000,0.0,-1.0
5009,2018-09-17,F_5mini_random,0,,1000,0.0,-1.0
5010,2018-09-18,A_5mini_hot,0,,1000,0.0,-1.0
5010,2018-09-18,B_5mini_unseen,0,,1000,0.0,-1.0
5010,2018-09-18,C_4mini_1box_hot,0,,1000,0.0,-1.0
5010,2018-09-18,D_3mini_1box_1straight,0,,1000,0.0,-1.0
5010,2018-09-18,E_3mini_1set_1straight_prev,0,,1000,0.0,-1.0
5010,2018-09-18,F_5mini_random,0,,1000,0.0,-1.0
5011,2018-09-19,A_5mini_hot,0,,1000,0.0,-1.0
5011,2018-09-19,B_5mini_unseen,0,,1000,0.0,-1.0
5011,2018-09-19,C_4mini_1box_hot,0,,1000,0.0,-1.0
5011,2018-09-19,D_3mini_1box_1straight,0,,1000,0.0,-1.0
5011,2018-09-19,E_3mini_1set_1straight_prev,0,,1000,0.0,-1.0
5011,2018-09-19,F_5mini_random,0,,1000,0.0,-1.0
5012,2018-09-20,A_5mini_hot,0,,1000,0.0,-1.0
5012,2018-09-20,B_5mini_unseen,0,,1000,0.0,-1.0
5012,2018-09-20,C_4mini_1box_hot,0,,1000,0.0,-1.0
5012,2018-09-20,D_3mini_1box_1straight,0,,1000,0.0,-1.0
5012,2018-09-20,E_3mini_1set_1straight_prev,0,,1000,0.0,-1.0
5012,2018-09-20,F_5mini_random,0,,1000,0.0,-1.0
5013,2018-09-21,A_5mini_hot,0,,1000,0.0,-1.0
5013,2018-09-21,B_5mini_unseen,0,,1000,0.0,-1.0
5013,2018-09-21,C_4mini_1box_hot,0,,1000,0.0,-1.0
5013,2018-09-21,D_3mini_1box_1straight,0,,1000,0.0,-1.0
5013,2018-09-21,E_3mini_1set_1straight_prev,0,,1000,0.0,-1.0
5013,2018-09-21,F_5mini_random,0,,1000,0.0,-1.0
5014,2018-09-24,A_5mini_hot,0,,1000,0.0,-1.0
5014,2018-09-24,B_5mini_unseen,0,,1000,0.0,-1.0
5014,2018-09-24,C_4mini_1box_hot,0,,1000,0.0,-1.0
5014,2018-09-24,D_3mini_1box_1straight,0,,1000,0.0,-1.0
5014,2018-09-24,E_3mini_1set_1straight_prev,0,,1000,0.0,-1.0
5014,2018-09-24,F_5mini_random,0,,1000,0.0,-1.0
5015,2018-09-25,A_5mini_hot,0,,1000,0.0,-1.0
5015,2018-09-25,B_5mini_unseen,0,,1000,0.0,-1.0
5015,2018-09-25,C_4mini_1box_hot,0,,1000,0.0,-1.0
5015,2018-09-25,D_3mini_1box_1straight,0,,1000,0.0,-1.0
5015,2018-09-25,E_3mini_1set_1straight_prev,0,,1000,0.0,-1.0
5015,2018-09-25,F_5mini_random,0,,1000,0.0,-1.0
5016,2018-09-26,A_5mini_hot,0,,1000,0.0,-1.0
5016,2018-09-26,B_5mini_unseen,0,,1000,0.0,-1.0
5016,2018-09-26,C_4mini_1box_hot,0,,1000,0.0,-1.0
5016,2018-09-26,D_3mini_1box_1straight,0,,1000,0.0,-1.0
5016,2018-09-26,E_3mini_1set_1straight_prev,0,,1000,0.0,-1.0
5016,2018-09-26,F_5mini_random,0,,1000,0.0,-1.0
5017,2018-09-27,A_5mini_hot,0,,1000,0.0,-1.0
5017,2018-09-27,B_5mini_unseen,0,,1000,0.0,-1.0
5017,2018-09-27,C_4mini_1box_hot,0,,1000,0.0,-1.0
5017,2018-09-27,D_3mini_1box_1straight,0,,1000,0.0,-1.0
5017,2018-09-27,E_3mini_1set_1straight_prev,0,,1000,0.0,-1.0
5017,2018-09-27,F_5mini_random,0,,1000,0.0,-1.0
5018,2018-09-28,A_5mini_hot,0,,1000,0.0,-1.0
5018,2018-09-28,B_5mini_unseen,0,,1000,0.0,-1.0
5018,2018-09-28,C_4mini_1box_hot,0,,1000,0.0,-1.0
5018,2018-09-28,D_3mini_1box_1straight,0,,1000,0.0,-1.0
5018,2018-09-28,E_3mini_1set_1straight_prev,0,,1000,0.0,-1.0
5018,2018-09-28,F_5mini_random,0,,1000,0.0,-1.0
5019,2018-10-01,A_5mini_hot,0,,1000,0.0,-1.0
5019,2018-10-01,B_5mini_unseen,0,,1000,0.0,-1.0
5019,2018-10-01,C_4mini_1box_hot,0,,1000,0.0,-1.0
5019,2018-10-01,D_3mini_1box_1straight,0,,1000,0.0,-1.0
5019,2018-10-01,E_3mini_1set_1straight_prev,0,,1000,0.0,-1.0
5019,2018-10-01,F_5mini_random,0,,1000,0.0,-1.0
5020,2018-10-02,A_5mini_hot,0,,1000,0.0,-1.0
5020,2018-10-02,B_5mini_unseen,0,,1000,0.0,-1.0
5020,2018-10-02,C_4mini_1box_hot,0,,1000,0.0,-1.0
5020,2018-10-02,D_3mini_1box_1straight,0,,1000,0.0,-1.0
5020,2018-10-02,E_3mini_1set_1straight_prev,0,,1000,0.0,-1.0
5020,2018-10-02,F_5mini_random,0,,1000,0.0,-1.0
5021,2018-10-03,A_5mini_hot,0,,1000,0.0,-1.0
5021,2018-10-03,B_5mini_unseen,0,,1000,0.0,-1.0
5021,2018-10-03,C_4mini_1box_hot,0,,1000,0.0,-1.0
5021,2018-10-03,D_3mini_1box_1straight,0,,1000,0.0,-1.0
5021,2018-10-03,E_3mini_1set_1straight_prev,0,,1000,0.0,-1.0
5021,2018-10-03,F_5mini_random,0,,1000,0.0,-1.0
5022,2018-10-04,A_5mini_hot,0,,1000,0.0,-1.0
5022,2018-10-04,B_5mini_unseen,0,,1000,0.0,-1.0
5022,2018-10-04,C_4mini_1box_hot,0,,1000,0.0,-1.0
5022,2018-10-04,D_3mini_1box_1straight,0,,1000,0.0,-1.0
5022,2018-10-04,E_3mini_1set_1straight_prev,0,,1000,0.0,-1.0
5022,2018-10-04,F_5mini_random,0,,1000,0.0,-1.0
5023,2018-10-05,A_5mini_hot,0,,1000,0.0,-1.0
5023,2018-10-05,B_5mini_unseen,0,,1000,0.0,-1.0
5023,2018-10-05,C_4mini_1box_hot,0,,1000,0.0,-1.0
5023,2018-10-05,D_3mini_1box_1straight,0,,1000,0.0,-1.0
5023,2018-10-05,E_3mini_1set_1straight_prev,0,,1000,0.0,-1.0
5023,2018-10-05,F_5mini_random,0,,1000,0.0,-1.0
5024,2018-10-08,A_5mini_hot,0,,1000,0.0,-1.0
5024,2018-10-08,B_5mini_unseen,0,,1000,0.0,-1.0
5024,2018-10-08,C_4mini_1box_hot,0,,1000,0.0,-1.0
5024,2018-10-08,D_3mini_1box_1straight,0,,1000,0.0,-1.0
5024,2018-10-08,E_3mini_1set_1straight_prev,0,,1000,0.0,-1.0
5024,2018-10-08,F_5mini_random,0,,1000,0.0,-1.0
5025,2018-10-09,A_5mini_hot,0,,1000,0.0,-1.0
5025,2018-10-09,B_5mini_unseen,0,,1000,0.0,-1.0
5025,2018-10-09,C_4mini_1box_hot,0,,1000,0.0,-1.0
5025,2018-10-09,D_3mini_1box_1straight,0,,1000,0.0,-1.0
5025,2018-10-09,E_3mini_1set_1straight_prev,0,,1000,0.0,-1.0
5025,2018-10-09,F_5mini_random,0,,1000,0.0,-1.0
5026,2018-10-10,A_5mini_hot,0,,1000,0.0,-1.0
5026,2018-10-10,B_5mini_unseen,0,,1000,0.0,-1.0
5026,2018-10-10,C_4mini_1box_hot,0,,1000,0.0,-1.0
5026,2018-10-10,D_3mini_1box_1straight,0,,1000,0.0,-1.0
5026,2018-10-10,E_3mini_1set_1straight_prev,0,,1000,0.0,-1.0
5026,2018-10-10,F_5mini_random,0,,1000,0.0,-1.0
5027,2018-10-11,A_5mini_hot,1,mini,1000,9000.0,8.0
5027,2018-10-11,B_5mini_unseen,0,,1000,0.0,-1.0
5027,2018-10-11,C_4mini_1box_hot,1,mini,1000,9000.0,8.0
5027,2018-10-11,D_3mini_1box_1straight,1,mini,1000,9000.0,8.0
5027,2018-10-11,E_3mini_1set_1straight_prev,0,,1000,0.0,-1.0
5027,2018-10-11,F_5mini_random,0,,1000,0.0,-1.0
5028,2018-10-12,A_5mini_hot,1,mini,1000,9000.0,8.0
5028,2018-10-12,B_5mini_unseen,0,,1000,0.0,-1.0
5028,2018-10-12,C_4mini_1box_hot,1,mini,1000,9000.0,8.0
5028,2018-10-12,D_3mini_1box_1straight,1,mini,1000,9000.0,8.0
5028,2018-10-12,E_3mini_1set_1straight_prev,1,"mini,straight",1000,99000.0,98.0
5028,2018-10-12,F_5mini_random,0,,1000,0.0,-1.0
5029,2018-10-15,A_5mini_hot,0,,1000,0.0,-1.0
5029,2018-10-15,B_5mini_unseen,0,,1000,0.0,-1.0
5029,2018-10-15,C_4mini_1box_hot,0,,1000,0.0,-1.0
5029,2018-10-15,D_3mini_1box_1straight,0,,1000,0.0,-1.0
5029,2018-10-15,E_3mini_1set_1straight_prev,0,,1000,0.0,-1.0
5029,2018-10-15,F_5mini_random,0,,1000,0.0,-1.0
5030,2018-10-16,A_5mini_hot,0,,1000,0.0,-1.0
5030,2018-10-16,B_5mini_unseen,0,,1000,0.0,-1.0
5030,2018-10-16,C_4mini_1box_hot,0,,1000,0.0,-1.0
5030,2018-10-16,D_3mini_1box_1straight,0,,1000,0.0,-1.0
5030,2018-10-16,E_3mini_1set_1straight_prev,0,,1000,0.0,-1.0
5030,2018-10-16,F_5mini_random,0,,1000,0.0,-1.0
5031,2018-10-17,A_5mini_hot,1,mini,1000,9000.0,8.0
5031,2018-10-17,B_5mini_unseen,0,,1000,0.0,-1.0
5031,2018-10-17,C_4mini_1box_hot,1,mini,1000,9000.0,8.0
5031,2018-10-17,D_3mini_1box_1straight,1,mini,1000,9000.0,8.0
5031,2018-10-17,E_3mini_1set_1straight_prev,0,,1000,0.0,-1.0
5031,2018-10-17,F_5mini_random,0,,1000,0.0,-1.0
5032,2018-10-18,A_5mini_hot,0,,1000,0.0,-1.0
5032,2018-10-18,B_5mini_unseen,0,,1000,0.0,-1.0
5032,2018-10-18,C_4mini_1box_hot,0,,1000,0.0,-1.0
5032,2018-10-18,D_3mini_1box_1straight,0,,1000,0.0,-1.0
5032,2018-10-18,E_3mini_1set_1straight_prev,0,,1000,0.0,-1.0
5032,2018-10-18,F_5mini_random,0,,1000,0.0,-1.0
5033,2018-10-19,A_5mini_hot,0,,1000,0.0,-1.0
5033,2018-10-19,B_5mini_unseen,0,,1000,0.0,-1.0
5033,2018-10-19,C_4mini_1box_hot,0,,1000,0.0,-1.0
5033,2018-10-19,D_3mini_1box_1straight,0,,1000,0.0,-1.0
5033,2018-10-19,E_3mini_1set_1straight_prev,0,,1000,0.0,-1.0
5033,2018-10-19,F_5mini_random,0,,1000,0.0,-1.0
5034,2018-10-22,A_5mini_hot,0,,1000,0.0,-1.0
5034,2018-10-22,B_5mini_unseen,0,,1000,0.0,-1.0
5034,2018-10-22,C_4mini_1box_hot,0,,1000,0.0,-1.0
5034,2018-10-22,D_3mini_1box_1straight,0,,1000,0.0,-1.0
5034,2018-10-22,E_3mini_1set_1straight_prev,0,,1000,0.0,-1.0
5034,2018-10-22,F_5mini_random,0,,1000,0.0,-1.0
5035,2018-10-23,A_5mini_hot,0,,1000,0.0,-1.0
5035,2018-10-23,B_5mini_unseen,0,,1000,0.0,-1.0
5035,2018-10-23,C_4mini_1box_hot,0,,1000,0.0,-1.0
5035,2018-10-23,D_3mini_1box_1straight,0,,1000,0.0,-1.0
5035,2018-10-23,E_3mini_1set_1straight_prev,0,,1000,0.0,-1.0
5035,2018-10-23,F_5mini_random,0,,1000,0.0,-1.0
5036,2018-10-24,A_5mini_hot,0,,1000,0.0,-1.0
5036,2018-10-24,B_5mini_unseen,0,,1000,0.0,-1.0
5036,2018-10-24,C_4mini_1box_hot,0,,1000,0.0,-1.0
5036,2018-10-24,D_3mini_1box_1straight,0,,1000,0.0,-1.0
5036,2018-10-24,E_3mini_1set_1straight_prev,0,,1000,0.0,-1.0
5036,2018-10-24,F_5mini_random,0,,1000,0.0,-1.0
5037,2018-10-25,A_5mini_hot,0,,1000,0.0,-1.0
5037,2018-10-25,B_5mini_unseen,0,,1000,0.0,-1.0
5037,2018-10-25,C_4mini_1box_hot,0,,1000,0.0,-1.0
5037,2018-10-25,D_3mini_1box_1straight,0,,1000,0.0,-1.0
5037,2018-10-25,E_3mini_1set_1straight_prev,0,,1000,0.0,-1.0
5037,2018-10-25,F_5mini_random,0,,1000,0.0,-1.0
5038,2018-10-26,A_5mini_hot,0,,1000,0.0,-1.0
5038,2018-10-26,B_5mini_unseen,0,,1000,0.0,-1.0
5038,2018-10-26,C_4mini_1box_hot,0,,1000,0.0,-1.0
5038,2018-10-26,D_3mini_1box_1straight,0,,1000,0.0,-1.0
5038,2018-10-26,E_3mini_1set_1straight_prev,0,,1000,0.0,-1.0
5038,2018-10-26,F_5mini_random,0,,1000,0.0,-1.0
5039,2018-10-29,A_5mini_hot,0,,1000,0.0,-1.0
5039,2018-10-29,B_5mini_unseen,0,,1000,0.0,-1.0
5039,2018-10-29,C_4mini_1box_hot,0,,1000,0.0,-1.0
5039,2018-10-29,D_3mini_1box_1straight,0,,1000,0.0,-1.0
5039,2018-10-29,E_3mini_1set_1straight_prev,0,,1000,0.0,-1.0
5039,2018-10-29,F_5mini_random,0,,1000,0.0,-1.0
5040,2018-10-30,A_5mini_hot,1,mini,1000,9000.0,8.0
5040,2018-10-30,B_5mini_unseen,0,,1000,0.0,-1.0
5040,2018-10-30,C_4mini_1box_hot,1,mini,1000,9000.0,8.0
5040,2018-10-30,D_3mini_1box_1straight,1,mini,1000,9000.0,8.0
5040,2018-10-30,E_3mini_1set_1straight_prev,0,,1000,0.0,-1.0
5040,2018-10-30,F_5mini_random,0,,1000,0.0,-1.0
5041,2018-10-31,A_5mini_hot,0,,1000,0.0,-1.0
5041,2018-10-31,B_5mini_unseen,0,,1000,0.0,-1.0
5041,2018-10-31,C_4mini_1box_hot,0,,1000,0.0,-1.0
5041,2018-10-31,D_3mini_1box_1straight,0,,1000,0.0,-1.0
5041,2018-10-31,E_3mini_1set_1straight_prev,0,,1000,0.0,-1.0
5041,2018-10-31,F_5mini_random,0,,1000,0.0,-1.0
5042,2018-11-01,A_5mini_hot,0,,1000,0.0,-1.0
5042,2018-11-01,B_5mini_unseen,0,,1000,0.0,-1.0
5042,2018-11-01,C_4mini_1box_hot,0,,1000,0.0,-1.0
5042,2018-11-01,D_3mini_1box_1straight,0,,1000,0.0,-1.0
5042,2018-11-01,E_3mini_1set_1straight_prev,0,,1000,0.0,-1.0
5042,2018-11-01,F_5mini_random,0,,1000,0.0,-1.0
5043,2018-11-02,A_5mini_hot,0,,1000,0.0,-1.0
5043,2018-11-02,B_5mini_unseen,0,,1000,0.0,-1.0
5043,2018-11-02,C_4mini_1box_hot,0,,1000,0.0,-1.0
5043,2018-11-02,D_3mini_1box_1straight,0,,1000,0.0,-1.0
5043,2018-11-02,E_3mini_1set_1straight_prev,0,,1000,0.0,-1.0
5043,2018-11-02,F_5mini_random,0,,1000,0.0,-1.0
5044,2018-11-05,A_5mini_hot,0,,1000,0.0,-1.0
5044,2018-11-05,B_5mini_unseen,0,,1000,0.0,-1.0
5044,2018-11-05,C_4mini_1box_hot,0,,1000,0.0,-1.0
5044,2018-11-05,D_3mini_1box_1straight,0,,1000,0.0,-1.0
5044,2018-11-05,E_3mini_1set_1straight_prev,0,,1000,0.0,-1.0
5044,2018-11-05,F_5mini_random,0,,1000,0.0,-1.0
5045,2018-11-06,A_5mini_hot,0,,1000,0.0,-1.0
5045,2018-11-06,B_5mini_unseen,0,,1000,0.0,-1.0
5045,2018-11-06,C_4mini_1box_hot,0,,1000,0.0,-1.0
5045,2018-11-06,D_3mini_1box_1straight,0,,1000,0.0,-1.0
5045,2018-11-06,E_3mini_1set_1straight_prev,0,,1000,0.0,-1.0
5045,2018-11-06,F_5mini_random,0,,1000,0.0,-1.0
5046,2018-11-07,A_5mini_hot,0,,1000,0.0,-1.0
5046,2018-11-07,B_5mini_unseen,0,,1000,0.0,-1.0
5046,2018-11-07,C_4mini_1box_hot,0,,1000,0.0,-1.0
5046,2018-11-07,D_3mini_1box_1straight,0,,1000,0.0,-1.0
5046,2018-11-07,E_3mini_1set_1straight_prev,0,,1000,0.0,-1.0
5046,2018-11-07,F_5mini_random,0,,1000,0.0,-1.0
5047,2018-11-08,A_5mini_hot,0,,1000,0.0,-1.0
5047,2018-11-08,B_5mini_unseen,0,,1000,0.0,-1.0
5047,2018-11-08,C_4mini_1box_hot,0,,1000,0.0,-1.0
5047,2018-11-08,D_3mini_1box_1straight,0,,1000,0.0,-1.0
5047,2018-11-08,E_3mini_1set_1straight_prev,0,,1000,0.0,-1.0
5047,2018-11-08,F_5mini_random,0,,1000,0.0,-1.0
5048,2018-11-09,A_5mini_hot,0,,1000,0.0,-1.0
5048,2018-11-09,B_5mini_unseen,0,,1000,0.0,-1.0
5048,2018-11-09,C_4mini_1box_hot,0,,1000,0.0,-1.0
5048,2018-11-09,D_3mini_1box_1straight,0,,1000,0.0,-1.0
5048,2018-11-09,E_3mini_1set_1straight_prev,0,,1000,0.0,-1.0
5048,2018-11-09,F_5mini_random,0,,1000,0.0,-1.0
5049,2018-11-12,A_5mini_hot,0,,1000,0.0,-1.0
5049,2018-11-12,B_5mini_unseen,0,,1000,0.0,-1.0
5049,2018-11-12,C_4mini_1box_hot,0,,1000,0.0,-1.0
5049,2018-11-12,D_3mini_1box_1straight,0,,1000,0.0,-1.0
5049,2018-11-12,E_3mini_1set_1straight_prev,0,,1000,0.0,-1.0
5049,2018-11-12,F_5mini_random,0,,1000,0.0,-1.0
5050,2018-11-13,A_5mini_hot,0,,1000,0.0,-1.0
5050,2018-11-13,B_5mini_unseen,0,,1000,0.0,-1.0
5050,2018-11-13,C_4mini_1box_hot,0,,1000,0.0,-1.0
5050,2018-11-13,D_3mini_1box_1straight,0,,1000,0.0,-1.0
5050,2018-11-13,E_3mini_1set_1straight_prev,0,,1000,0.0,-1.0
5050,2018-11-13,F_5mini_random,1,mini,1000,9000.0,8.0
5051,2018-11-14,A_5mini_hot,0,,1000,0.0,-1.0
5051,2018-11-14,B_5mini_unseen,0,,1000,0.0,-1.0
5051,2018-11-14,C_4mini_1box_hot,0,,1000,0.0,-1.0
5051,2018-11-14,D_3mini_1box_1straight,0,,1000,0.0,-1.0
5051,2018-11-14,E_3mini_1set_1straight_prev,0,,1000,0.0,-1.0
5051,2018-11-14,F_5mini_random,1,mini,1000,9000.0,8.0
5052,2018-11-15,A_5mini_hot,0,,1000,0.0,-1.0
5052,2018-11-15,B_5mini_unseen,1,mini,1000,9000.0,8.0
5052,2018-11-15,C_4mini_1box_hot,0,,1000,0.0,-1.0
5052,2018-11-15,D_3mini_1box_1straight,0,,1000,0.0,-1.0
5052,2018-11-15,E_3mini_1set_1straight_prev,0,,1000,0.0,-1.0
5052,2018-11-15,F_5mini_random,1,mini,1000,9000.0,8.0
5053,2018-11-16,A_5mini_hot,0,,1000,0.0,-1.0
5053,2018-11-16,B_5mini_unseen,1,mini,1000,9000.0,8.0
5053,2018-11-16,C_4mini_1box_hot,0,,1000,0.0,-1.0
5053,2018-11-16,D_3mini_1box_1straight,0,,1000,0.0,-1.0
5053,2018-11-16,E_3mini_1set_1straight_prev,0,,1000,0.0,-1.0
5053,2018-11-16,F_5mini_random,0,,1000,0.0,-1.0
5054,2018-11-19,A_5mini_hot,0,,1000,0.0,-1.0
5054,2018-11-19,B_5mini_unseen,0,,1000,0.0,-1.0
5054,2018-11-19,C_4mini_1box_hot,0,,1000,0.0,-1.0
5054,2018-11-19,D_3mini_1box_1straight,0,,1000,0.0,-1.0
5054,2018-11-19,E_3mini_1set_1straight_prev,0,,1000,0.0,-1.0
5054,2018-11-19,F_5mini_random,1,mini,1000,9000.0,8.0
5055,2018-11-20,A_5mini_hot,0,,1000,0.0,-1.0
5055,2018-11-20,B_5mini_unseen,0,,1000,0.0,-1.0
5055,2018-11-20,C_4mini_1box_hot,0,,1000,0.0,-1.0
5055,2018-11-20,D_3mini_1box_1straight,0,,1000,0.0,-1.0
5055,2018-11-20,E_3mini_1set_1straight_prev,0,,1000,0.0,-1.0
5055,2018-11-20,F_5mini_random,0,,1000,0.0,-1.0
5056,2018-11-21,A_5mini_hot,0,,1000,0.0,-1.0
5056,2018-11-21,B_5mini_unseen,0,,1000,0.0,-1.0
5056,2018-11-21,C_4mini_1box_hot,0,,1000,0.0,-1.0
5056,2018-11-21,D_3mini_1box_1straight,0,,1000,0.0,-1.0
5056,2018-11-21,E_3mini_1set_1straight_prev,0,,1000,0.0,-1.0
5056,2018-11-21,F_5mini_random,0,,1000,0.0,-1.0
5057,2018-11-22,A_5mini_hot,0,,1000,0.0,-1.0
5057,2018-11-22,B_5mini_unseen,0,,1000,0.0,-1.0
5057,2018-11-22,C_4mini_1box_hot,0,,1000,0.0,-1.0
5057,2018-11-22,D_3mini_1box_1straight,0,,1000,0.0,-1.0
5057,2018-11-22,E_3mini_1set_1straight_prev,0,,1000,0.0,-1.0
5057,2018-11-22,F_5mini_random,0,,1000,0.0,-1.0
5058,2018-11-23,A_5mini_hot,0,,1000,0.0,-1.0
5058,2018-11-23,B_5mini_unseen,0,,1000,0.0,-1.0
5058,2018-11-23,C_4mini_1box_hot,0,,1000,0.0,-1.0
5058,2018-11-23,D_3mini_1box_1straight,0,,1000,0.0,-1.0
5058,2018-11-23,E_3mini_1set_1straight_prev,0,,1000,0.0,-1.0
5058,2018-11-23,F_5mini_random,1,mini,1000,9000.0,8.0
5059,2018-11-26,A_5mini_hot,0,,1000,0.0,-1.0
5059,2018-11-26,B_5mini_unseen,0,,1000,0.0,-1.0
5059,2018-11-26,C_4mini_1box_hot,0,,1000,0.0,-1.0
5059,2018-11-26,D_3mini_1box_1straight,0,,1000,0.0,-1.0
5059,2018-11-26,E_3mini_1set_1straight_prev,0,,1000,0.0,-1.0
5059,2018-11-26,F_5mini_random,0,,1000,0.0,-1.0
5060,2018-11-27,A_5mini_hot,0,,1000,0.0,-1.0
5060,2018-11-27,B_5mini_unseen,0,,1000,0.0,-1.0
5060,2018-11-27,C_4mini_1box_hot,0,,1000,0.0,-1.0
5060,2018-11-27,D_3mini_1box_1straight,0,,1000,0.0,-1.0
5060,2018-11-27,E_3mini_1set_1straight_prev,0,,1000,0.0,-1.0
5060,2018-11-27,F_5mini_random,0,,1000,0.0,-1.0
5061,2018-11-28,A_5mini_hot,0,,1000,0.0,-1.0
5061,2018-11-28,B_5mini_unseen,0,,1000,0.0,-1.0
5061,2018-11-28,C_4mini_1box_hot,0,,1000,0.0,-1.0
5061,2018-11-28,D_3mini_1box_1straight,0,,1000,0.0,-1.0
5061,2018-11-28,E_3mini_1set_1straight_prev,0,,1000,0.0,-1.0
5061,2018-11-28,F_5mini_random,0,,1000,0.0,-1.0
5062,2018-11-29,A_5mini_hot,0,,1000,0.0,-1.0
5062,2018-11-29,B_5mini_unseen,0,,1000,0.0,-1.0
5062,2018-11-29,C_4mini_1box_hot,0,,1000,0.0,-1.0
5062,2018-11-29,D_3mini_1box_1straight,0,,1000,0.0,-1.0
5062,2018-11-29,E_3mini_1set_1straight_prev,0,,1000,0.0,-1.0
5062,2018-11-29,F_5mini_random,0,,1000,0.0,-1.0
5063,2018-11-30,A_5mini_hot,0,,1000,0.0,-1.0
5063,2018-11-30,B_5mini_unseen,0,,1000,0.0,-1.0
5063,2018-11-30,C_4mini_1box_hot,0,,1000,0.0,-1.0
5063,2018-11-30,D_3mini_1box_1straight,0,,1000,0.0,-1.0
5063,2018-11-30,E_3mini_1set_1straight_prev,0,,1000,0.0,-1.0
5063,2018-11-30,F_5mini_random,0,,1000,0.0,-1.0
5064,2018-12-03,A_5mini_hot,0,,1000,0.0,-1.0
5064,2018-12-03,B_5mini_unseen,0,,1000,0.0,-1.0
5064,2018-12-03,C_4mini_1box_hot,0,,1000,0.0,-1.0
5064,2018-12-03,D_3mini_1box_1straight,0,,1000,0.0,-1.0
5064,2018-12-03,E_3mini_1set_1straight_prev,0,,1000,0.0,-1.0
5064,2018-12-03,F_5mini_random,0,,1000,0.0,-1.0
5065,2018-12-04,A_5mini_hot,0,,1000,0.0,-1.0
5065,2018-12-04,B_5mini_unseen,0,,1000,0.0,-1.0
5065,2018-12-04,C_4mini_1box_hot,0,,1000,0.0,-1.0
5065,2018-12-04,D_3mini_1box_1straight,0,,1000,0.0,-1.0
5065,2018-12-04,E_3mini_1set_1straight_prev,0,,1000,0.0,-1.0
5065,2018-12-04,F_5mini_random,0,,1000,0.0,-1.0
5066,2018-12-05,A_5mini_hot,1,mini,1000,9000.0,8.0
5066,2018-12-05,B_5mini_unseen,0,,1000,0.0,-1.0
5066,2018-12-05,C_4mini_1box_hot,0,,1000,0.0,-1.0
5066,2018-12-05,D_3mini_1box_1straight,0,,1000,0.0,-1.0
5066,2018-12-05,E_3mini_1set_1straight_prev,0,,1000,0.0,-1.0
5066,2018-12-05,F_5mini_random,0,,1000,0.0,-1.0
5067,2018-12-06,A_5mini_hot,0,,1000,0.0,-1.0
5067,2018-12-06,B_5mini_unseen,0,,1000,0.0,-1.0
5067,2018-12-06,C_4mini_1box_hot,0,,1000,0.0,-1.0
5067,2018-12-06,D_3mini_1box_1straight,0,,1000,0.0,-1.0
5067,2018-12-06,E_3mini_1set_1straight_prev,0,,1000,0.0,-1.0
5067,2018-12-06,F_5mini_random,0,,1000,0.0,-1.0
5068,2018-12-07,A_5mini_hot,0,,1000,0.0,-1.0
5068,2018-12-07,B_5mini_unseen,0,,1000,0.0,-1.0
5068,2018-12-07,C_4mini_1box_hot,0,,1000,0.0,-1.0
5068,2018-12-07,D_3mini_1box_1straight,0,,1000,0.0,-1.0
5068,2018-12-07,E_3mini_1set_1straight_prev,0,,1000,0.0,-1.0
5068,2018-12-07,F_5mini_random,0,,1000,0.0,-1.0
5069,2018-12-10,A_5mini_hot,0,,1000,0.0,-1.0
5069,2018-12-10,B_5mini_unseen,0,,1000,0.0,-1.0
5069,2018-12-10,C_4mini_1box_hot,0,,1000,0.0,-1.0
5069,2018-12-10,D_3mini_1box_1straight,0,,1000,0.0,-1.0
5069,2018-12-10,E_3mini_1set_1straight_prev,0,,1000,0.0,-1.0
5069,2018-12-10,F_5mini_random,0,,1000,0.0,-1.0
5070,2018-12-11,A_5mini_hot,0,,1000,0.0,-1.0
5070,2018-12-11,B_5mini_unseen,0,,1000,0.0,-1.0
5070,2018-12-11,C_4mini_1box_hot,0,,1000,0.0,-1.0
5070,2018-12-11,D_3mini_1box_1straight,0,,1000,0.0,-1.0
5070,2018-12-11,E_3mini_1set_1straight_prev,0,,1000,0.0,-1.0
5070,2018-12-11,F_5mini_random,0,,1000,0.0,-1.0
5071,2018-12-12,A_5mini_hot,0,,1000,0.0,-1.0
5071,2018-12-12,B_5mini_unseen,1,mini,1000,9000.0,8.0
5071,2018-12-12,C_4mini_1box_hot,0,,1000,0.0,-1.0
5071,2018-12-12,D_3mini_1box_1straight,0,,1000,0.0,-1.0
5071,2018-12-12,E_3mini_1set_1straight_prev,0,,1000,0.0,-1.0
5071,2018-12-12,F_5mini_random,0,,1000,0.0,-1.0
5072,2018-12-13,A_5mini_hot,0,,1000,0.0,-1.0
5072,2018-12-13,B_5mini_unseen,0,,1000,0.0,-1.0
5072,2018-12-13,C_4mini_1box_hot,0,,1000,0.0,-1.0
5072,2018-12-13,D_3mini_1box_1straight,0,,1000,0.0,-1.0
5072,2018-12-13,E_3mini_1set_1straight_prev,0,,1000,0.0,-1.0
5072,2018-12-13,F_5mini_random,0,,1000,0.0,-1.0
5073,2018-12-14,A_5mini_hot,0,,1000,0.0,-1.0
5073,2018-12-14,B_5mini_unseen,0,,1000,0.0,-1.0
5073,2018-12-14,C_4mini_1box_hot,0,,1000,0.0,-1.0
5073,2018-12-14,D_3mini_1box_1straight,0,,1000,0.0,-1.0
5073,2018-12-14,E_3mini_1set_1straight_prev,0,,1000,0.0,-1.0
5073,2018-12-14,F_5mini_random,0,,1000,0.0,-1.0
5074,2018-12-17,A_5mini_hot,0,,1000,0.0,-1.0
5074,2018-12-17,B_5mini_unseen,0,,1000,0.0,-1.0
5074,2018-12-17,C_4mini_1box_hot,0,,1000,0.0,-1.0
5074,2018-12-17,D_3mini_1box_1straight,0,,1000,0.0,-1.0
5074,2018-12-17,E_3mini_1set_1straight_prev,0,,1000,0.0,-1.0
5074,2018-12-17,F_5mini_random,0,,1000,0.0,-1.0
5075,2018-12-18,A_5mini_hot,0,,1000,0.0,-1.0
5075,2018-12-18,B_5mini_unseen,0,,1000,0.0,-1.0
5075,2018-12-18,C_4mini_1box_hot,0,,1000,0.0,-1.0
5075,2018-12-18,D_3mini_1box_1straight,0,,1000,0.0,-1.0
5075,2018-12-18,E_3mini_1set_1straight_prev,0,,1000,0.0,-1.0
5075,2018-12-18,F_5mini_random,0,,1000,0.0,-1.0
5076,2018-12-19,A_5mini_hot,0,,1000,0.0,-1.0
5076,2018-12-19,B_5mini_unseen,0,,1000,0.0,-1.0
5076,2018-12-19,C_4mini_1box_hot,0,,1000,0.0,-1.0
5076,2018-12-19,D_3mini_1box_1straight,0,,1000,0.0,-1.0
5076,2018-12-19,E_3mini_1set_1straight_prev,0,,1000,0.0,-1.0
5076,2018-12-19,F_5mini_random,0,,1000,0.0,-1.0
5077,2018-12-20,A_5mini_hot,0,,1000,0.0,-1.0
5077,2018-12-20,B_5mini_unseen,0,,1000,0.0,-1.0
5077,2018-12-20,C_4mini_1box_hot,0,,1000,0.0,-1.0
5077,2018-12-20,D_3mini_1box_1straight,0,,1000,0.0,-1.0
5077,2018-12-20,E_3mini_1set_1straight_prev,0,,1000,0.0,-1.0
5077,2018-12-20,F_5mini_random,0,,1000,0.0,-1.0
5078,2018-12-21,A_5mini_hot,0,,1000,0.0,-1.0
5078,2018-12-21,B_5mini_unseen,0,,1000,0.0,-1.0
5078,2018-12-21,C_4mini_1box_hot,0,,1000,0.0,-1.0
5078,2018-12-21,D_3mini_1box_1straight,0,,1000,0.0,-1.0
5078,2018-12-21,E_3mini_1set_1straight_prev,1,mini,1000,9000.0,8.0
5078,2018-12-21,F_5mini_random,0,,1000,0.0,-1.0
5079,2018-12-24,A_5mini_hot,0,,1000,0.0,-1.0
5079,2018-12-24,B_5mini_unseen,0,,1000,0.0,-1.0
5079,2018-12-24,C_4mini_1box_hot,0,,1000,0.0,-1.0
5079,2018-12-24,D_3mini_1box_1straight,0,,1000,0.0,-1.0
5079,2018-12-24,E_3mini_1set_1straight_prev,0,,1000,0.0,-1.0
5079,2018-12-24,F_5mini_random,0,,1000,0.0,-1.0
5080,2018-12-25,A_5mini_hot,0,,1000,0.0,-1.0
5080,2018-12-25,B_5mini_unseen,0,,1000,0.0,-1.0
5080,2018-12-25,C_4mini_1box_hot,0,,1000,0.0,-1.0
5080,2018-12-25,D_3mini_1box_1straight,0,,1000,0.0,-1.0
5080,2018-12-25,E_3mini_1set_1straight_prev,0,,1000,0.0,-1.0
5080,2018-12-25,F_5mini_random,0,,1000,0.0,-1.0
5081,2018-12-26,A_5mini_hot,0,,1000,0.0,-1.0
5081,2018-12-26,B_5mini_unseen,0,,1000,0.0,-1.0
5081,2018-12-26,C_4mini_1box_hot,0,,1000,0.0,-1.0
5081,2018-12-26,D_3mini_1box_1straight,0,,1000,0.0,-1.0
5081,2018-12-26,E_3mini_1set_1straight_prev,0,,1000,0.0,-1.0
5081,2018-12-26,F_5mini_random,0,,1000,0.0,-1.0
5082,2018-12-27,A_5mini_hot,0,,1000,0.0,-1.0
5082,2018-12-27,B_5mini_unseen,0,,1000,0.0,-1.0
5082,2018-12-27,C_4mini_1box_hot,0,,1000,0.0,-1.0
5082,2018-12-27,D_3mini_1box_1straight,0,,1000,0.0,-1.0
5082,2018-12-27,E_3mini_1set_1straight_prev,0,,1000,0.0,-1.0
5082,2018-12-27,F_5mini_random,0,,1000,0.0,-1.0
5083,2018-12-28,A_5mini_hot,0,,1000,0.0,-1.0
5083,2018-12-28,B_5mini_unseen,0,,1000,0.0,-1.0
5083,2018-12-28,C_4mini_1box_hot,0,,1000,0.0,-1.0
5083,2018-12-28,D_3mini_1box_1straight,0,,1000,0.0,-1.0
5083,2018-12-28,E_3mini_1set_1straight_prev,0,,1000,0.0,-1.0
5083,2018-12-28,F_5mini_random,0,,1000,0.0,-1.0
5084,2019-01-04,A_5mini_hot,0,,1000,0.0,-1.0
5084,2019-01-04,B_5mini_unseen,0,,1000,0.0,-1.0
5084,2019-01-04,C_4mini_1box_hot,0,,1000,0.0,-1.0
5084,2019-01-04,D_3mini_1box_1straight,0,,1000,0.0,-1.0
5084,2019-01-04,E_3mini_1set_1straight_prev,0,,1000,0.0,-1.0
5084,2019-01-04,F_5mini_random,0,,1000,0.0,-1.0
5085,2019-01-07,A_5mini_hot,0,,1000,0.0,-1.0
5085,2019-01-07,B_5mini_unseen,0,,1000,0.0,-1.0
5085,2019-01-07,C_4mini_1box_hot,0,,1000,0.0,-1.0
5085,2019-01-07,D_3mini_1box_1straight,0,,1000,0.0,-1.0
5085,2019-01-07,E_3mini_1set_1straight_prev,0,,1000,0.0,-1.0
5085,2019-01-07,F_5mini_random,0,,1000,0.0,-1.0
5086,2019-01-08,A_5mini_hot,0,,1000,0.0,-1.0
5086,2019-01-08,B_5mini_unseen,0,,1000,0.0,-1.0
5086,2019-01-08,C_4mini_1box_hot,0,,1000,0.0,-1.0
5086,2019-01-08,D_3mini_1box_1straight,0,,1000,0.0,-1.0
5086,2019-01-08,E_3mini_1set_1straight_prev,0,,1000,0.0,-1.0
5086,2019-01-08,F_5mini_random,0,,1000,0.0,-1.0
5087,2019-01-09,A_5mini_hot,0,,1000,0.0,-1.0
5087,2019-01-09,B_5mini_unseen,0,,1000,0.0,-1.0
5087,2019-01-09,C_4mini_1box_hot,0,,1000,0.0,-1.0
5087,2019-01-09,D_3mini_1box_1straight,0,,1000,0.0,-1.0
5087,2019-01-09,E_3mini_1set_1straight_prev,0,,1000,0.0,-1.0
5087,2019-01-09,F_5mini_random,0,,1000,0.0,-1.0
5088,2019-01-10,A_5mini_hot,0,,1000,0.0,-1.0
5088,2019-01-10,B_5mini_unseen,0,,1000,0.0,-1.0
5088,2019-01-10,C_4mini_1box_hot,0,,1000,0.0,-1.0
5088,2019-01-10,D_3mini_1box_1straight,0,,1000,0.0,-1.0
5088,2019-01-10,E_3mini_1set_1straight_prev,0,,1000,0.0,-1.0
5088,2019-01-10,F_5mini_random,0,,1000,0.0,-1.0
5089,2019-01-11,A_5mini_hot,0,,1000,0.0,-1.0
5089,2019-01-11,B_5mini_unseen,0,,1000,0.0,-1.0
5089,2019-01-11,C_4mini_1box_hot,0,,1000,0.0,-1.0
5089,2019-01-11,D_3mini_1box_1straight,0,,1000,0.0,-1.0
5089,2019-01-11,E_3mini_1set_1straight_prev,0,,1000,0.0,-1.0
5089,2019-01-11,F_5mini_random,0,,1000,0.0,-1.0
5090,2019-01-14,A_5mini_hot,0,,1000,0.0,-1.0
5090,2019-01-14,B_5mini_unseen,0,,1000,0.0,-1.0
5090,2019-01-14,C_4mini_1box_hot,0,,1000,0.0,-1.0
5090,2019-01-14,D_3mini_1box_1straight,0,,1000,0.0,-1.0
5090,2019-01-14,E_3mini_1set_1straight_prev,0,,1000,0.0,-1.0
5090,2019-01-14,F_5mini_random,0,,1000,0.0,-1.0
5091,2019-01-15,A_5mini_hot,0,,1000,0.0,-1.0
5091,2019-01-15,B_5mini_unseen,0,,1000,0.0,-1.0
5091,2019-01-15,C_4mini_1box_hot,0,,1000,0.0,-1.0
5091,2019-01-15,D_3mini_1box_1straight,0,,1000,0.0,-1.0
5091,2019-01-15,E_3mini_1set_1straight_prev,0,,1000,0.0,-1.0
5091,2019-01-15,F_5mini_random,0,,1000,0.0,-1.0
5092,2019-01-16,A_5mini_hot,0,,1000,0.0,-1.0
5092,2019-01-16,B_5mini_unseen,0,,1000,0.0,-1.0
5092,2019-01-16,C_4mini_1box_hot,0,,1000,0.0,-1.0
5092,2019-01-16,D_3mini_1box_1straight,0,,1000,0.0,-1.0
5092,2019-01-16,E_3mini_1set_1straight_prev,0,,1000,0.0,-1.0
5092,2019-01-16,F_5mini_random,0,,1000,0.0,-1.0
5093,2019-01-17,A_5mini_hot,0,,1000,0.0,-1.0
5093,2019-01-17,B_5mini_unseen,0,,1000,0.0,-1.0
5093,2019-01-17,C_4mini_1box_hot,0,,1000,0.0,-1.0
5093,2019-01-17,D_3mini_1box_1straight,0,,1000,0.0,-1.0
5093,2019-01-17,E_3mini_1set_1straight_prev,0,,1000,0.0,-1.0
5093,2019-01-17,F_5mini_random,0,,1000,0.0,-1.0
5094,2019-01-18,A_5mini_hot,0,,1000,0.0,-1.0
5094,2019-01-18,B_5mini_unseen,0,,1000,0.0,-1.0
5094,2019-01-18,C_4mini_1box_hot,0,,1000,0.0,-1.0
5094,2019-01-18,D_3mini_1box_1straight,0,,1000,0.0,-1.0
5094,2019-01-18,E_3mini_1set_1straight_prev,0,,1000,0.0,-1.0
5094,2019-01-18,F_5mini_random,0,,1000,0.0,-1.0
5095,2019-01-21,A_5mini_hot,0,,1000,0.0,-1.0
5095,2019-01-21,B_5mini_unseen,1,mini,1000,9000.0,8.0
5095,2019-01-21,C_4mini_1box_hot,0,,1000,0.0,-1.0
5095,2019-01-21,D_3mini_1box_1straight,0,,1000,0.0,-1.0
5095,2019-01-21,E_3mini_1set_1straight_prev,0,,1000,0.0,-1.0
5095,2019-01-21,F_5mini_random,0,,1000,0.0,-1.0
5096,2019-01-22,A_5mini_hot,0,,1000,0.0,-1.0
5096,2019-01-22,B_5mini_unseen,0,,1000,0.0,-1.0
5096,2019-01-22,C_4mini_1box_hot,0,,1000,0.0,-1.0
5096,2019-01-22,D_3mini_1box_1straight,0,,1000,0.0,-1.0
5096,2019-01-22,E_3mini_1set_1straight_prev,0,,1000,0.0,-1.0
5096,2019-01-22,F_5mini_random,0,,1000,0.0,-1.0
5097,2019-01-23,A_5mini_hot,0,,1000,0.0,-1.0
5097,2019-01-23,B_5mini_unseen,0,,1000,0.0,-1.0
5097,2019-01-23,C_4mini_1box_hot,0,,1000,0.0,-1.0
5097,2019-01-23,D_3mini_1box_1straight,0,,1000,0.0,-1.0
5097,2019-01-23,E_3mini_1set_1straight_prev,0,,1000,0.0,-1.0
5097,2019-01-23,F_5mini_random,0,,1000,0.0,-1.0
5098,2019-01-24,A_5mini_hot,0,,1000,0.0,-1.0
5098,2019-01-24,B_5mini_unseen,0,,1000,0.0,-1.0
5098,2019-01-24,C_4mini_1box_hot,0,,1000,0.0,-1.0
5098,2019-01-24,D_3mini_1box_1straight,0,,1000,0.0,-1.0
5098,2019-01-24,E_3mini_1set_1straight_prev,0,,1000,0.0,-1.0
5098,2019-01-24,F_5mini_random,0,,1000,0.0,-1.0
5099,2019-01-25,A_5mini_hot,0,,1000,0.0,-1.0
5099,2019-01-25,B_5mini_unseen,0,,1000,0.0,-1.0
5099,2019-01-25,C_4mini_1box_hot,0,,1000,0.0,-1.0
5099,2019-01-25,D_3mini_1box_1straight,0,,1000,0.0,-1.0
5099,2019-01-25,E_3mini_1set_1straight_prev,0,,1000,0.0,-1.0
5099,2019-01-25,F_5mini_random,0,,1000,0.0,-1.0
5100,2019-01-28,A_5mini_hot,0,,1000,0.0,-1.0
5100,2019-01-28,B_5mini_unseen,0,,1000,0.0,-1.0
5100,2019-01-28,C_4mini_1box_hot,0,,1000,0.0,-1.0
5100,2019-01-28,D_3mini_1box_1straight,0,,1000,0.0,-1.0
5100,2019-01-28,E_3mini_1set_1straight_prev,0,,1000,0.0,-1.0
5100,2019-01-28,F_5mini_random,0,,1000,0.0,-1.0
5101,2019-01-29,A_5mini_hot,0,,1000,0.0,-1.0
5101,2019-01-29,B_5mini_unseen,0,,1000,0.0,-1.0
5101,2019-01-29,C_4mini_1box_hot,0,,1000,0.0,-1.0
5101,2019-01-29,D_3mini_1box_1straight,0,,1000,0.0,-1.0
5101,2019-01-29,E_3mini_1set_1straight_prev,0,,1000,0.0,-1.0
5101,2019-01-29,F_5mini_random,0,,1000,0.0,-1.0
5102,2019-01-30,A_5mini_hot,0,,1000,0.0,-1.0
5102,2019-01-30,B_5mini_unseen,1,mini,1000,9000.0,8.0
5102,2019-01-30,C_4mini_1box_hot,0,,1000,0.0,-1.0
5102,2019-01-30,D_3mini_1box_1straight,0,,1000,0.0,-1.0
5102,2019-01-30,E_3mini_1set_1straight_prev,0,,1000,0.0,-1.0
5102,2019-01-30,F_5mini_random,0,,1000,0.0,-1.0
5103,2019-01-31,A_5mini_hot,0,,1000,0.0,-1.0
5103,2019-01-31,B_5mini_unseen,1,mini,1000,9000.0,8.0
5103,2019-01-31,C_4mini_1box_hot,0,,1000,0.0,-1.0
5103,2019-01-31,D_3mini_1box_1straight,0,,1000,0.0,-1.0
5103,2019-01-31,E_3mini_1set_1straight_prev,0,,1000,0.0,-1.0
5103,2019-01-31,F_5mini_random,0,,1000,0.0,-1.0
5104,2019-02-01,A_5mini_hot,0,,1000,0.0,-1.0
5104,2019-02-01,B_5mini_unseen,0,,1000,0.0,-1.0
5104,2019-02-01,C_4mini_1box_hot,0,,1000,0.0,-1.0
5104,2019-02-01,D_3mini_1box_1straight,0,,1000,0.0,-1.0
5104,2019-02-01,E_3mini_1set_1straight_prev,0,,1000,0.0,-1.0
5104,2019-02-01,F_5mini_random,0,,1000,0.0,-1.0
5105,2019-02-04,A_5mini_hot,0,,1000,0.0,-1.0
5105,2019-02-04,B_5mini_unseen,0,,1000,0.0,-1.0
5105,2019-02-04,C_4mini_1box_hot,0,,1000,0.0,-1.0
5105,2019-02-04,D_3mini_1box_1straight,0,,1000,0.0,-1.0
5105,2019-02-04,E_3mini_1set_1straight_prev,0,,1000,0.0,-1.0
5105,2019-02-04,F_5mini_random,0,,1000,0.0,-1.0
5106,2019-02-05,A_5mini_hot,0,,1000,0.0,-1.0
5106,2019-02-05,B_5mini_unseen,0,,1000,0.0,-1.0
5106,2019-02-05,C_4mini_1box_hot,0,,1000,0.0,-1.0
5106,2019-02-05,D_3mini_1box_1straight,0,,1000,0.0,-1.0
5106,2019-02-05,E_3mini_1set_1straight_prev,0,,1000,0.0,-1.0
5106,2019-02-05,F_5mini_random,0,,1000,0.0,-1.0
5107,2019-02-06,A_5mini_hot,0,,1000,0.0,-1.0
5107,2019-02-06,B_5mini_unseen,0,,1000,0.0,-1.0
5107,2019-02-06,C_4mini_1box_hot,0,,1000,0.0,-1.0
5107,2019-02-06,D_3mini_1box_1straight,0,,1000,0.0,-1.0
5107,2019-02-06,E_3mini_1set_1straight_prev,0,,1000,0.0,-1.0
5107,2019-02-06,F_5mini_random,1,mini,1000,9000.0,8.0
5108,2019-02-07,A_5mini_hot,0,,1000,0.0,-1.0
5108,2019-02-07,B_5mini_unseen,0,,1000,0.0,-1.0
5108,2019-02-07,C_4mini_1box_hot,0,,1000,0.0,-1.0
5108,2019-02-07,D_3mini_1box_1straight,0,,1000,0.0,-1.0
5108,2019-02-07,E_3mini_1set_1straight_prev,0,,1000,0.0,-1.0
5108,2019-02-07,F_5mini_random,0,,1000,0.0,-1.0
5109,2019-02-08,A_5mini_hot,0,,1000,0.0,-1.0
5109,2019-02-08,B_5mini_unseen,0,,1000,0.0,-1.0
5109,2019-02-08,C_4mini_1box_hot,0,,1000,0.0,-1.0
5109,2019-02-08,D_3mini_1box_1straight,0,,1000,0.0,-1.0
5109,2019-02-08,E_3mini_1set_1straight_prev,0,,1000,0.0,-1.0
5109,2019-02-08,F_5mini_random,0,,1000,0.0,-1.0
5110,2019-02-11,A_5mini_hot,0,,1000,0.0,-1.0
5110,2019-02-11,B_5mini_unseen,0,,1000,0.0,-1.0
5110,2019-02-11,C_4mini_1box_hot,0,,1000,0.0,-1.0
5110,2019-02-11,D_3mini_1box_1straight,0,,1000,0.0,-1.0
5110,2019-02-11,E_3mini_1set_1straight_prev,0,,1000,0.0,-1.0
5110,2019-02-11,F_5mini_random,0,,1000,0.0,-1.0
5111,2019-02-12,A_5mini_hot,0,,1000,0.0,-1.0
5111,2019-02-12,B_5mini_unseen,0,,1000,0.0,-1.0
5111,2019-02-12,C_4mini_1box_hot,0,,1000,0.0,-1.0
5111,2019-02-12,D_3mini_1box_1straight,0,,1000,0.0,-1.0
5111,2019-02-12,E_3mini_1set_1straight_prev,0,,1000,0.0,-1.0
5111,2019-02-12,F_5mini_random,0,,1000,0.0,-1.0
5112,2019-02-13,A_5mini_hot,0,,1000,0.0,-1.0
5112,2019-02-13,B_5mini_unseen,0,,1000,0.0,-1.0
5112,2019-02-13,C_4mini_1box_hot,0,,1000,0.0,-1.0
5112,2019-02-13,D_3mini_1box_1straight,0,,1000,0.0,-1.0
5112,2019-02-13,E_3mini_1set_1straight_prev,0,,1000,0.0,-1.0
5112,2019-02-13,F_5mini_random,0,,1000,0.0,-1.0
5113,2019-02-14,A_5mini_hot,0,,1000,0.0,-1.0
5113,2019-02-14,B_5mini_unseen,0,,1000,0.0,-1.0
5113,2019-02-14,C_4mini_1box_hot,0,,1000,0.0,-1.0
5113,2019-02-14,D_3mini_1box_1straight,0,,1000,0.0,-1.0
5113,2019-02-14,E_3mini_1set_1straight_prev,0,,1000,0.0,-1.0
5113,2019-02-14,F_5mini_random,0,,1000,0.0,-1.0
5114,2019-02-15,A_5mini_hot,0,,1000,0.0,-1.0
5114,2019-02-15,B_5mini_unseen,0,,1000,0.0,-1.0
5114,2019-02-15,C_4mini_1box_hot,0,,1000,0.0,-1.0
5114,2019-02-15,D_3mini_1box_1straight,0,,1000,0.0,-1.0
5114,2019-02-15,E_3mini_1set_1straight_prev,0,,1000,0.0,-1.0
5114,2019-02-15,F_5mini_random,0,,1000,0.0,-1.0
5115,2019-02-18,A_5mini_hot,0,,1000,0.0,-1.0
5115,2019-02-18,B_5mini_unseen,0,,1000,0.0,-1.0
5115,2019-02-18,C_4mini_1box_hot,0,,1000,0.0,-1.0
5115,2019-02-18,D_3mini_1box_1straight,0,,1000,0.0,-1.0
5115,2019-02-18,E_3mini_1set_1straight_prev,0,,1000,0.0,-1.0
5115,2019-02-18,F_5mini_random,0,,1000,0.0,-1.0
5116,2019-02-19,A_5mini_hot,0,,1000,0.0,-1.0
5116,2019-02-19,B_5mini_unseen,0,,1000,0.0,-1.0
5116,2019-02-19,C_4mini_1box_hot,0,,1000,0.0,-1.0
5116,2019-02-19,D_3mini_1box_1straight,0,,1000,0.0,-1.0
5116,2019-02-19,E_3mini_1set_1straight_prev,0,,1000,0.0,-1.0
5116,2019-02-19,F_5mini_random,0,,1000,0.0,-1.0
5117,2019-02-20,A_5mini_hot,0,,1000,0.0,-1.0
5117,2019-02-20,B_5mini_unseen,0,,1000,0.0,-1.0
5117,2019-02-20,C_4mini_1box_hot,0,,1000,0.0,-1.0
5117,2019-02-20,D_3mini_1box_1straight,0,,1000,0.0,-1.0
5117,2019-02-20,E_3mini_1set_1straight_prev,0,,1000,0.0,-1.0
5117,2019-02-20,F_5mini_random,0,,1000,0.0,-1.0
5118,2019-02-21,A_5mini_hot,0,,1000,0.0,-1.0
5118,2019-02-21,B_5mini_unseen,0,,1000,0.0,-1.0
5118,2019-02-21,C_4mini_1box_hot,0,,1000,0.0,-1.0
5118,2019-02-21,D_3mini_1box_1straight,0,,1000,0.0,-1.0
5118,2019-02-21,E_3mini_1set_1straight_prev,0,,1000,0.0,-1.0
5118,2019-02-21,F_5mini_random,0,,1000,0.0,-1.0
5119,2019-02-22,A_5mini_hot,0,,1000,0.0,-1.0
5119,2019-02-22,B_5mini_unseen,0,,1000,0.0,-1.0
5119,2019-02-22,C_4mini_1box_hot,0,,1000,0.0,-1.0
5119,2019-02-22,D_3mini_1box_1straight,0,,1000,0.0,-1.0
5119,2019-02-22,E_3mini_1set_1straight_prev,0,,1000,0.0,-1.0
5119,2019-02-22,F_5mini_random,0,,1000,0.0,-1.0
5120,2019-02-25,A_5mini_hot,0,,1000,0.0,-1.0
5120,2019-02-25,B_5mini_unseen,0,,1000,0.0,-1.0
5120,2019-02-25,C_4mini_1box_hot,0,,1000,0.0,-1.0
5120,2019-02-25,D_3mini_1box_1straight,0,,1000,0.0,-1.0
5120,2019-02-25,E_3mini_1set_1straight_prev,0,,1000,0.0,-1.0
5120,2019-02-25,F_5mini_random,0,,1000,0.0,-1.0
5121,2019-02-26,A_5mini_hot,0,,1000,0.0,-1.0
5121,2019-02-26,B_5mini_unseen,0,,1000,0.0,-1.0
5121,2019-02-26,C_4mini_1box_hot,0,,1000,0.0,-1.0
5121,2019-02-26,D_3mini_1box_1straight,0,,1000,0.0,-1.0
5121,2019-02-26,E_3mini_1set_1straight_prev,0,,1000,0.0,-1.0
5121,2019-02-26,F_5mini_random,0,,1000,0.0,-1.0
5122,2019-02-27,A_5mini_hot,0,,1000,0.0,-1.0
5122,2019-02-27,B_5mini_unseen,0,,1000,0.0,-1.0
5122,2019-02-27,C_4mini_1box_hot,0,,1000,0.0,-1.0
5122,2019-02-27,D_3mini_1box_1straight,0,,1000,0.0,-1.0
5122,2019-02-27,E_3mini_1set_1straight_prev,0,,1000,0.0,-1.0
5122,2019-02-27,F_5mini_random,0,,1000,0.0,-1.0
5123,2019-02-28,A_5mini_hot,0,,1000,0.0,-1.0
5123,2019-02-28,B_5mini_unseen,0,,1000,0.0,-1.0
5123,2019-02-28,C_4mini_1box_hot,0,,1000,0.0,-1.0
5123,2019-02-28,D_3mini_1box_1straight,0,,1000,0.0,-1.0
5123,2019-02-28,E_3mini_1set_1straight_prev,0,,1000,0.0,-1.0
5123,2019-02-28,F_5mini_random,0,,1000,0.0,-1.0
5124,2019-03-01,A_5mini_hot,0,,1000,0.0,-1.0
5124,2019-03-01,B_5mini_unseen,0,,1000,0.0,-1.0
5124,2019-03-01,C_4mini_1box_hot,0,,1000,0.0,-1.0
5124,2019-03-01,D_3mini_1box_1straight,0,,1000,0.0,-1.0
5124,2019-03-01,E_3mini_1set_1straight_prev,0,,1000,0.0,-1.0
5124,2019-03-01,F_5mini_random,0,,1000,0.0,-1.0
5125,2019-03-04,A_5mini_hot,0,,1000,0.0,-1.0
5125,2019-03-04,B_5mini_unseen,0,,1000,0.0,-1.0
5125,2019-03-04,C_4mini_1box_hot,0,,1000,0.0,-1.0
5125,2019-03-04,D_3mini_1box_1straight,0,,1000,0.0,-1.0
5125,2019-03-04,E_3mini_1set_1straight_prev,0,,1000,0.0,-1.0
5125,2019-03-04,F_5mini_random,0,,1000,0.0,-1.0
5126,2019-03-05,A_5mini_hot,0,,1000,0.0,-1.0
5126,2019-03-05,B_5mini_unseen,0,,1000,0.0,-1.0
5126,2019-03-05,C_4mini_1box_hot,0,,1000,0.0,-1.0
5126,2019-03-05,D_3mini_1box_1straight,0,,1000,0.0,-1.0
5126,2019-03-05,E_3mini_1set_1straight_prev,0,,1000,0.0,-1.0
5126,2019-03-05,F_5mini_random,0,,1000,0.0,-1.0
5127,2019-03-06,A_5mini_hot,0,,1000,0.0,-1.0
5127,2019-03-06,B_5mini_unseen,0,,1000,0.0,-1.0
5127,2019-03-06,C_4mini_1box_hot,0,,1000,0.0,-1.0
5127,2019-03-06,D_3mini_1box_1straight,0,,1000,0.0,-1.0
5127,2019-03-06,E_3mini_1set_1straight_prev,0,,1000,0.0,-1.0
5127,2019-03-06,F_5mini_random,0,,1000,0.0,-1.0
5128,2019-03-07,A_5mini_hot,0,,1000,0.0,-1.0
5128,2019-03-07,B_5mini_unseen,0,,1000,0.0,-1.0
5128,2019-03-07,C_4mini_1box_hot,0,,1000,0.0,-1.0
5128,2019-03-07,D_3mini_1box_1straight,0,,1000,0.0,-1.0
5128,2019-03-07,E_3mini_1set_1straight_prev,0,,1000,0.0,-1.0
5128,2019-03-07,F_5mini_random,0,,1000,0.0,-1.0
5129,2019-03-08,A_5mini_hot,0,,1000,0.0,-1.0
5129,2019-03-08,B_5mini_unseen,0,,1000,0.0,-1.0
5129,2019-03-08,C_4mini_1box_hot,0,,1000,0.0,-1.0
5129,2019-03-08,D_3mini_1box_1straight,0,,1000,0.0,-1.0
5129,2019-03-08,E_3mini_1set_1straight_prev,0,,1000,0.0,-1.0
5129,2019-03-08,F_5mini_random,0,,1000,0.0,-1.0
5130,2019-03-11,A_5mini_hot,0,,1000,0.0,-1.0
5130,2019-03-11,B_5mini_unseen,0,,1000,0.0,-1.0
5130,2019-03-11,C_4mini_1box_hot,0,,1000,0.0,-1.0
5130,2019-03-11,D_3mini_1box_1straight,0,,1000,0.0,-1.0
5130,2019-03-11,E_3mini_1set_1straight_prev,0,,1000,0.0,-1.0
5130,2019-03-11,F_5mini_random,0,,1000,0.0,-1.0
5131,2019-03-12,A_5mini_hot,0,,1000,0.0,-1.0
5131,2019-03-12,B_5mini_unseen,0,,1000,0.0,-1.0
5131,2019-03-12,C_4mini_1box_hot,0,,1000,0.0,-1.0
5131,2019-03-12,D_3mini_1box_1straight,0,,1000,0.0,-1.0
5131,2019-03-12,E_3mini_1set_1straight_prev,0,,1000,0.0,-1.0
5131,2019-03-12,F_5mini_random,0,,1000,0.0,-1.0
5132,2019-03-13,A_5mini_hot,0,,1000,0.0,-1.0
5132,2019-03-13,B_5mini_unseen,0,,1000,0.0,-1.0
5132,2019-03-13,C_4mini_1box_hot,0,,1000,0.0,-1.0
5132,2019-03-13,D_3mini_1box_1straight,0,,1000,0.0,-1.0
5132,2019-03-13,E_3mini_1set_1straight_prev,0,,1000,0.0,-1.0
5132,2019-03-13,F_5mini_random,0,,1000,0.0,-1.0
5133,2019-03-14,A_5mini_hot,1,mini,1000,9000.0,8.0
5133,2019-03-14,B_5mini_unseen,0,,1000,0.0,-1.0
5133,2019-03-14,C_4mini_1box_hot,1,mini,1000,9000.0,8.0
5133,2019-03-14,D_3mini_1box_1straight,0,,1000,0.0,-1.0
5133,2019-03-14,E_3mini_1set_1straight_prev,0,,1000,0.0,-1.0
5133,2019-03-14,F_5mini_random,0,,1000,0.0,-1.0
5134,2019-03-15,A_5mini_hot,0,,1000,0.0,-1.0
5134,2019-03-15,B_5mini_unseen,0,,1000,0.0,-1.0
5134,2019-03-15,C_4mini_1box_hot,0,,1000,0.0,-1.0
5134,2019-03-15,D_3mini_1box_1straight,0,,1000,0.0,-1.0
5134,2019-03-15,E_3mini_1set_1straight_prev,0,,1000,0.0,-1.0
5134,2019-03-15,F_5mini_random,0,,1000,0.0,-1.0
5135,2019-03-18,A_5mini_hot,0,,1000,0.0,-1.0
5135,2019-03-18,B_5mini_unseen,0,,1000,0.0,-1.0
5135,2019-03-18,C_4mini_1box_hot,0,,1000,0.0,-1.0
5135,2019-03-18,D_3mini_1box_1straight,0,,1000,0.0,-1.0
5135,2019-03-18,E_3mini_1set_1straight_prev,0,,1000,0.0,-1.0
5135,2019-03-18,F_5mini_random,0,,1000,0.0,-1.0
5136,2019-03-19,A_5mini_hot,0,,1000,0.0,-1.0
5136,2019-03-19,B_5mini_unseen,0,,1000,0.0,-1.0
5136,2019-03-19,C_4mini_1box_hot,0,,1000,0.0,-1.0
5136,2019-03-19,D_3mini_1box_1straight,0,,1000,0.0,-1.0
5136,2019-03-19,E_3mini_1set_1straight_prev,0,,1000,0.0,-1.0
5136,2019-03-19,F_5mini_random,0,,1000,0.0,-1.0
5137,2019-03-20,A_5mini_hot,0,,1000,0.0,-1.0
5137,2019-03-20,B_5mini_unseen,0,,1000,0.0,-1.0
5137,2019-03-20,C_4mini_1box_hot,0,,1000,0.0,-1.0
5137,2019-03-20,D_3mini_1box_1straight,0,,1000,0.0,-1.0
5137,2019-03-20,E_3mini_1set_1straight_prev,0,,1000,0.0,-1.0
5137,2019-03-20,F_5mini_random,0,,1000,0.0,-1.0
5138,2019-03-21,A_5mini_hot,0,,1000,0.0,-1.0
5138,2019-03-21,B_5mini_unseen,0,,1000,0.0,-1.0
5138,2019-03-21,C_4mini_1box_hot,0,,1000,0.0,-1.0
5138,2019-03-21,D_3mini_1box_1straight,0,,1000,0.0,-1.0
5138,2019-03-21,E_3mini_1set_1straight_prev,0,,1000,0.0,-1.0
5138,2019-03-21,F_5mini_random,0,,1000,0.0,-1.0
5139,2019-03-22,A_5mini_hot,0,,1000,0.0,-1.0
5139,2019-03-22,B_5mini_unseen,0,,1000,0.0,-1.0
5139,2019-03-22,C_4mini_1box_hot,0,,1000,0.0,-1.0
5139,2019-03-22,D_3mini_1box_1straight,0,,1000,0.0,-1.0
5139,2019-03-22,E_3mini_1set_1straight_prev,0,,1000,0.0,-1.0
5139,2019-03-22,F_5mini_random,0,,1000,0.0,-1.0
5140,2019-03-25,A_5mini_hot,0,,1000,0.0,-1.0
5140,2019-03-25,B_5mini_unseen,0,,1000,0.0,-1.0
5140,2019-03-25,C_4mini_1box_hot,0,,1000,0.0,-1.0
5140,2019-03-25,D_3mini_1box_1straight,0,,1000,0.0,-1.0
5140,2019-03-25,E_3mini_1set_1straight_prev,0,,1000,0.0,-1.0
5140,2019-03-25,F_5mini_random,0,,1000,0.0,-1.0
5141,2019-03-26,A_5mini_hot,0,,1000,0.0,-1.0
5141,2019-03-26,B_5mini_unseen,0,,1000,0.0,-1.0
5141,2019-03-26,C_4mini_1box_hot,0,,1000,0.0,-1.0
5141,2019-03-26,D_3mini_1box_1straight,0,,1000,0.0,-1.0
5141,2019-03-26,E_3mini_1set_1straight_prev,0,,1000,0.0,-1.0
5141,2019-03-26,F_5mini_random,0,,1000,0.0,-1.0
5142,2019-03-27,A_5mini_hot,1,mini,1000,9000.0,8.0
5142,2019-03-27,B_5mini_unseen,0,,1000,0.0,-1.0
5142,2019-03-27,C_4mini_1box_hot,0,,1000,0.0,-1.0
5142,2019-03-27,D_3mini_1box_1straight,0,,1000,0.0,-1.0
5142,2019-03-27,E_3mini_1set_1straight_prev,0,,1000,0.0,-1.0
5142,2019-03-27,F_5mini_random,0,,1000,0.0,-1.0
5143,2019-03-28,A_5mini_hot,0,,1000,0.0,-1.0
5143,2019-03-28,B_5mini_unseen,0,,1000,0.0,-1.0
5143,2019-03-28,C_4mini_1box_hot,0,,1000,0.0,-1.0
5143,2019-03-28,D_3mini_1box_1straight,0,,1000,0.0,-1.0
5143,2019-03-28,E_3mini_1set_1straight_prev,0,,1000,0.0,-1.0
5143,2019-03-28,F_5mini_random,0,,1000,0.0,-1.0
5144,2019-03-29,A_5mini_hot,0,,1000,0.0,-1.0
5144,2019-03-29,B_5mini_unseen,0,,1000,0.0,-1.0
5144,2019-03-29,C_4mini_1box_hot,0,,1000,0.0,-1.0
5144,2019-03-29,D_3mini_1box_1straight,0,,1000,0.0,-1.0
5144,2019-03-29,E_3mini_1set_1straight_prev,0,,1000,0.0,-1.0
5144,2019-03-29,F_5mini_random,0,,1000,0.0,-1.0
5145,2019-04-01,A_5mini_hot,0,,1000,0.0,-1.0
5145,2019-04-01,B_5mini_unseen,0,,1000,0.0,-1.0
5145,2019-04-01,C_4mini_1box_hot,0,,1000,0.0,-1.0
5145,2019-04-01,D_3mini_1box_1straight,0,,1000,0.0,-1.0
5145,2019-04-01,E_3mini_1set_1straight_prev,0,,1000,0.0,-1.0
5145,2019-04-01,F_5mini_random,0,,1000,0.0,-1.0
5146,2019-04-02,A_5mini_hot,0,,1000,0.0,-1.0
5146,2019-04-02,B_5mini_unseen,0,,1000,0.0,-1.0
5146,2019-04-02,C_4mini_1box_hot,0,,1000,0.0,-1.0
5146,2019-04-02,D_3mini_1box_1straight,0,,1000,0.0,-1.0
5146,2019-04-02,E_3mini_1set_1straight_prev,0,,1000,0.0,-1.0
5146,2019-04-02,F_5mini_random,0,,1000,0.0,-1.0
5147,2019-04-03,A_5mini_hot,0,,1000,0.0,-1.0
5147,2019-04-03,B_5mini_unseen,0,,1000,0.0,-1.0
5147,2019-04-03,C_4mini_1box_hot,0,,1000,0.0,-1.0
5147,2019-04-03,D_3mini_1box_1straight,0,,1000,0.0,-1.0
5147,2019-04-03,E_3mini_1set_1straight_prev,0,,1000,0.0,-1.0
5147,2019-04-03,F_5mini_random,0,,1000,0.0,-1.0
5148,2019-04-04,A_5mini_hot,0,,1000,0.0,-1.0
5148,2019-04-04,B_5mini_unseen,0,,1000,0.0,-1.0
5148,2019-04-04,C_4mini_1box_hot,0,,1000,0.0,-1.0
5148,2019-04-04,D_3mini_1box_1straight,0,,1000,0.0,-1.0
5148,2019-04-04,E_3mini_1set_1straight_prev,0,,1000,0.0,-1.0
5148,2019-04-04,F_5mini_random,0,,1000,0.0,-1.0
5149,2019-04-05,A_5mini_hot,0,,1000,0.0,-1.0
5149,2019-04-05,B_5mini_unseen,0,,1000,0.0,-1.0
5149,2019-04-05,C_4mini_1box_hot,0,,1000,0.0,-1.0
5149,2019-04-05,D_3mini_1box_1straight,0,,1000,0.0,-1.0
5149,2019-04-05,E_3mini_1set_1straight_prev,0,,1000,0.0,-1.0
5149,2019-04-05,F_5mini_random,0,,1000,0.0,-1.0
5150,2019-04-08,A_5mini_hot,0,,1000,0.0,-1.0
5150,2019-04-08,B_5mini_unseen,0,,1000,0.0,-1.0
5150,2019-04-08,C_4mini_1box_hot,0,,1000,0.0,-1.0
5150,2019-04-08,D_3mini_1box_1straight,0,,1000,0.0,-1.0
5150,2019-04-08,E_3mini_1set_1straight_prev,0,,1000,0.0,-1.0
5150,2019-04-08,F_5mini_random,0,,1000,0.0,-1.0
5151,2019-04-09,A_5mini_hot,0,,1000,0.0,-1.0
5151,2019-04-09,B_5mini_unseen,0,,1000,0.0,-1.0
5151,2019-04-09,C_4mini_1box_hot,0,,1000,0.0,-1.0
5151,2019-04-09,D_3mini_1box_1straight,0,,1000,0.0,-1.0
5151,2019-04-09,E_3mini_1set_1straight_prev,0,,1000,0.0,-1.0
5151,2019-04-09,F_5mini_random,0,,1000,0.0,-1.0
5152,2019-04-10,A_5mini_hot,0,,1000,0.0,-1.0
5152,2019-04-10,B_5mini_unseen,0,,1000,0.0,-1.0
5152,2019-04-10,C_4mini_1box_hot,0,,1000,0.0,-1.0
5152,2019-04-10,D_3mini_1box_1straight,0,,1000,0.0,-1.0
5152,2019-04-10,E_3mini_1set_1straight_prev,0,,1000,0.0,-1.0
5152,2019-04-10,F_5mini_random,0,,1000,0.0,-1.0
5153,2019-04-11,A_5mini_hot,0,,1000,0.0,-1.0
5153,2019-04-11,B_5mini_unseen,0,,1000,0.0,-1.0
5153,2019-04-11,C_4mini_1box_hot,0,,1000,0.0,-1.0
5153,2019-04-11,D_3mini_1box_1straight,0,,1000,0.0,-1.0
5153,2019-04-11,E_3mini_1set_1straight_prev,0,,1000,0.0,-1.0
5153,2019-04-11,F_5mini_random,0,,1000,0.0,-1.0
5154,2019-04-12,A_5mini_hot,0,,1000,0.0,-1.0
5154,2019-04-12,B_5mini_unseen,0,,1000,0.0,-1.0
5154,2019-04-12,C_4mini_1box_hot,0,,1000,0.0,-1.0
5154,2019-04-12,D_3mini_1box_1straight,0,,1000,0.0,-1.0
5154,2019-04-12,E_3mini_1set_1straight_prev,0,,1000,0.0,-1.0
5154,2019-04-12,F_5mini_random,1,mini,1000,9000.0,8.0
5155,2019-04-15,A_5mini_hot,0,,1000,0.0,-1.0
5155,2019-04-15,B_5mini_unseen,0,,1000,0.0,-1.0
5155,2019-04-15,C_4mini_1box_hot,0,,1000,0.0,-1.0
5155,2019-04-15,D_3mini_1box_1straight,0,,1000,0.0,-1.0
5155,2019-04-15,E_3mini_1set_1straight_prev,0,,1000,0.0,-1.0
5155,2019-04-15,F_5mini_random,0,,1000,0.0,-1.0
5156,2019-04-16,A_5mini_hot,0,,1000,0.0,-1.0
5156,2019-04-16,B_5mini_unseen,0,,1000,0.0,-1.0
5156,2019-04-16,C_4mini_1box_hot,0,,1000,0.0,-1.0
5156,2019-04-16,D_3mini_1box_1straight,0,,1000,0.0,-1.0
5156,2019-04-16,E_3mini_1set_1straight_prev,0,,1000,0.0,-1.0
5156,2019-04-16,F_5mini_random,0,,1000,0.0,-1.0
5157,2019-04-17,A_5mini_hot,0,,1000,0.0,-1.0
5157,2019-04-17,B_5mini_unseen,0,,1000,0.0,-1.0
5157,2019-04-17,C_4mini_1box_hot,0,,1000,0.0,-1.0
5157,2019-04-17,D_3mini_1box_1straight,0,,1000,0.0,-1.0
5157,2019-04-17,E_3mini_1set_1straight_prev,0,,1000,0.0,-1.0
5157,2019-04-17,F_5mini_random,0,,1000,0.0,-1.0
5158,2019-04-18,A_5mini_hot,0,,1000,0.0,-1.0
5158,2019-04-18,B_5mini_unseen,0,,1000,0.0,-1.0
5158,2019-04-18,C_4mini_1box_hot,0,,1000,0.0,-1.0
5158,2019-04-18,D_3mini_1box_1straight,0,,1000,0.0,-1.0
5158,2019-04-18,E_3mini_1set_1straight_prev,0,,1000,0.0,-1.0
5158,2019-04-18,F_5mini_random,0,,1000,0.0,-1.0
5159,2019-04-19,A_5mini_hot,0,,1000,0.0,-1.0
5159,2019-04-19,B_5mini_unseen,0,,1000,0.0,-1.0
5159,2019-04-19,C_4mini_1box_hot,0,,1000,0.0,-1.0
5159,2019-04-19,D_3mini_1box_1straight,0,,1000,0.0,-1.0
5159,2019-04-19,E_3mini_1set_1straight_prev,0,,1000,0.0,-1.0
5159,2019-04-19,F_5mini_random,0,,1000,0.0,-1.0
5160,2019-04-22,A_5mini_hot,0,,1000,0.0,-1.0
5160,2019-04-22,B_5mini_unseen,0,,1000,0.0,-1.0
5160,2019-04-22,C_4mini_1box_hot,0,,1000,0.0,-1.0
5160,2019-04-22,D_3mini_1box_1straight,0,,1000,0.0,-1.0
5160,2019-04-22,E_3mini_1set_1straight_prev,0,,1000,0.0,-1.0
5160,2019-04-22,F_5mini_random,0,,1000,0.0,-1.0
5161,2019-04-23,A_5mini_hot,0,,1000,0.0,-1.0
5161,2019-04-23,B_5mini_unseen,0,,1000,0.0,-1.0
5161,2019-04-23,C_4mini_1box_hot,0,,1000,0.0,-1.0
5161,2019-04-23,D_3mini_1box_1straight,0,,1000,0.0,-1.0
5161,2019-04-23,E_3mini_1set_1straight_prev,0,,1000,0.0,-1.0
5161,2019-04-23,F_5mini_random,0,,1000,0.0,-1.0
5162,2019-04-24,A_5mini_hot,0,,1000,0.0,-1.0
5162,2019-04-24,B_5mini_unseen,0,,1000,0.0,-1.0
5162,2019-04-24,C_4mini_1box_hot,0,,1000,0.0,-1.0
5162,2019-04-24,D_3mini_1box_1straight,0,,1000,0.0,-1.0
5162,2019-04-24,E_3mini_1set_1straight_prev,1,mini,1000,9000.0,8.0
5162,2019-04-24,F_5mini_random,0,,1000,0.0,-1.0
5163,2019-04-25,A_5mini_hot,0,,1000,0.0,-1.0
5163,2019-04-25,B_5mini_unseen,0,,1000,0.0,-1.0
5163,2019-04-25,C_4mini_1box_hot,0,,1000,0.0,-1.0
5163,2019-04-25,D_3mini_1box_1straight,0,,1000,0.0,-1.0
5163,2019-04-25,E_3mini_1set_1straight_prev,0,,1000,0.0,-1.0
5163,2019-04-25,F_5mini_random,0,,1000,0.0,-1.0
5164,2019-04-26,A_5mini_hot,0,,1000,0.0,-1.0
5164,2019-04-26,B_5mini_unseen,0,,1000,0.0,-1.0
5164,2019-04-26,C_4mini_1box_hot,0,,1000,0.0,-1.0
5164,2019-04-26,D_3mini_1box_1straight,0,,1000,0.0,-1.0
5164,2019-04-26,E_3mini_1set_1straight_prev,0,,1000,0.0,-1.0
5164,2019-04-26,F_5mini_random,0,,1000,0.0,-1.0
5165,2019-04-29,A_5mini_hot,0,,1000,0.0,-1.0
5165,2019-04-29,B_5mini_unseen,0,,1000,0.0,-1.0
5165,2019-04-29,C_4mini_1box_hot,0,,1000,0.0,-1.0
5165,2019-04-29,D_3mini_1box_1straight,0,,1000,0.0,-1.0
5165,2019-04-29,E_3mini_1set_1straight_prev,0,,1000,0.0,-1.0
5165,2019-04-29,F_5mini_random,0,,1000,0.0,-1.0
5166,2019-04-30,A_5mini_hot,0,,1000,0.0,-1.0
5166,2019-04-30,B_5mini_unseen,0,,1000,0.0,-1.0
5166,2019-04-30,C_4mini_1box_hot,0,,1000,0.0,-1.0
5166,2019-04-30,D_3mini_1box_1straight,0,,1000,0.0,-1.0
5166,2019-04-30,E_3mini_1set_1straight_prev,0,,1000,0.0,-1.0
5166,2019-04-30,F_5mini_random,0,,1000,0.0,-1.0
5167,2019-05-01,A_5mini_hot,0,,1000,0.0,-1.0
5167,2019-05-01,B_5mini_unseen,0,,1000,0.0,-1.0
5167,2019-05-01,C_4mini_1box_hot,0,,1000,0.0,-1.0
5167,2019-05-01,D_3mini_1box_1straight,0,,1000,0.0,-1.0
5167,2019-05-01,E_3mini_1set_1straight_prev,0,,1000,0.0,-1.0
5167,2019-05-01,F_5mini_random,0,,1000,0.0,-1.0
5168,2019-05-02,A_5mini_hot,0,,1000,0.0,-1.0
5168,2019-05-02,B_5mini_unseen,0,,1000,0.0,-1.0
5168,2019-05-02,C_4mini_1box_hot,0,,1000,0.0,-1.0
5168,2019-05-02,D_3mini_1box_1straight,0,,1000,0.0,-1.0
5168,2019-05-02,E_3mini_1set_1straight_prev,0,,1000,0.0,-1.0
5168,2019-05-02,F_5mini_random,0,,1000,0.0,-1.0
5169,2019-05-03,A_5mini_hot,0,,1000,0.0,-1.0
5169,2019-05-03,B_5mini_unseen,0,,1000,0.0,-1.0
5169,2019-05-03,C_4mini_1box_hot,0,,1000,0.0,-1.0
5169,2019-05-03,D_3mini_1box_1straight,0,,1000,0.0,-1.0
5169,2019-05-03,E_3mini_1set_1straight_prev,0,,1000,0.0,-1.0
5169,2019-05-03,F_5mini_random,0,,1000,0.0,-1.0
5170,2019-05-06,A_5mini_hot,0,,1000,0.0,-1.0
5170,2019-05-06,B_5mini_unseen,0,,1000,0.0,-1.0
5170,2019-05-06,C_4mini_1box_hot,0,,1000,0.0,-1.0
5170,2019-05-06,D_3mini_1box_1straight,0,,1000,0.0,-1.0
5170,2019-05-06,E_3mini_1set_1straight_prev,0,,1000,0.0,-1.0
5170,2019-05-06,F_5mini_random,0,,1000,0.0,-1.0
5171,2019-05-07,A_5mini_hot,0,,1000,0.0,-1.0
5171,2019-05-07,B_5mini_unseen,1,mini,1000,9000.0,8.0
5171,2019-05-07,C_4mini_1box_hot,0,,1000,0.0,-1.0
5171,2019-05-07,D_3mini_1box_1straight,0,,1000,0.0,-1.0
5171,2019-05-07,E_3mini_1set_1straight_prev,0,,1000,0.0,-1.0
5171,2019-05-07,F_5mini_random,0,,1000,0.0,-1.0
5172,2019-05-08,A_5mini_hot,0,,1000,0.0,-1.0
5172,2019-05-08,B_5mini_unseen,0,,1000,0.0,-1.0
5172,2019-05-08,C_4mini_1box_hot,0,,1000,0.0,-1.0
5172,2019-05-08,D_3mini_1box_1straight,0,,1000,0.0,-1.0
5172,2019-05-08,E_3mini_1set_1straight_prev,0,,1000,0.0,-1.0
5172,2019-05-08,F_5mini_random,0,,1000,0.0,-1.0
5173,2019-05-09,A_5mini_hot,0,,1000,0.0,-1.0
5173,2019-05-09,B_5mini_unseen,0,,1000,0.0,-1.0
5173,2019-05-09,C_4mini_1box_hot,0,,1000,0.0,-1.0
5173,2019-05-09,D_3mini_1box_1straight,0,,1000,0.0,-1.0
5173,2019-05-09,E_3mini_1set_1straight_prev,0,,1000,0.0,-1.0
5173,2019-05-09,F_5mini_random,1,mini,1000,9000.0,8.0
5174,2019-05-10,A_5mini_hot,0,,1000,0.0,-1.0
5174,2019-05-10,B_5mini_unseen,0,,1000,0.0,-1.0
5174,2019-05-10,C_4mini_1box_hot,0,,1000,0.0,-1.0
5174,2019-05-10,D_3mini_1box_1straight,0,,1000,0.0,-1.0
5174,2019-05-10,E_3mini_1set_1straight_prev,0,,1000,0.0,-1.0
5174,2019-05-10,F_5mini_random,0,,1000,0.0,-1.0
5175,2019-05-13,A_5mini_hot,0,,1000,0.0,-1.0
5175,2019-05-13,B_5mini_unseen,0,,1000,0.0,-1.0
5175,2019-05-13,C_4mini_1box_hot,0,,1000,0.0,-1.0
5175,2019-05-13,D_3mini_1box_1straight,0,,1000,0.0,-1.0
5175,2019-05-13,E_3mini_1set_1straight_prev,0,,1000,0.0,-1.0
5175,2019-05-13,F_5mini_random,0,,1000,0.0,-1.0
5176,2019-05-14,A_5mini_hot,0,,1000,0.0,-1.0
5176,2019-05-14,B_5mini_unseen,0,,1000,0.0,-1.0
5176,2019-05-14,C_4mini_1box_hot,0,,1000,0.0,-1.0
5176,2019-05-14,D_3mini_1box_1straight,0,,1000,0.0,-1.0
5176,2019-05-14,E_3mini_1set_1straight_prev,0,,1000,0.0,-1.0
5176,2019-05-14,F_5mini_random,0,,1000,0.0,-1.0
5177,2019-05-15,A_5mini_hot,0,,1000,0.0,-1.0
5177,2019-05-15,B_5mini_unseen,0,,1000,0.0,-1.0
5177,2019-05-15,C_4mini_1box_hot,0,,1000,0.0,-1.0
5177,2019-05-15,D_3mini_1box_1straight,0,,1000,0.0,-1.0
5177,2019-05-15,E_3mini_1set_1straight_prev,0,,1000,0.0,-1.0
5177,2019-05-15,F_5mini_random,0,,1000,0.0,-1.0
5178,2019-05-16,A_5mini_hot,0,,1000,0.0,-1.0
5178,2019-05-16,B_5mini_unseen,0,,1000,0.0,-1.0
5178,2019-05-16,C_4mini_1box_hot,0,,1000,0.0,-1.0
5178,2019-05-16,D_3mini_1box_1straight,0,,1000,0.0,-1.0
5178,2019-05-16,E_3mini_1set_1straight_prev,0,,1000,0.0,-1.0
5178,2019-05-16,F_5mini_random,0,,1000,0.0,-1.0
5179,2019-05-17,A_5mini_hot,0,,1000,0.0,-1.0
5179,2019-05-17,B_5mini_unseen,0,,1000,0.0,-1.0
5179,2019-05-17,C_4mini_1box_hot,0,,1000,0.0,-1.0
5179,2019-05-17,D_3mini_1box_1straight,0,,1000,0.0,-1.0
5179,2019-05-17,E_3mini_1set_1straight_prev,0,,1000,0.0,-1.0
5179,2019-05-17,F_5mini_random,0,,1000,0.0,-1.0
5180,2019-05-20,A_5mini_hot,0,,1000,0.0,-1.0
5180,2019-05-20,B_5mini_unseen,0,,1000,0.0,-1.0
5180,2019-05-20,C_4mini_1box_hot,0,,1000,0.0,-1.0
5180,2019-05-20,D_3mini_1box_1straight,0,,1000,0.0,-1.0
5180,2019-05-20,E_3mini_1set_1straight_prev,0,,1000,0.0,-1.0
5180,2019-05-20,F_5mini_random,0,,1000,0.0,-1.0
5181,2019-05-21,A_5mini_hot,0,,1000,0.0,-1.0
5181,2019-05-21,B_5mini_unseen,0,,1000,0.0,-1.0
5181,2019-05-21,C_4mini_1box_hot,0,,1000,0.0,-1.0
5181,2019-05-21,D_3mini_1box_1straight,0,,1000,0.0,-1.0
5181,2019-05-21,E_3mini_1set_1straight_prev,0,,1000,0.0,-1.0
5181,2019-05-21,F_5mini_random,0,,1000,0.0,-1.0
5182,2019-05-22,A_5mini_hot,0,,1000,0.0,-1.0
5182,2019-05-22,B_5mini_unseen,0,,1000,0.0,-1.0
5182,2019-05-22,C_4mini_1box_hot,0,,1000,0.0,-1.0
5182,2019-05-22,D_3mini_1box_1straight,0,,1000,0.0,-1.0
5182,2019-05-22,E_3mini_1set_1straight_prev,0,,1000,0.0,-1.0
5182,2019-05-22,F_5mini_random,0,,1000,0.0,-1.0
5183,2019-05-23,A_5mini_hot,0,,1000,0.0,-1.0
5183,2019-05-23,B_5mini_unseen,0,,1000,0.0,-1.0
5183,2019-05-23,C_4mini_1box_hot,0,,1000,0.0,-1.0
5183,2019-05-23,D_3mini_1box_1straight,0,,1000,0.0,-1.0
5183,2019-05-23,E_3mini_1set_1straight_prev,0,,1000,0.0,-1.0
5183,2019-05-23,F_5mini_random,0,,1000,0.0,-1.0
5184,2019-05-24,A_5mini_hot,0,,1000,0.0,-1.0
5184,2019-05-24,B_5mini_unseen,0,,1000,0.0,-1.0
5184,2019-05-24,C_4mini_1box_hot,0,,1000,0.0,-1.0
5184,2019-05-24,D_3mini_1box_1straight,0,,1000,0.0,-1.0
5184,2019-05-24,E_3mini_1set_1straight_prev,0,,1000,0.0,-1.0
5184,2019-05-24,F_5mini_random,0,,1000,0.0,-1.0
5185,2019-05-27,A_5mini_hot,0,,1000,0.0,-1.0
5185,2019-05-27,B_5mini_unseen,0,,1000,0.0,-1.0
5185,2019-05-27,C_4mini_1box_hot,0,,1000,0.0,-1.0
5185,2019-05-27,D_3mini_1box_1straight,0,,1000,0.0,-1.0
5185,2019-05-27,E_3mini_1set_1straight_prev,0,,1000,0.0,-1.0
5185,2019-05-27,F_5mini_random,0,,1000,0.0,-1.0
5186,2019-05-28,A_5mini_hot,0,,1000,0.0,-1.0
5186,2019-05-28,B_5mini_unseen,0,,1000,0.0,-1.0
5186,2019-05-28,C_4mini_1box_hot,0,,1000,0.0,-1.0
5186,2019-05-28,D_3mini_1box_1straight,0,,1000,0.0,-1.0
5186,2019-05-28,E_3mini_1set_1straight_prev,0,,1000,0.0,-1.0
5186,2019-05-28,F_5mini_random,0,,1000,0.0,-1.0
5187,2019-05-29,A_5mini_hot,0,,1000,0.0,-1.0
5187,2019-05-29,B_5mini_unseen,0,,1000,0.0,-1.0
5187,2019-05-29,C_4mini_1box_hot,0,,1000,0.0,-1.0
5187,2019-05-29,D_3mini_1box_1straight,0,,1000,0.0,-1.0
5187,2019-05-29,E_3mini_1set_1straight_prev,0,,1000,0.0,-1.0
5187,2019-05-29,F_5mini_random,0,,1000,0.0,-1.0
5188,2019-05-30,A_5mini_hot,0,,1000,0.0,-1.0
5188,2019-05-30,B_5mini_unseen,0,,1000,0.0,-1.0
5188,2019-05-30,C_4mini_1box_hot,0,,1000,0.0,-1.0
5188,2019-05-30,D_3mini_1box_1straight,0,,1000,0.0,-1.0
5188,2019-05-30,E_3mini_1set_1straight_prev,0,,1000,0.0,-1.0
5188,2019-05-30,F_5mini_random,0,,1000,0.0,-1.0
5189,2019-05-31,A_5mini_hot,0,,1000,0.0,-1.0
5189,2019-05-31,B_5mini_unseen,0,,1000,0.0,-1.0
5189,2019-05-31,C_4mini_1box_hot,0,,1000,0.0,-1.0
5189,2019-05-31,D_3mini_1box_1straight,0,,1000,0.0,-1.0
5189,2019-05-31,E_3mini_1set_1straight_prev,0,,1000,0.0,-1.0
5189,2019-05-31,F_5mini_random,0,,1000,0.0,-1.0
5190,2019-06-03,A_5mini_hot,0,,1000,0.0,-1.0
5190,2019-06-03,B_5mini_unseen,0,,1000,0.0,-1.0
5190,2019-06-03,C_4mini_1box_hot,0,,1000,0.0,-1.0
5190,2019-06-03,D_3mini_1box_1straight,0,,1000,0.0,-1.0
5190,2019-06-03,E_3mini_1set_1straight_prev,0,,1000,0.0,-1.0
5190,2019-06-03,F_5mini_random,0,,1000,0.0,-1.0
5191,2019-06-04,A_5mini_hot,0,,1000,0.0,-1.0
5191,2019-06-04,B_5mini_unseen,0,,1000,0.0,-1.0
5191,2019-06-04,C_4mini_1box_hot,0,,1000,0.0,-1.0
5191,2019-06-04,D_3mini_1box_1straight,0,,1000,0.0,-1.0
5191,2019-06-04,E_3mini_1set_1straight_prev,0,,1000,0.0,-1.0
5191,2019-06-04,F_5mini_random,0,,1000,0.0,-1.0
5192,2019-06-05,A_5mini_hot,0,,1000,0.0,-1.0
5192,2019-06-05,B_5mini_unseen,0,,1000,0.0,-1.0
5192,2019-06-05,C_4mini_1box_hot,0,,1000,0.0,-1.0
5192,2019-06-05,D_3mini_1box_1straight,0,,1000,0.0,-1.0
5192,2019-06-05,E_3mini_1set_1straight_prev,0,,1000,0.0,-1.0
5192,2019-06-05,F_5mini_random,1,mini,1000,9000.0,8.0
5193,2019-06-06,A_5mini_hot,0,,1000,0.0,-1.0
5193,2019-06-06,B_5mini_unseen,0,,1000,0.0,-1.0
5193,2019-06-06,C_4mini_1box_hot,0,,1000,0.0,-1.0
5193,2019-06-06,D_3mini_1box_1straight,0,,1000,0.0,-1.0
5193,2019-06-06,E_3mini_1set_1straight_prev,0,,1000,0.0,-1.0
5193,2019-06-06,F_5mini_random,0,,1000,0.0,-1.0
5194,2019-06-07,A_5mini_hot,0,,1000,0.0,-1.0
5194,2019-06-07,B_5mini_unseen,0,,1000,0.0,-1.0
5194,2019-06-07,C_4mini_1box_hot,0,,1000,0.0,-1.0
5194,2019-06-07,D_3mini_1box_1straight,0,,1000,0.0,-1.0
5194,2019-06-07,E_3mini_1set_1straight_prev,0,,1000,0.0,-1.0
5194,2019-06-07,F_5mini_random,0,,1000,0.0,-1.0
5195,2019-06-10,A_5mini_hot,0,,1000,0.0,-1.0
5195,2019-06-10,B_5mini_unseen,0,,1000,0.0,-1.0
5195,2019-06-10,C_4mini_1box_hot,0,,1000,0.0,-1.0
5195,2019-06-10,D_3mini_1box_1straight,0,,1000,0.0,-1.0
5195,2019-06-10,E_3mini_1set_1straight_prev,0,,1000,0.0,-1.0
5195,2019-06-10,F_5mini_random,0,,1000,0.0,-1.0
5196,2019-06-11,A_5mini_hot,0,,1000,0.0,-1.0
5196,2019-06-11,B_5mini_unseen,0,,1000,0.0,-1.0
5196,2019-06-11,C_4mini_1box_hot,0,,1000,0.0,-1.0
5196,2019-06-11,D_3mini_1box_1straight,0,,1000,0.0,-1.0
5196,2019-06-11,E_3mini_1set_1straight_prev,0,,1000,0.0,-1.0
5196,2019-06-11,F_5mini_random,0,,1000,0.0,-1.0
5197,2019-06-12,A_5mini_hot,0,,1000,0.0,-1.0
5197,2019-06-12,B_5mini_unseen,0,,1000,0.0,-1.0
5197,2019-06-12,C_4mini_1box_hot,0,,1000,0.0,-1.0
5197,2019-06-12,D_3mini_1box_1straight,0,,1000,0.0,-1.0
5197,2019-06-12,E_3mini_1set_1straight_prev,0,,1000,0.0,-1.0
5197,2019-06-12,F_5mini_random,0,,1000,0.0,-1.0
5198,2019-06-13,A_5mini_hot,0,,1000,0.0,-1.0
5198,2019-06-13,B_5mini_unseen,0,,1000,0.0,-1.0
5198,2019-06-13,C_4mini_1box_hot,0,,1000,0.0,-1.0
5198,2019-06-13,D_3mini_1box_1straight,0,,1000,0.0,-1.0
5198,2019-06-13,E_3mini_1set_1straight_prev,0,,1000,0.0,-1.0
5198,2019-06-13,F_5mini_random,0,,1000,0.0,-1.0
5199,2019-06-14,A_5mini_hot,1,mini,1000,9000.0,8.0
5199,2019-06-14,B_5mini_unseen,0,,1000,0.0,-1.0
5199,2019-06-14,C_4mini_1box_hot,0,,1000,0.0,-1.0
5199,2019-06-14,D_3mini_1box_1straight,0,,1000,0.0,-1.0
5199,2019-06-14,E_3mini_1set_1straight_prev,0,,1000,0.0,-1.0
5199,2019-06-14,F_5mini_random,0,,1000,0.0,-1.0
5200,2019-06-17,A_5mini_hot,0,,1000,0.0,-1.0
5200,2019-06-17,B_5mini_unseen,0,,1000,0.0,-1.0
5200,2019-06-17,C_4mini_1box_hot,0,,1000,0.0,-1.0
5200,2019-06-17,D_3mini_1box_1straight,0,,1000,0.0,-1.0
5200,2019-06-17,E_3mini_1set_1straight_prev,0,,1000,0.0,-1.0
5200,2019-06-17,F_5mini_random,0,,1000,0.0,-1.0
5201,2019-06-18,A_5mini_hot,0,,1000,0.0,-1.0
5201,2019-06-18,B_5mini_unseen,0,,1000,0.0,-1.0
5201,2019-06-18,C_4mini_1box_hot,0,,1000,0.0,-1.0
5201,2019-06-18,D_3mini_1box_1straight,0,,1000,0.0,-1.0
5201,2019-06-18,E_3mini_1set_1straight_prev,0,,1000,0.0,-1.0
5201,2019-06-18,F_5mini_random,0,,1000,0.0,-1.0
5202,2019-06-19,A_5mini_hot,0,,1000,0.0,-1.0
5202,2019-06-19,B_5mini_unseen,0,,1000,0.0,-1.0
5202,2019-06-19,C_4mini_1box_hot,0,,1000,0.0,-1.0
5202,2019-06-19,D_3mini_1box_1straight,0,,1000,0.0,-1.0
5202,2019-06-19,E_3mini_1set_1straight_prev,0,,1000,0.0,-1.0
5202,2019-06-19,F_5mini_random,0,,1000,0.0,-1.0
5203,2019-06-20,A_5mini_hot,0,,1000,0.0,-1.0
5203,2019-06-20,B_5mini_unseen,0,,1000,0.0,-1.0
5203,2019-06-20,C_4mini_1box_hot,0,,1000,0.0,-1.0
5203,2019-06-20,D_3mini_1box_1straight,0,,1000,0.0,-1.0
5203,2019-06-20,E_3mini_1set_1straight_prev,0,,1000,0.0,-1.0
5203,2019-06-20,F_5mini_random,0,,1000,0.0,-1.0
5204,2019-06-21,A_5mini_hot,0,,1000,0.0,-1.0
5204,2019-06-21,B_5mini_unseen,0,,1000,0.0,-1.0
5204,2019-06-21,C_4mini_1box_hot,0,,1000,0.0,-1.0
5204,2019-06-21,D_3mini_1box_1straight,0,,1000,0.0,-1.0
5204,2019-06-21,E_3mini_1set_1straight_prev,0,,1000,0.0,-1.0
5204,2019-06-21,F_5mini_random,1,mini,1000,9000.0,8.0
5205,2019-06-24,A_5mini_hot,0,,1000,0.0,-1.0
5205,2019-06-24,B_5mini_unseen,0,,1000,0.0,-1.0
5205,2019-06-24,C_4mini_1box_hot,0,,1000,0.0,-1.0
5205,2019-06-24,D_3mini_1box_1straight,0,,1000,0.0,-1.0
5205,2019-06-24,E_3mini_1set_1straight_prev,0,,1000,0.0,-1.0
5205,2019-06-24,F_5mini_random,0,,1000,0.0,-1.0
5206,2019-06-25,A_5mini_hot,0,,1000,0.0,-1.0
5206,2019-06-25,B_5mini_unseen,0,,1000,0.0,-1.0
5206,2019-06-25,C_4mini_1box_hot,0,,1000,0.0,-1.0
5206,2019-06-25,D_3mini_1box_1straight,0,,1000,0.0,-1.0
5206,2019-06-25,E_3mini_1set_1straight_prev,0,,1000,0.0,-1.0
5206,2019-06-25,F_5mini_random,0,,1000,0.0,-1.0
5207,2019-06-26,A_5mini_hot,0,,1000,0.0,-1.0
5207,2019-06-26,B_5mini_unseen,0,,1000,0.0,-1.0
5207,2019-06-26,C_4mini_1box_hot,0,,1000,0.0,-1.0
5207,2019-06-26,D_3mini_1box_1straight,0,,1000,0.0,-1.0
5207,2019-06-26,E_3mini_1set_1straight_prev,0,,1000,0.0,-1.0
5207,2019-06-26,F_5mini_random,0,,1000,0.0,-1.0
5208,2019-06-27,A_5mini_hot,0,,1000,0.0,-1.0
5208,2019-06-27,B_5mini_unseen,0,,1000,0.0,-1.0
5208,2019-06-27,C_4mini_1box_hot,0,,1000,0.0,-1.0
5208,2019-06-27,D_3mini_1box_1straight,0,,1000,0.0,-1.0
5208,2019-06-27,E_3mini_1set_1straight_prev,0,,1000,0.0,-1.0
5208,2019-06-27,F_5mini_random,0,,1000,0.0,-1.0
5209,2019-06-28,A_5mini_hot,0,,1000,0.0,-1.0
5209,2019-06-28,B_5mini_unseen,1,mini,1000,9000.0,8.0
5209,2019-06-28,C_4mini_1box_hot,0,,1000,0.0,-1.0
5209,2019-06-28,D_3mini_1box_1straight,0,,1000,0.0,-1.0
5209,2019-06-28,E_3mini_1set_1straight_prev,0,,1000,0.0,-1.0
5209,2019-06-28,F_5mini_random,0,,1000,0.0,-1.0
5210,2019-07-01,A_5mini_hot,0,,1000,0.0,-1.0
5210,2019-07-01,B_5mini_unseen,0,,1000,0.0,-1.0
5210,2019-07-01,C_4mini_1box_hot,0,,1000,0.0,-1.0
5210,2019-07-01,D_3mini_1box_1straight,0,,1000,0.0,-1.0
5210,2019-07-01,E_3mini_1set_1straight_prev,0,,1000,0.0,-1.0
5210,2019-07-01,F_5mini_random,0,,1000,0.0,-1.0
5211,2019-07-02,A_5mini_hot,0,,1000,0.0,-1.0
5211,2019-07-02,B_5mini_unseen,0,,1000,0.0,-1.0
5211,2019-07-02,C_4mini_1box_hot,0,,1000,0.0,-1.0
5211,2019-07-02,D_3mini_1box_1straight,0,,1000,0.0,-1.0
5211,2019-07-02,E_3mini_1set_1straight_prev,0,,1000,0.0,-1.0
5211,2019-07-02,F_5mini_random,0,,1000,0.0,-1.0
5212,2019-07-03,A_5mini_hot,0,,1000,0.0,-1.0
5212,2019-07-03,B_5mini_unseen,0,,1000,0.0,-1.0
5212,2019-07-03,C_4mini_1box_hot,0,,1000,0.0,-1.0
5212,2019-07-03,D_3mini_1box_1straight,0,,1000,0.0,-1.0
5212,2019-07-03,E_3mini_1set_1straight_prev,0,,1000,0.0,-1.0
5212,2019-07-03,F_5mini_random,0,,1000,0.0,-1.0
5213,2019-07-04,A_5mini_hot,0,,1000,0.0,-1.0
5213,2019-07-04,B_5mini_unseen,0,,1000,0.0,-1.0
5213,2019-07-04,C_4mini_1box_hot,0,,1000,0.0,-1.0
5213,2019-07-04,D_3mini_1box_1straight,0,,1000,0.0,-1.0
5213,2019-07-04,E_3mini_1set_1straight_prev,0,,1000,0.0,-1.0
5213,2019-07-04,F_5mini_random,0,,1000,0.0,-1.0
5214,2019-07-05,A_5mini_hot,1,mini,1000,9000.0,8.0
5214,2019-07-05,B_5mini_unseen,0,,1000,0.0,-1.0
5214,2019-07-05,C_4mini_1box_hot,0,,1000,0.0,-1.0
5214,2019-07-05,D_3mini_1box_1straight,0,,1000,0.0,-1.0
5214,2019-07-05,E_3mini_1set_1straight_prev,0,,1000,0.0,-1.0
5214,2019-07-05,F_5mini_random,0,,1000,0.0,-1.0
5215,2019-07-08,A_5mini_hot,0,,1000,0.0,-1.0
5215,2019-07-08,B_5mini_unseen,0,,1000,0.0,-1.0
5215,2019-07-08,C_4mini_1box_hot,0,,1000,0.0,-1.0
5215,2019-07-08,D_3mini_1box_1straight,0,,1000,0.0,-1.0
5215,2019-07-08,E_3mini_1set_1straight_prev,0,,1000,0.0,-1.0
5215,2019-07-08,F_5mini_random,0,,1000,0.0,-1.0
5216,2019-07-09,A_5mini_hot,0,,1000,0.0,-1.0
5216,2019-07-09,B_5mini_unseen,0,,1000,0.0,-1.0
5216,2019-07-09,C_4mini_1box_hot,0,,1000,0.0,-1.0
5216,2019-07-09,D_3mini_1box_1straight,0,,1000,0.0,-1.0
5216,2019-07-09,E_3mini_1set_1straight_prev,0,,1000,0.0,-1.0
5216,2019-07-09,F_5mini_random,0,,1000,0.0,-1.0
5217,2019-07-10,A_5mini_hot,0,,1000,0.0,-1.0
5217,2019-07-10,B_5mini_unseen,0,,1000,0.0,-1.0
5217,2019-07-10,C_4mini_1box_hot,0,,1000,0.0,-1.0
5217,2019-07-10,D_3mini_1box_1straight,0,,1000,0.0,-1.0
5217,2019-07-10,E_3mini_1set_1straight_prev,0,,1000,0.0,-1.0
5217,2019-07-10,F_5mini_random,0,,1000,0.0,-1.0
5218,2019-07-11,A_5mini_hot,0,,1000,0.0,-1.0
5218,2019-07-11,B_5mini_unseen,0,,1000,0.0,-1.0
5218,2019-07-11,C_4mini_1box_hot,0,,1000,0.0,-1.0
5218,2019-07-11,D_3mini_1box_1straight,0,,1000,0.0,-1.0
5218,2019-07-11,E_3mini_1set_1straight_prev,0,,1000,0.0,-1.0
5218,2019-07-11,F_5mini_random,0,,1000,0.0,-1.0
5219,2019-07-12,A_5mini_hot,0,,1000,0.0,-1.0
5219,2019-07-12,B_5mini_unseen,0,,1000,0.0,-1.0
5219,2019-07-12,C_4mini_1box_hot,0,,1000,0.0,-1.0
5219,2019-07-12,D_3mini_1box_1straight,0,,1000,0.0,-1.0
5219,2019-07-12,E_3mini_1set_1straight_prev,0,,1000,0.0,-1.0
5219,2019-07-12,F_5mini_random,0,,1000,0.0,-1.0
5220,2019-07-15,A_5mini_hot,0,,1000,0.0,-1.0
5220,2019-07-15,B_5mini_unseen,0,,1000,0.0,-1.0
5220,2019-07-15,C_4mini_1box_hot,0,,1000,0.0,-1.0
5220,2019-07-15,D_3mini_1box_1straight,0,,1000,0.0,-1.0
5220,2019-07-15,E_3mini_1set_1straight_prev,0,,1000,0.0,-1.0
5220,2019-07-15,F_5mini_random,0,,1000,0.0,-1.0
5221,2019-07-16,A_5mini_hot,0,,1000,0.0,-1.0
5221,2019-07-16,B_5mini_unseen,0,,1000,0.0,-1.0
5221,2019-07-16,C_4mini_1box_hot,0,,1000,0.0,-1.0
5221,2019-07-16,D_3mini_1box_1straight,0,,1000,0.0,-1.0
5221,2019-07-16,E_3mini_1set_1straight_prev,0,,1000,0.0,-1.0
5221,2019-07-16,F_5mini_random,0,,1000,0.0,-1.0
5222,2019-07-17,A_5mini_hot,0,,1000,0.0,-1.0
5222,2019-07-17,B_5mini_unseen,0,,1000,0.0,-1.0
5222,2019-07-17,C_4mini_1box_hot,0,,1000,0.0,-1.0
5222,2019-07-17,D_3mini_1box_1straight,0,,1000,0.0,-1.0
5222,2019-07-17,E_3mini_1set_1straight_prev,0,,1000,0.0,-1.0
5222,2019-07-17,F_5mini_random,0,,1000,0.0,-1.0
5223,2019-07-18,A_5mini_hot,0,,1000,0.0,-1.0
5223,2019-07-18,B_5mini_unseen,0,,1000,0.0,-1.0
5223,2019-07-18,C_4mini_1box_hot,0,,1000,0.0,-1.0
5223,2019-07-18,D_3mini_1box_1straight,0,,1000,0.0,-1.0
5223,2019-07-18,E_3mini_1set_1straight_prev,0,,1000,0.0,-1.0
5223,2019-07-18,F_5mini_random,0,,1000,0.0,-1.0
5224,2019-07-19,A_5mini_hot,0,,1000,0.0,-1.0
5224,2019-07-19,B_5mini_unseen,1,mini,1000,9000.0,8.0
5224,2019-07-19,C_4mini_1box_hot,0,,1000,0.0,-1.0
5224,2019-07-19,D_3mini_1box_1straight,0,,1000,0.0,-1.0
5224,2019-07-19,E_3mini_1set_1straight_prev,0,,1000,0.0,-1.0
5224,2019-07-19,F_5mini_random,0,,1000,0.0,-1.0
5225,2019-07-22,A_5mini_hot,0,,1000,0.0,-1.0
5225,2019-07-22,B_5mini_unseen,0,,1000,0.0,-1.0
5225,2019-07-22,C_4mini_1box_hot,0,,1000,0.0,-1.0
5225,2019-07-22,D_3mini_1box_1straight,0,,1000,0.0,-1.0
5225,2019-07-22,E_3mini_1set_1straight_prev,0,,1000,0.0,-1.0
5225,2019-07-22,F_5mini_random,0,,1000,0.0,-1.0
5226,2019-07-23,A_5mini_hot,0,,1000,0.0,-1.0
5226,2019-07-23,B_5mini_unseen,0,,1000,0.0,-1.0
5226,2019-07-23,C_4mini_1box_hot,0,,1000,0.0,-1.0
5226,2019-07-23,D_3mini_1box_1straight,0,,1000,0.0,-1.0
5226,2019-07-23,E_3mini_1set_1straight_prev,0,,1000,0.0,-1.0
5226,2019-07-23,F_5mini_random,0,,1000,0.0,-1.0
5227,2019-07-24,A_5mini_hot,0,,1000,0.0,-1.0
5227,2019-07-24,B_5mini_unseen,0,,1000,0.0,-1.0
5227,2019-07-24,C_4mini_1box_hot,0,,1000,0.0,-1.0
5227,2019-07-24,D_3mini_1box_1straight,0,,1000,0.0,-1.0
5227,2019-07-24,E_3mini_1set_1straight_prev,0,,1000,0.0,-1.0
5227,2019-07-24,F_5mini_random,0,,1000,0.0,-1.0
5228,2019-07-25,A_5mini_hot,0,,1000,0.0,-1.0
5228,2019-07-25,B_5mini_unseen,0,,1000,0.0,-1.0
5228,2019-07-25,C_4mini_1box_hot,0,,1000,0.0,-1.0
5228,2019-07-25,D_3mini_1box_1straight,0,,1000,0.0,-1.0
5228,2019-07-25,E_3mini_1set_1straight_prev,0,,1000,0.0,-1.0
5228,2019-07-25,F_5mini_random,0,,1000,0.0,-1.0
5229,2019-07-26,A_5mini_hot,0,,1000,0.0,-1.0
5229,2019-07-26,B_5mini_unseen,0,,1000,0.0,-1.0
5229,2019-07-26,C_4mini_1box_hot,0,,1000,0.0,-1.0
5229,2019-07-26,D_3mini_1box_1straight,0,,1000,0.0,-1.0
5229,2019-07-26,E_3mini_1set_1straight_prev,0,,1000,0.0,-1.0
5229,2019-07-26,F_5mini_random,0,,1000,0.0,-1.0
5230,2019-07-29,A_5mini_hot,1,mini,1000,9000.0,8.0
5230,2019-07-29,B_5mini_unseen,0,,1000,0.0,-1.0
5230,2019-07-29,C_4mini_1box_hot,1,mini,1000,9000.0,8.0
5230,2019-07-29,D_3mini_1box_1straight,1,mini,1000,9000.0,8.0
5230,2019-07-29,E_3mini_1set_1straight_prev,0,,1000,0.0,-1.0
5230,2019-07-29,F_5mini_random,0,,1000,0.0,-1.0
5231,2019-07-30,A_5mini_hot,0,,1000,0.0,-1.0
5231,2019-07-30,B_5mini_unseen,0,,1000,0.0,-1.0
5231,2019-07-30,C_4mini_1box_hot,0,,1000,0.0,-1.0
5231,2019-07-30,D_3mini_1box_1straight,0,,1000,0.0,-1.0
5231,2019-07-30,E_3mini_1set_1straight_prev,0,,1000,0.0,-1.0
5231,2019-07-30,F_5mini_random,0,,1000,0.0,-1.0
5232,2019-07-31,A_5mini_hot,0,,1000,0.0,-1.0
5232,2019-07-31,B_5mini_unseen,0,,1000,0.0,-1.0
5232,2019-07-31,C_4mini_1box_hot,0,,1000,0.0,-1.0
5232,2019-07-31,D_3mini_1box_1straight,0,,1000,0.0,-1.0
5232,2019-07-31,E_3mini_1set_1straight_prev,0,,1000,0.0,-1.0
5232,2019-07-31,F_5mini_random,0,,1000,0.0,-1.0
5233,2019-08-01,A_5mini_hot,0,,1000,0.0,-1.0
5233,2019-08-01,B_5mini_unseen,0,,1000,0.0,-1.0
5233,2019-08-01,C_4mini_1box_hot,0,,1000,0.0,-1.0
5233,2019-08-01,D_3mini_1box_1straight,0,,1000,0.0,-1.0
5233,2019-08-01,E_3mini_1set_1straight_prev,0,,1000,0.0,-1.0
5233,2019-08-01,F_5mini_random,0,,1000,0.0,-1.0
5234,2019-08-02,A_5mini_hot,0,,1000,0.0,-1.0
5234,2019-08-02,B_5mini_unseen,0,,1000,0.0,-1.0
5234,2019-08-02,C_4mini_1box_hot,0,,1000,0.0,-1.0
5234,2019-08-02,D_3mini_1box_1straight,0,,1000,0.0,-1.0
5234,2019-08-02,E_3mini_1set_1straight_prev,0,,1000,0.0,-1.0
5234,2019-08-02,F_5mini_random,0,,1000,0.0,-1.0
5236,2019-08-06,A_5mini_hot,0,,1000,0.0,-1.0
5236,2019-08-06,B_5mini_unseen,0,,1000,0.0,-1.0
5236,2019-08-06,C_4mini_1box_hot,0,,1000,0.0,-1.0
5236,2019-08-06,D_3mini_1box_1straight,0,,1000,0.0,-1.0
5236,2019-08-06,E_3mini_1set_1straight_prev,0,,1000,0.0,-1.0
5236,2019-08-06,F_5mini_random,0,,1000,0.0,-1.0
5237,2019-08-07,A_5mini_hot,0,,1000,0.0,-1.0
5237,2019-08-07,B_5mini_unseen,0,,1000,0.0,-1.0
5237,2019-08-07,C_4mini_1box_hot,0,,1000,0.0,-1.0
5237,2019-08-07,D_3mini_1box_1straight,0,,1000,0.0,-1.0
5237,2019-08-07,E_3mini_1set_1straight_prev,0,,1000,0.0,-1.0
5237,2019-08-07,F_5mini_random,0,,1000,0.0,-1.0
5238,2019-08-08,A_5mini_hot,0,,1000,0.0,-1.0
5238,2019-08-08,B_5mini_unseen,0,,1000,0.0,-1.0
5238,2019-08-08,C_4mini_1box_hot,0,,1000,0.0,-1.0
5238,2019-08-08,D_3mini_1box_1straight,0,,1000,0.0,-1.0
5238,2019-08-08,E_3mini_1set_1straight_prev,0,,1000,0.0,-1.0
5238,2019-08-08,F_5mini_random,1,mini,1000,9000.0,8.0
5239,2019-08-09,A_5mini_hot,0,,1000,0.0,-1.0
5239,2019-08-09,B_5mini_unseen,0,,1000,0.0,-1.0
5239,2019-08-09,C_4mini_1box_hot,0,,1000,0.0,-1.0
5239,2019-08-09,D_3mini_1box_1straight,0,,1000,0.0,-1.0
5239,2019-08-09,E_3mini_1set_1straight_prev,0,,1000,0.0,-1.0
5239,2019-08-09,F_5mini_random,0,,1000,0.0,-1.0
5240,2019-08-12,A_5mini_hot,0,,1000,0.0,-1.0
5240,2019-08-12,B_5mini_unseen,0,,1000,0.0,-1.0
5240,2019-08-12,C_4mini_1box_hot,0,,1000,0.0,-1.0
5240,2019-08-12,D_3mini_1box_1straight,0,,1000,0.0,-1.0
5240,2019-08-12,E_3mini_1set_1straight_prev,0,,1000,0.0,-1.0
5240,2019-08-12,F_5mini_random,0,,1000,0.0,-1.0
5241,2019-08-13,A_5mini_hot,0,,1000,0.0,-1.0
5241,2019-08-13,B_5mini_unseen,0,,1000,0.0,-1.0
5241,2019-08-13,C_4mini_1box_hot,0,,1000,0.0,-1.0
5241,2019-08-13,D_3mini_1box_1straight,0,,1000,0.0,-1.0
5241,2019-08-13,E_3mini_1set_1straight_prev,0,,1000,0.0,-1.0
5241,2019-08-13,F_5mini_random,0,,1000,0.0,-1.0
5242,2019-08-14,A_5mini_hot,0,,1000,0.0,-1.0
5242,2019-08-14,B_5mini_unseen,0,,1000,0.0,-1.0
5242,2019-08-14,C_4mini_1box_hot,0,,1000,0.0,-1.0
5242,2019-08-14,D_3mini_1box_1straight,0,,1000,0.0,-1.0
5242,2019-08-14,E_3mini_1set_1straight_prev,0,,1000,0.0,-1.0
5242,2019-08-14,F_5mini_random,0,,1000,0.0,-1.0
5243,2019-08-15,A_5mini_hot,0,,1000,0.0,-1.0
5243,2019-08-15,B_5mini_unseen,0,,1000,0.0,-1.0
5243,2019-08-15,C_4mini_1box_hot,0,,1000,0.0,-1.0
5243,2019-08-15,D_3mini_1box_1straight,0,,1000,0.0,-1.0
5243,2019-08-15,E_3mini_1set_1straight_prev,0,,1000,0.0,-1.0
5243,2019-08-15,F_5mini_random,0,,1000,0.0,-1.0
5244,2019-08-16,A_5mini_hot,0,,1000,0.0,-1.0
5244,2019-08-16,B_5mini_unseen,0,,1000,0.0,-1.0
5244,2019-08-16,C_4mini_1box_hot,0,,1000,0.0,-1.0
5244,2019-08-16,D_3mini_1box_1straight,0,,1000,0.0,-1.0
5244,2019-08-16,E_3mini_1set_1straight_prev,0,,1000,0.0,-1.0
5244,2019-08-16,F_5mini_random,0,,1000,0.0,-1.0
5245,2019-08-19,A_5mini_hot,0,,1000,0.0,-1.0
5245,2019-08-19,B_5mini_unseen,0,,1000,0.0,-1.0
5245,2019-08-19,C_4mini_1box_hot,0,,1000,0.0,-1.0
5245,2019-08-19,D_3mini_1box_1straight,0,,1000,0.0,-1.0
5245,2019-08-19,E_3mini_1set_1straight_prev,0,,1000,0.0,-1.0
5245,2019-08-19,F_5mini_random,0,,1000,0.0,-1.0
5246,2019-08-20,A_5mini_hot,0,,1000,0.0,-1.0
5246,2019-08-20,B_5mini_unseen,0,,1000,0.0,-1.0
5246,2019-08-20,C_4mini_1box_hot,0,,1000,0.0,-1.0
5246,2019-08-20,D_3mini_1box_1straight,0,,1000,0.0,-1.0
5246,2019-08-20,E_3mini_1set_1straight_prev,0,,1000,0.0,-1.0
5246,2019-08-20,F_5mini_random,0,,1000,0.0,-1.0
5247,2019-08-21,A_5mini_hot,0,,1000,0.0,-1.0
5247,2019-08-21,B_5mini_unseen,0,,1000,0.0,-1.0
5247,2019-08-21,C_4mini_1box_hot,0,,1000,0.0,-1.0
5247,2019-08-21,D_3mini_1box_1straight,0,,1000,0.0,-1.0
5247,2019-08-21,E_3mini_1set_1straight_prev,0,,1000,0.0,-1.0
5247,2019-08-21,F_5mini_random,0,,1000,0.0,-1.0
5248,2019-08-22,A_5mini_hot,0,,1000,0.0,-1.0
5248,2019-08-22,B_5mini_unseen,0,,1000,0.0,-1.0
5248,2019-08-22,C_4mini_1box_hot,0,,1000,0.0,-1.0
5248,2019-08-22,D_3mini_1box_1straight,0,,1000,0.0,-1.0
5248,2019-08-22,E_3mini_1set_1straight_prev,0,,1000,0.0,-1.0
5248,2019-08-22,F_5mini_random,0,,1000,0.0,-1.0
5249,2019-08-23,A_5mini_hot,0,,1000,0.0,-1.0
5249,2019-08-23,B_5mini_unseen,0,,1000,0.0,-1.0
5249,2019-08-23,C_4mini_1box_hot,0,,1000,0.0,-1.0
5249,2019-08-23,D_3mini_1box_1straight,0,,1000,0.0,-1.0
5249,2019-08-23,E_3mini_1set_1straight_prev,0,,1000,0.0,-1.0
5249,2019-08-23,F_5mini_random,0,,1000,0.0,-1.0
5250,2019-08-26,A_5mini_hot,0,,1000,0.0,-1.0
5250,2019-08-26,B_5mini_unseen,0,,1000,0.0,-1.0
5250,2019-08-26,C_4mini_1box_hot,0,,1000,0.0,-1.0
5250,2019-08-26,D_3mini_1box_1straight,0,,1000,0.0,-1.0
5250,2019-08-26,E_3mini_1set_1straight_prev,0,,1000,0.0,-1.0
5250,2019-08-26,F_5mini_random,0,,1000,0.0,-1.0
5251,2019-08-27,A_5mini_hot,1,mini,1000,9000.0,8.0
5251,2019-08-27,B_5mini_unseen,0,,1000,0.0,-1.0
5251,2019-08-27,C_4mini_1box_hot,1,mini,1000,9000.0,8.0
5251,2019-08-27,D_3mini_1box_1straight,0,,1000,0.0,-1.0
5251,2019-08-27,E_3mini_1set_1straight_prev,0,,1000,0.0,-1.0
5251,2019-08-27,F_5mini_random,0,,1000,0.0,-1.0
5252,2019-08-28,A_5mini_hot,0,,1000,0.0,-1.0
5252,2019-08-28,B_5mini_unseen,0,,1000,0.0,-1.0
5252,2019-08-28,C_4mini_1box_hot,0,,1000,0.0,-1.0
5252,2019-08-28,D_3mini_1box_1straight,0,,1000,0.0,-1.0
5252,2019-08-28,E_3mini_1set_1straight_prev,0,,1000,0.0,-1.0
5252,2019-08-28,F_5mini_random,0,,1000,0.0,-1.0
5253,2019-08-29,A_5mini_hot,0,,1000,0.0,-1.0
5253,2019-08-29,B_5mini_unseen,0,,1000,0.0,-1.0
5253,2019-08-29,C_4mini_1box_hot,0,,1000,0.0,-1.0
5253,2019-08-29,D_3mini_1box_1straight,0,,1000,0.0,-1.0
5253,2019-08-29,E_3mini_1set_1straight_prev,0,,1000,0.0,-1.0
5253,2019-08-29,F_5mini_random,0,,1000,0.0,-1.0
5254,2019-08-30,A_5mini_hot,0,,1000,0.0,-1.0
5254,2019-08-30,B_5mini_unseen,0,,1000,0.0,-1.0
5254,2019-08-30,C_4mini_1box_hot,0,,1000,0.0,-1.0
5254,2019-08-30,D_3mini_1box_1straight,0,,1000,0.0,-1.0
5254,2019-08-30,E_3mini_1set_1straight_prev,0,,1000,0.0,-1.0
5254,2019-08-30,F_5mini_random,0,,1000,0.0,-1.0
5255,2019-09-02,A_5mini_hot,0,,1000,0.0,-1.0
5255,2019-09-02,B_5mini_unseen,0,,1000,0.0,-1.0
5255,2019-09-02,C_4mini_1box_hot,0,,1000,0.0,-1.0
5255,2019-09-02,D_3mini_1box_1straight,0,,1000,0.0,-1.0
5255,2019-09-02,E_3mini_1set_1straight_prev,0,,1000,0.0,-1.0
5255,2019-09-02,F_5mini_random,0,,1000,0.0,-1.0
5256,2019-09-03,A_5mini_hot,0,,1000,0.0,-1.0
5256,2019-09-03,B_5mini_unseen,0,,1000,0.0,-1.0
5256,2019-09-03,C_4mini_1box_hot,0,,1000,0.0,-1.0
5256,2019-09-03,D_3mini_1box_1straight,0,,1000,0.0,-1.0
5256,2019-09-03,E_3mini_1set_1straight_prev,0,,1000,0.0,-1.0
5256,2019-09-03,F_5mini_random,0,,1000,0.0,-1.0
5257,2019-09-04,A_5mini_hot,0,,1000,0.0,-1.0
5257,2019-09-04,B_5mini_unseen,0,,1000,0.0,-1.0
5257,2019-09-04,C_4mini_1box_hot,0,,1000,0.0,-1.0
5257,2019-09-04,D_3mini_1box_1straight,0,,1000,0.0,-1.0
5257,2019-09-04,E_3mini_1set_1straight_prev,0,,1000,0.0,-1.0
5257,2019-09-04,F_5mini_random,0,,1000,0.0,-1.0
5258,2019-09-05,A_5mini_hot,0,,1000,0.0,-1.0
5258,2019-09-05,B_5mini_unseen,0,,1000,0.0,-1.0
5258,2019-09-05,C_4mini_1box_hot,0,,1000,0.0,-1.0
5258,2019-09-05,D_3mini_1box_1straight,0,,1000,0.0,-1.0
5258,2019-09-05,E_3mini_1set_1straight_prev,0,,1000,0.0,-1.0
5258,2019-09-05,F_5mini_random,0,,1000,0.0,-1.0
5259,2019-09-06,A_5mini_hot,0,,1000,0.0,-1.0
5259,2019-09-06,B_5mini_unseen,0,,1000,0.0,-1.0
5259,2019-09-06,C_4mini_1box_hot,0,,1000,0.0,-1.0
5259,2019-09-06,D_3mini_1box_1straight,0,,1000,0.0,-1.0
5259,2019-09-06,E_3mini_1set_1straight_prev,0,,1000,0.0,-1.0
5259,2019-09-06,F_5mini_random,0,,1000,0.0,-1.0
5260,2019-09-09,A_5mini_hot,0,,1000,0.0,-1.0
5260,2019-09-09,B_5mini_unseen,0,,1000,0.0,-1.0
5260,2019-09-09,C_4mini_1box_hot,0,,1000,0.0,-1.0
5260,2019-09-09,D_3mini_1box_1straight,0,,1000,0.0,-1.0
5260,2019-09-09,E_3mini_1set_1straight_prev,0,,1000,0.0,-1.0
5260,2019-09-09,F_5mini_random,0,,1000,0.0,-1.0
5261,2019-09-10,A_5mini_hot,0,,1000,0.0,-1.0
5261,2019-09-10,B_5mini_unseen,0,,1000,0.0,-1.0
5261,2019-09-10,C_4mini_1box_hot,0,,1000,0.0,-1.0
5261,2019-09-10,D_3mini_1box_1straight,0,,1000,0.0,-1.0
5261,2019-09-10,E_3mini_1set_1straight_prev,0,,1000,0.0,-1.0
5261,2019-09-10,F_5mini_random,0,,1000,0.0,-1.0
5263,2019-09-12,A_5mini_hot,0,,1000,0.0,-1.0
5263,2019-09-12,B_5mini_unseen,1,mini,1000,9000.0,8.0
5263,2019-09-12,C_4mini_1box_hot,0,,1000,0.0,-1.0
5263,2019-09-12,D_3mini_1box_1straight,0,,1000,0.0,-1.0
5263,2019-09-12,E_3mini_1set_1straight_prev,0,,1000,0.0,-1.0
5263,2019-09-12,F_5mini_random,0,,1000,0.0,-1.0
5264,2019-09-13,A_5mini_hot,0,,1000,0.0,-1.0
5264,2019-09-13,B_5mini_unseen,0,,1000,0.0,-1.0
5264,2019-09-13,C_4mini_1box_hot,0,,1000,0.0,-1.0
5264,2019-09-13,D_3mini_1box_1straight,0,,1000,0.0,-1.0
5264,2019-09-13,E_3mini_1set_1straight_prev,0,,1000,0.0,-1.0
5264,2019-09-13,F_5mini_random,0,,1000,0.0,-1.0
5265,2019-09-16,A_5mini_hot,0,,1000,0.0,-1.0
5265,2019-09-16,B_5mini_unseen,0,,1000,0.0,-1.0
5265,2019-09-16,C_4mini_1box_hot,0,,1000,0.0,-1.0
5265,2019-09-16,D_3mini_1box_1straight,0,,1000,0.0,-1.0
5265,2019-09-16,E_3mini_1set_1straight_prev,0,,1000,0.0,-1.0
5265,2019-09-16,F_5mini_random,0,,1000,0.0,-1.0
5266,2019-09-17,A_5mini_hot,0,,1000,0.0,-1.0
5266,2019-09-17,B_5mini_unseen,0,,1000,0.0,-1.0
5266,2019-09-17,C_4mini_1box_hot,0,,1000,0.0,-1.0
5266,2019-09-17,D_3mini_1box_1straight,0,,1000,0.0,-1.0
5266,2019-09-17,E_3mini_1set_1straight_prev,0,,1000,0.0,-1.0
5266,2019-09-17,F_5mini_random,1,mini,1000,9000.0,8.0
5267,2019-09-18,A_5mini_hot,0,,1000,0.0,-1.0
5267,2019-09-18,B_5mini_unseen,0,,1000,0.0,-1.0
5267,2019-09-18,C_4mini_1box_hot,0,,1000,0.0,-1.0
5267,2019-09-18,D_3mini_1box_1straight,0,,1000,0.0,-1.0
5267,2019-09-18,E_3mini_1set_1straight_prev,0,,1000,0.0,-1.0
5267,2019-09-18,F_5mini_random,0,,1000,0.0,-1.0
5268,2019-09-19,A_5mini_hot,0,,1000,0.0,-1.0
5268,2019-09-19,B_5mini_unseen,0,,1000,0.0,-1.0
5268,2019-09-19,C_4mini_1box_hot,0,,1000,0.0,-1.0
5268,2019-09-19,D_3mini_1box_1straight,0,,1000,0.0,-1.0
5268,2019-09-19,E_3mini_1set_1straight_prev,0,,1000,0.0,-1.0
5268,2019-09-19,F_5mini_random,0,,1000,0.0,-1.0
5269,2019-09-20,A_5mini_hot,0,,1000,0.0,-1.0
5269,2019-09-20,B_5mini_unseen,0,,1000,0.0,-1.0
5269,2019-09-20,C_4mini_1box_hot,0,,1000,0.0,-1.0
5269,2019-09-20,D_3mini_1box_1straight,0,,1000,0.0,-1.0
5269,2019-09-20,E_3mini_1set_1straight_prev,0,,1000,0.0,-1.0
5269,2019-09-20,F_5mini_random,0,,1000,0.0,-1.0
5270,2019-09-23,A_5mini_hot,0,,1000,0.0,-1.0
5270,2019-09-23,B_5mini_unseen,0,,1000,0.0,-1.0
5270,2019-09-23,C_4mini_1box_hot,0,,1000,0.0,-1.0
5270,2019-09-23,D_3mini_1box_1straight,0,,1000,0.0,-1.0
5270,2019-09-23,E_3mini_1set_1straight_prev,0,,1000,0.0,-1.0
5270,2019-09-23,F_5mini_random,0,,1000,0.0,-1.0
5271,2019-09-24,A_5mini_hot,0,,1000,0.0,-1.0
5271,2019-09-24,B_5mini_unseen,0,,1000,0.0,-1.0
5271,2019-09-24,C_4mini_1box_hot,0,,1000,0.0,-1.0
5271,2019-09-24,D_3mini_1box_1straight,0,,1000,0.0,-1.0
5271,2019-09-24,E_3mini_1set_1straight_prev,0,,1000,0.0,-1.0
5271,2019-09-24,F_5mini_random,0,,1000,0.0,-1.0
5272,2019-09-25,A_5mini_hot,0,,1000,0.0,-1.0
5272,2019-09-25,B_5mini_unseen,0,,1000,0.0,-1.0
5272,2019-09-25,C_4mini_1box_hot,0,,1000,0.0,-1.0
5272,2019-09-25,D_3mini_1box_1straight,0,,1000,0.0,-1.0
5272,2019-09-25,E_3mini_1set_1straight_prev,0,,1000,0.0,-1.0
5272,2019-09-25,F_5mini_random,0,,1000,0.0,-1.0
5273,2019-09-26,A_5mini_hot,0,,1000,0.0,-1.0
5273,2019-09-26,B_5mini_unseen,0,,1000,0.0,-1.0
5273,2019-09-26,C_4mini_1box_hot,0,,1000,0.0,-1.0
5273,2019-09-26,D_3mini_1box_1straight,0,,1000,0.0,-1.0
5273,2019-09-26,E_3mini_1set_1straight_prev,1,mini,1000,9000.0,8.0
5273,2019-09-26,F_5mini_random,0,,1000,0.0,-1.0
5274,2019-09-27,A_5mini_hot,0,,1000,0.0,-1.0
5274,2019-09-27,B_5mini_unseen,0,,1000,0.0,-1.0
5274,2019-09-27,C_4mini_1box_hot,0,,1000,0.0,-1.0
5274,2019-09-27,D_3mini_1box_1straight,0,,1000,0.0,-1.0
5274,2019-09-27,E_3mini_1set_1straight_prev,0,,1000,0.0,-1.0
5274,2019-09-27,F_5mini_random,0,,1000,0.0,-1.0
5275,2019-09-30,A_5mini_hot,0,,1000,0.0,-1.0
5275,2019-09-30,B_5mini_unseen,0,,1000,0.0,-1.0
5275,2019-09-30,C_4mini_1box_hot,0,,1000,0.0,-1.0
5275,2019-09-30,D_3mini_1box_1straight,0,,1000,0.0,-1.0
5275,2019-09-30,E_3mini_1set_1straight_prev,0,,1000,0.0,-1.0
5275,2019-09-30,F_5mini_random,0,,1000,0.0,-1.0
5276,2019-10-01,A_5mini_hot,0,,1000,0.0,-1.0
5276,2019-10-01,B_5mini_unseen,0,,1000,0.0,-1.0
5276,2019-10-01,C_4mini_1box_hot,0,,1000,0.0,-1.0
5276,2019-10-01,D_3mini_1box_1straight,0,,1000,0.0,-1.0
5276,2019-10-01,E_3mini_1set_1straight_prev,0,,1000,0.0,-1.0
5276,2019-10-01,F_5mini_random,0,,1000,0.0,-1.0
5277,2019-10-02,A_5mini_hot,0,,1000,0.0,-1.0
5277,2019-10-02,B_5mini_unseen,0,,1000,0.0,-1.0
5277,2019-10-02,C_4mini_1box_hot,0,,1000,0.0,-1.0
5277,2019-10-02,D_3mini_1box_1straight,0,,1000,0.0,-1.0
5277,2019-10-02,E_3mini_1set_1straight_prev,0,,1000,0.0,-1.0
5277,2019-10-02,F_5mini_random,0,,1000,0.0,-1.0
5278,2019-10-03,A_5mini_hot,0,,1000,0.0,-1.0
5278,2019-10-03,B_5mini_unseen,0,,1000,0.0,-1.0
5278,2019-10-03,C_4mini_1box_hot,0,,1000,0.0,-1.0
5278,2019-10-03,D_3mini_1box_1straight,0,,1000,0.0,-1.0
5278,2019-10-03,E_3mini_1set_1straight_prev,0,,1000,0.0,-1.0
5278,2019-10-03,F_5mini_random,0,,1000,0.0,-1.0
5279,2019-10-04,A_5mini_hot,0,,1000,0.0,-1.0
5279,2019-10-04,B_5mini_unseen,1,mini,1000,9000.0,8.0
5279,2019-10-04,C_4mini_1box_hot,0,,1000,0.0,-1.0
5279,2019-10-04,D_3mini_1box_1straight,0,,1000,0.0,-1.0
5279,2019-10-04,E_3mini_1set_1straight_prev,0,,1000,0.0,-1.0
5279,2019-10-04,F_5mini_random,0,,1000,0.0,-1.0
5283,2019-10-10,A_5mini_hot,0,,1000,0.0,-1.0
5283,2019-10-10,B_5mini_unseen,0,,1000,0.0,-1.0
5283,2019-10-10,C_4mini_1box_hot,0,,1000,0.0,-1.0
5283,2019-10-10,D_3mini_1box_1straight,0,,1000,0.0,-1.0
5283,2019-10-10,E_3mini_1set_1straight_prev,0,,1000,0.0,-1.0
5283,2019-10-10,F_5mini_random,0,,1000,0.0,-1.0
5284,2019-10-11,A_5mini_hot,0,,1000,0.0,-1.0
5284,2019-10-11,B_5mini_unseen,0,,1000,0.0,-1.0
5284,2019-10-11,C_4mini_1box_hot,0,,1000,0.0,-1.0
5284,2019-10-11,D_3mini_1box_1straight,0,,1000,0.0,-1.0
5284,2019-10-11,E_3mini_1set_1straight_prev,0,,1000,0.0,-1.0
5284,2019-10-11,F_5mini_random,0,,1000,0.0,-1.0
5285,2019-10-14,A_5mini_hot,0,,1000,0.0,-1.0
5285,2019-10-14,B_5mini_unseen,0,,1000,0.0,-1.0
5285,2019-10-14,C_4mini_1box_hot,0,,1000,0.0,-1.0
5285,2019-10-14,D_3mini_1box_1straight,0,,1000,0.0,-1.0
5285,2019-10-14,E_3mini_1set_1straight_prev,0,,1000,0.0,-1.0
5285,2019-10-14,F_5mini_random,0,,1000,0.0,-1.0
5286,2019-10-15,A_5mini_hot,0,,1000,0.0,-1.0
5286,2019-10-15,B_5mini_unseen,0,,1000,0.0,-1.0
5286,2019-10-15,C_4mini_1box_hot,0,,1000,0.0,-1.0
5286,2019-10-15,D_3mini_1box_1straight,0,,1000,0.0,-1.0
5286,2019-10-15,E_3mini_1set_1straight_prev,0,,1000,0.0,-1.0
5286,2019-10-15,F_5mini_random,0,,1000,0.0,-1.0
5291,2019-10-22,A_5mini_hot,0,,1000,0.0,-1.0
5291,2019-10-22,B_5mini_unseen,0,,1000,0.0,-1.0
5291,2019-10-22,C_4mini_1box_hot,0,,1000,0.0,-1.0
5291,2019-10-22,D_3mini_1box_1straight,0,,1000,0.0,-1.0
5291,2019-10-22,E_3mini_1set_1straight_prev,0,,1000,0.0,-1.0
5291,2019-10-22,F_5mini_random,0,,1000,0.0,-1.0
5292,2019-10-23,A_5mini_hot,0,,1000,0.0,-1.0
5292,2019-10-23,B_5mini_unseen,0,,1000,0.0,-1.0
5292,2019-10-23,C_4mini_1box_hot,0,,1000,0.0,-1.0
5292,2019-10-23,D_3mini_1box_1straight,0,,1000,0.0,-1.0
5292,2019-10-23,E_3mini_1set_1straight_prev,0,,1000,0.0,-1.0
5292,2019-10-23,F_5mini_random,0,,1000,0.0,-1.0
5293,2019-10-24,A_5mini_hot,0,,1000,0.0,-1.0
5293,2019-10-24,B_5mini_unseen,0,,1000,0.0,-1.0
5293,2019-10-24,C_4mini_1box_hot,0,,1000,0.0,-1.0
5293,2019-10-24,D_3mini_1box_1straight,0,,1000,0.0,-1.0
5293,2019-10-24,E_3mini_1set_1straight_prev,0,,1000,0.0,-1.0
5293,2019-10-24,F_5mini_random,0,,1000,0.0,-1.0
5294,2019-10-25,A_5mini_hot,0,,1000,0.0,-1.0
5294,2019-10-25,B_5mini_unseen,0,,1000,0.0,-1.0
5294,2019-10-25,C_4mini_1box_hot,0,,1000,0.0,-1.0
5294,2019-10-25,D_3mini_1box_1straight,0,,1000,0.0,-1.0
5294,2019-10-25,E_3mini_1set_1straight_prev,0,,1000,0.0,-1.0
5294,2019-10-25,F_5mini_random,0,,1000,0.0,-1.0
5295,2019-10-28,A_5mini_hot,0,,1000,0.0,-1.0
5295,2019-10-28,B_5mini_unseen,0,,1000,0.0,-1.0
5295,2019-10-28,C_4mini_1box_hot,0,,1000,0.0,-1.0
5295,2019-10-28,D_3mini_1box_1straight,0,,1000,0.0,-1.0
5295,2019-10-28,E_3mini_1set_1straight_prev,0,,1000,0.0,-1.0
5295,2019-10-28,F_5mini_random,0,,1000,0.0,-1.0
5296,2019-10-29,A_5mini_hot,0,,1000,0.0,-1.0
5296,2019-10-29,B_5mini_unseen,0,,1000,0.0,-1.0
5296,2019-10-29,C_4mini_1box_hot,0,,1000,0.0,-1.0
5296,2019-10-29,D_3mini_1box_1straight,0,,1000,0.0,-1.0
5296,2019-10-29,E_3mini_1set_1straight_prev,0,,1000,0.0,-1.0
5296,2019-10-29,F_5mini_random,0,,1000,0.0,-1.0
5297,2019-10-30,A_5mini_hot,0,,1000,0.0,-1.0
5297,2019-10-30,B_5mini_unseen,0,,1000,0.0,-1.0
5297,2019-10-30,C_4mini_1box_hot,0,,1000,0.0,-1.0
5297,2019-10-30,D_3mini_1box_1straight,0,,1000,0.0,-1.0
5297,2019-10-30,E_3mini_1set_1straight_prev,0,,1000,0.0,-1.0
5297,2019-10-30,F_5mini_random,0,,1000,0.0,-1.0
5298,2019-10-31,A_5mini_hot,0,,1000,0.0,-1.0
5298,2019-10-31,B_5mini_unseen,0,,1000,0.0,-1.0
5298,2019-10-31,C_4mini_1box_hot,0,,1000,0.0,-1.0
5298,2019-10-31,D_3mini_1box_1straight,0,,1000,0.0,-1.0
5298,2019-10-31,E_3mini_1set_1straight_prev,0,,1000,0.0,-1.0
5298,2019-10-31,F_5mini_random,0,,1000,0.0,-1.0
5299,2019-11-01,A_5mini_hot,0,,1000,0.0,-1.0
5299,2019-11-01,B_5mini_unseen,0,,1000,0.0,-1.0
5299,2019-11-01,C_4mini_1box_hot,0,,1000,0.0,-1.0
5299,2019-11-01,D_3mini_1box_1straight,0,,1000,0.0,-1.0
5299,2019-11-01,E_3mini_1set_1straight_prev,0,,1000,0.0,-1.0
5299,2019-11-01,F_5mini_random,0,,1000,0.0,-1.0
5300,2019-11-04,A_5mini_hot,0,,1000,0.0,-1.0
5300,2019-11-04,B_5mini_unseen,0,,1000,0.0,-1.0
5300,2019-11-04,C_4mini_1box_hot,0,,1000,0.0,-1.0
5300,2019-11-04,D_3mini_1box_1straight,0,,1000,0.0,-1.0
5300,2019-11-04,E_3mini_1set_1straight_prev,0,,1000,0.0,-1.0
5300,2019-11-04,F_5mini_random,0,,1000,0.0,-1.0
5301,2019-11-05,A_5mini_hot,0,,1000,0.0,-1.0
5301,2019-11-05,B_5mini_unseen,1,mini,1000,9000.0,8.0
5301,2019-11-05,C_4mini_1box_hot,0,,1000,0.0,-1.0
5301,2019-11-05,D_3mini_1box_1straight,0,,1000,0.0,-1.0
5301,2019-11-05,E_3mini_1set_1straight_prev,0,,1000,0.0,-1.0
5301,2019-11-05,F_5mini_random,0,,1000,0.0,-1.0
5302,2019-11-06,A_5mini_hot,0,,1000,0.0,-1.0
5302,2019-11-06,B_5mini_unseen,0,,1000,0.0,-1.0
5302,2019-11-06,C_4mini_1box_hot,0,,1000,0.0,-1.0
5302,2019-11-06,D_3mini_1box_1straight,0,,1000,0.0,-1.0
5302,2019-11-06,E_3mini_1set_1straight_prev,0,,1000,0.0,-1.0
5302,2019-11-06,F_5mini_random,0,,1000,0.0,-1.0
5303,2019-11-07,A_5mini_hot,0,,1000,0.0,-1.0
5303,2019-11-07,B_5mini_unseen,0,,1000,0.0,-1.0
5303,2019-11-07,C_4mini_1box_hot,0,,1000,0.0,-1.0
5303,2019-11-07,D_3mini_1box_1straight,0,,1000,0.0,-1.0
5303,2019-11-07,E_3mini_1set_1straight_prev,0,,1000,0.0,-1.0
5303,2019-11-07,F_5mini_random,0,,1000,0.0,-1.0
5304,2019-11-08,A_5mini_hot,0,,1000,0.0,-1.0
5304,2019-11-08,B_5mini_unseen,0,,1000,0.0,-1.0
5304,2019-11-08,C_4mini_1box_hot,0,,1000,0.0,-1.0
5304,2019-11-08,D_3mini_1box_1straight,0,,1000,0.0,-1.0
5304,2019-11-08,E_3mini_1set_1straight_prev,0,,1000,0.0,-1.0
5304,2019-11-08,F_5mini_random,0,,1000,0.0,-1.0
5305,2019-11-11,A_5mini_hot,0,,1000,0.0,-1.0
5305,2019-11-11,B_5mini_unseen,0,,1000,0.0,-1.0
5305,2019-11-11,C_4mini_1box_hot,0,,1000,0.0,-1.0
5305,2019-11-11,D_3mini_1box_1straight,0,,1000,0.0,-1.0
5305,2019-11-11,E_3mini_1set_1straight_prev,0,,1000,0.0,-1.0
5305,2019-11-11,F_5mini_random,0,,1000,0.0,-1.0
5306,2019-11-12,A_5mini_hot,0,,1000,0.0,-1.0
5306,2019-11-12,B_5mini_unseen,0,,1000,0.0,-1.0
5306,2019-11-12,C_4mini_1box_hot,0,,1000,0.0,-1.0
5306,2019-11-12,D_3mini_1box_1straight,0,,1000,0.0,-1.0
5306,2019-11-12,E_3mini_1set_1straight_prev,0,,1000,0.0,-1.0
5306,2019-11-12,F_5mini_random,0,,1000,0.0,-1.0
5307,2019-11-13,A_5mini_hot,0,,1000,0.0,-1.0
5307,2019-11-13,B_5mini_unseen,0,,1000,0.0,-1.0
5307,2019-11-13,C_4mini_1box_hot,0,,1000,0.0,-1.0
5307,2019-11-13,D_3mini_1box_1straight,0,,1000,0.0,-1.0
5307,2019-11-13,E_3mini_1set_1straight_prev,0,,1000,0.0,-1.0
5307,2019-11-13,F_5mini_random,0,,1000,0.0,-1.0
5308,2019-11-14,A_5mini_hot,0,,1000,0.0,-1.0
5308,2019-11-14,B_5mini_unseen,0,,1000,0.0,-1.0
5308,2019-11-14,C_4mini_1box_hot,0,,1000,0.0,-1.0
5308,2019-11-14,D_3mini_1box_1straight,0,,1000,0.0,-1.0
5308,2019-11-14,E_3mini_1set_1straight_prev,0,,1000,0.0,-1.0
5308,2019-11-14,F_5mini_random,0,,1000,0.0,-1.0
5310,2019-11-18,A_5mini_hot,0,,1000,0.0,-1.0
5310,2019-11-18,B_5mini_unseen,0,,1000,0.0,-1.0
5310,2019-11-18,C_4mini_1box_hot,0,,1000,0.0,-1.0
5310,2019-11-18,D_3mini_1box_1straight,0,,1000,0.0,-1.0
5310,2019-11-18,E_3mini_1set_1straight_prev,0,,1000,0.0,-1.0
5310,2019-11-18,F_5mini_random,0,,1000,0.0,-1.0
5311,2019-11-19,A_5mini_hot,0,,1000,0.0,-1.0
5311,2019-11-19,B_5mini_unseen,0,,1000,0.0,-1.0
5311,2019-11-19,C_4mini_1box_hot,0,,1000,0.0,-1.0
5311,2019-11-19,D_3mini_1box_1straight,0,,1000,0.0,-1.0
5311,2019-11-19,E_3mini_1set_1straight_prev,0,,1000,0.0,-1.0
5311,2019-11-19,F_5mini_random,0,,1000,0.0,-1.0
5312,2019-11-20,A_5mini_hot,0,,1000,0.0,-1.0
5312,2019-11-20,B_5mini_unseen,0,,1000,0.0,-1.0
5312,2019-11-20,C_4mini_1box_hot,0,,1000,0.0,-1.0
5312,2019-11-20,D_3mini_1box_1straight,0,,1000,0.0,-1.0
5312,2019-11-20,E_3mini_1set_1straight_prev,0,,1000,0.0,-1.0
5312,2019-11-20,F_5mini_random,0,,1000,0.0,-1.0
5313,2019-11-21,A_5mini_hot,0,,1000,0.0,-1.0
5313,2019-11-21,B_5mini_unseen,0,,1000,0.0,-1.0
5313,2019-11-21,C_4mini_1box_hot,0,,1000,0.0,-1.0
5313,2019-11-21,D_3mini_1box_1straight,0,,1000,0.0,-1.0
5313,2019-11-21,E_3mini_1set_1straight_prev,0,,1000,0.0,-1.0
5313,2019-11-21,F_5mini_random,0,,1000,0.0,-1.0
5314,2019-11-22,A_5mini_hot,0,,1000,0.0,-1.0
5314,2019-11-22,B_5mini_unseen,0,,1000,0.0,-1.0
5314,2019-11-22,C_4mini_1box_hot,0,,1000,0.0,-1.0
5314,2019-11-22,D_3mini_1box_1straight,0,,1000,0.0,-1.0
5314,2019-11-22,E_3mini_1set_1straight_prev,0,,1000,0.0,-1.0
5314,2019-11-22,F_5mini_random,1,mini,1000,9000.0,8.0
5315,2019-11-25,A_5mini_hot,0,,1000,0.0,-1.0
5315,2019-11-25,B_5mini_unseen,0,,1000,0.0,-1.0
5315,2019-11-25,C_4mini_1box_hot,0,,1000,0.0,-1.0
5315,2019-11-25,D_3mini_1box_1straight,0,,1000,0.0,-1.0
5315,2019-11-25,E_3mini_1set_1straight_prev,0,,1000,0.0,-1.0
5315,2019-11-25,F_5mini_random,0,,1000,0.0,-1.0
5316,2019-11-26,A_5mini_hot,0,,1000,0.0,-1.0
5316,2019-11-26,B_5mini_unseen,0,,1000,0.0,-1.0
5316,2019-11-26,C_4mini_1box_hot,0,,1000,0.0,-1.0
5316,2019-11-26,D_3mini_1box_1straight,0,,1000,0.0,-1.0
5316,2019-11-26,E_3mini_1set_1straight_prev,0,,1000,0.0,-1.0
5316,2019-11-26,F_5mini_random,0,,1000,0.0,-1.0
5317,2019-11-27,A_5mini_hot,1,mini,1000,9000.0,8.0
5317,2019-11-27,B_5mini_unseen,0,,1000,0.0,-1.0
5317,2019-11-27,C_4mini_1box_hot,1,mini,1000,9000.0,8.0
5317,2019-11-27,D_3mini_1box_1straight,0,,1000,0.0,-1.0
5317,2019-11-27,E_3mini_1set_1straight_prev,0,,1000,0.0,-1.0
5317,2019-11-27,F_5mini_random,0,,1000,0.0,-1.0
5318,2019-11-28,A_5mini_hot,0,,1000,0.0,-1.0
5318,2019-11-28,B_5mini_unseen,0,,1000,0.0,-1.0
5318,2019-11-28,C_4mini_1box_hot,0,,1000,0.0,-1.0
5318,2019-11-28,D_3mini_1box_1straight,0,,1000,0.0,-1.0
5318,2019-11-28,E_3mini_1set_1straight_prev,0,,1000,0.0,-1.0
5318,2019-11-28,F_5mini_random,0,,1000,0.0,-1.0
5319,2019-11-29,A_5mini_hot,0,,1000,0.0,-1.0
5319,2019-11-29,B_5mini_unseen,0,,1000,0.0,-1.0
5319,2019-11-29,C_4mini_1box_hot,0,,1000,0.0,-1.0
5319,2019-11-29,D_3mini_1box_1straight,0,,1000,0.0,-1.0
5319,2019-11-29,E_3mini_1set_1straight_prev,0,,1000,0.0,-1.0
5319,2019-11-29,F_5mini_random,1,mini,1000,9000.0,8.0
5320,2019-12-02,A_5mini_hot,0,,1000,0.0,-1.0
5320,2019-12-02,B_5mini_unseen,0,,1000,0.0,-1.0
5320,2019-12-02,C_4mini_1box_hot,0,,1000,0.0,-1.0
5320,2019-12-02,D_3mini_1box_1straight,0,,1000,0.0,-1.0
5320,2019-12-02,E_3mini_1set_1straight_prev,0,,1000,0.0,-1.0
5320,2019-12-02,F_5mini_random,0,,1000,0.0,-1.0
5321,2019-12-03,A_5mini_hot,0,,1000,0.0,-1.0
5321,2019-12-03,B_5mini_unseen,0,,1000,0.0,-1.0
5321,2019-12-03,C_4mini_1box_hot,0,,1000,0.0,-1.0
5321,2019-12-03,D_3mini_1box_1straight,0,,1000,0.0,-1.0
5321,2019-12-03,E_3mini_1set_1straight_prev,0,,1000,0.0,-1.0
5321,2019-12-03,F_5mini_random,0,,1000,0.0,-1.0
5322,2019-12-04,A_5mini_hot,0,,1000,0.0,-1.0
5322,2019-12-04,B_5mini_unseen,0,,1000,0.0,-1.0
5322,2019-12-04,C_4mini_1box_hot,0,,1000,0.0,-1.0
5322,2019-12-04,D_3mini_1box_1straight,0,,1000,0.0,-1.0
5322,2019-12-04,E_3mini_1set_1straight_prev,0,,1000,0.0,-1.0
5322,2019-12-04,F_5mini_random,0,,1000,0.0,-1.0
5324,2019-12-06,A_5mini_hot,0,,1000,0.0,-1.0
5324,2019-12-06,B_5mini_unseen,0,,1000,0.0,-1.0
5324,2019-12-06,C_4mini_1box_hot,0,,1000,0.0,-1.0
5324,2019-12-06,D_3mini_1box_1straight,0,,1000,0.0,-1.0
5324,2019-12-06,E_3mini_1set_1straight_prev,0,,1000,0.0,-1.0
5324,2019-12-06,F_5mini_random,0,,1000,0.0,-1.0
5325,2019-12-09,A_5mini_hot,0,,1000,0.0,-1.0
5325,2019-12-09,B_5mini_unseen,0,,1000,0.0,-1.0
5325,2019-12-09,C_4mini_1box_hot,0,,1000,0.0,-1.0
5325,2019-12-09,D_3mini_1box_1straight,0,,1000,0.0,-1.0
5325,2019-12-09,E_3mini_1set_1straight_prev,0,,1000,0.0,-1.0
5325,2019-12-09,F_5mini_random,0,,1000,0.0,-1.0
5326,2019-12-10,A_5mini_hot,0,,1000,0.0,-1.0
5326,2019-12-10,B_5mini_unseen,0,,1000,0.0,-1.0
5326,2019-12-10,C_4mini_1box_hot,0,,1000,0.0,-1.0
5326,2019-12-10,D_3mini_1box_1straight,0,,1000,0.0,-1.0
5326,2019-12-10,E_3mini_1set_1straight_prev,0,,1000,0.0,-1.0
5326,2019-12-10,F_5mini_random,0,,1000,0.0,-1.0
5327,2019-12-11,A_5mini_hot,0,,1000,0.0,-1.0
5327,2019-12-11,B_5mini_unseen,0,,1000,0.0,-1.0
5327,2019-12-11,C_4mini_1box_hot,0,,1000,0.0,-1.0
5327,2019-12-11,D_3mini_1box_1straight,0,,1000,0.0,-1.0
5327,2019-12-11,E_3mini_1set_1straight_prev,1,mini,1000,9000.0,8.0
5327,2019-12-11,F_5mini_random,0,,1000,0.0,-1.0
5328,2019-12-12,A_5mini_hot,0,,1000,0.0,-1.0
5328,2019-12-12,B_5mini_unseen,0,,1000,0.0,-1.0
5328,2019-12-12,C_4mini_1box_hot,0,,1000,0.0,-1.0
5328,2019-12-12,D_3mini_1box_1straight,0,,1000,0.0,-1.0
5328,2019-12-12,E_3mini_1set_1straight_prev,0,,1000,0.0,-1.0
5328,2019-12-12,F_5mini_random,0,,1000,0.0,-1.0
5329,2019-12-13,A_5mini_hot,1,mini,1000,9000.0,8.0
5329,2019-12-13,B_5mini_unseen,0,,1000,0.0,-1.0
5329,2019-12-13,C_4mini_1box_hot,1,"mini,box",1000,24000.0,23.0
5329,2019-12-13,D_3mini_1box_1straight,1,"mini,box,straight",1000,114000.0,113.0
5329,2019-12-13,E_3mini_1set_1straight_prev,1,"mini,set_straight",1000,61500.0,60.5
5329,2019-12-13,F_5mini_random,0,,1000,0.0,-1.0
5330,2019-12-16,A_5mini_hot,1,mini,1000,9000.0,8.0
5330,2019-12-16,B_5mini_unseen,0,,1000,0.0,-1.0
5330,2019-12-16,C_4mini_1box_hot,1,mini,1000,9000.0,8.0
5330,2019-12-16,D_3mini_1box_1straight,1,mini,1000,9000.0,8.0
5330,2019-12-16,E_3mini_1set_1straight_prev,0,,1000,0.0,-1.0
5330,2019-12-16,F_5mini_random,0,,1000,0.0,-1.0
5331,2019-12-17,A_5mini_hot,0,,1000,0.0,-1.0
5331,2019-12-17,B_5mini_unseen,0,,1000,0.0,-1.0
5331,2019-12-17,C_4mini_1box_hot,0,,1000,0.0,-1.0
5331,2019-12-17,D_3mini_1box_1straight,0,,1000,0.0,-1.0
5331,2019-12-17,E_3mini_1set_1straight_prev,0,,1000,0.0,-1.0
5331,2019-12-17,F_5mini_random,0,,1000,0.0,-1.0
5332,2019-12-18,A_5mini_hot,0,,1000,0.0,-1.0
5332,2019-12-18,B_5mini_unseen,0,,1000,0.0,-1.0
5332,2019-12-18,C_4mini_1box_hot,0,,1000,0.0,-1.0
5332,2019-12-18,D_3mini_1box_1straight,0,,1000,0.0,-1.0
5332,2019-12-18,E_3mini_1set_1straight_prev,0,,1000,0.0,-1.0
5332,2019-12-18,F_5mini_random,0,,1000,0.0,-1.0
5333,2019-12-19,A_5mini_hot,0,,1000,0.0,-1.0
5333,2019-12-19,B_5mini_unseen,0,,1000,0.0,-1.0
5333,2019-12-19,C_4mini_1box_hot,0,,1000,0.0,-1.0
5333,2019-12-19,D_3mini_1box_1straight,0,,1000,0.0,-1.0
5333,2019-12-19,E_3mini_1set_1straight_prev,0,,1000,0.0,-1.0
5333,2019-12-19,F_5mini_random,0,,1000,0.0,-1.0
5334,2019-12-20,A_5mini_hot,0,,1000,0.0,-1.0
5334,2019-12-20,B_5mini_unseen,0,,1000,0.0,-1.0
5334,2019-12-20,C_4mini_1box_hot,0,,1000,0.0,-1.0
5334,2019-12-20,D_3mini_1box_1straight,0,,1000,0.0,-1.0
5334,2019-12-20,E_3mini_1set_1straight_prev,0,,1000,0.0,-1.0
5334,2019-12-20,F_5mini_random,0,,1000,0.0,-1.0
5335,2019-12-23,A_5mini_hot,0,,1000,0.0,-1.0
5335,2019-12-23,B_5mini_unseen,0,,1000,0.0,-1.0
5335,2019-12-23,C_4mini_1box_hot,0,,1000,0.0,-1.0
5335,2019-12-23,D_3mini_1box_1straight,0,,1000,0.0,-1.0
5335,2019-12-23,E_3mini_1set_1straight_prev,0,,1000,0.0,-1.0
5335,2019-12-23,F_5mini_random,0,,1000,0.0,-1.0
5336,2019-12-24,A_5mini_hot,0,,1000,0.0,-1.0
5336,2019-12-24,B_5mini_unseen,0,,1000,0.0,-1.0
5336,2019-12-24,C_4mini_1box_hot,0,,1000,0.0,-1.0
5336,2019-12-24,D_3mini_1box_1straight,0,,1000,0.0,-1.0
5336,2019-12-24,E_3mini_1set_1straight_prev,0,,1000,0.0,-1.0
5336,2019-12-24,F_5mini_random,0,,1000,0.0,-1.0
5338,2019-12-26,A_5mini_hot,0,,1000,0.0,-1.0
5338,2019-12-26,B_5mini_unseen,0,,1000,0.0,-1.0
5338,2019-12-26,C_4mini_1box_hot,0,,1000,0.0,-1.0
5338,2019-12-26,D_3mini_1box_1straight,0,,1000,0.0,-1.0
5338,2019-12-26,E_3mini_1set_1straight_prev,0,,1000,0.0,-1.0
5338,2019-12-26,F_5mini_random,0,,1000,0.0,-1.0
5339,2019-12-27,A_5mini_hot,1,mini,1000,9000.0,8.0
5339,2019-12-27,B_5mini_unseen,0,,1000,0.0,-1.0
5339,2019-12-27,C_4mini_1box_hot,1,mini,1000,9000.0,8.0
5339,2019-12-27,D_3mini_1box_1straight,0,,1000,0.0,-1.0
5339,2019-12-27,E_3mini_1set_1straight_prev,0,,1000,0.0,-1.0
5339,2019-12-27,F_5mini_random,0,,1000,0.0,-1.0
5340,2019-12-30,A_5mini_hot,0,,1000,0.0,-1.0
5340,2019-12-30,B_5mini_unseen,0,,1000,0.0,-1.0
5340,2019-12-30,C_4mini_1box_hot,0,,1000,0.0,-1.0
5340,2019-12-30,D_3mini_1box_1straight,0,,1000,0.0,-1.0
5340,2019-12-30,E_3mini_1set_1straight_prev,0,,1000,0.0,-1.0
5340,2019-12-30,F_5mini_random,0,,1000,0.0,-1.0
5341,2020-01-06,A_5mini_hot,0,,1000,0.0,-1.0
5341,2020-01-06,B_5mini_unseen,0,,1000,0.0,-1.0
5341,2020-01-06,C_4mini_1box_hot,0,,1000,0.0,-1.0
5341,2020-01-06,D_3mini_1box_1straight,0,,1000,0.0,-1.0
5341,2020-01-06,E_3mini_1set_1straight_prev,0,,1000,0.0,-1.0
5341,2020-01-06,F_5mini_random,0,,1000,0.0,-1.0
5342,2020-01-07,A_5mini_hot,0,,1000,0.0,-1.0
5342,2020-01-07,B_5mini_unseen,0,,1000,0.0,-1.0
5342,2020-01-07,C_4mini_1box_hot,0,,1000,0.0,-1.0
5342,2020-01-07,D_3mini_1box_1straight,0,,1000,0.0,-1.0
5342,2020-01-07,E_3mini_1set_1straight_prev,0,,1000,0.0,-1.0
5342,2020-01-07,F_5mini_random,0,,1000,0.0,-1.0
5343,2020-01-08,A_5mini_hot,0,,1000,0.0,-1.0
5343,2020-01-08,B_5mini_unseen,0,,1000,0.0,-1.0
5343,2020-01-08,C_4mini_1box_hot,0,,1000,0.0,-1.0
5343,2020-01-08,D_3mini_1box_1straight,0,,1000,0.0,-1.0
5343,2020-01-08,E_3mini_1set_1straight_prev,0,,1000,0.0,-1.0
5343,2020-01-08,F_5mini_random,0,,1000,0.0,-1.0
5344,2020-01-09,A_5mini_hot,0,,1000,0.0,-1.0
5344,2020-01-09,B_5mini_unseen,0,,1000,0.0,-1.0
5344,2020-01-09,C_4mini_1box_hot,0,,1000,0.0,-1.0
5344,2020-01-09,D_3mini_1box_1straight,0,,1000,0.0,-1.0
5344,2020-01-09,E_3mini_1set_1straight_prev,0,,1000,0.0,-1.0
5344,2020-01-09,F_5mini_random,0,,1000,0.0,-1.0
5345,2020-01-10,A_5mini_hot,0,,1000,0.0,-1.0
5345,2020-01-10,B_5mini_unseen,0,,1000,0.0,-1.0
5345,2020-01-10,C_4mini_1box_hot,0,,1000,0.0,-1.0
5345,2020-01-10,D_3mini_1box_1straight,0,,1000,0.0,-1.0
5345,2020-01-10,E_3mini_1set_1straight_prev,0,,1000,0.0,-1.0
5345,2020-01-10,F_5mini_random,0,,1000,0.0,-1.0
5346,2020-01-13,A_5mini_hot,0,,1000,0.0,-1.0
5346,2020-01-13,B_5mini_unseen,1,mini,1000,9000.0,8.0
5346,2020-01-13,C_4mini_1box_hot,0,,1000,0.0,-1.0
5346,2020-01-13,D_3mini_1box_1straight,0,,1000,0.0,-1.0
5346,2020-01-13,E_3mini_1set_1straight_prev,0,,1000,0.0,-1.0
5346,2020-01-13,F_5mini_random,0,,1000,0.0,-1.0
5347,2020-01-14,A_5mini_hot,0,,1000,0.0,-1.0
5347,2020-01-14,B_5mini_unseen,0,,1000,0.0,-1.0
5347,2020-01-14,C_4mini_1box_hot,0,,1000,0.0,-1.0
5347,2020-01-14,D_3mini_1box_1straight,0,,1000,0.0,-1.0
5347,2020-01-14,E_3mini_1set_1straight_prev,0,,1000,0.0,-1.0
5347,2020-01-14,F_5mini_random,1,mini,1000,9000.0,8.0
5348,2020-01-15,A_5mini_hot,1,mini,1000,9000.0,8.0
5348,2020-01-15,B_5mini_unseen,0,,1000,0.0,-1.0
5348,2020-01-15,C_4mini_1box_hot,1,mini,1000,9000.0,8.0
5348,2020-01-15,D_3mini_1box_1straight,1,mini,1000,9000.0,8.0
5348,2020-01-15,E_3mini_1set_1straight_prev,1,mini,1000,9000.0,8.0
5348,2020-01-15,F_5mini_random,0,,1000,0.0,-1.0
5349,2020-01-16,A_5mini_hot,0,,1000,0.0,-1.0
5349,2020-01-16,B_5mini_unseen,0,,1000,0.0,-1.0
5349,2020-01-16,C_4mini_1box_hot,0,,1000,0.0,-1.0
5349,2020-01-16,D_3mini_1box_1straight,0,,1000,0.0,-1.0
5349,2020-01-16,E_3mini_1set_1straight_prev,0,,1000,0.0,-1.0
5349,2020-01-16,F_5mini_random,0,,1000,0.0,-1.0
5350,2020-01-17,A_5mini_hot,0,,1000,0.0,-1.0
5350,2020-01-17,B_5mini_unseen,0,,1000,0.0,-1.0
5350,2020-01-17,C_4mini_1box_hot,0,,1000,0.0,-1.0
5350,2020-01-17,D_3mini_1box_1straight,0,,1000,0.0,-1.0
5350,2020-01-17,E_3mini_1set_1straight_prev,0,,1000,0.0,-1.0
5350,2020-01-17,F_5mini_random,0,,1000,0.0,-1.0
5351,2020-01-20,A_5mini_hot,0,,1000,0.0,-1.0
5351,2020-01-20,B_5mini_unseen,0,,1000,0.0,-1.0
5351,2020-01-20,C_4mini_1box_hot,0,,1000,0.0,-1.0
5351,2020-01-20,D_3mini_1box_1straight,0,,1000,0.0,-1.0
5351,2020-01-20,E_3mini_1set_1straight_prev,0,,1000,0.0,-1.0
5351,2020-01-20,F_5mini_random,1,mini,1000,9000.0,8.0
5352,2020-01-21,A_5mini_hot,0,,1000,0.0,-1.0
5352,2020-01-21,B_5mini_unseen,0,,1000,0.0,-1.0
5352,2020-01-21,C_4mini_1box_hot,0,,1000,0.0,-1.0
5352,2020-01-21,D_3mini_1box_1straight,0,,1000,0.0,-1.0
5352,2020-01-21,E_3mini_1set_1straight_prev,0,,1000,0.0,-1.0
5352,2020-01-21,F_5mini_random,0,,1000,0.0,-1.0
5353,2020-01-22,A_5mini_hot,1,mini,1000,9000.0,8.0
5353,2020-01-22,B_5mini_unseen,0,,1000,0.0,-1.0
5353,2020-01-22,C_4mini_1box_hot,1,mini,1000,9000.0,8.0
5353,2020-01-22,D_3mini_1box_1straight,1,mini,1000,9000.0,8.0
5353,2020-01-22,E_3mini_1set_1straight_prev,0,,1000,0.0,-1.0
5353,2020-01-22,F_5mini_random,0,,1000,0.0,-1.0
5354,2020-01-23,A_5mini_hot,0,,1000,0.0,-1.0
5354,2020-01-23,B_5mini_unseen,0,,1000,0.0,-1.0
5354,2020-01-23,C_4mini_1box_hot,0,,1000,0.0,-1.0
5354,2020-01-23,D_3mini_1box_1straight,0,,1000,0.0,-1.0
5354,2020-01-23,E_3mini_1set_1straight_prev,0,,1000,0.0,-1.0
5354,2020-01-23,F_5mini_random,0,,1000,0.0,-1.0
5355,2020-01-24,A_5mini_hot,0,,1000,0.0,-1.0
5355,2020-01-24,B_5mini_unseen,0,,1000,0.0,-1.0
5355,2020-01-24,C_4mini_1box_hot,0,,1000,0.0,-1.0
5355,2020-01-24,D_3mini_1box_1straight,0,,1000,0.0,-1.0
5355,2020-01-24,E_3mini_1set_1straight_prev,0,,1000,0.0,-1.0
5355,2020-01-24,F_5mini_random,0,,1000,0.0,-1.0
5356,2020-01-27,A_5mini_hot,0,,1000,0.0,-1.0
5356,2020-01-27,B_5mini_unseen,0,,1000,0.0,-1.0
5356,2020-01-27,C_4mini_1box_hot,0,,1000,0.0,-1.0
5356,2020-01-27,D_3mini_1box_1straight,0,,1000,0.0,-1.0
5356,2020-01-27,E_3mini_1set_1straight_prev,0,,1000,0.0,-1.0
5356,2020-01-27,F_5mini_random,0,,1000,0.0,-1.0
5357,2020-01-28,A_5mini_hot,0,,1000,0.0,-1.0
5357,2020-01-28,B_5mini_unseen,1,mini,1000,9000.0,8.0
5357,2020-01-28,C_4mini_1box_hot,0,,1000,0.0,-1.0
5357,2020-01-28,D_3mini_1box_1straight,0,,1000,0.0,-1.0
5357,2020-01-28,E_3mini_1set_1straight_prev,0,,1000,0.0,-1.0
5357,2020-01-28,F_5mini_random,1,mini,1000,9000.0,8.0
5358,2020-01-29,A_5mini_hot,0,,1000,0.0,-1.0
5358,2020-01-29,B_5mini_unseen,0,,1000,0.0,-1.0
5358,2020-01-29,C_4mini_1box_hot,0,,1000,0.0,-1.0
5358,2020-01-29,D_3mini_1box_1straight,0,,1000,0.0,-1.0
5358,2020-01-29,E_3mini_1set_1straight_prev,0,,1000,0.0,-1.0
5358,2020-01-29,F_5mini_random,0,,1000,0.0,-1.0
5359,2020-01-30,A_5mini_hot,0,,1000,0.0,-1.0
5359,2020-01-30,B_5mini_unseen,0,,1000,0.0,-1.0
5359,2020-01-30,C_4mini_1box_hot,0,,1000,0.0,-1.0
5359,2020-01-30,D_3mini_1box_1straight,0,,1000,0.0,-1.0
5359,2020-01-30,E_3mini_1set_1straight_prev,0,,1000,0.0,-1.0
5359,2020-01-30,F_5mini_random,0,,1000,0.0,-1.0
5360,2020-01-31,A_5mini_hot,0,,1000,0.0,-1.0
5360,2020-01-31,B_5mini_unseen,0,,1000,0.0,-1.0
5360,2020-01-31,C_4mini_1box_hot,0,,1000,0.0,-1.0
5360,2020-01-31,D_3mini_1box_1straight,0,,1000,0.0,-1.0
5360,2020-01-31,E_3mini_1set_1straight_prev,0,,1000,0.0,-1.0
5360,2020-01-31,F_5mini_random,0,,1000,0.0,-1.0
5361,2020-02-03,A_5mini_hot,0,,1000,0.0,-1.0
5361,2020-02-03,B_5mini_unseen,0,,1000,0.0,-1.0
5361,2020-02-03,C_4mini_1box_hot,0,,1000,0.0,-1.0
5361,2020-02-03,D_3mini_1box_1straight,0,,1000,0.0,-1.0
5361,2020-02-03,E_3mini_1set_1straight_prev,0,,1000,0.0,-1.0
5361,2020-02-03,F_5mini_random,0,,1000,0.0,-1.0
5362,2020-02-04,A_5mini_hot,0,,1000,0.0,-1.0
5362,2020-02-04,B_5mini_unseen,0,,1000,0.0,-1.0
5362,2020-02-04,C_4mini_1box_hot,0,,1000,0.0,-1.0
5362,2020-02-04,D_3mini_1box_1straight,0,,1000,0.0,-1.0
5362,2020-02-04,E_3mini_1set_1straight_prev,0,,1000,0.0,-1.0
5362,2020-02-04,F_5mini_random,0,,1000,0.0,-1.0
5363,2020-02-05,A_5mini_hot,0,,1000,0.0,-1.0
5363,2020-02-05,B_5mini_unseen,0,,1000,0.0,-1.0
5363,2020-02-05,C_4mini_1box_hot,0,,1000,0.0,-1.0
5363,2020-02-05,D_3mini_1box_1straight,0,,1000,0.0,-1.0
5363,2020-02-05,E_3mini_1set_1straight_prev,0,,1000,0.0,-1.0
5363,2020-02-05,F_5mini_random,0,,1000,0.0,-1.0
5364,2020-02-06,A_5mini_hot,0,,1000,0.0,-1.0
5364,2020-02-06,B_5mini_unseen,0,,1000,0.0,-1.0
5364,2020-02-06,C_4mini_1box_hot,0,,1000,0.0,-1.0
5364,2020-02-06,D_3mini_1box_1straight,0,,1000,0.0,-1.0
5364,2020-02-06,E_3mini_1set_1straight_prev,0,,1000,0.0,-1.0
5364,2020-02-06,F_5mini_random,0,,1000,0.0,-1.0
5365,2020-02-07,A_5mini_hot,0,,1000,0.0,-1.0
5365,2020-02-07,B_5mini_unseen,0,,1000,0.0,-1.0
5365,2020-02-07,C_4mini_1box_hot,0,,1000,0.0,-1.0
5365,2020-02-07,D_3mini_1box_1straight,0,,1000,0.0,-1.0
5365,2020-02-07,E_3mini_1set_1straight_prev,0,,1000,0.0,-1.0
5365,2020-02-07,F_5mini_random,0,,1000,0.0,-1.0
5366,2020-02-10,A_5mini_hot,0,,1000,0.0,-1.0
5366,2020-02-10,B_5mini_unseen,0,,1000,0.0,-1.0
5366,2020-02-10,C_4mini_1box_hot,0,,1000,0.0,-1.0
5366,2020-02-10,D_3mini_1box_1straight,0,,1000,0.0,-1.0
5366,2020-02-10,E_3mini_1set_1straight_prev,0,,1000,0.0,-1.0
5366,2020-02-10,F_5mini_random,0,,1000,0.0,-1.0
5367,2020-02-11,A_5mini_hot,0,,1000,0.0,-1.0
5367,2020-02-11,B_5mini_unseen,0,,1000,0.0,-1.0
5367,2020-02-11,C_4mini_1box_hot,0,,1000,0.0,-1.0
5367,2020-02-11,D_3mini_1box_1straight,0,,1000,0.0,-1.0
5367,2020-02-11,E_3mini_1set_1straight_prev,0,,1000,0.0,-1.0
5367,2020-02-11,F_5mini_random,0,,1000,0.0,-1.0
5368,2020-02-12,A_5mini_hot,0,,1000,0.0,-1.0
5368,2020-02-12,B_5mini_unseen,1,mini,1000,9000.0,8.0
5368,2020-02-12,C_4mini_1box_hot,0,,1000,0.0,-1.0
5368,2020-02-12,D_3mini_1box_1straight,0,,1000,0.0,-1.0
5368,2020-02-12,E_3mini_1set_1straight_prev,0,,1000,0.0,-1.0
5368,2020-02-12,F_5mini_random,0,,1000,0.0,-1.0
5369,2020-02-13,A_5mini_hot,0,,1000,0.0,-1.0
5369,2020-02-13,B_5mini_unseen,0,,1000,0.0,-1.0
5369,2020-02-13,C_4mini_1box_hot,0,,1000,0.0,-1.0
5369,2020-02-13,D_3mini_1box_1straight,0,,1000,0.0,-1.0
5369,2020-02-13,E_3mini_1set_1straight_prev,0,,1000,0.0,-1.0
5369,2020-02-13,F_5mini_random,0,,1000,0.0,-1.0
5370,2020-02-14,A_5mini_hot,0,,1000,0.0,-1.0
5370,2020-02-14,B_5mini_unseen,1,mini,1000,9000.0,8.0
5370,2020-02-14,C_4mini_1box_hot,0,,1000,0.0,-1.0
5370,2020-02-14,D_3mini_1box_1straight,0,,1000,0.0,-1.0
5370,2020-02-14,E_3mini_1set_1straight_prev,0,,1000,0.0,-1.0
5370,2020-02-14,F_5mini_random,0,,1000,0.0,-1.0
5371,2020-02-17,A_5mini_hot,0,,1000,0.0,-1.0
5371,2020-02-17,B_5mini_unseen,0,,1000,0.0,-1.0
5371,2020-02-17,C_4mini_1box_hot,0,,1000,0.0,-1.0
5371,2020-02-17,D_3mini_1box_1straight,0,,1000,0.0,-1.0
5371,2020-02-17,E_3mini_1set_1straight_prev,0,,1000,0.0,-1.0
5371,2020-02-17,F_5mini_random,0,,1000,0.0,-1.0
5372,2020-02-18,A_5mini_hot,0,,1000,0.0,-1.0
5372,2020-02-18,B_5mini_unseen,0,,1000,0.0,-1.0
5372,2020-02-18,C_4mini_1box_hot,0,,1000,0.0,-1.0
5372,2020-02-18,D_3mini_1box_1straight,0,,1000,0.0,-1.0
5372,2020-02-18,E_3mini_1set_1straight_prev,0,,1000,0.0,-1.0
5372,2020-02-18,F_5mini_random,0,,1000,0.0,-1.0
5373,2020-02-19,A_5mini_hot,0,,1000,0.0,-1.0
5373,2020-02-19,B_5mini_unseen,0,,1000,0.0,-1.0
5373,2020-02-19,C_4mini_1box_hot,0,,1000,0.0,-1.0
5373,2020-02-19,D_3mini_1box_1straight,0,,1000,0.0,-1.0
5373,2020-02-19,E_3mini_1set_1straight_prev,0,,1000,0.0,-1.0
5373,2020-02-19,F_5mini_random,0,,1000,0.0,-1.0
5374,2020-02-20,A_5mini_hot,0,,1000,0.0,-1.0
5374,2020-02-20,B_5mini_unseen,0,,1000,0.0,-1.0
5374,2020-02-20,C_4mini_1box_hot,0,,1000,0.0,-1.0
5374,2020-02-20,D_3mini_1box_1straight,0,,1000,0.0,-1.0
5374,2020-02-20,E_3mini_1set_1straight_prev,0,,1000,0.0,-1.0
5374,2020-02-20,F_5mini_random,1,mini,1000,9000.0,8.0
5375,2020-02-21,A_5mini_hot,0,,1000,0.0,-1.0
5375,2020-02-21,B_5mini_unseen,0,,1000,0.0,-1.0
5375,2020-02-21,C_4mini_1box_hot,0,,1000,0.0,-1.0
5375,2020-02-21,D_3mini_1box_1straight,0,,1000,0.0,-1.0
5375,2020-02-21,E_3mini_1set_1straight_prev,0,,1000,0.0,-1.0
5375,2020-02-21,F_5mini_random,0,,1000,0.0,-1.0
5376,2020-02-25,A_5mini_hot,0,,1000,0.0,-1.0
5376,2020-02-25,B_5mini_unseen,0,,1000,0.0,-1.0
5376,2020-02-25,C_4mini_1box_hot,0,,1000,0.0,-1.0
5376,2020-02-25,D_3mini_1box_1straight,0,,1000,0.0,-1.0
5376,2020-02-25,E_3mini_1set_1straight_prev,0,,1000,0.0,-1.0
5376,2020-02-25,F_5mini_random,0,,1000,0.0,-1.0
5378,2020-02-26,A_5mini_hot,0,,1000,0.0,-1.0
5378,2020-02-26,B_5mini_unseen,0,,1000,0.0,-1.0
5378,2020-02-26,C_4mini_1box_hot,0,,1000,0.0,-1.0
5378,2020-02-26,D_3mini_1box_1straight,0,,1000,0.0,-1.0
5378,2020-02-26,E_3mini_1set_1straight_prev,0,,1000,0.0,-1.0
5378,2020-02-26,F_5mini_random,0,,1000,0.0,-1.0
5379,2020-02-27,A_5mini_hot,0,,1000,0.0,-1.0
5379,2020-02-27,B_5mini_unseen,1,mini,1000,9000.0,8.0
5379,2020-02-27,C_4mini_1box_hot,0,,1000,0.0,-1.0
5379,2020-02-27,D_3mini_1box_1straight,0,,1000,0.0,-1.0
5379,2020-02-27,E_3mini_1set_1straight_prev,0,,1000,0.0,-1.0
5379,2020-02-27,F_5mini_random,0,,1000,0.0,-1.0
5380,2020-02-28,A_5mini_hot,0,,1000,0.0,-1.0
5380,2020-02-28,B_5mini_unseen,0,,1000,0.0,-1.0
5380,2020-02-28,C_4mini_1box_hot,0,,1000,0.0,-1.0
5380,2020-02-28,D_3mini_1box_1straight,0,,1000,0.0,-1.0
5380,2020-02-28,E_3mini_1set_1straight_prev,0,,1000,0.0,-1.0
5380,2020-02-28,F_5mini_random,0,,1000,0.0,-1.0
5381,2020-03-02,A_5mini_hot,0,,1000,0.0,-1.0
5381,2020-03-02,B_5mini_unseen,0,,1000,0.0,-1.0
5381,2020-03-02,C_4mini_1box_hot,0,,1000,0.0,-1.0
5381,2020-03-02,D_3mini_1box_1straight,0,,1000,0.0,-1.0
5381,2020-03-02,E_3mini_1set_1straight_prev,0,,1000,0.0,-1.0
5381,2020-03-02,F_5mini_random,0,,1000,0.0,-1.0
5382,2020-03-03,A_5mini_hot,0,,1000,0.0,-1.0
5382,2020-03-03,B_5mini_unseen,0,,1000,0.0,-1.0
5382,2020-03-03,C_4mini_1box_hot,0,,1000,0.0,-1.0
5382,2020-03-03,D_3mini_1box_1straight,0,,1000,0.0,-1.0
5382,2020-03-03,E_3mini_1set_1straight_prev,0,,1000,0.0,-1.0
5382,2020-03-03,F_5mini_random,1,mini,1000,9000.0,8.0
5383,2020-03-04,A_5mini_hot,0,,1000,0.0,-1.0
5383,2020-03-04,B_5mini_unseen,0,,1000,0.0,-1.0
5383,2020-03-04,C_4mini_1box_hot,0,,1000,0.0,-1.0
5383,2020-03-04,D_3mini_1box_1straight,0,,1000,0.0,-1.0
5383,2020-03-04,E_3mini_1set_1straight_prev,0,,1000,0.0,-1.0
5383,2020-03-04,F_5mini_random,0,,1000,0.0,-1.0
5384,2020-03-05,A_5mini_hot,0,,1000,0.0,-1.0
5384,2020-03-05,B_5mini_unseen,0,,1000,0.0,-1.0
5384,2020-03-05,C_4mini_1box_hot,0,,1000,0.0,-1.0
5384,2020-03-05,D_3mini_1box_1straight,0,,1000,0.0,-1.0
5384,2020-03-05,E_3mini_1set_1straight_prev,0,,1000,0.0,-1.0
5384,2020-03-05,F_5mini_random,0,,1000,0.0,-1.0
5385,2020-03-06,A_5mini_hot,0,,1000,0.0,-1.0
5385,2020-03-06,B_5mini_unseen,0,,1000,0.0,-1.0
5385,2020-03-06,C_4mini_1box_hot,0,,1000,0.0,-1.0
5385,2020-03-06,D_3mini_1box_1straight,0,,1000,0.0,-1.0
5385,2020-03-06,E_3mini_1set_1straight_prev,0,,1000,0.0,-1.0
5385,2020-03-06,F_5mini_random,0,,1000,0.0,-1.0
5386,2020-03-09,A_5mini_hot,0,,1000,0.0,-1.0
5386,2020-03-09,B_5mini_unseen,0,,1000,0.0,-1.0
5386,2020-03-09,C_4mini_1box_hot,0,,1000,0.0,-1.0
5386,2020-03-09,D_3mini_1box_1straight,0,,1000,0.0,-1.0
5386,2020-03-09,E_3mini_1set_1straight_prev,0,,1000,0.0,-1.0
5386,2020-03-09,F_5mini_random,0,,1000,0.0,-1.0
5387,2020-03-10,A_5mini_hot,0,,1000,0.0,-1.0
5387,2020-03-10,B_5mini_unseen,0,,1000,0.0,-1.0
5387,2020-03-10,C_4mini_1box_hot,0,,1000,0.0,-1.0
5387,2020-03-10,D_3mini_1box_1straight,0,,1000,0.0,-1.0
5387,2020-03-10,E_3mini_1set_1straight_prev,0,,1000,0.0,-1.0
5387,2020-03-10,F_5mini_random,0,,1000,0.0,-1.0
5388,2020-03-11,A_5mini_hot,0,,1000,0.0,-1.0
5388,2020-03-11,B_5mini_unseen,0,,1000,0.0,-1.0
5388,2020-03-11,C_4mini_1box_hot,0,,1000,0.0,-1.0
5388,2020-03-11,D_3mini_1box_1straight,0,,1000,0.0,-1.0
5388,2020-03-11,E_3mini_1set_1straight_prev,0,,1000,0.0,-1.0
5388,2020-03-11,F_5mini_random,0,,1000,0.0,-1.0
5389,2020-03-12,A_5mini_hot,0,,1000,0.0,-1.0
5389,2020-03-12,B_5mini_unseen,0,,1000,0.0,-1.0
5389,2020-03-12,C_4mini_1box_hot,0,,1000,0.0,-1.0
5389,2020-03-12,D_3mini_1box_1straight,0,,1000,0.0,-1.0
5389,2020-03-12,E_3mini_1set_1straight_prev,0,,1000,0.0,-1.0
5389,2020-03-12,F_5mini_random,0,,1000,0.0,-1.0
5390,2020-03-13,A_5mini_hot,0,,1000,0.0,-1.0
5390,2020-03-13,B_5mini_unseen,1,mini,1000,9000.0,8.0
5390,2020-03-13,C_4mini_1box_hot,0,,1000,0.0,-1.0
5390,2020-03-13,D_3mini_1box_1straight,0,,1000,0.0,-1.0
5390,2020-03-13,E_3mini_1set_1straight_prev,0,,1000,0.0,-1.0
5390,2020-03-13,F_5mini_random,0,,1000,0.0,-1.0
5391,2020-03-16,A_5mini_hot,0,,1000,0.0,-1.0
5391,2020-03-16,B_5mini_unseen,0,,1000,0.0,-1.0
5391,2020-03-16,C_4mini_1box_hot,0,,1000,0.0,-1.0
5391,2020-03-16,D_3mini_1box_1straight,0,,1000,0.0,-1.0
5391,2020-03-16,E_3mini_1set_1straight_prev,0,,1000,0.0,-1.0
5391,2020-03-16,F_5mini_random,0,,1000,0.0,-1.0
5392,2020-03-17,A_5mini_hot,0,,1000,0.0,-1.0
5392,2020-03-17,B_5mini_unseen,0,,1000,0.0,-1.0
5392,2020-03-17,C_4mini_1box_hot,0,,1000,0.0,-1.0
5392,2020-03-17,D_3mini_1box_1straight,0,,1000,0.0,-1.0
5392,2020-03-17,E_3mini_1set_1straight_prev,0,,1000,0.0,-1.0
5392,2020-03-17,F_5mini_random,0,,1000,0.0,-1.0
5393,2020-03-18,A_5mini_hot,0,,1000,0.0,-1.0
5393,2020-03-18,B_5mini_unseen,0,,1000,0.0,-1.0
5393,2020-03-18,C_4mini_1box_hot,0,,1000,0.0,-1.0
5393,2020-03-18,D_3mini_1box_1straight,0,,1000,0.0,-1.0
5393,2020-03-18,E_3mini_1set_1straight_prev,0,,1000,0.0,-1.0
5393,2020-03-18,F_5mini_random,0,,1000,0.0,-1.0
5394,2020-03-19,A_5mini_hot,0,,1000,0.0,-1.0
5394,2020-03-19,B_5mini_unseen,0,,1000,0.0,-1.0
5394,2020-03-19,C_4mini_1box_hot,0,,1000,0.0,-1.0
5394,2020-03-19,D_3mini_1box_1straight,0,,1000,0.0,-1.0
5394,2020-03-19,E_3mini_1set_1straight_prev,0,,1000,0.0,-1.0
5394,2020-03-19,F_5mini_random,0,,1000,0.0,-1.0
5395,2020-03-20,A_5mini_hot,0,,1000,0.0,-1.0
5395,2020-03-20,B_5mini_unseen,0,,1000,0.0,-1.0
5395,2020-03-20,C_4mini_1box_hot,0,,1000,0.0,-1.0
5395,2020-03-20,D_3mini_1box_1straight,0,,1000,0.0,-1.0
5395,2020-03-20,E_3mini_1set_1straight_prev,0,,1000,0.0,-1.0
5395,2020-03-20,F_5mini_random,0,,1000,0.0,-1.0
5396,2020-03-23,A_5mini_hot,0,,1000,0.0,-1.0
5396,2020-03-23,B_5mini_unseen,0,,1000,0.0,-1.0
5396,2020-03-23,C_4mini_1box_hot,0,,1000,0.0,-1.0
5396,2020-03-23,D_3mini_1box_1straight,0,,1000,0.0,-1.0
5396,2020-03-23,E_3mini_1set_1straight_prev,0,,1000,0.0,-1.0
5396,2020-03-23,F_5mini_random,0,,1000,0.0,-1.0
5397,2020-03-24,A_5mini_hot,0,,1000,0.0,-1.0
5397,2020-03-24,B_5mini_unseen,0,,1000,0.0,-1.0
5397,2020-03-24,C_4mini_1box_hot,0,,1000,0.0,-1.0
5397,2020-03-24,D_3mini_1box_1straight,0,,1000,0.0,-1.0
5397,2020-03-24,E_3mini_1set_1straight_prev,0,,1000,0.0,-1.0
5397,2020-03-24,F_5mini_random,0,,1000,0.0,-1.0
5398,2020-03-25,A_5mini_hot,0,,1000,0.0,-1.0
5398,2020-03-25,B_5mini_unseen,1,mini,1000,9000.0,8.0
5398,2020-03-25,C_4mini_1box_hot,0,,1000,0.0,-1.0
5398,2020-03-25,D_3mini_1box_1straight,0,,1000,0.0,-1.0
5398,2020-03-25,E_3mini_1set_1straight_prev,0,,1000,0.0,-1.0
5398,2020-03-25,F_5mini_random,0,,1000,0.0,-1.0
5399,2020-03-26,A_5mini_hot,0,,1000,0.0,-1.0
5399,2020-03-26,B_5mini_unseen,0,,1000,0.0,-1.0
5399,2020-03-26,C_4mini_1box_hot,0,,1000,0.0,-1.0
5399,2020-03-26,D_3mini_1box_1straight,0,,1000,0.0,-1.0
5399,2020-03-26,E_3mini_1set_1straight_prev,0,,1000,0.0,-1.0
5399,2020-03-26,F_5mini_random,1,mini,1000,9000.0,8.0
5400,2020-03-27,A_5mini_hot,0,,1000,0.0,-1.0
5400,2020-03-27,B_5mini_unseen,0,,1000,0.0,-1.0
5400,2020-03-27,C_4mini_1box_hot,0,,1000,0.0,-1.0
5400,2020-03-27,D_3mini_1box_1straight,0,,1000,0.0,-1.0
5400,2020-03-27,E_3mini_1set_1straight_prev,0,,1000,0.0,-1.0
5400,2020-03-27,F_5mini_random,0,,1000,0.0,-1.0
5401,2020-03-30,A_5mini_hot,0,,1000,0.0,-1.0
5401,2020-03-30,B_5mini_unseen,0,,1000,0.0,-1.0
5401,2020-03-30,C_4mini_1box_hot,0,,1000,0.0,-1.0
5401,2020-03-30,D_3mini_1box_1straight,0,,1000,0.0,-1.0
5401,2020-03-30,E_3mini_1set_1straight_prev,0,,1000,0.0,-1.0
5401,2020-03-30,F_5mini_random,0,,1000,0.0,-1.0
5402,2020-03-31,A_5mini_hot,0,,1000,0.0,-1.0
5402,2020-03-31,B_5mini_unseen,0,,1000,0.0,-1.0
5402,2020-03-31,C_4mini_1box_hot,0,,1000,0.0,-1.0
5402,2020-03-31,D_3mini_1box_1straight,0,,1000,0.0,-1.0
5402,2020-03-31,E_3mini_1set_1straight_prev,0,,1000,0.0,-1.0
5402,2020-03-31,F_5mini_random,0,,1000,0.0,-1.0
5403,2020-04-01,A_5mini_hot,0,,1000,0.0,-1.0
5403,2020-04-01,B_5mini_unseen,0,,1000,0.0,-1.0
5403,2020-04-01,C_4mini_1box_hot,0,,1000,0.0,-1.0
5403,2020-04-01,D_3mini_1box_1straight,0,,1000,0.0,-1.0
5403,2020-04-01,E_3mini_1set_1straight_prev,0,,1000,0.0,-1.0
5403,2020-04-01,F_5mini_random,1,mini,1000,9000.0,8.0
5404,2020-04-02,A_5mini_hot,0,,1000,0.0,-1.0
5404,2020-04-02,B_5mini_unseen,1,mini,1000,9000.0,8.0
5404,2020-04-02,C_4mini_1box_hot,0,,1000,0.0,-1.0
5404,2020-04-02,D_3mini_1box_1straight,0,,1000,0.0,-1.0
5404,2020-04-02,E_3mini_1set_1straight_prev,0,,1000,0.0,-1.0
5404,2020-04-02,F_5mini_random,0,,1000,0.0,-1.0
5405,2020-04-03,A_5mini_hot,0,,1000,0.0,-1.0
5405,2020-04-03,B_5mini_unseen,0,,1000,0.0,-1.0
5405,2020-04-03,C_4mini_1box_hot,0,,1000,0.0,-1.0
5405,2020-04-03,D_3mini_1box_1straight,0,,1000,0.0,-1.0
5405,2020-04-03,E_3mini_1set_1straight_prev,0,,1000,0.0,-1.0
5405,2020-04-03,F_5mini_random,0,,1000,0.0,-1.0
5406,2020-04-06,A_5mini_hot,1,mini,1000,9000.0,8.0
5406,2020-04-06,B_5mini_unseen,0,,1000,0.0,-1.0
5406,2020-04-06,C_4mini_1box_hot,1,mini,1000,9000.0,8.0
5406,2020-04-06,D_3mini_1box_1straight,1,mini,1000,9000.0,8.0
5406,2020-04-06,E_3mini_1set_1straight_prev,1,mini,1000,9000.0,8.0
5406,2020-04-06,F_5mini_random,0,,1000,0.0,-1.0
5407,2020-04-07,A_5mini_hot,0,,1000,0.0,-1.0
5407,2020-04-07,B_5mini_unseen,0,,1000,0.0,-1.0
5407,2020-04-07,C_4mini_1box_hot,0,,1000,0.0,-1.0
5407,2020-04-07,D_3mini_1box_1straight,0,,1000,0.0,-1.0
5407,2020-04-07,E_3mini_1set_1straight_prev,0,,1000,0.0,-1.0
5407,2020-04-07,F_5mini_random,0,,1000,0.0,-1.0
5408,2020-04-08,A_5mini_hot,0,,1000,0.0,-1.0
5408,2020-04-08,B_5mini_unseen,0,,1000,0.0,-1.0
5408,2020-04-08,C_4mini_1box_hot,0,,1000,0.0,-1.0
5408,2020-04-08,D_3mini_1box_1straight,0,,1000,0.0,-1.0
5408,2020-04-08,E_3mini_1set_1straight_prev,0,,1000,0.0,-1.0
5408,2020-04-08,F_5mini_random,0,,1000,0.0,-1.0
5409,2020-04-09,A_5mini_hot,0,,1000,0.0,-1.0
5409,2020-04-09,B_5mini_unseen,0,,1000,0.0,-1.0
5409,2020-04-09,C_4mini_1box_hot,0,,1000,0.0,-1.0
5409,2020-04-09,D_3mini_1box_1straight,0,,1000,0.0,-1.0
5409,2020-04-09,E_3mini_1set_1straight_prev,0,,1000,0.0,-1.0
5409,2020-04-09,F_5mini_random,1,mini,1000,9000.0,8.0
5410,2020-04-10,A_5mini_hot,0,,1000,0.0,-1.0
5410,2020-04-10,B_5mini_unseen,0,,1000,0.0,-1.0
5410,2020-04-10,C_4mini_1box_hot,0,,1000,0.0,-1.0
5410,2020-04-10,D_3mini_1box_1straight,0,,1000,0.0,-1.0
5410,2020-04-10,E_3mini_1set_1straight_prev,0,,1000,0.0,-1.0
5410,2020-04-10,F_5mini_random,0,,1000,0.0,-1.0
5411,2020-04-13,A_5mini_hot,0,,1000,0.0,-1.0
5411,2020-04-13,B_5mini_unseen,0,,1000,0.0,-1.0
5411,2020-04-13,C_4mini_1box_hot,0,,1000,0.0,-1.0
5411,2020-04-13,D_3mini_1box_1straight,0,,1000,0.0,-1.0
5411,2020-04-13,E_3mini_1set_1straight_prev,0,,1000,0.0,-1.0
5411,2020-04-13,F_5mini_random,0,,1000,0.0,-1.0
5412,2020-04-14,A_5mini_hot,0,,1000,0.0,-1.0
5412,2020-04-14,B_5mini_unseen,0,,1000,0.0,-1.0
5412,2020-04-14,C_4mini_1box_hot,0,,1000,0.0,-1.0
5412,2020-04-14,D_3mini_1box_1straight,0,,1000,0.0,-1.0
5412,2020-04-14,E_3mini_1set_1straight_prev,0,,1000,0.0,-1.0
5412,2020-04-14,F_5mini_random,0,,1000,0.0,-1.0
5413,2020-04-15,A_5mini_hot,0,,1000,0.0,-1.0
5413,2020-04-15,B_5mini_unseen,0,,1000,0.0,-1.0
5413,2020-04-15,C_4mini_1box_hot,0,,1000,0.0,-1.0
5413,2020-04-15,D_3mini_1box_1straight,0,,1000,0.0,-1.0
5413,2020-04-15,E_3mini_1set_1straight_prev,0,,1000,0.0,-1.0
5413,2020-04-15,F_5mini_random,0,,1000,0.0,-1.0
5414,2020-04-16,A_5mini_hot,0,,1000,0.0,-1.0
5414,2020-04-16,B_5mini_unseen,0,,1000,0.0,-1.0
5414,2020-04-16,C_4mini_1box_hot,0,,1000,0.0,-1.0
5414,2020-04-16,D_3mini_1box_1straight,0,,1000,0.0,-1.0
5414,2020-04-16,E_3mini_1set_1straight_prev,0,,1000,0.0,-1.0
5414,2020-04-16,F_5mini_random,0,,1000,0.0,-1.0
5415,2020-04-17,A_5mini_hot,0,,1000,0.0,-1.0
5415,2020-04-17,B_5mini_unseen,0,,1000,0.0,-1.0
5415,2020-04-17,C_4mini_1box_hot,0,,1000,0.0,-1.0
5415,2020-04-17,D_3mini_1box_1straight,0,,1000,0.0,-1.0
5415,2020-04-17,E_3mini_1set_1straight_prev,0,,1000,0.0,-1.0
5415,2020-04-17,F_5mini_random,0,,1000,0.0,-1.0
5416,2020-04-20,A_5mini_hot,0,,1000,0.0,-1.0
5416,2020-04-20,B_5mini_unseen,0,,1000,0.0,-1.0
5416,2020-04-20,C_4mini_1box_hot,0,,1000,0.0,-1.0
5416,2020-04-20,D_3mini_1box_1straight,0,,1000,0.0,-1.0
5416,2020-04-20,E_3mini_1set_1straight_prev,0,,1000,0.0,-1.0
5416,2020-04-20,F_5mini_random,0,,1000,0.0,-1.0
5417,2020-04-21,A_5mini_hot,0,,1000,0.0,-1.0
5417,2020-04-21,B_5mini_unseen,0,,1000,0.0,-1.0
5417,2020-04-21,C_4mini_1box_hot,0,,1000,0.0,-1.0
5417,2020-04-21,D_3mini_1box_1straight,0,,1000,0.0,-1.0
5417,2020-04-21,E_3mini_1set_1straight_prev,0,,1000,0.0,-1.0
5417,2020-04-21,F_5mini_random,0,,1000,0.0,-1.0
5418,2020-04-22,A_5mini_hot,0,,1000,0.0,-1.0
5418,2020-04-22,B_5mini_unseen,0,,1000,0.0,-1.0
5418,2020-04-22,C_4mini_1box_hot,0,,1000,0.0,-1.0
5418,2020-04-22,D_3mini_1box_1straight,0,,1000,0.0,-1.0
5418,2020-04-22,E_3mini_1set_1straight_prev,1,mini,1000,9000.0,8.0
5418,2020-04-22,F_5mini_random,0,,1000,0.0,-1.0
5419,2020-04-23,A_5mini_hot,0,,1000,0.0,-1.0
5419,2020-04-23,B_5mini_unseen,0,,1000,0.0,-1.0
5419,2020-04-23,C_4mini_1box_hot,0,,1000,0.0,-1.0
5419,2020-04-23,D_3mini_1box_1straight,0,,1000,0.0,-1.0
5419,2020-04-23,E_3mini_1set_1straight_prev,0,,1000,0.0,-1.0
5419,2020-04-23,F_5mini_random,0,,1000,0.0,-1.0
5420,2020-04-24,A_5mini_hot,0,,1000,0.0,-1.0
5420,2020-04-24,B_5mini_unseen,0,,1000,0.0,-1.0
5420,2020-04-24,C_4mini_1box_hot,0,,1000,0.0,-1.0
5420,2020-04-24,D_3mini_1box_1straight,0,,1000,0.0,-1.0
5420,2020-04-24,E_3mini_1set_1straight_prev,0,,1000,0.0,-1.0
5420,2020-04-24,F_5mini_random,0,,1000,0.0,-1.0
5421,2020-04-27,A_5mini_hot,0,,1000,0.0,-1.0
5421,2020-04-27,B_5mini_unseen,0,,1000,0.0,-1.0
5421,2020-04-27,C_4mini_1box_hot,0,,1000,0.0,-1.0
5421,2020-04-27,D_3mini_1box_1straight,0,,1000,0.0,-1.0
5421,2020-04-27,E_3mini_1set_1straight_prev,0,,1000,0.0,-1.0
5421,2020-04-27,F_5mini_random,0,,1000,0.0,-1.0
5422,2020-04-28,A_5mini_hot,0,,1000,0.0,-1.0
5422,2020-04-28,B_5mini_unseen,0,,1000,0.0,-1.0
5422,2020-04-28,C_4mini_1box_hot,0,,1000,0.0,-1.0
5422,2020-04-28,D_3mini_1box_1straight,0,,1000,0.0,-1.0
5422,2020-04-28,E_3mini_1set_1straight_prev,0,,1000,0.0,-1.0
5422,2020-04-28,F_5mini_random,1,mini,1000,9000.0,8.0
5423,2020-04-29,A_5mini_hot,0,,1000,0.0,-1.0
5423,2020-04-29,B_5mini_unseen,0,,1000,0.0,-1.0
5423,2020-04-29,C_4mini_1box_hot,0,,1000,0.0,-1.0
5423,2020-04-29,D_3mini_1box_1straight,0,,1000,0.0,-1.0
5423,2020-04-29,E_3mini_1set_1straight_prev,0,,1000,0.0,-1.0
5423,2020-04-29,F_5mini_random,0,,1000,0.0,-1.0
5424,2020-04-30,A_5mini_hot,0,,1000,0.0,-1.0
5424,2020-04-30,B_5mini_unseen,0,,1000,0.0,-1.0
5424,2020-04-30,C_4mini_1box_hot,0,,1000,0.0,-1.0
5424,2020-04-30,D_3mini_1box_1straight,0,,1000,0.0,-1.0
5424,2020-04-30,E_3mini_1set_1straight_prev,0,,1000,0.0,-1.0
5424,2020-04-30,F_5mini_random,0,,1000,0.0,-1.0
5425,2020-05-01,A_5mini_hot,0,,1000,0.0,-1.0
5425,2020-05-01,B_5mini_unseen,0,,1000,0.0,-1.0
5425,2020-05-01,C_4mini_1box_hot,0,,1000,0.0,-1.0
5425,2020-05-01,D_3mini_1box_1straight,0,,1000,0.0,-1.0
5425,2020-05-01,E_3mini_1set_1straight_prev,0,,1000,0.0,-1.0
5425,2020-05-01,F_5mini_random,0,,1000,0.0,-1.0
5426,2020-05-04,A_5mini_hot,0,,1000,0.0,-1.0
5426,2020-05-04,B_5mini_unseen,0,,1000,0.0,-1.0
5426,2020-05-04,C_4mini_1box_hot,0,,1000,0.0,-1.0
5426,2020-05-04,D_3mini_1box_1straight,0,,1000,0.0,-1.0
5426,2020-05-04,E_3mini_1set_1straight_prev,0,,1000,0.0,-1.0
5426,2020-05-04,F_5mini_random,0,,1000,0.0,-1.0
5427,2020-05-05,A_5mini_hot,0,,1000,0.0,-1.0
5427,2020-05-05,B_5mini_unseen,0,,1000,0.0,-1.0
5427,2020-05-05,C_4mini_1box_hot,0,,1000,0.0,-1.0
5427,2020-05-05,D_3mini_1box_1straight,0,,1000,0.0,-1.0
5427,2020-05-05,E_3mini_1set_1straight_prev,0,,1000,0.0,-1.0
5427,2020-05-05,F_5mini_random,0,,1000,0.0,-1.0
5428,2020-05-06,A_5mini_hot,0,,1000,0.0,-1.0
5428,2020-05-06,B_5mini_unseen,0,,1000,0.0,-1.0
5428,2020-05-06,C_4mini_1box_hot,0,,1000,0.0,-1.0
5428,2020-05-06,D_3mini_1box_1straight,0,,1000,0.0,-1.0
5428,2020-05-06,E_3mini_1set_1straight_prev,0,,1000,0.0,-1.0
5428,2020-05-06,F_5mini_random,0,,1000,0.0,-1.0
5429,2020-05-07,A_5mini_hot,0,,1000,0.0,-1.0
5429,2020-05-07,B_5mini_unseen,0,,1000,0.0,-1.0
5429,2020-05-07,C_4mini_1box_hot,0,,1000,0.0,-1.0
5429,2020-05-07,D_3mini_1box_1straight,0,,1000,0.0,-1.0
5429,2020-05-07,E_3mini_1set_1straight_prev,0,,1000,0.0,-1.0
5429,2020-05-07,F_5mini_random,0,,1000,0.0,-1.0
5430,2020-05-08,A_5mini_hot,0,,1000,0.0,-1.0
5430,2020-05-08,B_5mini_unseen,0,,1000,0.0,-1.0
5430,2020-05-08,C_4mini_1box_hot,0,,1000,0.0,-1.0
5430,2020-05-08,D_3mini_1box_1straight,0,,1000,0.0,-1.0
5430,2020-05-08,E_3mini_1set_1straight_prev,0,,1000,0.0,-1.0
5430,2020-05-08,F_5mini_random,0,,1000,0.0,-1.0
5431,2020-05-11,A_5mini_hot,0,,1000,0.0,-1.0
5431,2020-05-11,B_5mini_unseen,0,,1000,0.0,-1.0
5431,2020-05-11,C_4mini_1box_hot,0,,1000,0.0,-1.0
5431,2020-05-11,D_3mini_1box_1straight,0,,1000,0.0,-1.0
5431,2020-05-11,E_3mini_1set_1straight_prev,0,,1000,0.0,-1.0
5431,2020-05-11,F_5mini_random,0,,1000,0.0,-1.0
5432,2020-05-12,A_5mini_hot,0,,1000,0.0,-1.0
5432,2020-05-12,B_5mini_unseen,0,,1000,0.0,-1.0
5432,2020-05-12,C_4mini_1box_hot,0,,1000,0.0,-1.0
5432,2020-05-12,D_3mini_1box_1straight,0,,1000,0.0,-1.0
5432,2020-05-12,E_3mini_1set_1straight_prev,0,,1000,0.0,-1.0
5432,2020-05-12,F_5mini_random,0,,1000,0.0,-1.0
5433,2020-05-13,A_5mini_hot,0,,1000,0.0,-1.0
5433,2020-05-13,B_5mini_unseen,0,,1000,0.0,-1.0
5433,2020-05-13,C_4mini_1box_hot,0,,1000,0.0,-1.0
5433,2020-05-13,D_3mini_1box_1straight,0,,1000,0.0,-1.0
5433,2020-05-13,E_3mini_1set_1straight_prev,0,,1000,0.0,-1.0
5433,2020-05-13,F_5mini_random,0,,1000,0.0,-1.0
5434,2020-05-14,A_5mini_hot,0,,1000,0.0,-1.0
5434,2020-05-14,B_5mini_unseen,1,mini,1000,9000.0,8.0
5434,2020-05-14,C_4mini_1box_hot,0,,1000,0.0,-1.0
5434,2020-05-14,D_3mini_1box_1straight,0,,1000,0.0,-1.0
5434,2020-05-14,E_3mini_1set_1straight_prev,0,,1000,0.0,-1.0
5434,2020-05-14,F_5mini_random,0,,1000,0.0,-1.0
5435,2020-05-15,A_5mini_hot,0,,1000,0.0,-1.0
5435,2020-05-15,B_5mini_unseen,1,mini,1000,9000.0,8.0
5435,2020-05-15,C_4mini_1box_hot,0,,1000,0.0,-1.0
5435,2020-05-15,D_3mini_1box_1straight,0,,1000,0.0,-1.0
5435,2020-05-15,E_3mini_1set_1straight_prev,0,,1000,0.0,-1.0
5435,2020-05-15,F_5mini_random,0,,1000,0.0,-1.0
5437,2020-05-19,A_5mini_hot,0,,1000,0.0,-1.0
5437,2020-05-19,B_5mini_unseen,0,,1000,0.0,-1.0
5437,2020-05-19,C_4mini_1box_hot,0,,1000,0.0,-1.0
5437,2020-05-19,D_3mini_1box_1straight,0,,1000,0.0,-1.0
5437,2020-05-19,E_3mini_1set_1straight_prev,0,,1000,0.0,-1.0
5437,2020-05-19,F_5mini_random,0,,1000,0.0,-1.0
5438,2020-05-20,A_5mini_hot,0,,1000,0.0,-1.0
5438,2020-05-20,B_5mini_unseen,0,,1000,0.0,-1.0
5438,2020-05-20,C_4mini_1box_hot,0,,1000,0.0,-1.0
5438,2020-05-20,D_3mini_1box_1straight,0,,1000,0.0,-1.0
5438,2020-05-20,E_3mini_1set_1straight_prev,0,,1000,0.0,-1.0
5438,2020-05-20,F_5mini_random,1,mini,1000,9000.0,8.0
5439,2020-05-21,A_5mini_hot,0,,1000,0.0,-1.0
5439,2020-05-21,B_5mini_unseen,0,,1000,0.0,-1.0
5439,2020-05-21,C_4mini_1box_hot,0,,1000,0.0,-1.0
5439,2020-05-21,D_3mini_1box_1straight,0,,1000,0.0,-1.0
5439,2020-05-21,E_3mini_1set_1straight_prev,0,,1000,0.0,-1.0
5439,2020-05-21,F_5mini_random,0,,1000,0.0,-1.0
5443,2020-05-27,A_5mini_hot,0,,1000,0.0,-1.0
5443,2020-05-27,B_5mini_unseen,0,,1000,0.0,-1.0
5443,2020-05-27,C_4mini_1box_hot,0,,1000,0.0,-1.0
5443,2020-05-27,D_3mini_1box_1straight,0,,1000,0.0,-1.0
5443,2020-05-27,E_3mini_1set_1straight_prev,0,,1000,0.0,-1.0
5443,2020-05-27,F_5mini_random,0,,1000,0.0,-1.0
5444,2020-05-28,A_5mini_hot,0,,1000,0.0,-1.0
5444,2020-05-28,B_5mini_unseen,0,,1000,0.0,-1.0
5444,2020-05-28,C_4mini_1box_hot,0,,1000,0.0,-1.0
5444,2020-05-28,D_3mini_1box_1straight,0,,1000,0.0,-1.0
5444,2020-05-28,E_3mini_1set_1straight_prev,0,,1000,0.0,-1.0
5444,2020-05-28,F_5mini_random,0,,1000,0.0,-1.0
5445,2020-05-29,A_5mini_hot,0,,1000,0.0,-1.0
5445,2020-05-29,B_5mini_unseen,0,,1000,0.0,-1.0
5445,2020-05-29,C_4mini_1box_hot,0,,1000,0.0,-1.0
5445,2020-05-29,D_3mini_1box_1straight,0,,1000,0.0,-1.0
5445,2020-05-29,E_3mini_1set_1straight_prev,0,,1000,0.0,-1.0
5445,2020-05-29,F_5mini_random,0,,1000,0.0,-1.0
5446,2020-06-01,A_5mini_hot,0,,1000,0.0,-1.0
5446,2020-06-01,B_5mini_unseen,0,,1000,0.0,-1.0
5446,2020-06-01,C_4mini_1box_hot,0,,1000,0.0,-1.0
5446,2020-06-01,D_3mini_1box_1straight,0,,1000,0.0,-1.0
5446,2020-06-01,E_3mini_1set_1straight_prev,0,,1000,0.0,-1.0
5446,2020-06-01,F_5mini_random,0,,1000,0.0,-1.0
5447,2020-06-02,A_5mini_hot,1,mini,1000,9000.0,8.0
5447,2020-06-02,B_5mini_unseen,0,,1000,0.0,-1.0
5447,2020-06-02,C_4mini_1box_hot,0,,1000,0.0,-1.0
5447,2020-06-02,D_3mini_1box_1straight,0,,1000,0.0,-1.0
5447,2020-06-02,E_3mini_1set_1straight_prev,0,,1000,0.0,-1.0
5447,2020-06-02,F_5mini_random,0,,1000,0.0,-1.0
5448,2020-06-03,A_5mini_hot,0,,1000,0.0,-1.0
5448,2020-06-03,B_5mini_unseen,0,,1000,0.0,-1.0
5448,2020-06-03,C_4mini_1box_hot,0,,1000,0.0,-1.0
5448,2020-06-03,D_3mini_1box_1straight,0,,1000,0.0,-1.0
5448,2020-06-03,E_3mini_1set_1straight_prev,0,,1000,0.0,-1.0
5448,2020-06-03,F_5mini_random,0,,1000,0.0,-1.0
5449,2020-06-04,A_5mini_hot,0,,1000,0.0,-1.0
5449,2020-06-04,B_5mini_unseen,0,,1000,0.0,-1.0
5449,2020-06-04,C_4mini_1box_hot,0,,1000,0.0,-1.0
5449,2020-06-04,D_3mini_1box_1straight,0,,1000,0.0,-1.0
5449,2020-06-04,E_3mini_1set_1straight_prev,0,,1000,0.0,-1.0
5449,2020-06-04,F_5mini_random,0,,1000,0.0,-1.0
5450,2020-06-05,A_5mini_hot,0,,1000,0.0,-1.0
5450,2020-06-05,B_5mini_unseen,0,,1000,0.0,-1.0
5450,2020-06-05,C_4mini_1box_hot,0,,1000,0.0,-1.0
5450,2020-06-05,D_3mini_1box_1straight,0,,1000,0.0,-1.0
5450,2020-06-05,E_3mini_1set_1straight_prev,0,,1000,0.0,-1.0
5450,2020-06-05,F_5mini_random,0,,1000,0.0,-1.0
5451,2020-06-08,A_5mini_hot,0,,1000,0.0,-1.0
5451,2020-06-08,B_5mini_unseen,1,mini,1000,9000.0,8.0
5451,2020-06-08,C_4mini_1box_hot,0,,1000,0.0,-1.0
5451,2020-06-08,D_3mini_1box_1straight,0,,1000,0.0,-1.0
5451,2020-06-08,E_3mini_1set_1straight_prev,0,,1000,0.0,-1.0
5451,2020-06-08,F_5mini_random,0,,1000,0.0,-1.0
5452,2020-06-09,A_5mini_hot,0,,1000,0.0,-1.0
5452,2020-06-09,B_5mini_unseen,0,,1000,0.0,-1.0
5452,2020-06-09,C_4mini_1box_hot,0,,1000,0.0,-1.0
5452,2020-06-09,D_3mini_1box_1straight,0,,1000,0.0,-1.0
5452,2020-06-09,E_3mini_1set_1straight_prev,0,,1000,0.0,-1.0
5452,2020-06-09,F_5mini_random,0,,1000,0.0,-1.0
5453,2020-06-10,A_5mini_hot,0,,1000,0.0,-1.0
5453,2020-06-10,B_5mini_unseen,0,,1000,0.0,-1.0
5453,2020-06-10,C_4mini_1box_hot,0,,1000,0.0,-1.0
5453,2020-06-10,D_3mini_1box_1straight,0,,1000,0.0,-1.0
5453,2020-06-10,E_3mini_1set_1straight_prev,0,,1000,0.0,-1.0
5453,2020-06-10,F_5mini_random,0,,1000,0.0,-1.0
5454,2020-06-11,A_5mini_hot,0,,1000,0.0,-1.0
5454,2020-06-11,B_5mini_unseen,0,,1000,0.0,-1.0
5454,2020-06-11,C_4mini_1box_hot,0,,1000,0.0,-1.0
5454,2020-06-11,D_3mini_1box_1straight,0,,1000,0.0,-1.0
5454,2020-06-11,E_3mini_1set_1straight_prev,0,,1000,0.0,-1.0
5454,2020-06-11,F_5mini_random,0,,1000,0.0,-1.0
5455,2020-06-12,A_5mini_hot,0,,1000,0.0,-1.0
5455,2020-06-12,B_5mini_unseen,0,,1000,0.0,-1.0
5455,2020-06-12,C_4mini_1box_hot,0,,1000,0.0,-1.0
5455,2020-06-12,D_3mini_1box_1straight,0,,1000,0.0,-1.0
5455,2020-06-12,E_3mini_1set_1straight_prev,0,,1000,0.0,-1.0
5455,2020-06-12,F_5mini_random,0,,1000,0.0,-1.0
5456,2020-06-15,A_5mini_hot,0,,1000,0.0,-1.0
5456,2020-06-15,B_5mini_unseen,1,mini,1000,9000.0,8.0
5456,2020-06-15,C_4mini_1box_hot,0,,1000,0.0,-1.0
5456,2020-06-15,D_3mini_1box_1straight,0,,1000,0.0,-1.0
5456,2020-06-15,E_3mini_1set_1straight_prev,0,,1000,0.0,-1.0
5456,2020-06-15,F_5mini_random,0,,1000,0.0,-1.0
5457,2020-06-16,A_5mini_hot,0,,1000,0.0,-1.0
5457,2020-06-16,B_5mini_unseen,0,,1000,0.0,-1.0
5457,2020-06-16,C_4mini_1box_hot,0,,1000,0.0,-1.0
5457,2020-06-16,D_3mini_1box_1straight,0,,1000,0.0,-1.0
5457,2020-06-16,E_3mini_1set_1straight_prev,0,,1000,0.0,-1.0
5457,2020-06-16,F_5mini_random,0,,1000,0.0,-1.0
5458,2020-06-17,A_5mini_hot,0,,1000,0.0,-1.0
5458,2020-06-17,B_5mini_unseen,0,,1000,0.0,-1.0
5458,2020-06-17,C_4mini_1box_hot,0,,1000,0.0,-1.0
5458,2020-06-17,D_3mini_1box_1straight,0,,1000,0.0,-1.0
5458,2020-06-17,E_3mini_1set_1straight_prev,0,,1000,0.0,-1.0
5458,2020-06-17,F_5mini_random,0,,1000,0.0,-1.0
5459,2020-06-18,A_5mini_hot,0,,1000,0.0,-1.0
5459,2020-06-18,B_5mini_unseen,0,,1000,0.0,-1.0
5459,2020-06-18,C_4mini_1box_hot,0,,1000,0.0,-1.0
5459,2020-06-18,D_3mini_1box_1straight,0,,1000,0.0,-1.0
5459,2020-06-18,E_3mini_1set_1straight_prev,0,,1000,0.0,-1.0
5459,2020-06-18,F_5mini_random,0,,1000,0.0,-1.0
5460,2020-06-19,A_5mini_hot,0,,1000,0.0,-1.0
5460,2020-06-19,B_5mini_unseen,0,,1000,0.0,-1.0
5460,2020-06-19,C_4mini_1box_hot,0,,1000,0.0,-1.0
5460,2020-06-19,D_3mini_1box_1straight,0,,1000,0.0,-1.0
5460,2020-06-19,E_3mini_1set_1straight_prev,0,,1000,0.0,-1.0
5460,2020-06-19,F_5mini_random,0,,1000,0.0,-1.0
5461,2020-06-22,A_5mini_hot,0,,1000,0.0,-1.0
5461,2020-06-22,B_5mini_unseen,0,,1000,0.0,-1.0
5461,2020-06-22,C_4mini_1box_hot,0,,1000,0.0,-1.0
5461,2020-06-22,D_3mini_1box_1straight,0,,1000,0.0,-1.0
5461,2020-06-22,E_3mini_1set_1straight_prev,0,,1000,0.0,-1.0
5461,2020-06-22,F_5mini_random,0,,1000,0.0,-1.0
5462,2020-06-23,A_5mini_hot,0,,1000,0.0,-1.0
5462,2020-06-23,B_5mini_unseen,0,,1000,0.0,-1.0
5462,2020-06-23,C_4mini_1box_hot,0,,1000,0.0,-1.0
5462,2020-06-23,D_3mini_1box_1straight,0,,1000,0.0,-1.0
5462,2020-06-23,E_3mini_1set_1straight_prev,0,,1000,0.0,-1.0
5462,2020-06-23,F_5mini_random,0,,1000,0.0,-1.0
5463,2020-06-24,A_5mini_hot,0,,1000,0.0,-1.0
5463,2020-06-24,B_5mini_unseen,0,,1000,0.0,-1.0
5463,2020-06-24,C_4mini_1box_hot,0,,1000,0.0,-1.0
5463,2020-06-24,D_3mini_1box_1straight,0,,1000,0.0,-1.0
5463,2020-06-24,E_3mini_1set_1straight_prev,0,,1000,0.0,-1.0
5463,2020-06-24,F_5mini_random,0,,1000,0.0,-1.0
5464,2020-06-25,A_5mini_hot,0,,1000,0.0,-1.0
5464,2020-06-25,B_5mini_unseen,0,,1000,0.0,-1.0
5464,2020-06-25,C_4mini_1box_hot,0,,1000,0.0,-1.0
5464,2020-06-25,D_3mini_1box_1straight,0,,1000,0.0,-1.0
5464,2020-06-25,E_3mini_1set_1straight_prev,0,,1000,0.0,-1.0
5464,2020-06-25,F_5mini_random,0,,1000,0.0,-1.0
5465,2020-06-26,A_5mini_hot,1,mini,1000,9000.0,8.0
5465,2020-06-26,B_5mini_unseen,0,,1000,0.0,-1.0
5465,2020-06-26,C_4mini_1box_hot,1,mini,1000,9000.0,8.0
5465,2020-06-26,D_3mini_1box_1straight,1,mini,1000,9000.0,8.0
5465,2020-06-26,E_3mini_1set_1straight_prev,0,,1000,0.0,-1.0
5465,2020-06-26,F_5mini_random,0,,1000,0.0,-1.0
5466,2020-06-29,A_5mini_hot,0,,1000,0.0,-1.0
5466,2020-06-29,B_5mini_unseen,1,mini,1000,9000.0,8.0
5466,2020-06-29,C_4mini_1box_hot,0,,1000,0.0,-1.0
5466,2020-06-29,D_3mini_1box_1straight,0,,1000,0.0,-1.0
5466,2020-06-29,E_3mini_1set_1straight_prev,0,,1000,0.0,-1.0
5466,2020-06-29,F_5mini_random,0,,1000,0.0,-1.0
5467,2020-06-30,A_5mini_hot,0,,1000,0.0,-1.0
5467,2020-06-30,B_5mini_unseen,0,,1000,0.0,-1.0
5467,2020-06-30,C_4mini_1box_hot,0,,1000,0.0,-1.0
5467,2020-06-30,D_3mini_1box_1straight,0,,1000,0.0,-1.0
5467,2020-06-30,E_3mini_1set_1straight_prev,0,,1000,0.0,-1.0
5467,2020-06-30,F_5mini_random,0,,1000,0.0,-1.0
5468,2020-07-01,A_5mini_hot,0,,1000,0.0,-1.0
5468,2020-07-01,B_5mini_unseen,0,,1000,0.0,-1.0
5468,2020-07-01,C_4mini_1box_hot,0,,1000,0.0,-1.0
5468,2020-07-01,D_3mini_1box_1straight,0,,1000,0.0,-1.0
5468,2020-07-01,E_3mini_1set_1straight_prev,0,,1000,0.0,-1.0
5468,2020-07-01,F_5mini_random,0,,1000,0.0,-1.0
5469,2020-07-02,A_5mini_hot,0,,1000,0.0,-1.0
5469,2020-07-02,B_5mini_unseen,1,mini,1000,9000.0,8.0
5469,2020-07-02,C_4mini_1box_hot,0,,1000,0.0,-1.0
5469,2020-07-02,D_3mini_1box_1straight,0,,1000,0.0,-1.0
5469,2020-07-02,E_3mini_1set_1straight_prev,0,,1000,0.0,-1.0
5469,2020-07-02,F_5mini_random,0,,1000,0.0,-1.0
5470,2020-07-03,A_5mini_hot,0,,1000,0.0,-1.0
5470,2020-07-03,B_5mini_unseen,0,,1000,0.0,-1.0
5470,2020-07-03,C_4mini_1box_hot,0,,1000,0.0,-1.0
5470,2020-07-03,D_3mini_1box_1straight,0,,1000,0.0,-1.0
5470,2020-07-03,E_3mini_1set_1straight_prev,0,,1000,0.0,-1.0
5470,2020-07-03,F_5mini_random,0,,1000,0.0,-1.0
5471,2020-07-06,A_5mini_hot,0,,1000,0.0,-1.0
5471,2020-07-06,B_5mini_unseen,0,,1000,0.0,-1.0
5471,2020-07-06,C_4mini_1box_hot,0,,1000,0.0,-1.0
5471,2020-07-06,D_3mini_1box_1straight,0,,1000,0.0,-1.0
5471,2020-07-06,E_3mini_1set_1straight_prev,0,,1000,0.0,-1.0
5471,2020-07-06,F_5mini_random,0,,1000,0.0,-1.0
5472,2020-07-07,A_5mini_hot,0,,1000,0.0,-1.0
5472,2020-07-07,B_5mini_unseen,0,,1000,0.0,-1.0
5472,2020-07-07,C_4mini_1box_hot,0,,1000,0.0,-1.0
5472,2020-07-07,D_3mini_1box_1straight,0,,1000,0.0,-1.0
5472,2020-07-07,E_3mini_1set_1straight_prev,0,,1000,0.0,-1.0
5472,2020-07-07,F_5mini_random,0,,1000,0.0,-1.0
5473,2020-07-08,A_5mini_hot,0,,1000,0.0,-1.0
5473,2020-07-08,B_5mini_unseen,0,,1000,0.0,-1.0
5473,2020-07-08,C_4mini_1box_hot,0,,1000,0.0,-1.0
5473,2020-07-08,D_3mini_1box_1straight,0,,1000,0.0,-1.0
5473,2020-07-08,E_3mini_1set_1straight_prev,0,,1000,0.0,-1.0
5473,2020-07-08,F_5mini_random,0,,1000,0.0,-1.0
5474,2020-07-09,A_5mini_hot,0,,1000,0.0,-1.0
5474,2020-07-09,B_5mini_unseen,0,,1000,0.0,-1.0
5474,2020-07-09,C_4mini_1box_hot,0,,1000,0.0,-1.0
5474,2020-07-09,D_3mini_1box_1straight,0,,1000,0.0,-1.0
5474,2020-07-09,E_3mini_1set_1straight_prev,0,,1000,0.0,-1.0
5474,2020-07-09,F_5mini_random,0,,1000,0.0,-1.0
5475,2020-07-10,A_5mini_hot,1,mini,1000,9000.0,8.0
5475,2020-07-10,B_5mini_unseen,0,,1000,0.0,-1.0
5475,2020-07-10,C_4mini_1box_hot,0,,1000,0.0,-1.0
5475,2020-07-10,D_3mini_1box_1straight,0,,1000,0.0,-1.0
5475,2020-07-10,E_3mini_1set_1straight_prev,0,,1000,0.0,-1.0
5475,2020-07-10,F_5mini_random,0,,1000,0.0,-1.0
5476,2020-07-13,A_5mini_hot,0,,1000,0.0,-1.0
5476,2020-07-13,B_5mini_unseen,0,,1000,0.0,-1.0
5476,2020-07-13,C_4mini_1box_hot,0,,1000,0.0,-1.0
5476,2020-07-13,D_3mini_1box_1straight,0,,1000,0.0,-1.0
5476,2020-07-13,E_3mini_1set_1straight_prev,0,,1000,0.0,-1.0
5476,2020-07-13,F_5mini_random,0,,1000,0.0,-1.0
5477,2020-07-14,A_5mini_hot,0,,1000,0.0,-1.0
5477,2020-07-14,B_5mini_unseen,0,,1000,0.0,-1.0
5477,2020-07-14,C_4mini_1box_hot,0,,1000,0.0,-1.0
5477,2020-07-14,D_3mini_1box_1straight,0,,1000,0.0,-1.0
5477,2020-07-14,E_3mini_1set_1straight_prev,0,,1000,0.0,-1.0
5477,2020-07-14,F_5mini_random,0,,1000,0.0,-1.0
5478,2020-07-15,A_5mini_hot,1,mini,1000,9000.0,8.0
5478,2020-07-15,B_5mini_unseen,0,,1000,0.0,-1.0
5478,2020-07-15,C_4mini_1box_hot,0,,1000,0.0,-1.0
5478,2020-07-15,D_3mini_1box_1straight,0,,1000,0.0,-1.0
5478,2020-07-15,E_3mini_1set_1straight_prev,0,,1000,0.0,-1.0
5478,2020-07-15,F_5mini_random,0,,1000,0.0,-1.0
5479,2020-07-16,A_5mini_hot,0,,1000,0.0,-1.0
5479,2020-07-16,B_5mini_unseen,0,,1000,0.0,-1.0
5479,2020-07-16,C_4mini_1box_hot,0,,1000,0.0,-1.0
5479,2020-07-16,D_3mini_1box_1straight,0,,1000,0.0,-1.0
5479,2020-07-16,E_3mini_1set_1straight_prev,0,,1000,0.0,-1.0
5479,2020-07-16,F_5mini_random,0,,1000,0.0,-1.0
5480,2020-07-17,A_5mini_hot,0,,1000,0.0,-1.0
5480,2020-07-17,B_5mini_unseen,0,,1000,0.0,-1.0
5480,2020-07-17,C_4mini_1box_hot,0,,1000,0.0,-1.0
5480,2020-07-17,D_3mini_1box_1straight,0,,1000,0.0,-1.0
5480,2020-07-17,E_3mini_1set_1straight_prev,0,,1000,0.0,-1.0
5480,2020-07-17,F_5mini_random,0,,1000,0.0,-1.0
5481,2020-07-20,A_5mini_hot,0,,1000,0.0,-1.0
5481,2020-07-20,B_5mini_unseen,0,,1000,0.0,-1.0
5481,2020-07-20,C_4mini_1box_hot,0,,1000,0.0,-1.0
5481,2020-07-20,D_3mini_1box_1straight,0,,1000,0.0,-1.0
5481,2020-07-20,E_3mini_1set_1straight_prev,0,,1000,0.0,-1.0
5481,2020-07-20,F_5mini_random,0,,1000,0.0,-1.0
5482,2020-07-21,A_5mini_hot,1,mini,1000,9000.0,8.0
5482,2020-07-21,B_5mini_unseen,0,,1000,0.0,-1.0
5482,2020-07-21,C_4mini_1box_hot,1,mini,1000,9000.0,8.0
5482,2020-07-21,D_3mini_1box_1straight,1,mini,1000,9000.0,8.0
5482,2020-07-21,E_3mini_1set_1straight_prev,0,,1000,0.0,-1.0
5482,2020-07-21,F_5mini_random,0,,1000,0.0,-1.0
5483,2020-07-22,A_5mini_hot,1,mini,1000,9000.0,8.0
5483,2020-07-22,B_5mini_unseen,0,,1000,0.0,-1.0
5483,2020-07-22,C_4mini_1box_hot,1,mini,1000,9000.0,8.0
5483,2020-07-22,D_3mini_1box_1straight,1,mini,1000,9000.0,8.0
5483,2020-07-22,E_3mini_1set_1straight_prev,1,mini,1000,9000.0,8.0
5483,2020-07-22,F_5mini_random,0,,1000,0.0,-1.0
5484,2020-07-23,A_5mini_hot,1,mini,1000,9000.0,8.0
5484,2020-07-23,B_5mini_unseen,0,,1000,0.0,-1.0
5484,2020-07-23,C_4mini_1box_hot,1,mini,1000,9000.0,8.0
5484,2020-07-23,D_3mini_1box_1straight,1,mini,1000,9000.0,8.0
5484,2020-07-23,E_3mini_1set_1straight_prev,0,,1000,0.0,-1.0
5484,2020-07-23,F_5mini_random,0,,1000,0.0,-1.0
5485,2020-07-24,A_5mini_hot,0,,1000,0.0,-1.0
5485,2020-07-24,B_5mini_unseen,0,,1000,0.0,-1.0
5485,2020-07-24,C_4mini_1box_hot,0,,1000,0.0,-1.0
5485,2020-07-24,D_3mini_1box_1straight,0,,1000,0.0,-1.0
5485,2020-07-24,E_3mini_1set_1straight_prev,0,,1000,0.0,-1.0
5485,2020-07-24,F_5mini_random,0,,1000,0.0,-1.0
5486,2020-07-27,A_5mini_hot,0,,1000,0.0,-1.0
5486,2020-07-27,B_5mini_unseen,0,,1000,0.0,-1.0
5486,2020-07-27,C_4mini_1box_hot,0,,1000,0.0,-1.0
5486,2020-07-27,D_3mini_1box_1straight,0,,1000,0.0,-1.0
5486,2020-07-27,E_3mini_1set_1straight_prev,0,,1000,0.0,-1.0
5486,2020-07-27,F_5mini_random,0,,1000,0.0,-1.0
5487,2020-07-28,A_5mini_hot,0,,1000,0.0,-1.0
5487,2020-07-28,B_5mini_unseen,1,mini,1000,9000.0,8.0
5487,2020-07-28,C_4mini_1box_hot,0,,1000,0.0,-1.0
5487,2020-07-28,D_3mini_1box_1straight,0,,1000,0.0,-1.0
5487,2020-07-28,E_3mini_1set_1straight_prev,0,,1000,0.0,-1.0
5487,2020-07-28,F_5mini_random,0,,1000,0.0,-1.0
5488,2020-07-29,A_5mini_hot,0,,1000,0.0,-1.0
5488,2020-07-29,B_5mini_unseen,0,,1000,0.0,-1.0
5488,2020-07-29,C_4mini_1box_hot,0,,1000,0.0,-1.0
5488,2020-07-29,D_3mini_1box_1straight,0,,1000,0.0,-1.0
5488,2020-07-29,E_3mini_1set_1straight_prev,0,,1000,0.0,-1.0
5488,2020-07-29,F_5mini_random,0,,1000,0.0,-1.0
5489,2020-07-30,A_5mini_hot,0,,1000,0.0,-1.0
5489,2020-07-30,B_5mini_unseen,0,,1000,0.0,-1.0
5489,2020-07-30,C_4mini_1box_hot,0,,1000,0.0,-1.0
5489,2020-07-30,D_3mini_1box_1straight,0,,1000,0.0,-1.0
5489,2020-07-30,E_3mini_1set_1straight_prev,0,,1000,0.0,-1.0
5489,2020-07-30,F_5mini_random,0,,1000,0.0,-1.0
5490,2020-07-31,A_5mini_hot,0,,1000,0.0,-1.0
5490,2020-07-31,B_5mini_unseen,0,,1000,0.0,-1.0
5490,2020-07-31,C_4mini_1box_hot,0,,1000,0.0,-1.0
5490,2020-07-31,D_3mini_1box_1straight,0,,1000,0.0,-1.0
5490,2020-07-31,E_3mini_1set_1straight_prev,0,,1000,0.0,-1.0
5490,2020-07-31,F_5mini_random,0,,1000,0.0,-1.0
5491,2020-08-03,A_5mini_hot,0,,1000,0.0,-1.0
5491,2020-08-03,B_5mini_unseen,0,,1000,0.0,-1.0
5491,2020-08-03,C_4mini_1box_hot,0,,1000,0.0,-1.0
5491,2020-08-03,D_3mini_1box_1straight,0,,1000,0.0,-1.0
5491,2020-08-03,E_3mini_1set_1straight_prev,0,,1000,0.0,-1.0
5491,2020-08-03,F_5mini_random,0,,1000,0.0,-1.0
5492,2020-08-04,A_5mini_hot,0,,1000,0.0,-1.0
5492,2020-08-04,B_5mini_unseen,0,,1000,0.0,-1.0
5492,2020-08-04,C_4mini_1box_hot,0,,1000,0.0,-1.0
5492,2020-08-04,D_3mini_1box_1straight,0,,1000,0.0,-1.0
5492,2020-08-04,E_3mini_1set_1straight_prev,0,,1000,0.0,-1.0
5492,2020-08-04,F_5mini_random,0,,1000,0.0,-1.0
5493,2020-08-05,A_5mini_hot,0,,1000,0.0,-1.0
5493,2020-08-05,B_5mini_unseen,0,,1000,0.0,-1.0
5493,2020-08-05,C_4mini_1box_hot,0,,1000,0.0,-1.0
5493,2020-08-05,D_3mini_1box_1straight,0,,1000,0.0,-1.0
5493,2020-08-05,E_3mini_1set_1straight_prev,0,,1000,0.0,-1.0
5493,2020-08-05,F_5mini_random,0,,1000,0.0,-1.0
5494,2020-08-06,A_5mini_hot,0,,1000,0.0,-1.0
5494,2020-08-06,B_5mini_unseen,0,,1000,0.0,-1.0
5494,2020-08-06,C_4mini_1box_hot,0,,1000,0.0,-1.0
5494,2020-08-06,D_3mini_1box_1straight,0,,1000,0.0,-1.0
5494,2020-08-06,E_3mini_1set_1straight_prev,0,,1000,0.0,-1.0
5494,2020-08-06,F_5mini_random,0,,1000,0.0,-1.0
5495,2020-08-07,A_5mini_hot,0,,1000,0.0,-1.0
5495,2020-08-07,B_5mini_unseen,0,,1000,0.0,-1.0
5495,2020-08-07,C_4mini_1box_hot,0,,1000,0.0,-1.0
5495,2020-08-07,D_3mini_1box_1straight,0,,1000,0.0,-1.0
5495,2020-08-07,E_3mini_1set_1straight_prev,0,,1000,0.0,-1.0
5495,2020-08-07,F_5mini_random,0,,1000,0.0,-1.0
5496,2020-08-10,A_5mini_hot,0,,1000,0.0,-1.0
5496,2020-08-10,B_5mini_unseen,0,,1000,0.0,-1.0
5496,2020-08-10,C_4mini_1box_hot,0,,1000,0.0,-1.0
5496,2020-08-10,D_3mini_1box_1straight,0,,1000,0.0,-1.0
5496,2020-08-10,E_3mini_1set_1straight_prev,0,,1000,0.0,-1.0
5496,2020-08-10,F_5mini_random,0,,1000,0.0,-1.0
5497,2020-08-11,A_5mini_hot,0,,1000,0.0,-1.0
5497,2020-08-11,B_5mini_unseen,0,,1000,0.0,-1.0
5497,2020-08-11,C_4mini_1box_hot,0,,1000,0.0,-1.0
5497,2020-08-11,D_3mini_1box_1straight,0,,1000,0.0,-1.0
5497,2020-08-11,E_3mini_1set_1straight_prev,0,,1000,0.0,-1.0
5497,2020-08-11,F_5mini_random,0,,1000,0.0,-1.0
5498,2020-08-12,A_5mini_hot,0,,1000,0.0,-1.0
5498,2020-08-12,B_5mini_unseen,0,,1000,0.0,-1.0
5498,2020-08-12,C_4mini_1box_hot,0,,1000,0.0,-1.0
5498,2020-08-12,D_3mini_1box_1straight,0,,1000,0.0,-1.0
5498,2020-08-12,E_3mini_1set_1straight_prev,0,,1000,0.0,-1.0
5498,2020-08-12,F_5mini_random,0,,1000,0.0,-1.0
5499,2020-08-13,A_5mini_hot,0,,1000,0.0,-1.0
5499,2020-08-13,B_5mini_unseen,0,,1000,0.0,-1.0
5499,2020-08-13,C_4mini_1box_hot,0,,1000,0.0,-1.0
5499,2020-08-13,D_3mini_1box_1straight,0,,1000,0.0,-1.0
5499,2020-08-13,E_3mini_1set_1straight_prev,0,,1000,0.0,-1.0
5499,2020-08-13,F_5mini_random,0,,1000,0.0,-1.0
5500,2020-08-14,A_5mini_hot,0,,1000,0.0,-1.0
5500,2020-08-14,B_5mini_unseen,0,,1000,0.0,-1.0
5500,2020-08-14,C_4mini_1box_hot,0,,1000,0.0,-1.0
5500,2020-08-14,D_3mini_1box_1straight,0,,1000,0.0,-1.0
5500,2020-08-14,E_3mini_1set_1straight_prev,0,,1000,0.0,-1.0
5500,2020-08-14,F_5mini_random,0,,1000,0.0,-1.0
5501,2020-08-17,A_5mini_hot,0,,1000,0.0,-1.0
5501,2020-08-17,B_5mini_unseen,0,,1000,0.0,-1.0
5501,2020-08-17,C_4mini_1box_hot,0,,1000,0.0,-1.0
5501,2020-08-17,D_3mini_1box_1straight,0,,1000,0.0,-1.0
5501,2020-08-17,E_3mini_1set_1straight_prev,0,,1000,0.0,-1.0
5501,2020-08-17,F_5mini_random,0,,1000,0.0,-1.0
5503,2020-08-19,A_5mini_hot,0,,1000,0.0,-1.0
5503,2020-08-19,B_5mini_unseen,0,,1000,0.0,-1.0
5503,2020-08-19,C_4mini_1box_hot,0,,1000,0.0,-1.0
5503,2020-08-19,D_3mini_1box_1straight,0,,1000,0.0,-1.0
5503,2020-08-19,E_3mini_1set_1straight_prev,0,,1000,0.0,-1.0
5503,2020-08-19,F_5mini_random,0,,1000,0.0,-1.0
5504,2020-08-20,A_5mini_hot,0,,1000,0.0,-1.0
5504,2020-08-20,B_5mini_unseen,0,,1000,0.0,-1.0
5504,2020-08-20,C_4mini_1box_hot,0,,1000,0.0,-1.0
5504,2020-08-20,D_3mini_1box_1straight,0,,1000,0.0,-1.0
5504,2020-08-20,E_3mini_1set_1straight_prev,0,,1000,0.0,-1.0
5504,2020-08-20,F_5mini_random,0,,1000,0.0,-1.0
5505,2020-08-21,A_5mini_hot,0,,1000,0.0,-1.0
5505,2020-08-21,B_5mini_unseen,0,,1000,0.0,-1.0
5505,2020-08-21,C_4mini_1box_hot,0,,1000,0.0,-1.0
5505,2020-08-21,D_3mini_1box_1straight,0,,1000,0.0,-1.0
5505,2020-08-21,E_3mini_1set_1straight_prev,0,,1000,0.0,-1.0
5505,2020-08-21,F_5mini_random,0,,1000,0.0,-1.0
5506,2020-08-24,A_5mini_hot,0,,1000,0.0,-1.0
5506,2020-08-24,B_5mini_unseen,0,,1000,0.0,-1.0
5506,2020-08-24,C_4mini_1box_hot,0,,1000,0.0,-1.0
5506,2020-08-24,D_3mini_1box_1straight,0,,1000,0.0,-1.0
5506,2020-08-24,E_3mini_1set_1straight_prev,0,,1000,0.0,-1.0
5506,2020-08-24,F_5mini_random,0,,1000,0.0,-1.0
5507,2020-08-25,A_5mini_hot,0,,1000,0.0,-1.0
5507,2020-08-25,B_5mini_unseen,0,,1000,0.0,-1.0
5507,2020-08-25,C_4mini_1box_hot,0,,1000,0.0,-1.0
5507,2020-08-25,D_3mini_1box_1straight,0,,1000,0.0,-1.0
5507,2020-08-25,E_3mini_1set_1straight_prev,0,,1000,0.0,-1.0
5507,2020-08-25,F_5mini_random,0,,1000,0.0,-1.0
5508,2020-08-26,A_5mini_hot,0,,1000,0.0,-1.0
5508,2020-08-26,B_5mini_unseen,0,,1000,0.0,-1.0
5508,2020-08-26,C_4mini_1box_hot,0,,1000,0.0,-1.0
5508,2020-08-26,D_3mini_1box_1straight,0,,1000,0.0,-1.0
5508,2020-08-26,E_3mini_1set_1straight_prev,0,,1000,0.0,-1.0
5508,2020-08-26,F_5mini_random,0,,1000,0.0,-1.0
5509,2020-08-27,A_5mini_hot,0,,1000,0.0,-1.0
5509,2020-08-27,B_5mini_unseen,0,,1000,0.0,-1.0
5509,2020-08-27,C_4mini_1box_hot,0,,1000,0.0,-1.0
5509,2020-08-27,D_3mini_1box_1straight,0,,1000,0.0,-1.0
5509,2020-08-27,E_3mini_1set_1straight_prev,0,,1000,0.0,-1.0
5509,2020-08-27,F_5mini_random,0,,1000,0.0,-1.0
5510,2020-08-28,A_5mini_hot,0,,1000,0.0,-1.0
5510,2020-08-28,B_5mini_unseen,0,,1000,0.0,-1.0
5510,2020-08-28,C_4mini_1box_hot,0,,1000,0.0,-1.0
5510,2020-08-28,D_3mini_1box_1straight,0,,1000,0.0,-1.0
5510,2020-08-28,E_3mini_1set_1straight_prev,0,,1000,0.0,-1.0
5510,2020-08-28,F_5mini_random,0,,1000,0.0,-1.0
5511,2020-08-31,A_5mini_hot,0,,1000,0.0,-1.0
5511,2020-08-31,B_5mini_unseen,0,,1000,0.0,-1.0
5511,2020-08-31,C_4mini_1box_hot,0,,1000,0.0,-1.0
5511,2020-08-31,D_3mini_1box_1straight,0,,1000,0.0,-1.0
5511,2020-08-31,E_3mini_1set_1straight_prev,0,,1000,0.0,-1.0
5511,2020-08-31,F_5mini_random,1,mini,1000,9000.0,8.0
5512,2020-09-01,A_5mini_hot,0,,1000,0.0,-1.0
5512,2020-09-01,B_5mini_unseen,0,,1000,0.0,-1.0
5512,2020-09-01,C_4mini_1box_hot,0,,1000,0.0,-1.0
5512,2020-09-01,D_3mini_1box_1straight,0,,1000,0.0,-1.0
5512,2020-09-01,E_3mini_1set_1straight_prev,0,,1000,0.0,-1.0
5512,2020-09-01,F_5mini_random,0,,1000,0.0,-1.0
5513,2020-09-02,A_5mini_hot,0,,1000,0.0,-1.0
5513,2020-09-02,B_5mini_unseen,0,,1000,0.0,-1.0
5513,2020-09-02,C_4mini_1box_hot,0,,1000,0.0,-1.0
5513,2020-09-02,D_3mini_1box_1straight,0,,1000,0.0,-1.0
5513,2020-09-02,E_3mini_1set_1straight_prev,0,,1000,0.0,-1.0
5513,2020-09-02,F_5mini_random,0,,1000,0.0,-1.0
5514,2020-09-03,A_5mini_hot,0,,1000,0.0,-1.0
5514,2020-09-03,B_5mini_unseen,0,,1000,0.0,-1.0
5514,2020-09-03,C_4mini_1box_hot,0,,1000,0.0,-1.0
5514,2020-09-03,D_3mini_1box_1straight,0,,1000,0.0,-1.0
5514,2020-09-03,E_3mini_1set_1straight_prev,0,,1000,0.0,-1.0
5514,2020-09-03,F_5mini_random,0,,1000,0.0,-1.0
5515,2020-09-04,A_5mini_hot,0,,1000,0.0,-1.0
5515,2020-09-04,B_5mini_unseen,0,,1000,0.0,-1.0
5515,2020-09-04,C_4mini_1box_hot,0,,1000,0.0,-1.0
5515,2020-09-04,D_3mini_1box_1straight,0,,1000,0.0,-1.0
5515,2020-09-04,E_3mini_1set_1straight_prev,0,,1000,0.0,-1.0
5515,2020-09-04,F_5mini_random,0,,1000,0.0,-1.0
5516,2020-09-07,A_5mini_hot,0,,1000,0.0,-1.0
5516,2020-09-07,B_5mini_unseen,0,,1000,0.0,-1.0
5516,2020-09-07,C_4mini_1box_hot,0,,1000,0.0,-1.0
5516,2020-09-07,D_3mini_1box_1straight,0,,1000,0.0,-1.0
5516,2020-09-07,E_3mini_1set_1straight_prev,0,,1000,0.0,-1.0
5516,2020-09-07,F_5mini_random,0,,1000,0.0,-1.0
5517,2020-09-08,A_5mini_hot,0,,1000,0.0,-1.0
5517,2020-09-08,B_5mini_unseen,0,,1000,0.0,-1.0
5517,2020-09-08,C_4mini_1box_hot,0,,1000,0.0,-1.0
5517,2020-09-08,D_3mini_1box_1straight,0,,1000,0.0,-1.0
5517,2020-09-08,E_3mini_1set_1straight_prev,0,,1000,0.0,-1.0
5517,2020-09-08,F_5mini_random,0,,1000,0.0,-1.0
5518,2020-09-09,A_5mini_hot,0,,1000,0.0,-1.0
5518,2020-09-09,B_5mini_unseen,0,,1000,0.0,-1.0
5518,2020-09-09,C_4mini_1box_hot,0,,1000,0.0,-1.0
5518,2020-09-09,D_3mini_1box_1straight,0,,1000,0.0,-1.0
5518,2020-09-09,E_3mini_1set_1straight_prev,0,,1000,0.0,-1.0
5518,2020-09-09,F_5mini_random,0,,1000,0.0,-1.0
5519,2020-09-10,A_5mini_hot,0,,1000,0.0,-1.0
5519,2020-09-10,B_5mini_unseen,0,,1000,0.0,-1.0
5519,2020-09-10,C_4mini_1box_hot,0,,1000,0.0,-1.0
5519,2020-09-10,D_3mini_1box_1straight,0,,1000,0.0,-1.0
5519,2020-09-10,E_3mini_1set_1straight_prev,0,,1000,0.0,-1.0
5519,2020-09-10,F_5mini_random,0,,1000,0.0,-1.0
5520,2020-09-11,A_5mini_hot,0,,1000,0.0,-1.0
5520,2020-09-11,B_5mini_unseen,0,,1000,0.0,-1.0
5520,2020-09-11,C_4mini_1box_hot,0,,1000,0.0,-1.0
5520,2020-09-11,D_3mini_1box_1straight,0,,1000,0.0,-1.0
5520,2020-09-11,E_3mini_1set_1straight_prev,0,,1000,0.0,-1.0
5520,2020-09-11,F_5mini_random,0,,1000,0.0,-1.0
5521,2020-09-14,A_5mini_hot,0,,1000,0.0,-1.0
5521,2020-09-14,B_5mini_unseen,0,,1000,0.0,-1.0
5521,2020-09-14,C_4mini_1box_hot,0,,1000,0.0,-1.0
5521,2020-09-14,D_3mini_1box_1straight,0,,1000,0.0,-1.0
5521,2020-09-14,E_3mini_1set_1straight_prev,0,,1000,0.0,-1.0
5521,2020-09-14,F_5mini_random,0,,1000,0.0,-1.0
5522,2020-09-15,A_5mini_hot,0,,1000,0.0,-1.0
5522,2020-09-15,B_5mini_unseen,0,,1000,0.0,-1.0
5522,2020-09-15,C_4mini_1box_hot,0,,1000,0.0,-1.0
5522,2020-09-15,D_3mini_1box_1straight,0,,1000,0.0,-1.0
5522,2020-09-15,E_3mini_1set_1straight_prev,0,,1000,0.0,-1.0
5522,2020-09-15,F_5mini_random,0,,1000,0.0,-1.0
5523,2020-09-16,A_5mini_hot,0,,1000,0.0,-1.0
5523,2020-09-16,B_5mini_unseen,0,,1000,0.0,-1.0
5523,2020-09-16,C_4mini_1box_hot,0,,1000,0.0,-1.0
5523,2020-09-16,D_3mini_1box_1straight,0,,1000,0.0,-1.0
5523,2020-09-16,E_3mini_1set_1straight_prev,0,,1000,0.0,-1.0
5523,2020-09-16,F_5mini_random,0,,1000,0.0,-1.0
5524,2020-09-17,A_5mini_hot,0,,1000,0.0,-1.0
5524,2020-09-17,B_5mini_unseen,0,,1000,0.0,-1.0
5524,2020-09-17,C_4mini_1box_hot,0,,1000,0.0,-1.0
5524,2020-09-17,D_3mini_1box_1straight,0,,1000,0.0,-1.0
5524,2020-09-17,E_3mini_1set_1straight_prev,0,,1000,0.0,-1.0
5524,2020-09-17,F_5mini_random,0,,1000,0.0,-1.0
5525,2020-09-18,A_5mini_hot,0,,1000,0.0,-1.0
5525,2020-09-18,B_5mini_unseen,0,,1000,0.0,-1.0
5525,2020-09-18,C_4mini_1box_hot,0,,1000,0.0,-1.0
5525,2020-09-18,D_3mini_1box_1straight,0,,1000,0.0,-1.0
5525,2020-09-18,E_3mini_1set_1straight_prev,0,,1000,0.0,-1.0
5525,2020-09-18,F_5mini_random,0,,1000,0.0,-1.0
5526,2020-09-21,A_5mini_hot,0,,1000,0.0,-1.0
5526,2020-09-21,B_5mini_unseen,0,,1000,0.0,-1.0
5526,2020-09-21,C_4mini_1box_hot,0,,1000,0.0,-1.0
5526,2020-09-21,D_3mini_1box_1straight,0,,1000,0.0,-1.0
5526,2020-09-21,E_3mini_1set_1straight_prev,0,,1000,0.0,-1.0
5526,2020-09-21,F_5mini_random,1,mini,1000,9000.0,8.0
5527,2020-09-22,A_5mini_hot,0,,1000,0.0,-1.0
5527,2020-09-22,B_5mini_unseen,0,,1000,0.0,-1.0
5527,2020-09-22,C_4mini_1box_hot,0,,1000,0.0,-1.0
5527,2020-09-22,D_3mini_1box_1straight,0,,1000,0.0,-1.0
5527,2020-09-22,E_3mini_1set_1straight_prev,0,,1000,0.0,-1.0
5527,2020-09-22,F_5mini_random,0,,1000,0.0,-1.0
5528,2020-09-23,A_5mini_hot,0,,1000,0.0,-1.0
5528,2020-09-23,B_5mini_unseen,0,,1000,0.0,-1.0
5528,2020-09-23,C_4mini_1box_hot,0,,1000,0.0,-1.0
5528,2020-09-23,D_3mini_1box_1straight,0,,1000,0.0,-1.0
5528,2020-09-23,E_3mini_1set_1straight_prev,0,,1000,0.0,-1.0
5528,2020-09-23,F_5mini_random,0,,1000,0.0,-1.0
5529,2020-09-24,A_5mini_hot,0,,1000,0.0,-1.0
5529,2020-09-24,B_5mini_unseen,0,,1000,0.0,-1.0
5529,2020-09-24,C_4mini_1box_hot,0,,1000,0.0,-1.0
5529,2020-09-24,D_3mini_1box_1straight,0,,1000,0.0,-1.0
5529,2020-09-24,E_3mini_1set_1straight_prev,0,,1000,0.0,-1.0
5529,2020-09-24,F_5mini_random,1,mini,1000,9000.0,8.0
5530,2020-09-25,A_5mini_hot,0,,1000,0.0,-1.0
5530,2020-09-25,B_5mini_unseen,0,,1000,0.0,-1.0
5530,2020-09-25,C_4mini_1box_hot,0,,1000,0.0,-1.0
5530,2020-09-25,D_3mini_1box_1straight,0,,1000,0.0,-1.0
5530,2020-09-25,E_3mini_1set_1straight_prev,0,,1000,0.0,-1.0
5530,2020-09-25,F_5mini_random,0,,1000,0.0,-1.0
5531,2020-09-28,A_5mini_hot,1,mini,1000,9000.0,8.0
5531,2020-09-28,B_5mini_unseen,0,,1000,0.0,-1.0
5531,2020-09-28,C_4mini_1box_hot,1,mini,1000,9000.0,8.0
5531,2020-09-28,D_3mini_1box_1straight,1,mini,1000,9000.0,8.0
5531,2020-09-28,E_3mini_1set_1straight_prev,0,,1000,0.0,-1.0
5531,2020-09-28,F_5mini_random,0,,1000,0.0,-1.0
5532,2020-09-29,A_5mini_hot,0,,1000,0.0,-1.0
5532,2020-09-29,B_5mini_unseen,0,,1000,0.0,-1.0
5532,2020-09-29,C_4mini_1box_hot,0,,1000,0.0,-1.0
5532,2020-09-29,D_3mini_1box_1straight,0,,1000,0.0,-1.0
5532,2020-09-29,E_3mini_1set_1straight_prev,0,,1000,0.0,-1.0
5532,2020-09-29,F_5mini_random,0,,1000,0.0,-1.0
5533,2020-09-30,A_5mini_hot,1,mini,1000,9000.0,8.0
5533,2020-09-30,B_5mini_unseen,0,,1000,0.0,-1.0
5533,2020-09-30,C_4mini_1box_hot,0,,1000,0.0,-1.0
5533,2020-09-30,D_3mini_1box_1straight,0,,1000,0.0,-1.0
5533,2020-09-30,E_3mini_1set_1straight_prev,0,,1000,0.0,-1.0
5533,2020-09-30,F_5mini_random,0,,1000,0.0,-1.0
5534,2020-10-01,A_5mini_hot,0,,1000,0.0,-1.0
5534,2020-10-01,B_5mini_unseen,0,,1000,0.0,-1.0
5534,2020-10-01,C_4mini_1box_hot,0,,1000,0.0,-1.0
5534,2020-10-01,D_3mini_1box_1straight,0,,1000,0.0,-1.0
5534,2020-10-01,E_3mini_1set_1straight_prev,0,,1000,0.0,-1.0
5534,2020-10-01,F_5mini_random,0,,1000,0.0,-1.0
5535,2020-10-02,A_5mini_hot,1,mini,1000,9000.0,8.0
5535,2020-10-02,B_5mini_unseen,0,,1000,0.0,-1.0
5535,2020-10-02,C_4mini_1box_hot,1,mini,1000,9000.0,8.0
5535,2020-10-02,D_3mini_1box_1straight,0,,1000,0.0,-1.0
5535,2020-10-02,E_3mini_1set_1straight_prev,0,,1000,0.0,-1.0
5535,2020-10-02,F_5mini_random,0,,1000,0.0,-1.0
5536,2020-10-05,A_5mini_hot,0,,1000,0.0,-1.0
5536,2020-10-05,B_5mini_unseen,0,,1000,0.0,-1.0
5536,2020-10-05,C_4mini_1box_hot,0,,1000,0.0,-1.0
5536,2020-10-05,D_3mini_1box_1straight,0,,1000,0.0,-1.0
5536,2020-10-05,E_3mini_1set_1straight_prev,0,,1000,0.0,-1.0
5536,2020-10-05,F_5mini_random,0,,1000,0.0,-1.0
5537,2020-10-06,A_5mini_hot,0,,1000,0.0,-1.0
5537,2020-10-06,B_5mini_unseen,0,,1000,0.0,-1.0
5537,2020-10-06,C_4mini_1box_hot,0,,1000,0.0,-1.0
5537,2020-10-06,D_3mini_1box_1straight,0,,1000,0.0,-1.0
5537,2020-10-06,E_3mini_1set_1straight_prev,0,,1000,0.0,-1.0
5537,2020-10-06,F_5mini_random,0,,1000,0.0,-1.0
5538,2020-10-07,A_5mini_hot,0,,1000,0.0,-1.0
5538,2020-10-07,B_5mini_unseen,0,,1000,0.0,-1.0
5538,2020-10-07,C_4mini_1box_hot,0,,1000,0.0,-1.0
5538,2020-10-07,D_3mini_1box_1straight,0,,1000,0.0,-1.0
5538,2020-10-07,E_3mini_1set_1straight_prev,0,,1000,0.0,-1.0
5538,2020-10-07,F_5mini_random,0,,1000,0.0,-1.0
5539,2020-10-08,A_5mini_hot,0,,1000,0.0,-1.0
5539,2020-10-08,B_5mini_unseen,0,,1000,0.0,-1.0
5539,2020-10-08,C_4mini_1box_hot,0,,1000,0.0,-1.0
5539,2020-10-08,D_3mini_1box_1straight,0,,1000,0.0,-1.0
5539,2020-10-08,E_3mini_1set_1straight_prev,0,,1000,0.0,-1.0
5539,2020-10-08,F_5mini_random,0,,1000,0.0,-1.0
5540,2020-10-09,A_5mini_hot,0,,1000,0.0,-1.0
5540,2020-10-09,B_5mini_unseen,0,,1000,0.0,-1.0
5540,2020-10-09,C_4mini_1box_hot,0,,1000,0.0,-1.0
5540,2020-10-09,D_3mini_1box_1straight,0,,1000,0.0,-1.0
5540,2020-10-09,E_3mini_1set_1straight_prev,0,,1000,0.0,-1.0
5540,2020-10-09,F_5mini_random,0,,1000,0.0,-1.0
5541,2020-10-12,A_5mini_hot,0,,1000,0.0,-1.0
5541,2020-10-12,B_5mini_unseen,0,,1000,0.0,-1.0
5541,2020-10-12,C_4mini_1box_hot,0,,1000,0.0,-1.0
5541,2020-10-12,D_3mini_1box_1straight,0,,1000,0.0,-1.0
5541,2020-10-12,E_3mini_1set_1straight_prev,0,,1000,0.0,-1.0
5541,2020-10-12,F_5mini_random,0,,1000,0.0,-1.0
5542,2020-10-13,A_5mini_hot,0,,1000,0.0,-1.0
5542,2020-10-13,B_5mini_unseen,1,mini,1000,9000.0,8.0
5542,2020-10-13,C_4mini_1box_hot,0,,1000,0.0,-1.0
5542,2020-10-13,D_3mini_1box_1straight,0,,1000,0.0,-1.0
5542,2020-10-13,E_3mini_1set_1straight_prev,0,,1000,0.0,-1.0
5542,2020-10-13,F_5mini_random,0,,1000,0.0,-1.0
5543,2020-10-14,A_5mini_hot,0,,1000,0.0,-1.0
5543,2020-10-14,B_5mini_unseen,0,,1000,0.0,-1.0
5543,2020-10-14,C_4mini_1box_hot,0,,1000,0.0,-1.0
5543,2020-10-14,D_3mini_1box_1straight,0,,1000,0.0,-1.0
5543,2020-10-14,E_3mini_1set_1straight_prev,0,,1000,0.0,-1.0
5543,2020-10-14,F_5mini_random,0,,1000,0.0,-1.0
5544,2020-10-15,A_5mini_hot,0,,1000,0.0,-1.0
5544,2020-10-15,B_5mini_unseen,0,,1000,0.0,-1.0
5544,2020-10-15,C_4mini_1box_hot,0,,1000,0.0,-1.0
5544,2020-10-15,D_3mini_1box_1straight,0,,1000,0.0,-1.0
5544,2020-10-15,E_3mini_1set_1straight_prev,0,,1000,0.0,-1.0
5544,2020-10-15,F_5mini_random,0,,1000,0.0,-1.0
5545,2020-10-16,A_5mini_hot,0,,1000,0.0,-1.0
5545,2020-10-16,B_5mini_unseen,0,,1000,0.0,-1.0
5545,2020-10-16,C_4mini_1box_hot,0,,1000,0.0,-1.0
5545,2020-10-16,D_3mini_1box_1straight,0,,1000,0.0,-1.0
5545,2020-10-16,E_3mini_1set_1straight_prev,0,,1000,0.0,-1.0
5545,2020-10-16,F_5mini_random,0,,1000,0.0,-1.0
5556,2020-11-02,A_5mini_hot,0,,1000,0.0,-1.0
5556,2020-11-02,B_5mini_unseen,0,,1000,0.0,-1.0
5556,2020-11-02,C_4mini_1box_hot,0,,1000,0.0,-1.0
5556,2020-11-02,D_3mini_1box_1straight,0,,1000,0.0,-1.0
5556,2020-11-02,E_3mini_1set_1straight_prev,0,,1000,0.0,-1.0
5556,2020-11-02,F_5mini_random,0,,1000,0.0,-1.0
5557,2020-11-03,A_5mini_hot,0,,1000,0.0,-1.0
5557,2020-11-03,B_5mini_unseen,0,,1000,0.0,-1.0
5557,2020-11-03,C_4mini_1box_hot,0,,1000,0.0,-1.0
5557,2020-11-03,D_3mini_1box_1straight,0,,1000,0.0,-1.0
5557,2020-11-03,E_3mini_1set_1straight_prev,0,,1000,0.0,-1.0
5557,2020-11-03,F_5mini_random,0,,1000,0.0,-1.0
5558,2020-11-04,A_5mini_hot,0,,1000,0.0,-1.0
5558,2020-11-04,B_5mini_unseen,0,,1000,0.0,-1.0
5558,2020-11-04,C_4mini_1box_hot,0,,1000,0.0,-1.0
5558,2020-11-04,D_3mini_1box_1straight,0,,1000,0.0,-1.0
5558,2020-11-04,E_3mini_1set_1straight_prev,0,,1000,0.0,-1.0
5558,2020-11-04,F_5mini_random,0,,1000,0.0,-1.0
5559,2020-11-05,A_5mini_hot,0,,1000,0.0,-1.0
5559,2020-11-05,B_5mini_unseen,0,,1000,0.0,-1.0
5559,2020-11-05,C_4mini_1box_hot,0,,1000,0.0,-1.0
5559,2020-11-05,D_3mini_1box_1straight,0,,1000,0.0,-1.0
5559,2020-11-05,E_3mini_1set_1straight_prev,0,,1000,0.0,-1.0
5559,2020-11-05,F_5mini_random,0,,1000,0.0,-1.0
5560,2020-11-06,A_5mini_hot,0,,1000,0.0,-1.0
5560,2020-11-06,B_5mini_unseen,0,,1000,0.0,-1.0
5560,2020-11-06,C_4mini_1box_hot,0,,1000,0.0,-1.0
5560,2020-11-06,D_3mini_1box_1straight,0,,1000,0.0,-1.0
5560,2020-11-06,E_3mini_1set_1straight_prev,0,,1000,0.0,-1.0
5560,2020-11-06,F_5mini_random,0,,1000,0.0,-1.0
5561,2020-11-09,A_5mini_hot,0,,1000,0.0,-1.0
5561,2020-11-09,B_5mini_unseen,0,,1000,0.0,-1.0
5561,2020-11-09,C_4mini_1box_hot,0,,1000,0.0,-1.0
5561,2020-11-09,D_3mini_1box_1straight,0,,1000,0.0,-1.0
5561,2020-11-09,E_3mini_1set_1straight_prev,0,,1000,0.0,-1.0
5561,2020-11-09,F_5mini_random,0,,1000,0.0,-1.0
5562,2020-11-10,A_5mini_hot,0,,1000,0.0,-1.0
5562,2020-11-10,B_5mini_unseen,0,,1000,0.0,-1.0
5562,2020-11-10,C_4mini_1box_hot,0,,1000,0.0,-1.0
5562,2020-11-10,D_3mini_1box_1straight,0,,1000,0.0,-1.0
5562,2020-11-10,E_3mini_1set_1straight_prev,0,,1000,0.0,-1.0
5562,2020-11-10,F_5mini_random,0,,1000,0.0,-1.0
5563,2020-11-11,A_5mini_hot,0,,1000,0.0,-1.0
5563,2020-11-11,B_5mini_unseen,0,,1000,0.0,-1.0
5563,2020-11-11,C_4mini_1box_hot,0,,1000,0.0,-1.0
5563,2020-11-11,D_3mini_1box_1straight,0,,1000,0.0,-1.0
5563,2020-11-11,E_3mini_1set_1straight_prev,0,,1000,0.0,-1.0
5563,2020-11-11,F_5mini_random,0,,1000,0.0,-1.0
5564,2020-11-12,A_5mini_hot,0,,1000,0.0,-1.0
5564,2020-11-12,B_5mini_unseen,0,,1000,0.0,-1.0
5564,2020-11-12,C_4mini_1box_hot,0,,1000,0.0,-1.0
5564,2020-11-12,D_3mini_1box_1straight,0,,1000,0.0,-1.0
5564,2020-11-12,E_3mini_1set_1straight_prev,0,,1000,0.0,-1.0
5564,2020-11-12,F_5mini_random,1,mini,1000,9000.0,8.0
5565,2020-11-13,A_5mini_hot,0,,1000,0.0,-1.0
5565,2020-11-13,B_5mini_unseen,0,,1000,0.0,-1.0
5565,2020-11-13,C_4mini_1box_hot,0,,1000,0.0,-1.0
5565,2020-11-13,D_3mini_1box_1straight,0,,1000,0.0,-1.0
5565,2020-11-13,E_3mini_1set_1straight_prev,0,,1000,0.0,-1.0
5565,2020-11-13,F_5mini_random,0,,1000,0.0,-1.0
5566,2020-11-16,A_5mini_hot,0,,1000,0.0,-1.0
5566,2020-11-16,B_5mini_unseen,0,,1000,0.0,-1.0
5566,2020-11-16,C_4mini_1box_hot,0,,1000,0.0,-1.0
5566,2020-11-16,D_3mini_1box_1straight,0,,1000,0.0,-1.0
5566,2020-11-16,E_3mini_1set_1straight_prev,0,,1000,0.0,-1.0
5566,2020-11-16,F_5mini_random,0,,1000,0.0,-1.0
5567,2020-11-17,A_5mini_hot,0,,1000,0.0,-1.0
5567,2020-11-17,B_5mini_unseen,0,,1000,0.0,-1.0
5567,2020-11-17,C_4mini_1box_hot,0,,1000,0.0,-1.0
5567,2020-11-17,D_3mini_1box_1straight,0,,1000,0.0,-1.0
5567,2020-11-17,E_3mini_1set_1straight_prev,0,,1000,0.0,-1.0
5567,2020-11-17,F_5mini_random,0,,1000,0.0,-1.0
5568,2020-11-18,A_5mini_hot,0,,1000,0.0,-1.0
5568,2020-11-18,B_5mini_unseen,0,,1000,0.0,-1.0
5568,2020-11-18,C_4mini_1box_hot,0,,1000,0.0,-1.0
5568,2020-11-18,D_3mini_1box_1straight,0,,1000,0.0,-1.0
5568,2020-11-18,E_3mini_1set_1straight_prev,0,,1000,0.0,-1.0
5568,2020-11-18,F_5mini_random,0,,1000,0.0,-1.0
5569,2020-11-19,A_5mini_hot,0,,1000,0.0,-1.0
5569,2020-11-19,B_5mini_unseen,0,,1000,0.0,-1.0
5569,2020-11-19,C_4mini_1box_hot,0,,1000,0.0,-1.0
5569,2020-11-19,D_3mini_1box_1straight,0,,1000,0.0,-1.0
5569,2020-11-19,E_3mini_1set_1straight_prev,0,,1000,0.0,-1.0
5569,2020-11-19,F_5mini_random,0,,1000,0.0,-1.0
5570,2020-11-20,A_5mini_hot,0,,1000,0.0,-1.0
5570,2020-11-20,B_5mini_unseen,0,,1000,0.0,-1.0
5570,2020-11-20,C_4mini_1box_hot,0,,1000,0.0,-1.0
5570,2020-11-20,D_3mini_1box_1straight,0,,1000,0.0,-1.0
5570,2020-11-20,E_3mini_1set_1straight_prev,0,,1000,0.0,-1.0
5570,2020-11-20,F_5mini_random,0,,1000,0.0,-1.0
5571,2020-11-23,A_5mini_hot,0,,1000,0.0,-1.0
5571,2020-11-23,B_5mini_unseen,0,,1000,0.0,-1.0
5571,2020-11-23,C_4mini_1box_hot,0,,1000,0.0,-1.0
5571,2020-11-23,D_3mini_1box_1straight,0,,1000,0.0,-1.0
5571,2020-11-23,E_3mini_1set_1straight_prev,0,,1000,0.0,-1.0
5571,2020-11-23,F_5mini_random,0,,1000,0.0,-1.0
5572,2020-11-24,A_5mini_hot,0,,1000,0.0,-1.0
5572,2020-11-24,B_5mini_unseen,0,,1000,0.0,-1.0
5572,2020-11-24,C_4mini_1box_hot,0,,1000,0.0,-1.0
5572,2020-11-24,D_3mini_1box_1straight,0,,1000,0.0,-1.0
5572,2020-11-24,E_3mini_1set_1straight_prev,0,,1000,0.0,-1.0
5572,2020-11-24,F_5mini_random,0,,1000,0.0,-1.0
5573,2020-11-25,A_5mini_hot,0,,1000,0.0,-1.0
5573,2020-11-25,B_5mini_unseen,0,,1000,0.0,-1.0
5573,2020-11-25,C_4mini_1box_hot,0,,1000,0.0,-1.0
5573,2020-11-25,D_3mini_1box_1straight,0,,1000,0.0,-1.0
5573,2020-11-25,E_3mini_1set_1straight_prev,0,,1000,0.0,-1.0
5573,2020-11-25,F_5mini_random,0,,1000,0.0,-1.0
5574,2020-11-26,A_5mini_hot,0,,1000,0.0,-1.0
5574,2020-11-26,B_5mini_unseen,0,,1000,0.0,-1.0
5574,2020-11-26,C_4mini_1box_hot,0,,1000,0.0,-1.0
5574,2020-11-26,D_3mini_1box_1straight,0,,1000,0.0,-1.0
5574,2020-11-26,E_3mini_1set_1straight_prev,0,,1000,0.0,-1.0
5574,2020-11-26,F_5mini_random,0,,1000,0.0,-1.0
5575,2020-11-27,A_5mini_hot,0,,1000,0.0,-1.0
5575,2020-11-27,B_5mini_unseen,0,,1000,0.0,-1.0
5575,2020-11-27,C_4mini_1box_hot,0,,1000,0.0,-1.0
5575,2020-11-27,D_3mini_1box_1straight,0,,1000,0.0,-1.0
5575,2020-11-27,E_3mini_1set_1straight_prev,1,mini,1000,9000.0,8.0
5575,2020-11-27,F_5mini_random,0,,1000,0.0,-1.0
5576,2020-11-30,A_5mini_hot,0,,1000,0.0,-1.0
5576,2020-11-30,B_5mini_unseen,0,,1000,0.0,-1.0
5576,2020-11-30,C_4mini_1box_hot,0,,1000,0.0,-1.0
5576,2020-11-30,D_3mini_1box_1straight,0,,1000,0.0,-1.0
5576,2020-11-30,E_3mini_1set_1straight_prev,0,,1000,0.0,-1.0
5576,2020-11-30,F_5mini_random,0,,1000,0.0,-1.0
5577,2020-12-01,A_5mini_hot,0,,1000,0.0,-1.0
5577,2020-12-01,B_5mini_unseen,0,,1000,0.0,-1.0
5577,2020-12-01,C_4mini_1box_hot,0,,1000,0.0,-1.0
5577,2020-12-01,D_3mini_1box_1straight,0,,1000,0.0,-1.0
5577,2020-12-01,E_3mini_1set_1straight_prev,0,,1000,0.0,-1.0
5577,2020-12-01,F_5mini_random,0,,1000,0.0,-1.0
5578,2020-12-02,A_5mini_hot,0,,1000,0.0,-1.0
5578,2020-12-02,B_5mini_unseen,0,,1000,0.0,-1.0
5578,2020-12-02,C_4mini_1box_hot,0,,1000,0.0,-1.0
5578,2020-12-02,D_3mini_1box_1straight,0,,1000,0.0,-1.0
5578,2020-12-02,E_3mini_1set_1straight_prev,0,,1000,0.0,-1.0
5578,2020-12-02,F_5mini_random,0,,1000,0.0,-1.0
5579,2020-12-03,A_5mini_hot,0,,1000,0.0,-1.0
5579,2020-12-03,B_5mini_unseen,0,,1000,0.0,-1.0
5579,2020-12-03,C_4mini_1box_hot,0,,1000,0.0,-1.0
5579,2020-12-03,D_3mini_1box_1straight,0,,1000,0.0,-1.0
5579,2020-12-03,E_3mini_1set_1straight_prev,0,,1000,0.0,-1.0
5579,2020-12-03,F_5mini_random,0,,1000,0.0,-1.0
5580,2020-12-04,A_5mini_hot,0,,1000,0.0,-1.0
5580,2020-12-04,B_5mini_unseen,1,mini,1000,9000.0,8.0
5580,2020-12-04,C_4mini_1box_hot,0,,1000,0.0,-1.0
5580,2020-12-04,D_3mini_1box_1straight,0,,1000,0.0,-1.0
5580,2020-12-04,E_3mini_1set_1straight_prev,0,,1000,0.0,-1.0
5580,2020-12-04,F_5mini_random,0,,1000,0.0,-1.0
5581,2020-12-07,A_5mini_hot,0,,1000,0.0,-1.0
5581,2020-12-07,B_5mini_unseen,0,,1000,0.0,-1.0
5581,2020-12-07,C_4mini_1box_hot,0,,1000,0.0,-1.0
5581,2020-12-07,D_3mini_1box_1straight,0,,1000,0.0,-1.0
5581,2020-12-07,E_3mini_1set_1straight_prev,0,,1000,0.0,-1.0
5581,2020-12-07,F_5mini_random,0,,1000,0.0,-1.0
5582,2020-12-08,A_5mini_hot,0,,1000,0.0,-1.0
5582,2020-12-08,B_5mini_unseen,0,,1000,0.0,-1.0
5582,2020-12-08,C_4mini_1box_hot,0,,1000,0.0,-1.0
5582,2020-12-08,D_3mini_1box_1straight,0,,1000,0.0,-1.0
5582,2020-12-08,E_3mini_1set_1straight_prev,0,,1000,0.0,-1.0
5582,2020-12-08,F_5mini_random,0,,1000,0.0,-1.0
5583,2020-12-09,A_5mini_hot,0,,1000,0.0,-1.0
5583,2020-12-09,B_5mini_unseen,0,,1000,0.0,-1.0
5583,2020-12-09,C_4mini_1box_hot,0,,1000,0.0,-1.0
5583,2020-12-09,D_3mini_1box_1straight,0,,1000,0.0,-1.0
5583,2020-12-09,E_3mini_1set_1straight_prev,0,,1000,0.0,-1.0
5583,2020-12-09,F_5mini_random,0,,1000,0.0,-1.0
5585,2020-12-11,A_5mini_hot,0,,1000,0.0,-1.0
5585,2020-12-11,B_5mini_unseen,0,,1000,0.0,-1.0
5585,2020-12-11,C_4mini_1box_hot,0,,1000,0.0,-1.0
5585,2020-12-11,D_3mini_1box_1straight,0,,1000,0.0,-1.0
5585,2020-12-11,E_3mini_1set_1straight_prev,0,,1000,0.0,-1.0
5585,2020-12-11,F_5mini_random,0,,1000,0.0,-1.0
5586,2020-12-14,A_5mini_hot,0,,1000,0.0,-1.0
5586,2020-12-14,B_5mini_unseen,0,,1000,0.0,-1.0
5586,2020-12-14,C_4mini_1box_hot,0,,1000,0.0,-1.0
5586,2020-12-14,D_3mini_1box_1straight,0,,1000,0.0,-1.0
5586,2020-12-14,E_3mini_1set_1straight_prev,0,,1000,0.0,-1.0
5586,2020-12-14,F_5mini_random,0,,1000,0.0,-1.0
5587,2020-12-15,A_5mini_hot,0,,1000,0.0,-1.0
5587,2020-12-15,B_5mini_unseen,0,,1000,0.0,-1.0
5587,2020-12-15,C_4mini_1box_hot,0,,1000,0.0,-1.0
5587,2020-12-15,D_3mini_1box_1straight,0,,1000,0.0,-1.0
5587,2020-12-15,E_3mini_1set_1straight_prev,0,,1000,0.0,-1.0
5587,2020-12-15,F_5mini_random,1,mini,1000,9000.0,8.0
5588,2020-12-16,A_5mini_hot,0,,1000,0.0,-1.0
5588,2020-12-16,B_5mini_unseen,0,,1000,0.0,-1.0
5588,2020-12-16,C_4mini_1box_hot,0,,1000,0.0,-1.0
5588,2020-12-16,D_3mini_1box_1straight,0,,1000,0.0,-1.0
5588,2020-12-16,E_3mini_1set_1straight_prev,0,,1000,0.0,-1.0
5588,2020-12-16,F_5mini_random,0,,1000,0.0,-1.0
5589,2020-12-17,A_5mini_hot,0,,1000,0.0,-1.0
5589,2020-12-17,B_5mini_unseen,0,,1000,0.0,-1.0
5589,2020-12-17,C_4mini_1box_hot,0,,1000,0.0,-1.0
5589,2020-12-17,D_3mini_1box_1straight,0,,1000,0.0,-1.0
5589,2020-12-17,E_3mini_1set_1straight_prev,0,,1000,0.0,-1.0
5589,2020-12-17,F_5mini_random,0,,1000,0.0,-1.0
5590,2020-12-18,A_5mini_hot,0,,1000,0.0,-1.0
5590,2020-12-18,B_5mini_unseen,0,,1000,0.0,-1.0
5590,2020-12-18,C_4mini_1box_hot,0,,1000,0.0,-1.0
5590,2020-12-18,D_3mini_1box_1straight,0,,1000,0.0,-1.0
5590,2020-12-18,E_3mini_1set_1straight_prev,0,,1000,0.0,-1.0
5590,2020-12-18,F_5mini_random,0,,1000,0.0,-1.0
5591,2020-12-21,A_5mini_hot,0,,1000,0.0,-1.0
5591,2020-12-21,B_5mini_unseen,0,,1000,0.0,-1.0
5591,2020-12-21,C_4mini_1box_hot,0,,1000,0.0,-1.0
5591,2020-12-21,D_3mini_1box_1straight,0,,1000,0.0,-1.0
5591,2020-12-21,E_3mini_1set_1straight_prev,0,,1000,0.0,-1.0
5591,2020-12-21,F_5mini_random,0,,1000,0.0,-1.0
5592,2020-12-22,A_5mini_hot,0,,1000,0.0,-1.0
5592,2020-12-22,B_5mini_unseen,0,,1000,0.0,-1.0
5592,2020-12-22,C_4mini_1box_hot,0,,1000,0.0,-1.0
5592,2020-12-22,D_3mini_1box_1straight,0,,1000,0.0,-1.0
5592,2020-12-22,E_3mini_1set_1straight_prev,0,,1000,0.0,-1.0
5592,2020-12-22,F_5mini_random,0,,1000,0.0,-1.0
5593,2020-12-23,A_5mini_hot,0,,1000,0.0,-1.0
5593,2020-12-23,B_5mini_unseen,0,,1000,0.0,-1.0
5593,2020-12-23,C_4mini_1box_hot,0,,1000,0.0,-1.0
5593,2020-12-23,D_3mini_1box_1straight,0,,1000,0.0,-1.0
5593,2020-12-23,E_3mini_1set_1straight_prev,0,,1000,0.0,-1.0
5593,2020-12-23,F_5mini_random,0,,1000,0.0,-1.0
5594,2020-12-24,A_5mini_hot,0,,1000,0.0,-1.0
5594,2020-12-24,B_5mini_unseen,0,,1000,0.0,-1.0
5594,2020-12-24,C_4mini_1box_hot,0,,1000,0.0,-1.0
5594,2020-12-24,D_3mini_1box_1straight,0,,1000,0.0,-1.0
5594,2020-12-24,E_3mini_1set_1straight_prev,0,,1000,0.0,-1.0
5594,2020-12-24,F_5mini_random,0,,1000,0.0,-1.0
5595,2020-12-25,A_5mini_hot,0,,1000,0.0,-1.0
5595,2020-12-25,B_5mini_unseen,0,,1000,0.0,-1.0
5595,2020-12-25,C_4mini_1box_hot,0,,1000,0.0,-1.0
5595,2020-12-25,D_3mini_1box_1straight,0,,1000,0.0,-1.0
5595,2020-12-25,E_3mini_1set_1straight_prev,0,,1000,0.0,-1.0
5595,2020-12-25,F_5mini_random,0,,1000,0.0,-1.0
5596,2020-12-28,A_5mini_hot,0,,1000,0.0,-1.0
5596,2020-12-28,B_5mini_unseen,0,,1000,0.0,-1.0
5596,2020-12-28,C_4mini_1box_hot,0,,1000,0.0,-1.0
5596,2020-12-28,D_3mini_1box_1straight,0,,1000,0.0,-1.0
5596,2020-12-28,E_3mini_1set_1straight_prev,0,,1000,0.0,-1.0
5596,2020-12-28,F_5mini_random,0,,1000,0.0,-1.0
5597,2020-12-29,A_5mini_hot,0,,1000,0.0,-1.0
5597,2020-12-29,B_5mini_unseen,0,,1000,0.0,-1.0
5597,2020-12-29,C_4mini_1box_hot,0,,1000,0.0,-1.0
5597,2020-12-29,D_3mini_1box_1straight,0,,1000,0.0,-1.0
5597,2020-12-29,E_3mini_1set_1straight_prev,0,,1000,0.0,-1.0
5597,2020-12-29,F_5mini_random,0,,1000,0.0,-1.0
5598,2020-12-30,A_5mini_hot,0,,1000,0.0,-1.0
5598,2020-12-30,B_5mini_unseen,0,,1000,0.0,-1.0
5598,2020-12-30,C_4mini_1box_hot,0,,1000,0.0,-1.0
5598,2020-12-30,D_3mini_1box_1straight,0,,1000,0.0,-1.0
5598,2020-12-30,E_3mini_1set_1straight_prev,0,,1000,0.0,-1.0
5598,2020-12-30,F_5mini_random,0,,1000,0.0,-1.0
5599,2021-01-04,A_5mini_hot,0,,1000,0.0,-1.0
5599,2021-01-04,B_5mini_unseen,0,,1000,0.0,-1.0
5599,2021-01-04,C_4mini_1box_hot,0,,1000,0.0,-1.0
5599,2021-01-04,D_3mini_1box_1straight,0,,1000,0.0,-1.0
5599,2021-01-04,E_3mini_1set_1straight_prev,0,,1000,0.0,-1.0
5599,2021-01-04,F_5mini_random,0,,1000,0.0,-1.0
5600,2021-01-05,A_5mini_hot,0,,1000,0.0,-1.0
5600,2021-01-05,B_5mini_unseen,0,,1000,0.0,-1.0
5600,2021-01-05,C_4mini_1box_hot,0,,1000,0.0,-1.0
5600,2021-01-05,D_3mini_1box_1straight,0,,1000,0.0,-1.0
5600,2021-01-05,E_3mini_1set_1straight_prev,0,,1000,0.0,-1.0
5600,2021-01-05,F_5mini_random,0,,1000,0.0,-1.0
5601,2021-01-06,A_5mini_hot,0,,1000,0.0,-1.0
5601,2021-01-06,B_5mini_unseen,0,,1000,0.0,-1.0
5601,2021-01-06,C_4mini_1box_hot,0,,1000,0.0,-1.0
5601,2021-01-06,D_3mini_1box_1straight,0,,1000,0.0,-1.0
5601,2021-01-06,E_3mini_1set_1straight_prev,0,,1000,0.0,-1.0
5601,2021-01-06,F_5mini_random,0,,1000,0.0,-1.0
5602,2021-01-07,A_5mini_hot,0,,1000,0.0,-1.0
5602,2021-01-07,B_5mini_unseen,0,,1000,0.0,-1.0
5602,2021-01-07,C_4mini_1box_hot,0,,1000,0.0,-1.0
5602,2021-01-07,D_3mini_1box_1straight,0,,1000,0.0,-1.0
5602,2021-01-07,E_3mini_1set_1straight_prev,0,,1000,0.0,-1.0
5602,2021-01-07,F_5mini_random,0,,1000,0.0,-1.0
5603,2021-01-08,A_5mini_hot,0,,1000,0.0,-1.0
5603,2021-01-08,B_5mini_unseen,0,,1000,0.0,-1.0
5603,2021-01-08,C_4mini_1box_hot,0,,1000,0.0,-1.0
5603,2021-01-08,D_3mini_1box_1straight,0,,1000,0.0,-1.0
5603,2021-01-08,E_3mini_1set_1straight_prev,0,,1000,0.0,-1.0
5603,2021-01-08,F_5mini_random,0,,1000,0.0,-1.0
5604,2021-01-11,A_5mini_hot,0,,1000,0.0,-1.0
5604,2021-01-11,B_5mini_unseen,0,,1000,0.0,-1.0
5604,2021-01-11,C_4mini_1box_hot,0,,1000,0.0,-1.0
5604,2021-01-11,D_3mini_1box_1straight,0,,1000,0.0,-1.0
5604,2021-01-11,E_3mini_1set_1straight_prev,0,,1000,0.0,-1.0
5604,2021-01-11,F_5mini_random,0,,1000,0.0,-1.0
5605,2021-01-12,A_5mini_hot,0,,1000,0.0,-1.0
5605,2021-01-12,B_5mini_unseen,0,,1000,0.0,-1.0
5605,2021-01-12,C_4mini_1box_hot,0,,1000,0.0,-1.0
5605,2021-01-12,D_3mini_1box_1straight,0,,1000,0.0,-1.0
5605,2021-01-12,E_3mini_1set_1straight_prev,0,,1000,0.0,-1.0
5605,2021-01-12,F_5mini_random,0,,1000,0.0,-1.0
5606,2021-01-13,A_5mini_hot,0,,1000,0.0,-1.0
5606,2021-01-13,B_5mini_unseen,0,,1000,0.0,-1.0
5606,2021-01-13,C_4mini_1box_hot,0,,1000,0.0,-1.0
5606,2021-01-13,D_3mini_1box_1straight,0,,1000,0.0,-1.0
5606,2021-01-13,E_3mini_1set_1straight_prev,0,,1000,0.0,-1.0
5606,2021-01-13,F_5mini_random,0,,1000,0.0,-1.0
5607,2021-01-14,A_5mini_hot,0,,1000,0.0,-1.0
5607,2021-01-14,B_5mini_unseen,0,,1000,0.0,-1.0
5607,2021-01-14,C_4mini_1box_hot,0,,1000,0.0,-1.0
5607,2021-01-14,D_3mini_1box_1straight,0,,1000,0.0,-1.0
5607,2021-01-14,E_3mini_1set_1straight_prev,0,,1000,0.0,-1.0
5607,2021-01-14,F_5mini_random,0,,1000,0.0,-1.0
5608,2021-01-15,A_5mini_hot,0,,1000,0.0,-1.0
5608,2021-01-15,B_5mini_unseen,0,,1000,0.0,-1.0
5608,2021-01-15,C_4mini_1box_hot,0,,1000,0.0,-1.0
5608,2021-01-15,D_3mini_1box_1straight,0,,1000,0.0,-1.0
5608,2021-01-15,E_3mini_1set_1straight_prev,0,,1000,0.0,-1.0
5608,2021-01-15,F_5mini_random,0,,1000,0.0,-1.0
5609,2021-01-18,A_5mini_hot,0,,1000,0.0,-1.0
5609,2021-01-18,B_5mini_unseen,0,,1000,0.0,-1.0
5609,2021-01-18,C_4mini_1box_hot,0,,1000,0.0,-1.0
5609,2021-01-18,D_3mini_1box_1straight,0,,1000,0.0,-1.0
5609,2021-01-18,E_3mini_1set_1straight_prev,1,mini,1000,9000.0,8.0
5609,2021-01-18,F_5mini_random,0,,1000,0.0,-1.0
5610,2021-01-19,A_5mini_hot,0,,1000,0.0,-1.0
5610,2021-01-19,B_5mini_unseen,0,,1000,0.0,-1.0
5610,2021-01-19,C_4mini_1box_hot,0,,1000,0.0,-1.0
5610,2021-01-19,D_3mini_1box_1straight,0,,1000,0.0,-1.0
5610,2021-01-19,E_3mini_1set_1straight_prev,0,,1000,0.0,-1.0
5610,2021-01-19,F_5mini_random,0,,1000,0.0,-1.0
5611,2021-01-20,A_5mini_hot,0,,1000,0.0,-1.0
5611,2021-01-20,B_5mini_unseen,0,,1000,0.0,-1.0
5611,2021-01-20,C_4mini_1box_hot,0,,1000,0.0,-1.0
5611,2021-01-20,D_3mini_1box_1straight,0,,1000,0.0,-1.0
5611,2021-01-20,E_3mini_1set_1straight_prev,0,,1000,0.0,-1.0
5611,2021-01-20,F_5mini_random,0,,1000,0.0,-1.0
5612,2021-01-21,A_5mini_hot,0,,1000,0.0,-1.0
5612,2021-01-21,B_5mini_unseen,0,,1000,0.0,-1.0
5612,2021-01-21,C_4mini_1box_hot,0,,1000,0.0,-1.0
5612,2021-01-21,D_3mini_1box_1straight,0,,1000,0.0,-1.0
5612,2021-01-21,E_3mini_1set_1straight_prev,0,,1000,0.0,-1.0
5612,2021-01-21,F_5mini_random,0,,1000,0.0,-1.0
5613,2021-01-22,A_5mini_hot,0,,1000,0.0,-1.0
5613,2021-01-22,B_5mini_unseen,0,,1000,0.0,-1.0
5613,2021-01-22,C_4mini_1box_hot,0,,1000,0.0,-1.0
5613,2021-01-22,D_3mini_1box_1straight,0,,1000,0.0,-1.0
5613,2021-01-22,E_3mini_1set_1straight_prev,0,,1000,0.0,-1.0
5613,2021-01-22,F_5mini_random,0,,1000,0.0,-1.0
5614,2021-01-25,A_5mini_hot,0,,1000,0.0,-1.0
5614,2021-01-25,B_5mini_unseen,0,,1000,0.0,-1.0
5614,2021-01-25,C_4mini_1box_hot,0,,1000,0.0,-1.0
5614,2021-01-25,D_3mini_1box_1straight,0,,1000,0.0,-1.0
5614,2021-01-25,E_3mini_1set_1straight_prev,0,,1000,0.0,-1.0
5614,2021-01-25,F_5mini_random,0,,1000,0.0,-1.0
5615,2021-01-26,A_5mini_hot,0,,1000,0.0,-1.0
5615,2021-01-26,B_5mini_unseen,0,,1000,0.0,-1.0
5615,2021-01-26,C_4mini_1box_hot,0,,1000,0.0,-1.0
5615,2021-01-26,D_3mini_1box_1straight,0,,1000,0.0,-1.0
5615,2021-01-26,E_3mini_1set_1straight_prev,0,,1000,0.0,-1.0
5615,2021-01-26,F_5mini_random,0,,1000,0.0,-1.0
5616,2021-01-27,A_5mini_hot,0,,1000,0.0,-1.0
5616,2021-01-27,B_5mini_unseen,1,mini,1000,9000.0,8.0
5616,2021-01-27,C_4mini_1box_hot,0,,1000,0.0,-1.0
5616,2021-01-27,D_3mini_1box_1straight,0,,1000,0.0,-1.0
5616,2021-01-27,E_3mini_1set_1straight_prev,0,,1000,0.0,-1.0
5616,2021-01-27,F_5mini_random,0,,1000,0.0,-1.0
5617,2021-01-28,A_5mini_hot,0,,1000,0.0,-1.0
5617,2021-01-28,B_5mini_unseen,0,,1000,0.0,-1.0
5617,2021-01-28,C_4mini_1box_hot,0,,1000,0.0,-1.0
5617,2021-01-28,D_3mini_1box_1straight,0,,1000,0.0,-1.0
5617,2021-01-28,E_3mini_1set_1straight_prev,0,,1000,0.0,-1.0
5617,2021-01-28,F_5mini_random,0,,1000,0.0,-1.0
5618,2021-01-29,A_5mini_hot,1,mini,1000,9000.0,8.0
5618,2021-01-29,B_5mini_unseen,0,,1000,0.0,-1.0
5618,2021-01-29,C_4mini_1box_hot,1,mini,1000,9000.0,8.0
5618,2021-01-29,D_3mini_1box_1straight,0,,1000,0.0,-1.0
5618,2021-01-29,E_3mini_1set_1straight_prev,0,,1000,0.0,-1.0
5618,2021-01-29,F_5mini_random,0,,1000,0.0,-1.0
5619,2021-02-01,A_5mini_hot,1,mini,1000,9000.0,8.0
5619,2021-02-01,B_5mini_unseen,0,,1000,0.0,-1.0
5619,2021-02-01,C_4mini_1box_hot,1,mini,1000,9000.0,8.0
5619,2021-02-01,D_3mini_1box_1straight,0,,1000,0.0,-1.0
5619,2021-02-01,E_3mini_1set_1straight_prev,0,,1000,0.0,-1.0
5619,2021-02-01,F_5mini_random,0,,1000,0.0,-1.0
5620,2021-02-02,A_5mini_hot,0,,1000,0.0,-1.0
5620,2021-02-02,B_5mini_unseen,0,,1000,0.0,-1.0
5620,2021-02-02,C_4mini_1box_hot,0,,1000,0.0,-1.0
5620,2021-02-02,D_3mini_1box_1straight,0,,1000,0.0,-1.0
5620,2021-02-02,E_3mini_1set_1straight_prev,0,,1000,0.0,-1.0
5620,2021-02-02,F_5mini_random,0,,1000,0.0,-1.0
5621,2021-02-03,A_5mini_hot,1,mini,1000,9000.0,8.0
5621,2021-02-03,B_5mini_unseen,0,,1000,0.0,-1.0
5621,2021-02-03,C_4mini_1box_hot,1,mini,1000,9000.0,8.0
5621,2021-02-03,D_3mini_1box_1straight,1,mini,1000,9000.0,8.0
5621,2021-02-03,E_3mini_1set_1straight_prev,0,,1000,0.0,-1.0
5621,2021-02-03,F_5mini_random,0,,1000,0.0,-1.0
5622,2021-02-04,A_5mini_hot,0,,1000,0.0,-1.0
5622,2021-02-04,B_5mini_unseen,1,mini,1000,9000.0,8.0
5622,2021-02-04,C_4mini_1box_hot,0,,1000,0.0,-1.0
5622,2021-02-04,D_3mini_1box_1straight,0,,1000,0.0,-1.0
5622,2021-02-04,E_3mini_1set_1straight_prev,0,,1000,0.0,-1.0
5622,2021-02-04,F_5mini_random,0,,1000,0.0,-1.0
5623,2021-02-05,A_5mini_hot,0,,1000,0.0,-1.0
5623,2021-02-05,B_5mini_unseen,0,,1000,0.0,-1.0
5623,2021-02-05,C_4mini_1box_hot,0,,1000,0.0,-1.0
5623,2021-02-05,D_3mini_1box_1straight,0,,1000,0.0,-1.0
5623,2021-02-05,E_3mini_1set_1straight_prev,0,,1000,0.0,-1.0
5623,2021-02-05,F_5mini_random,0,,1000,0.0,-1.0
5624,2021-02-08,A_5mini_hot,0,,1000,0.0,-1.0
5624,2021-02-08,B_5mini_unseen,0,,1000,0.0,-1.0
5624,2021-02-08,C_4mini_1box_hot,0,,1000,0.0,-1.0
5624,2021-02-08,D_3mini_1box_1straight,0,,1000,0.0,-1.0
5624,2021-02-08,E_3mini_1set_1straight_prev,0,,1000,0.0,-1.0
5624,2021-02-08,F_5mini_random,0,,1000,0.0,-1.0
5625,2021-02-09,A_5mini_hot,0,,1000,0.0,-1.0
5625,2021-02-09,B_5mini_unseen,0,,1000,0.0,-1.0
5625,2021-02-09,C_4mini_1box_hot,0,,1000,0.0,-1.0
5625,2021-02-09,D_3mini_1box_1straight,0,,1000,0.0,-1.0
5625,2021-02-09,E_3mini_1set_1straight_prev,0,,1000,0.0,-1.0
5625,2021-02-09,F_5mini_random,0,,1000,0.0,-1.0
5626,2021-02-10,A_5mini_hot,0,,1000,0.0,-1.0
5626,2021-02-10,B_5mini_unseen,0,,1000,0.0,-1.0
5626,2021-02-10,C_4mini_1box_hot,0,,1000,0.0,-1.0
5626,2021-02-10,D_3mini_1box_1straight,0,,1000,0.0,-1.0
5626,2021-02-10,E_3mini_1set_1straight_prev,0,,1000,0.0,-1.0
5626,2021-02-10,F_5mini_random,0,,1000,0.0,-1.0
5627,2021-02-11,A_5mini_hot,0,,1000,0.0,-1.0
5627,2021-02-11,B_5mini_unseen,0,,1000,0.0,-1.0
5627,2021-02-11,C_4mini_1box_hot,0,,1000,0.0,-1.0
5627,2021-02-11,D_3mini_1box_1straight,0,,1000,0.0,-1.0
5627,2021-02-11,E_3mini_1set_1straight_prev,0,,1000,0.0,-1.0
5627,2021-02-11,F_5mini_random,0,,1000,0.0,-1.0
5628,2021-02-12,A_5mini_hot,0,,1000,0.0,-1.0
5628,2021-02-12,B_5mini_unseen,1,mini,1000,9000.0,8.0
5628,2021-02-12,C_4mini_1box_hot,0,,1000,0.0,-1.0
5628,2021-02-12,D_3mini_1box_1straight,0,,1000,0.0,-1.0
5628,2021-02-12,E_3mini_1set_1straight_prev,0,,1000,0.0,-1.0
5628,2021-02-12,F_5mini_random,0,,1000,0.0,-1.0
5629,2021-02-15,A_5mini_hot,0,,1000,0.0,-1.0
5629,2021-02-15,B_5mini_unseen,0,,1000,0.0,-1.0
5629,2021-02-15,C_4mini_1box_hot,0,,1000,0.0,-1.0
5629,2021-02-15,D_3mini_1box_1straight,0,,1000,0.0,-1.0
5629,2021-02-15,E_3mini_1set_1straight_prev,0,,1000,0.0,-1.0
5629,2021-02-15,F_5mini_random,0,,1000,0.0,-1.0
5630,2021-02-16,A_5mini_hot,0,,1000,0.0,-1.0
5630,2021-02-16,B_5mini_unseen,0,,1000,0.0,-1.0
5630,2021-02-16,C_4mini_1box_hot,0,,1000,0.0,-1.0
5630,2021-02-16,D_3mini_1box_1straight,0,,1000,0.0,-1.0
5630,2021-02-16,E_3mini_1set_1straight_prev,0,,1000,0.0,-1.0
5630,2021-02-16,F_5mini_random,0,,1000,0.0,-1.0
5631,2021-02-17,A_5mini_hot,0,,1000,0.0,-1.0
5631,2021-02-17,B_5mini_unseen,1,mini,1000,9000.0,8.0
5631,2021-02-17,C_4mini_1box_hot,0,,1000,0.0,-1.0
5631,2021-02-17,D_3mini_1box_1straight,0,,1000,0.0,-1.0
5631,2021-02-17,E_3mini_1set_1straight_prev,0,,1000,0.0,-1.0
5631,2021-02-17,F_5mini_random,1,mini,1000,9000.0,8.0
5632,2021-02-18,A_5mini_hot,0,,1000,0.0,-1.0
5632,2021-02-18,B_5mini_unseen,0,,1000,0.0,-1.0
5632,2021-02-18,C_4mini_1box_hot,0,,1000,0.0,-1.0
5632,2021-02-18,D_3mini_1box_1straight,0,,1000,0.0,-1.0
5632,2021-02-18,E_3mini_1set_1straight_prev,0,,1000,0.0,-1.0
5632,2021-02-18,F_5mini_random,0,,1000,0.0,-1.0
5633,2021-02-19,A_5mini_hot,0,,1000,0.0,-1.0
5633,2021-02-19,B_5mini_unseen,0,,1000,0.0,-1.0
5633,2021-02-19,C_4mini_1box_hot,0,,1000,0.0,-1.0
5633,2021-02-19,D_3mini_1box_1straight,0,,1000,0.0,-1.0
5633,2021-02-19,E_3mini_1set_1straight_prev,0,,1000,0.0,-1.0
5633,2021-02-19,F_5mini_random,0,,1000,0.0,-1.0
5634,2021-02-22,A_5mini_hot,0,,1000,0.0,-1.0
5634,2021-02-22,B_5mini_unseen,0,,1000,0.0,-1.0
5634,2021-02-22,C_4mini_1box_hot,0,,1000,0.0,-1.0
5634,2021-02-22,D_3mini_1box_1straight,0,,1000,0.0,-1.0
5634,2021-02-22,E_3mini_1set_1straight_prev,0,,1000,0.0,-1.0
5634,2021-02-22,F_5mini_random,0,,1000,0.0,-1.0
5635,2021-02-23,A_5mini_hot,0,,1000,0.0,-1.0
5635,2021-02-23,B_5mini_unseen,0,,1000,0.0,-1.0
5635,2021-02-23,C_4mini_1box_hot,0,,1000,0.0,-1.0
5635,2021-02-23,D_3mini_1box_1straight,0,,1000,0.0,-1.0
5635,2021-02-23,E_3mini_1set_1straight_prev,0,,1000,0.0,-1.0
5635,2021-02-23,F_5mini_random,0,,1000,0.0,-1.0
5636,2021-02-24,A_5mini_hot,1,mini,1000,9000.0,8.0
5636,2021-02-24,B_5mini_unseen,0,,1000,0.0,-1.0
5636,2021-02-24,C_4mini_1box_hot,1,box,1000,15000.0,14.0
5636,2021-02-24,D_3mini_1box_1straight,1,"box,straight",1000,105000.0,104.0
5636,2021-02-24,E_3mini_1set_1straight_prev,1,set_straight,1000,52500.0,51.5
5636,2021-02-24,F_5mini_random,0,,1000,0.0,-1.0
5637,2021-02-25,A_5mini_hot,0,,1000,0.0,-1.0
5637,2021-02-25,B_5mini_unseen,0,,1000,0.0,-1.0
5637,2021-02-25,C_4mini_1box_hot,0,,1000,0.0,-1.0
5637,2021-02-25,D_3mini_1box_1straight,0,,1000,0.0,-1.0
5637,2021-02-25,E_3mini_1set_1straight_prev,0,,1000,0.0,-1.0
5637,2021-02-25,F_5mini_random,0,,1000,0.0,-1.0
5638,2021-02-26,A_5mini_hot,0,,1000,0.0,-1.0
5638,2021-02-26,B_5mini_unseen,0,,1000,0.0,-1.0
5638,2021-02-26,C_4mini_1box_hot,0,,1000,0.0,-1.0
5638,2021-02-26,D_3mini_1box_1straight,0,,1000,0.0,-1.0
5638,2021-02-26,E_3mini_1set_1straight_prev,0,,1000,0.0,-1.0
5638,2021-02-26,F_5mini_random,0,,1000,0.0,-1.0
5639,2021-03-01,A_5mini_hot,0,,1000,0.0,-1.0
5639,2021-03-01,B_5mini_unseen,0,,1000,0.0,-1.0
5639,2021-03-01,C_4mini_1box_hot,0,,1000,0.0,-1.0
5639,2021-03-01,D_3mini_1box_1straight,0,,1000,0.0,-1.0
5639,2021-03-01,E_3mini_1set_1straight_prev,0,,1000,0.0,-1.0
5639,2021-03-01,F_5mini_random,1,mini,1000,9000.0,8.0
5640,2021-03-02,A_5mini_hot,0,,1000,0.0,-1.0
5640,2021-03-02,B_5mini_unseen,0,,1000,0.0,-1.0
5640,2021-03-02,C_4mini_1box_hot,0,,1000,0.0,-1.0
5640,2021-03-02,D_3mini_1box_1straight,0,,1000,0.0,-1.0
5640,2021-03-02,E_3mini_1set_1straight_prev,0,,1000,0.0,-1.0
5640,2021-03-02,F_5mini_random,0,,1000,0.0,-1.0
5641,2021-03-03,A_5mini_hot,0,,1000,0.0,-1.0
5641,2021-03-03,B_5mini_unseen,0,,1000,0.0,-1.0
5641,2021-03-03,C_4mini_1box_hot,0,,1000,0.0,-1.0
5641,2021-03-03,D_3mini_1box_1straight,0,,1000,0.0,-1.0
5641,2021-03-03,E_3mini_1set_1straight_prev,0,,1000,0.0,-1.0
5641,2021-03-03,F_5mini_random,0,,1000,0.0,-1.0
5642,2021-03-04,A_5mini_hot,0,,1000,0.0,-1.0
5642,2021-03-04,B_5mini_unseen,0,,1000,0.0,-1.0
5642,2021-03-04,C_4mini_1box_hot,0,,1000,0.0,-1.0
5642,2021-03-04,D_3mini_1box_1straight,0,,1000,0.0,-1.0
5642,2021-03-04,E_3mini_1set_1straight_prev,0,,1000,0.0,-1.0
5642,2021-03-04,F_5mini_random,0,,1000,0.0,-1.0
5643,2021-03-05,A_5mini_hot,0,,1000,0.0,-1.0
5643,2021-03-05,B_5mini_unseen,0,,1000,0.0,-1.0
5643,2021-03-05,C_4mini_1box_hot,0,,1000,0.0,-1.0
5643,2021-03-05,D_3mini_1box_1straight,0,,1000,0.0,-1.0
5643,2021-03-05,E_3mini_1set_1straight_prev,1,mini,1000,9000.0,8.0
5643,2021-03-05,F_5mini_random,0,,1000,0.0,-1.0
5644,2021-03-08,A_5mini_hot,0,,1000,0.0,-1.0
5644,2021-03-08,B_5mini_unseen,0,,1000,0.0,-1.0
5644,2021-03-08,C_4mini_1box_hot,0,,1000,0.0,-1.0
5644,2021-03-08,D_3mini_1box_1straight,0,,1000,0.0,-1.0
5644,2021-03-08,E_3mini_1set_1straight_prev,0,,1000,0.0,-1.0
5644,2021-03-08,F_5mini_random,0,,1000,0.0,-1.0
5645,2021-03-09,A_5mini_hot,0,,1000,0.0,-1.0
5645,2021-03-09,B_5mini_unseen,1,mini,1000,9000.0,8.0
5645,2021-03-09,C_4mini_1box_hot,0,,1000,0.0,-1.0
5645,2021-03-09,D_3mini_1box_1straight,0,,1000,0.0,-1.0
5645,2021-03-09,E_3mini_1set_1straight_prev,0,,1000,0.0,-1.0
5645,2021-03-09,F_5mini_random,0,,1000,0.0,-1.0
5646,2021-03-10,A_5mini_hot,0,,1000,0.0,-1.0
5646,2021-03-10,B_5mini_unseen,0,,1000,0.0,-1.0
5646,2021-03-10,C_4mini_1box_hot,0,,1000,0.0,-1.0
5646,2021-03-10,D_3mini_1box_1straight,0,,1000,0.0,-1.0
5646,2021-03-10,E_3mini_1set_1straight_prev,0,,1000,0.0,-1.0
5646,2021-03-10,F_5mini_random,0,,1000,0.0,-1.0
5647,2021-03-11,A_5mini_hot,0,,1000,0.0,-1.0
5647,2021-03-11,B_5mini_unseen,0,,1000,0.0,-1.0
5647,2021-03-11,C_4mini_1box_hot,0,,1000,0.0,-1.0
5647,2021-03-11,D_3mini_1box_1straight,0,,1000,0.0,-1.0
5647,2021-03-11,E_3mini_1set_1straight_prev,0,,1000,0.0,-1.0
5647,2021-03-11,F_5mini_random,0,,1000,0.0,-1.0
5648,2021-03-12,A_5mini_hot,0,,1000,0.0,-1.0
5648,2021-03-12,B_5mini_unseen,0,,1000,0.0,-1.0
5648,2021-03-12,C_4mini_1box_hot,0,,1000,0.0,-1.0
5648,2021-03-12,D_3mini_1box_1straight,0,,1000,0.0,-1.0
5648,2021-03-12,E_3mini_1set_1straight_prev,0,,1000,0.0,-1.0
5648,2021-03-12,F_5mini_random,0,,1000,0.0,-1.0
5649,2021-03-15,A_5mini_hot,1,mini,1000,9000.0,8.0
5649,2021-03-15,B_5mini_unseen,0,,1000,0.0,-1.0
5649,2021-03-15,C_4mini_1box_hot,0,,1000,0.0,-1.0
5649,2021-03-15,D_3mini_1box_1straight,0,,1000,0.0,-1.0
5649,2021-03-15,E_3mini_1set_1straight_prev,0,,1000,0.0,-1.0
5649,2021-03-15,F_5mini_random,0,,1000,0.0,-1.0
5650,2021-03-16,A_5mini_hot,0,,1000,0.0,-1.0
5650,2021-03-16,B_5mini_unseen,0,,1000,0.0,-1.0
5650,2021-03-16,C_4mini_1box_hot,0,,1000,0.0,-1.0
5650,2021-03-16,D_3mini_1box_1straight,0,,1000,0.0,-1.0
5650,2021-03-16,E_3mini_1set_1straight_prev,0,,1000,0.0,-1.0
5650,2021-03-16,F_5mini_random,1,mini,1000,9000.0,8.0
5651,2021-03-17,A_5mini_hot,0,,1000,0.0,-1.0
5651,2021-03-17,B_5mini_unseen,0,,1000,0.0,-1.0
5651,2021-03-17,C_4mini_1box_hot,0,,1000,0.0,-1.0
5651,2021-03-17,D_3mini_1box_1straight,0,,1000,0.0,-1.0
5651,2021-03-17,E_3mini_1set_1straight_prev,0,,1000,0.0,-1.0
5651,2021-03-17,F_5mini_random,0,,1000,0.0,-1.0
5652,2021-03-18,A_5mini_hot,0,,1000,0.0,-1.0
5652,2021-03-18,B_5mini_unseen,0,,1000,0.0,-1.0
5652,2021-03-18,C_4mini_1box_hot,0,,1000,0.0,-1.0
5652,2021-03-18,D_3mini_1box_1straight,0,,1000,0.0,-1.0
5652,2021-03-18,E_3mini_1set_1straight_prev,0,,1000,0.0,-1.0
5652,2021-03-18,F_5mini_random,0,,1000,0.0,-1.0
5653,2021-03-19,A_5mini_hot,0,,1000,0.0,-1.0
5653,2021-03-19,B_5mini_unseen,0,,1000,0.0,-1.0
5653,2021-03-19,C_4mini_1box_hot,0,,1000,0.0,-1.0
5653,2021-03-19,D_3mini_1box_1straight,0,,1000,0.0,-1.0
5653,2021-03-19,E_3mini_1set_1straight_prev,0,,1000,0.0,-1.0
5653,2021-03-19,F_5mini_random,0,,1000,0.0,-1.0
5654,2021-03-22,A_5mini_hot,0,,1000,0.0,-1.0
5654,2021-03-22,B_5mini_unseen,0,,1000,0.0,-1.0
5654,2021-03-22,C_4mini_1box_hot,0,,1000,0.0,-1.0
5654,2021-03-22,D_3mini_1box_1straight,0,,1000,0.0,-1.0
5654,2021-03-22,E_3mini_1set_1straight_prev,0,,1000,0.0,-1.0
5654,2021-03-22,F_5mini_random,0,,1000,0.0,-1.0
5655,2021-03-23,A_5mini_hot,0,,1000,0.0,-1.0
5655,2021-03-23,B_5mini_unseen,0,,1000,0.0,-1.0
5655,2021-03-23,C_4mini_1box_hot,0,,1000,0.0,-1.0
5655,2021-03-23,D_3mini_1box_1straight,0,,1000,0.0,-1.0
5655,2021-03-23,E_3mini_1set_1straight_prev,0,,1000,0.0,-1.0
5655,2021-03-23,F_5mini_random,0,,1000,0.0,-1.0
5656,2021-03-24,A_5mini_hot,0,,1000,0.0,-1.0
5656,2021-03-24,B_5mini_unseen,0,,1000,0.0,-1.0
5656,2021-03-24,C_4mini_1box_hot,0,,1000,0.0,-1.0
5656,2021-03-24,D_3mini_1box_1straight,0,,1000,0.0,-1.0
5656,2021-03-24,E_3mini_1set_1straight_prev,0,,1000,0.0,-1.0
5656,2021-03-24,F_5mini_random,0,,1000,0.0,-1.0
5657,2021-03-25,A_5mini_hot,0,,1000,0.0,-1.0
5657,2021-03-25,B_5mini_unseen,0,,1000,0.0,-1.0
5657,2021-03-25,C_4mini_1box_hot,0,,1000,0.0,-1.0
5657,2021-03-25,D_3mini_1box_1straight,0,,1000,0.0,-1.0
5657,2021-03-25,E_3mini_1set_1straight_prev,0,,1000,0.0,-1.0
5657,2021-03-25,F_5mini_random,0,,1000,0.0,-1.0
5658,2021-03-26,A_5mini_hot,0,,1000,0.0,-1.0
5658,2021-03-26,B_5mini_unseen,0,,1000,0.0,-1.0
5658,2021-03-26,C_4mini_1box_hot,0,,1000,0.0,-1.0
5658,2021-03-26,D_3mini_1box_1straight,0,,1000,0.0,-1.0
5658,2021-03-26,E_3mini_1set_1straight_prev,0,,1000,0.0,-1.0
5658,2021-03-26,F_5mini_random,0,,1000,0.0,-1.0
5659,2021-03-29,A_5mini_hot,0,,1000,0.0,-1.0
5659,2021-03-29,B_5mini_unseen,0,,1000,0.0,-1.0
5659,2021-03-29,C_4mini_1box_hot,0,,1000,0.0,-1.0
5659,2021-03-29,D_3mini_1box_1straight,0,,1000,0.0,-1.0
5659,2021-03-29,E_3mini_1set_1straight_prev,0,,1000,0.0,-1.0
5659,2021-03-29,F_5mini_random,0,,1000,0.0,-1.0
5660,2021-03-30,A_5mini_hot,0,,1000,0.0,-1.0
5660,2021-03-30,B_5mini_unseen,0,,1000,0.0,-1.0
5660,2021-03-30,C_4mini_1box_hot,0,,1000,0.0,-1.0
5660,2021-03-30,D_3mini_1box_1straight,0,,1000,0.0,-1.0
5660,2021-03-30,E_3mini_1set_1straight_prev,0,,1000,0.0,-1.0
5660,2021-03-30,F_5mini_random,0,,1000,0.0,-1.0
5661,2021-03-31,A_5mini_hot,1,mini,1000,9000.0,8.0
5661,2021-03-31,B_5mini_unseen,0,,1000,0.0,-1.0
5661,2021-03-31,C_4mini_1box_hot,1,mini,1000,9000.0,8.0
5661,2021-03-31,D_3mini_1box_1straight,0,,1000,0.0,-1.0
5661,2021-03-31,E_3mini_1set_1straight_prev,0,,1000,0.0,-1.0
5661,2021-03-31,F_5mini_random,0,,1000,0.0,-1.0
5662,2021-04-01,A_5mini_hot,0,,1000,0.0,-1.0
5662,2021-04-01,B_5mini_unseen,0,,1000,0.0,-1.0
5662,2021-04-01,C_4mini_1box_hot,0,,1000,0.0,-1.0
5662,2021-04-01,D_3mini_1box_1straight,0,,1000,0.0,-1.0
5662,2021-04-01,E_3mini_1set_1straight_prev,0,,1000,0.0,-1.0
5662,2021-04-01,F_5mini_random,0,,1000,0.0,-1.0
5663,2021-04-02,A_5mini_hot,0,,1000,0.0,-1.0
5663,2021-04-02,B_5mini_unseen,0,,1000,0.0,-1.0
5663,2021-04-02,C_4mini_1box_hot,0,,1000,0.0,-1.0
5663,2021-04-02,D_3mini_1box_1straight,0,,1000,0.0,-1.0
5663,2021-04-02,E_3mini_1set_1straight_prev,0,,1000,0.0,-1.0
5663,2021-04-02,F_5mini_random,0,,1000,0.0,-1.0
5664,2021-04-05,A_5mini_hot,0,,1000,0.0,-1.0
5664,2021-04-05,B_5mini_unseen,0,,1000,0.0,-1.0
5664,2021-04-05,C_4mini_1box_hot,0,,1000,0.0,-1.0
5664,2021-04-05,D_3mini_1box_1straight,0,,1000,0.0,-1.0
5664,2021-04-05,E_3mini_1set_1straight_prev,0,,1000,0.0,-1.0
5664,2021-04-05,F_5mini_random,0,,1000,0.0,-1.0
5665,2021-04-06,A_5mini_hot,0,,1000,0.0,-1.0
5665,2021-04-06,B_5mini_unseen,0,,1000,0.0,-1.0
5665,2021-04-06,C_4mini_1box_hot,0,,1000,0.0,-1.0
5665,2021-04-06,D_3mini_1box_1straight,0,,1000,0.0,-1.0
5665,2021-04-06,E_3mini_1set_1straight_prev,0,,1000,0.0,-1.0
5665,2021-04-06,F_5mini_random,0,,1000,0.0,-1.0
5666,2021-04-07,A_5mini_hot,0,,1000,0.0,-1.0
5666,2021-04-07,B_5mini_unseen,0,,1000,0.0,-1.0
5666,2021-04-07,C_4mini_1box_hot,0,,1000,0.0,-1.0
5666,2021-04-07,D_3mini_1box_1straight,0,,1000,0.0,-1.0
5666,2021-04-07,E_3mini_1set_1straight_prev,0,,1000,0.0,-1.0
5666,2021-04-07,F_5mini_random,0,,1000,0.0,-1.0
5667,2021-04-08,A_5mini_hot,0,,1000,0.0,-1.0
5667,2021-04-08,B_5mini_unseen,0,,1000,0.0,-1.0
5667,2021-04-08,C_4mini_1box_hot,0,,1000,0.0,-1.0
5667,2021-04-08,D_3mini_1box_1straight,0,,1000,0.0,-1.0
5667,2021-04-08,E_3mini_1set_1straight_prev,0,,1000,0.0,-1.0
5667,2021-04-08,F_5mini_random,0,,1000,0.0,-1.0
5668,2021-04-09,A_5mini_hot,0,,1000,0.0,-1.0
5668,2021-04-09,B_5mini_unseen,0,,1000,0.0,-1.0
5668,2021-04-09,C_4mini_1box_hot,0,,1000,0.0,-1.0
5668,2021-04-09,D_3mini_1box_1straight,0,,1000,0.0,-1.0
5668,2021-04-09,E_3mini_1set_1straight_prev,0,,1000,0.0,-1.0
5668,2021-04-09,F_5mini_random,1,mini,1000,9000.0,8.0
5669,2021-04-12,A_5mini_hot,0,,1000,0.0,-1.0
5669,2021-04-12,B_5mini_unseen,0,,1000,0.0,-1.0
5669,2021-04-12,C_4mini_1box_hot,0,,1000,0.0,-1.0
5669,2021-04-12,D_3mini_1box_1straight,0,,1000,0.0,-1.0
5669,2021-04-12,E_3mini_1set_1straight_prev,0,,1000,0.0,-1.0
5669,2021-04-12,F_5mini_random,0,,1000,0.0,-1.0
5670,2021-04-13,A_5mini_hot,0,,1000,0.0,-1.0
5670,2021-04-13,B_5mini_unseen,0,,1000,0.0,-1.0
5670,2021-04-13,C_4mini_1box_hot,0,,1000,0.0,-1.0
5670,2021-04-13,D_3mini_1box_1straight,0,,1000,0.0,-1.0
5670,2021-04-13,E_3mini_1set_1straight_prev,0,,1000,0.0,-1.0
5670,2021-04-13,F_5mini_random,0,,1000,0.0,-1.0
5671,2021-04-14,A_5mini_hot,0,,1000,0.0,-1.0
5671,2021-04-14,B_5mini_unseen,0,,1000,0.0,-1.0
5671,2021-04-14,C_4mini_1box_hot,0,,1000,0.0,-1.0
5671,2021-04-14,D_3mini_1box_1straight,0,,1000,0.0,-1.0
5671,2021-04-14,E_3mini_1set_1straight_prev,0,,1000,0.0,-1.0
5671,2021-04-14,F_5mini_random,0,,1000,0.0,-1.0
5672,2021-04-15,A_5mini_hot,0,,1000,0.0,-1.0
5672,2021-04-15,B_5mini_unseen,0,,1000,0.0,-1.0
5672,2021-04-15,C_4mini_1box_hot,0,,1000,0.0,-1.0
5672,2021-04-15,D_3mini_1box_1straight,0,,1000,0.0,-1.0
5672,2021-04-15,E_3mini_1set_1straight_prev,0,,1000,0.0,-1.0
5672,2021-04-15,F_5mini_random,0,,1000,0.0,-1.0
5673,2021-04-16,A_5mini_hot,0,,1000,0.0,-1.0
5673,2021-04-16,B_5mini_unseen,0,,1000,0.0,-1.0
5673,2021-04-16,C_4mini_1box_hot,0,,1000,0.0,-1.0
5673,2021-04-16,D_3mini_1box_1straight,0,,1000,0.0,-1.0
5673,2021-04-16,E_3mini_1set_1straight_prev,0,,1000,0.0,-1.0
5673,2021-04-16,F_5mini_random,0,,1000,0.0,-1.0
5674,2021-04-19,A_5mini_hot,0,,1000,0.0,-1.0
5674,2021-04-19,B_5mini_unseen,0,,1000,0.0,-1.0
5674,2021-04-19,C_4mini_1box_hot,0,,1000,0.0,-1.0
5674,2021-04-19,D_3mini_1box_1straight,0,,1000,0.0,-1.0
5674,2021-04-19,E_3mini_1set_1straight_prev,0,,1000,0.0,-1.0
5674,2021-04-19,F_5mini_random,0,,1000,0.0,-1.0
5675,2021-04-20,A_5mini_hot,0,,1000,0.0,-1.0
5675,2021-04-20,B_5mini_unseen,0,,1000,0.0,-1.0
5675,2021-04-20,C_4mini_1box_hot,0,,1000,0.0,-1.0
5675,2021-04-20,D_3mini_1box_1straight,0,,1000,0.0,-1.0
5675,2021-04-20,E_3mini_1set_1straight_prev,0,,1000,0.0,-1.0
5675,2021-04-20,F_5mini_random,0,,1000,0.0,-1.0
5676,2021-04-21,A_5mini_hot,0,,1000,0.0,-1.0
5676,2021-04-21,B_5mini_unseen,0,,1000,0.0,-1.0
5676,2021-04-21,C_4mini_1box_hot,0,,1000,0.0,-1.0
5676,2021-04-21,D_3mini_1box_1straight,0,,1000,0.0,-1.0
5676,2021-04-21,E_3mini_1set_1straight_prev,0,,1000,0.0,-1.0
5676,2021-04-21,F_5mini_random,0,,1000,0.0,-1.0
5677,2021-04-22,A_5mini_hot,1,mini,1000,9000.0,8.0
5677,2021-04-22,B_5mini_unseen,0,,1000,0.0,-1.0
5677,2021-04-22,C_4mini_1box_hot,0,,1000,0.0,-1.0
5677,2021-04-22,D_3mini_1box_1straight,0,,1000,0.0,-1.0
5677,2021-04-22,E_3mini_1set_1straight_prev,0,,1000,0.0,-1.0
5677,2021-04-22,F_5mini_random,0,,1000,0.0,-1.0
5678,2021-04-23,A_5mini_hot,0,,1000,0.0,-1.0
5678,2021-04-23,B_5mini_unseen,0,,1000,0.0,-1.0
5678,2021-04-23,C_4mini_1box_hot,0,,1000,0.0,-1.0
5678,2021-04-23,D_3mini_1box_1straight,0,,1000,0.0,-1.0
5678,2021-04-23,E_3mini_1set_1straight_prev,0,,1000,0.0,-1.0
5678,2021-04-23,F_5mini_random,0,,1000,0.0,-1.0
5679,2021-04-26,A_5mini_hot,0,,1000,0.0,-1.0
5679,2021-04-26,B_5mini_unseen,0,,1000,0.0,-1.0
5679,2021-04-26,C_4mini_1box_hot,0,,1000,0.0,-1.0
5679,2021-04-26,D_3mini_1box_1straight,0,,1000,0.0,-1.0
5679,2021-04-26,E_3mini_1set_1straight_prev,0,,1000,0.0,-1.0
5679,2021-04-26,F_5mini_random,0,,1000,0.0,-1.0
5680,2021-04-27,A_5mini_hot,0,,1000,0.0,-1.0
5680,2021-04-27,B_5mini_unseen,0,,1000,0.0,-1.0
5680,2021-04-27,C_4mini_1box_hot,0,,1000,0.0,-1.0
5680,2021-04-27,D_3mini_1box_1straight,0,,1000,0.0,-1.0
5680,2021-04-27,E_3mini_1set_1straight_prev,0,,1000,0.0,-1.0
5680,2021-04-27,F_5mini_random,0,,1000,0.0,-1.0
5681,2021-04-28,A_5mini_hot,0,,1000,0.0,-1.0
5681,2021-04-28,B_5mini_unseen,0,,1000,0.0,-1.0
5681,2021-04-28,C_4mini_1box_hot,0,,1000,0.0,-1.0
5681,2021-04-28,D_3mini_1box_1straight,0,,1000,0.0,-1.0
5681,2021-04-28,E_3mini_1set_1straight_prev,0,,1000,0.0,-1.0
5681,2021-04-28,F_5mini_random,0,,1000,0.0,-1.0
5682,2021-04-29,A_5mini_hot,0,,1000,0.0,-1.0
5682,2021-04-29,B_5mini_unseen,0,,1000,0.0,-1.0
5682,2021-04-29,C_4mini_1box_hot,0,,1000,0.0,-1.0
5682,2021-04-29,D_3mini_1box_1straight,0,,1000,0.0,-1.0
5682,2021-04-29,E_3mini_1set_1straight_prev,0,,1000,0.0,-1.0
5682,2021-04-29,F_5mini_random,0,,1000,0.0,-1.0
5683,2021-04-30,A_5mini_hot,0,,1000,0.0,-1.0
5683,2021-04-30,B_5mini_unseen,0,,1000,0.0,-1.0
5683,2021-04-30,C_4mini_1box_hot,0,,1000,0.0,-1.0
5683,2021-04-30,D_3mini_1box_1straight,0,,1000,0.0,-1.0
5683,2021-04-30,E_3mini_1set_1straight_prev,0,,1000,0.0,-1.0
5683,2021-04-30,F_5mini_random,0,,1000,0.0,-1.0
5684,2021-05-03,A_5mini_hot,0,,1000,0.0,-1.0
5684,2021-05-03,B_5mini_unseen,0,,1000,0.0,-1.0
5684,2021-05-03,C_4mini_1box_hot,0,,1000,0.0,-1.0
5684,2021-05-03,D_3mini_1box_1straight,0,,1000,0.0,-1.0
5684,2021-05-03,E_3mini_1set_1straight_prev,0,,1000,0.0,-1.0
5684,2021-05-03,F_5mini_random,0,,1000,0.0,-1.0
5685,2021-05-04,A_5mini_hot,0,,1000,0.0,-1.0
5685,2021-05-04,B_5mini_unseen,0,,1000,0.0,-1.0
5685,2021-05-04,C_4mini_1box_hot,0,,1000,0.0,-1.0
5685,2021-05-04,D_3mini_1box_1straight,0,,1000,0.0,-1.0
5685,2021-05-04,E_3mini_1set_1straight_prev,0,,1000,0.0,-1.0
5685,2021-05-04,F_5mini_random,0,,1000,0.0,-1.0
5686,2021-05-05,A_5mini_hot,0,,1000,0.0,-1.0
5686,2021-05-05,B_5mini_unseen,0,,1000,0.0,-1.0
5686,2021-05-05,C_4mini_1box_hot,0,,1000,0.0,-1.0
5686,2021-05-05,D_3mini_1box_1straight,0,,1000,0.0,-1.0
5686,2021-05-05,E_3mini_1set_1straight_prev,0,,1000,0.0,-1.0
5686,2021-05-05,F_5mini_random,0,,1000,0.0,-1.0
5687,2021-05-06,A_5mini_hot,0,,1000,0.0,-1.0
5687,2021-05-06,B_5mini_unseen,0,,1000,0.0,-1.0
5687,2021-05-06,C_4mini_1box_hot,0,,1000,0.0,-1.0
5687,2021-05-06,D_3mini_1box_1straight,0,,1000,0.0,-1.0
5687,2021-05-06,E_3mini_1set_1straight_prev,0,,1000,0.0,-1.0
5687,2021-05-06,F_5mini_random,0,,1000,0.0,-1.0
5688,2021-05-07,A_5mini_hot,0,,1000,0.0,-1.0
5688,2021-05-07,B_5mini_unseen,0,,1000,0.0,-1.0
5688,2021-05-07,C_4mini_1box_hot,0,,1000,0.0,-1.0
5688,2021-05-07,D_3mini_1box_1straight,0,,1000,0.0,-1.0
5688,2021-05-07,E_3mini_1set_1straight_prev,0,,1000,0.0,-1.0
5688,2021-05-07,F_5mini_random,0,,1000,0.0,-1.0
5689,2021-05-10,A_5mini_hot,0,,1000,0.0,-1.0
5689,2021-05-10,B_5mini_unseen,0,,1000,0.0,-1.0
5689,2021-05-10,C_4mini_1box_hot,0,,1000,0.0,-1.0
5689,2021-05-10,D_3mini_1box_1straight,0,,1000,0.0,-1.0
5689,2021-05-10,E_3mini_1set_1straight_prev,0,,1000,0.0,-1.0
5689,2021-05-10,F_5mini_random,0,,1000,0.0,-1.0
5690,2021-05-11,A_5mini_hot,0,,1000,0.0,-1.0
5690,2021-05-11,B_5mini_unseen,0,,1000,0.0,-1.0
5690,2021-05-11,C_4mini_1box_hot,0,,1000,0.0,-1.0
5690,2021-05-11,D_3mini_1box_1straight,0,,1000,0.0,-1.0
5690,2021-05-11,E_3mini_1set_1straight_prev,0,,1000,0.0,-1.0
5690,2021-05-11,F_5mini_random,0,,1000,0.0,-1.0
5691,2021-05-12,A_5mini_hot,0,,1000,0.0,-1.0
5691,2021-05-12,B_5mini_unseen,0,,1000,0.0,-1.0
5691,2021-05-12,C_4mini_1box_hot,0,,1000,0.0,-1.0
5691,2021-05-12,D_3mini_1box_1straight,0,,1000,0.0,-1.0
5691,2021-05-12,E_3mini_1set_1straight_prev,0,,1000,0.0,-1.0
5691,2021-05-12,F_5mini_random,0,,1000,0.0,-1.0
5692,2021-05-13,A_5mini_hot,0,,1000,0.0,-1.0
5692,2021-05-13,B_5mini_unseen,0,,1000,0.0,-1.0
5692,2021-05-13,C_4mini_1box_hot,0,,1000,0.0,-1.0
5692,2021-05-13,D_3mini_1box_1straight,0,,1000,0.0,-1.0
5692,2021-05-13,E_3mini_1set_1straight_prev,0,,1000,0.0,-1.0
5692,2021-05-13,F_5mini_random,0,,1000,0.0,-1.0
5693,2021-05-14,A_5mini_hot,0,,1000,0.0,-1.0
5693,2021-05-14,B_5mini_unseen,0,,1000,0.0,-1.0
5693,2021-05-14,C_4mini_1box_hot,0,,1000,0.0,-1.0
5693,2021-05-14,D_3mini_1box_1straight,0,,1000,0.0,-1.0
5693,2021-05-14,E_3mini_1set_1straight_prev,0,,1000,0.0,-1.0
5693,2021-05-14,F_5mini_random,0,,1000,0.0,-1.0
5694,2021-05-17,A_5mini_hot,0,,1000,0.0,-1.0
5694,2021-05-17,B_5mini_unseen,0,,1000,0.0,-1.0
5694,2021-05-17,C_4mini_1box_hot,0,,1000,0.0,-1.0
5694,2021-05-17,D_3mini_1box_1straight,0,,1000,0.0,-1.0
5694,2021-05-17,E_3mini_1set_1straight_prev,0,,1000,0.0,-1.0
5694,2021-05-17,F_5mini_random,0,,1000,0.0,-1.0
5695,2021-05-18,A_5mini_hot,0,,1000,0.0,-1.0
5695,2021-05-18,B_5mini_unseen,0,,1000,0.0,-1.0
5695,2021-05-18,C_4mini_1box_hot,0,,1000,0.0,-1.0
5695,2021-05-18,D_3mini_1box_1straight,0,,1000,0.0,-1.0
5695,2021-05-18,E_3mini_1set_1straight_prev,0,,1000,0.0,-1.0
5695,2021-05-18,F_5mini_random,0,,1000,0.0,-1.0
5696,2021-05-19,A_5mini_hot,1,mini,1000,9000.0,8.0
5696,2021-05-19,B_5mini_unseen,0,,1000,0.0,-1.0
5696,2021-05-19,C_4mini_1box_hot,0,,1000,0.0,-1.0
5696,2021-05-19,D_3mini_1box_1straight,0,,1000,0.0,-1.0
5696,2021-05-19,E_3mini_1set_1straight_prev,0,,1000,0.0,-1.0
5696,2021-05-19,F_5mini_random,0,,1000,0.0,-1.0
5697,2021-05-20,A_5mini_hot,0,,1000,0.0,-1.0
5697,2021-05-20,B_5mini_unseen,0,,1000,0.0,-1.0
5697,2021-05-20,C_4mini_1box_hot,0,,1000,0.0,-1.0
5697,2021-05-20,D_3mini_1box_1straight,0,,1000,0.0,-1.0
5697,2021-05-20,E_3mini_1set_1straight_prev,0,,1000,0.0,-1.0
5697,2021-05-20,F_5mini_random,0,,1000,0.0,-1.0
5698,2021-05-21,A_5mini_hot,0,,1000,0.0,-1.0
5698,2021-05-21,B_5mini_unseen,0,,1000,0.0,-1.0
5698,2021-05-21,C_4mini_1box_hot,0,,1000,0.0,-1.0
5698,2021-05-21,D_3mini_1box_1straight,0,,1000,0.0,-1.0
5698,2021-05-21,E_3mini_1set_1straight_prev,0,,1000,0.0,-1.0
5698,2021-05-21,F_5mini_random,0,,1000,0.0,-1.0
5699,2021-05-24,A_5mini_hot,0,,1000,0.0,-1.0
5699,2021-05-24,B_5mini_unseen,0,,1000,0.0,-1.0
5699,2021-05-24,C_4mini_1box_hot,0,,1000,0.0,-1.0
5699,2021-05-24,D_3mini_1box_1straight,0,,1000,0.0,-1.0
5699,2021-05-24,E_3mini_1set_1straight_prev,0,,1000,0.0,-1.0
5699,2021-05-24,F_5mini_random,0,,1000,0.0,-1.0
5700,2021-05-25,A_5mini_hot,0,,1000,0.0,-1.0
5700,2021-05-25,B_5mini_unseen,0,,1000,0.0,-1.0
5700,2021-05-25,C_4mini_1box_hot,0,,1000,0.0,-1.0
5700,2021-05-25,D_3mini_1box_1straight,0,,1000,0.0,-1.0
5700,2021-05-25,E_3mini_1set_1straight_prev,0,,1000,0.0,-1.0
5700,2021-05-25,F_5mini_random,0,,1000,0.0,-1.0
5701,2021-05-26,A_5mini_hot,0,,1000,0.0,-1.0
5701,2021-05-26,B_5mini_unseen,0,,1000,0.0,-1.0
5701,2021-05-26,C_4mini_1box_hot,0,,1000,0.0,-1.0
5701,2021-05-26,D_3mini_1box_1straight,0,,1000,0.0,-1.0
5701,2021-05-26,E_3mini_1set_1straight_prev,0,,1000,0.0,-1.0
5701,2021-05-26,F_5mini_random,0,,1000,0.0,-1.0
5702,2021-05-27,A_5mini_hot,0,,1000,0.0,-1.0
5702,2021-05-27,B_5mini_unseen,0,,1000,0.0,-1.0
5702,2021-05-27,C_4mini_1box_hot,0,,1000,0.0,-1.0
5702,2021-05-27,D_3mini_1box_1straight,0,,1000,0.0,-1.0
5702,2021-05-27,E_3mini_1set_1straight_prev,0,,1000,0.0,-1.0
5702,2021-05-27,F_5mini_random,0,,1000,0.0,-1.0
5703,2021-05-28,A_5mini_hot,0,,1000,0.0,-1.0
5703,2021-05-28,B_5mini_unseen,0,,1000,0.0,-1.0
5703,2021-05-28,C_4mini_1box_hot,0,,1000,0.0,-1.0
5703,2021-05-28,D_3mini_1box_1straight,0,,1000,0.0,-1.0
5703,2021-05-28,E_3mini_1set_1straight_prev,0,,1000,0.0,-1.0
5703,2021-05-28,F_5mini_random,0,,1000,0.0,-1.0
5704,2021-05-31,A_5mini_hot,0,,1000,0.0,-1.0
5704,2021-05-31,B_5mini_unseen,0,,1000,0.0,-1.0
5704,2021-05-31,C_4mini_1box_hot,0,,1000,0.0,-1.0
5704,2021-05-31,D_3mini_1box_1straight,0,,1000,0.0,-1.0
5704,2021-05-31,E_3mini_1set_1straight_prev,1,mini,1000,9000.0,8.0
5704,2021-05-31,F_5mini_random,0,,1000,0.0,-1.0
5705,2021-06-01,A_5mini_hot,0,,1000,0.0,-1.0
5705,2021-06-01,B_5mini_unseen,0,,1000,0.0,-1.0
5705,2021-06-01,C_4mini_1box_hot,0,,1000,0.0,-1.0
5705,2021-06-01,D_3mini_1box_1straight,0,,1000,0.0,-1.0
5705,2021-06-01,E_3mini_1set_1straight_prev,0,,1000,0.0,-1.0
5705,2021-06-01,F_5mini_random,0,,1000,0.0,-1.0
5706,2021-06-02,A_5mini_hot,1,mini,1000,9000.0,8.0
5706,2021-06-02,B_5mini_unseen,0,,1000,0.0,-1.0
5706,2021-06-02,C_4mini_1box_hot,1,mini,1000,9000.0,8.0
5706,2021-06-02,D_3mini_1box_1straight,0,,1000,0.0,-1.0
5706,2021-06-02,E_3mini_1set_1straight_prev,0,,1000,0.0,-1.0
5706,2021-06-02,F_5mini_random,0,,1000,0.0,-1.0
5707,2021-06-03,A_5mini_hot,0,,1000,0.0,-1.0
5707,2021-06-03,B_5mini_unseen,0,,1000,0.0,-1.0
5707,2021-06-03,C_4mini_1box_hot,0,,1000,0.0,-1.0
5707,2021-06-03,D_3mini_1box_1straight,0,,1000,0.0,-1.0
5707,2021-06-03,E_3mini_1set_1straight_prev,0,,1000,0.0,-1.0
5707,2021-06-03,F_5mini_random,1,mini,1000,9000.0,8.0
5708,2021-06-04,A_5mini_hot,0,,1000,0.0,-1.0
5708,2021-06-04,B_5mini_unseen,0,,1000,0.0,-1.0
5708,2021-06-04,C_4mini_1box_hot,0,,1000,0.0,-1.0
5708,2021-06-04,D_3mini_1box_1straight,0,,1000,0.0,-1.0
5708,2021-06-04,E_3mini_1set_1straight_prev,0,,1000,0.0,-1.0
5708,2021-06-04,F_5mini_random,0,,1000,0.0,-1.0
5709,2021-06-07,A_5mini_hot,0,,1000,0.0,-1.0
5709,2021-06-07,B_5mini_unseen,0,,1000,0.0,-1.0
5709,2021-06-07,C_4mini_1box_hot,0,,1000,0.0,-1.0
5709,2021-06-07,D_3mini_1box_1straight,0,,1000,0.0,-1.0
5709,2021-06-07,E_3mini_1set_1straight_prev,0,,1000,0.0,-1.0
5709,2021-06-07,F_5mini_random,0,,1000,0.0,-1.0
5710,2021-06-08,A_5mini_hot,0,,1000,0.0,-1.0
5710,2021-06-08,B_5mini_unseen,0,,1000,0.0,-1.0
5710,2021-06-08,C_4mini_1box_hot,0,,1000,0.0,-1.0
5710,2021-06-08,D_3mini_1box_1straight,0,,1000,0.0,-1.0
5710,2021-06-08,E_3mini_1set_1straight_prev,0,,1000,0.0,-1.0
5710,2021-06-08,F_5mini_random,0,,1000,0.0,-1.0
5711,2021-06-09,A_5mini_hot,0,,1000,0.0,-1.0
5711,2021-06-09,B_5mini_unseen,0,,1000,0.0,-1.0
5711,2021-06-09,C_4mini_1box_hot,0,,1000,0.0,-1.0
5711,2021-06-09,D_3mini_1box_1straight,0,,1000,0.0,-1.0
5711,2021-06-09,E_3mini_1set_1straight_prev,0,,1000,0.0,-1.0
5711,2021-06-09,F_5mini_random,0,,1000,0.0,-1.0
5712,2021-06-10,A_5mini_hot,0,,1000,0.0,-1.0
5712,2021-06-10,B_5mini_unseen,0,,1000,0.0,-1.0
5712,2021-06-10,C_4mini_1box_hot,0,,1000,0.0,-1.0
5712,2021-06-10,D_3mini_1box_1straight,0,,1000,0.0,-1.0
5712,2021-06-10,E_3mini_1set_1straight_prev,0,,1000,0.0,-1.0
5712,2021-06-10,F_5mini_random,0,,1000,0.0,-1.0
5713,2021-06-11,A_5mini_hot,0,,1000,0.0,-1.0
5713,2021-06-11,B_5mini_unseen,0,,1000,0.0,-1.0
5713,2021-06-11,C_4mini_1box_hot,0,,1000,0.0,-1.0
5713,2021-06-11,D_3mini_1box_1straight,0,,1000,0.0,-1.0
5713,2021-06-11,E_3mini_1set_1straight_prev,0,,1000,0.0,-1.0
5713,2021-06-11,F_5mini_random,1,mini,1000,9000.0,8.0
5714,2021-06-14,A_5mini_hot,0,,1000,0.0,-1.0
5714,2021-06-14,B_5mini_unseen,1,mini,1000,9000.0,8.0
5714,2021-06-14,C_4mini_1box_hot,0,,1000,0.0,-1.0
5714,2021-06-14,D_3mini_1box_1straight,0,,1000,0.0,-1.0
5714,2021-06-14,E_3mini_1set_1straight_prev,0,,1000,0.0,-1.0
5714,2021-06-14,F_5mini_random,0,,1000,0.0,-1.0
5715,2021-06-15,A_5mini_hot,0,,1000,0.0,-1.0
5715,2021-06-15,B_5mini_unseen,0,,1000,0.0,-1.0
5715,2021-06-15,C_4mini_1box_hot,0,,1000,0.0,-1.0
5715,2021-06-15,D_3mini_1box_1straight,0,,1000,0.0,-1.0
5715,2021-06-15,E_3mini_1set_1straight_prev,0,,1000,0.0,-1.0
5715,2021-06-15,F_5mini_random,0,,1000,0.0,-1.0
5716,2021-06-16,A_5mini_hot,1,mini,1000,9000.0,8.0
5716,2021-06-16,B_5mini_unseen,0,,1000,0.0,-1.0
5716,2021-06-16,C_4mini_1box_hot,0,,1000,0.0,-1.0
5716,2021-06-16,D_3mini_1box_1straight,0,,1000,0.0,-1.0
5716,2021-06-16,E_3mini_1set_1straight_prev,0,,1000,0.0,-1.0
5716,2021-06-16,F_5mini_random,0,,1000,0.0,-1.0
5717,2021-06-17,A_5mini_hot,0,,1000,0.0,-1.0
5717,2021-06-17,B_5mini_unseen,0,,1000,0.0,-1.0
5717,2021-06-17,C_4mini_1box_hot,0,,1000,0.0,-1.0
5717,2021-06-17,D_3mini_1box_1straight,0,,1000,0.0,-1.0
5717,2021-06-17,E_3mini_1set_1straight_prev,0,,1000,0.0,-1.0
5717,2021-06-17,F_5mini_random,0,,1000,0.0,-1.0
5718,2021-06-18,A_5mini_hot,0,,1000,0.0,-1.0
5718,2021-06-18,B_5mini_unseen,0,,1000,0.0,-1.0
5718,2021-06-18,C_4mini_1box_hot,0,,1000,0.0,-1.0
5718,2021-06-18,D_3mini_1box_1straight,0,,1000,0.0,-1.0
5718,2021-06-18,E_3mini_1set_1straight_prev,0,,1000,0.0,-1.0
5718,2021-06-18,F_5mini_random,0,,1000,0.0,-1.0
5719,2021-06-21,A_5mini_hot,0,,1000,0.0,-1.0
5719,2021-06-21,B_5mini_unseen,0,,1000,0.0,-1.0
5719,2021-06-21,C_4mini_1box_hot,0,,1000,0.0,-1.0
5719,2021-06-21,D_3mini_1box_1straight,0,,1000,0.0,-1.0
5719,2021-06-21,E_3mini_1set_1straight_prev,0,,1000,0.0,-1.0
5719,2021-06-21,F_5mini_random,0,,1000,0.0,-1.0
5720,2021-06-22,A_5mini_hot,0,,1000,0.0,-1.0
5720,2021-06-22,B_5mini_unseen,1,mini,1000,9000.0,8.0
5720,2021-06-22,C_4mini_1box_hot,0,,1000,0.0,-1.0
5720,2021-06-22,D_3mini_1box_1straight,0,,1000,0.0,-1.0
5720,2021-06-22,E_3mini_1set_1straight_prev,0,,1000,0.0,-1.0
5720,2021-06-22,F_5mini_random,0,,1000,0.0,-1.0
5721,2021-06-23,A_5mini_hot,0,,1000,0.0,-1.0
5721,2021-06-23,B_5mini_unseen,0,,1000,0.0,-1.0
5721,2021-06-23,C_4mini_1box_hot,0,,1000,0.0,-1.0
5721,2021-06-23,D_3mini_1box_1straight,0,,1000,0.0,-1.0
5721,2021-06-23,E_3mini_1set_1straight_prev,0,,1000,0.0,-1.0
5721,2021-06-23,F_5mini_random,0,,1000,0.0,-1.0
5722,2021-06-24,A_5mini_hot,1,mini,1000,9000.0,8.0
5722,2021-06-24,B_5mini_unseen,0,,1000,0.0,-1.0
5722,2021-06-24,C_4mini_1box_hot,1,mini,1000,9000.0,8.0
5722,2021-06-24,D_3mini_1box_1straight,1,mini,1000,9000.0,8.0
5722,2021-06-24,E_3mini_1set_1straight_prev,1,mini,1000,9000.0,8.0
5722,2021-06-24,F_5mini_random,0,,1000,0.0,-1.0
5723,2021-06-25,A_5mini_hot,0,,1000,0.0,-1.0
5723,2021-06-25,B_5mini_unseen,0,,1000,0.0,-1.0
5723,2021-06-25,C_4mini_1box_hot,0,,1000,0.0,-1.0
5723,2021-06-25,D_3mini_1box_1straight,0,,1000,0.0,-1.0
5723,2021-06-25,E_3mini_1set_1straight_prev,0,,1000,0.0,-1.0
5723,2021-06-25,F_5mini_random,0,,1000,0.0,-1.0
5724,2021-06-28,A_5mini_hot,0,,1000,0.0,-1.0
5724,2021-06-28,B_5mini_unseen,0,,1000,0.0,-1.0
5724,2021-06-28,C_4mini_1box_hot,0,,1000,0.0,-1.0
5724,2021-06-28,D_3mini_1box_1straight,0,,1000,0.0,-1.0
5724,2021-06-28,E_3mini_1set_1straight_prev,0,,1000,0.0,-1.0
5724,2021-06-28,F_5mini_random,0,,1000,0.0,-1.0
5725,2021-06-29,A_5mini_hot,0,,1000,0.0,-1.0
5725,2021-06-29,B_5mini_unseen,0,,1000,0.0,-1.0
5725,2021-06-29,C_4mini_1box_hot,0,,1000,0.0,-1.0
5725,2021-06-29,D_3mini_1box_1straight,0,,1000,0.0,-1.0
5725,2021-06-29,E_3mini_1set_1straight_prev,0,,1000,0.0,-1.0
5725,2021-06-29,F_5mini_random,0,,1000,0.0,-1.0
5726,2021-06-30,A_5mini_hot,0,,1000,0.0,-1.0
5726,2021-06-30,B_5mini_unseen,0,,1000,0.0,-1.0
5726,2021-06-30,C_4mini_1box_hot,0,,1000,0.0,-1.0
5726,2021-06-30,D_3mini_1box_1straight,0,,1000,0.0,-1.0
5726,2021-06-30,E_3mini_1set_1straight_prev,0,,1000,0.0,-1.0
5726,2021-06-30,F_5mini_random,0,,1000,0.0,-1.0
5727,2021-07-01,A_5mini_hot,0,,1000,0.0,-1.0
5727,2021-07-01,B_5mini_unseen,0,,1000,0.0,-1.0
5727,2021-07-01,C_4mini_1box_hot,0,,1000,0.0,-1.0
5727,2021-07-01,D_3mini_1box_1straight,0,,1000,0.0,-1.0
5727,2021-07-01,E_3mini_1set_1straight_prev,0,,1000,0.0,-1.0
5727,2021-07-01,F_5mini_random,0,,1000,0.0,-1.0
5728,2021-07-02,A_5mini_hot,0,,1000,0.0,-1.0
5728,2021-07-02,B_5mini_unseen,0,,1000,0.0,-1.0
5728,2021-07-02,C_4mini_1box_hot,0,,1000,0.0,-1.0
5728,2021-07-02,D_3mini_1box_1straight,0,,1000,0.0,-1.0
5728,2021-07-02,E_3mini_1set_1straight_prev,0,,1000,0.0,-1.0
5728,2021-07-02,F_5mini_random,0,,1000,0.0,-1.0
5729,2021-07-05,A_5mini_hot,0,,1000,0.0,-1.0
5729,2021-07-05,B_5mini_unseen,0,,1000,0.0,-1.0
5729,2021-07-05,C_4mini_1box_hot,0,,1000,0.0,-1.0
5729,2021-07-05,D_3mini_1box_1straight,0,,1000,0.0,-1.0
5729,2021-07-05,E_3mini_1set_1straight_prev,0,,1000,0.0,-1.0
5729,2021-07-05,F_5mini_random,0,,1000,0.0,-1.0
5730,2021-07-06,A_5mini_hot,0,,1000,0.0,-1.0
5730,2021-07-06,B_5mini_unseen,0,,1000,0.0,-1.0
5730,2021-07-06,C_4mini_1box_hot,0,,1000,0.0,-1.0
5730,2021-07-06,D_3mini_1box_1straight,0,,1000,0.0,-1.0
5730,2021-07-06,E_3mini_1set_1straight_prev,0,,1000,0.0,-1.0
5730,2021-07-06,F_5mini_random,0,,1000,0.0,-1.0
5731,2021-07-07,A_5mini_hot,0,,1000,0.0,-1.0
5731,2021-07-07,B_5mini_unseen,0,,1000,0.0,-1.0
5731,2021-07-07,C_4mini_1box_hot,0,,1000,0.0,-1.0
5731,2021-07-07,D_3mini_1box_1straight,0,,1000,0.0,-1.0
5731,2021-07-07,E_3mini_1set_1straight_prev,0,,1000,0.0,-1.0
5731,2021-07-07,F_5mini_random,0,,1000,0.0,-1.0
5732,2021-07-08,A_5mini_hot,0,,1000,0.0,-1.0
5732,2021-07-08,B_5mini_unseen,0,,1000,0.0,-1.0
5732,2021-07-08,C_4mini_1box_hot,0,,1000,0.0,-1.0
5732,2021-07-08,D_3mini_1box_1straight,0,,1000,0.0,-1.0
5732,2021-07-08,E_3mini_1set_1straight_prev,0,,1000,0.0,-1.0
5732,2021-07-08,F_5mini_random,1,mini,1000,9000.0,8.0
5733,2021-07-09,A_5mini_hot,0,,1000,0.0,-1.0
5733,2021-07-09,B_5mini_unseen,0,,1000,0.0,-1.0
5733,2021-07-09,C_4mini_1box_hot,0,,1000,0.0,-1.0
5733,2021-07-09,D_3mini_1box_1straight,0,,1000,0.0,-1.0
5733,2021-07-09,E_3mini_1set_1straight_prev,0,,1000,0.0,-1.0
5733,2021-07-09,F_5mini_random,0,,1000,0.0,-1.0
5734,2021-07-12,A_5mini_hot,0,,1000,0.0,-1.0
5734,2021-07-12,B_5mini_unseen,0,,1000,0.0,-1.0
5734,2021-07-12,C_4mini_1box_hot,0,,1000,0.0,-1.0
5734,2021-07-12,D_3mini_1box_1straight,0,,1000,0.0,-1.0
5734,2021-07-12,E_3mini_1set_1straight_prev,0,,1000,0.0,-1.0
5734,2021-07-12,F_5mini_random,0,,1000,0.0,-1.0
5735,2021-07-13,A_5mini_hot,0,,1000,0.0,-1.0
5735,2021-07-13,B_5mini_unseen,0,,1000,0.0,-1.0
5735,2021-07-13,C_4mini_1box_hot,0,,1000,0.0,-1.0
5735,2021-07-13,D_3mini_1box_1straight,0,,1000,0.0,-1.0
5735,2021-07-13,E_3mini_1set_1straight_prev,0,,1000,0.0,-1.0
5735,2021-07-13,F_5mini_random,0,,1000,0.0,-1.0
5736,2021-07-14,A_5mini_hot,0,,1000,0.0,-1.0
5736,2021-07-14,B_5mini_unseen,0,,1000,0.0,-1.0
5736,2021-07-14,C_4mini_1box_hot,0,,1000,0.0,-1.0
5736,2021-07-14,D_3mini_1box_1straight,0,,1000,0.0,-1.0
5736,2021-07-14,E_3mini_1set_1straight_prev,0,,1000,0.0,-1.0
5736,2021-07-14,F_5mini_random,0,,1000,0.0,-1.0
5737,2021-07-15,A_5mini_hot,0,,1000,0.0,-1.0
5737,2021-07-15,B_5mini_unseen,0,,1000,0.0,-1.0
5737,2021-07-15,C_4mini_1box_hot,0,,1000,0.0,-1.0
5737,2021-07-15,D_3mini_1box_1straight,0,,1000,0.0,-1.0
5737,2021-07-15,E_3mini_1set_1straight_prev,0,,1000,0.0,-1.0
5737,2021-07-15,F_5mini_random,0,,1000,0.0,-1.0
5738,2021-07-16,A_5mini_hot,0,,1000,0.0,-1.0
5738,2021-07-16,B_5mini_unseen,0,,1000,0.0,-1.0
5738,2021-07-16,C_4mini_1box_hot,0,,1000,0.0,-1.0
5738,2021-07-16,D_3mini_1box_1straight,0,,1000,0.0,-1.0
5738,2021-07-16,E_3mini_1set_1straight_prev,0,,1000,0.0,-1.0
5738,2021-07-16,F_5mini_random,0,,1000,0.0,-1.0
5739,2021-07-19,A_5mini_hot,0,,1000,0.0,-1.0
5739,2021-07-19,B_5mini_unseen,0,,1000,0.0,-1.0
5739,2021-07-19,C_4mini_1box_hot,0,,1000,0.0,-1.0
5739,2021-07-19,D_3mini_1box_1straight,0,,1000,0.0,-1.0
5739,2021-07-19,E_3mini_1set_1straight_prev,0,,1000,0.0,-1.0
5739,2021-07-19,F_5mini_random,0,,1000,0.0,-1.0
5740,2021-07-20,A_5mini_hot,0,,1000,0.0,-1.0
5740,2021-07-20,B_5mini_unseen,0,,1000,0.0,-1.0
5740,2021-07-20,C_4mini_1box_hot,0,,1000,0.0,-1.0
5740,2021-07-20,D_3mini_1box_1straight,0,,1000,0.0,-1.0
5740,2021-07-20,E_3mini_1set_1straight_prev,0,,1000,0.0,-1.0
5740,2021-07-20,F_5mini_random,0,,1000,0.0,-1.0
5741,2021-07-21,A_5mini_hot,0,,1000,0.0,-1.0
5741,2021-07-21,B_5mini_unseen,1,mini,1000,9000.0,8.0
5741,2021-07-21,C_4mini_1box_hot,0,,1000,0.0,-1.0
5741,2021-07-21,D_3mini_1box_1straight,0,,1000,0.0,-1.0
5741,2021-07-21,E_3mini_1set_1straight_prev,0,,1000,0.0,-1.0
5741,2021-07-21,F_5mini_random,0,,1000,0.0,-1.0
5742,2021-07-22,A_5mini_hot,0,,1000,0.0,-1.0
5742,2021-07-22,B_5mini_unseen,0,,1000,0.0,-1.0
5742,2021-07-22,C_4mini_1box_hot,0,,1000,0.0,-1.0
5742,2021-07-22,D_3mini_1box_1straight,0,,1000,0.0,-1.0
5742,2021-07-22,E_3mini_1set_1straight_prev,0,,1000,0.0,-1.0
5742,2021-07-22,F_5mini_random,0,,1000,0.0,-1.0
5743,2021-07-23,A_5mini_hot,0,,1000,0.0,-1.0
5743,2021-07-23,B_5mini_unseen,0,,1000,0.0,-1.0
5743,2021-07-23,C_4mini_1box_hot,0,,1000,0.0,-1.0
5743,2021-07-23,D_3mini_1box_1straight,0,,1000,0.0,-1.0
5743,2021-07-23,E_3mini_1set_1straight_prev,0,,1000,0.0,-1.0
5743,2021-07-23,F_5mini_random,0,,1000,0.0,-1.0
5744,2021-07-26,A_5mini_hot,0,,1000,0.0,-1.0
5744,2021-07-26,B_5mini_unseen,0,,1000,0.0,-1.0
5744,2021-07-26,C_4mini_1box_hot,0,,1000,0.0,-1.0
5744,2021-07-26,D_3mini_1box_1straight,0,,1000,0.0,-1.0
5744,2021-07-26,E_3mini_1set_1straight_prev,0,,1000,0.0,-1.0
5744,2021-07-26,F_5mini_random,0,,1000,0.0,-1.0
5745,2021-07-27,A_5mini_hot,0,,1000,0.0,-1.0
5745,2021-07-27,B_5mini_unseen,0,,1000,0.0,-1.0
5745,2021-07-27,C_4mini_1box_hot,0,,1000,0.0,-1.0
5745,2021-07-27,D_3mini_1box_1straight,0,,1000,0.0,-1.0
5745,2021-07-27,E_3mini_1set_1straight_prev,0,,1000,0.0,-1.0
5745,2021-07-27,F_5mini_random,1,mini,1000,9000.0,8.0
5746,2021-07-28,A_5mini_hot,0,,1000,0.0,-1.0
5746,2021-07-28,B_5mini_unseen,0,,1000,0.0,-1.0
5746,2021-07-28,C_4mini_1box_hot,0,,1000,0.0,-1.0
5746,2021-07-28,D_3mini_1box_1straight,0,,1000,0.0,-1.0
5746,2021-07-28,E_3mini_1set_1straight_prev,0,,1000,0.0,-1.0
5746,2021-07-28,F_5mini_random,0,,1000,0.0,-1.0
5747,2021-07-29,A_5mini_hot,0,,1000,0.0,-1.0
5747,2021-07-29,B_5mini_unseen,0,,1000,0.0,-1.0
5747,2021-07-29,C_4mini_1box_hot,0,,1000,0.0,-1.0
5747,2021-07-29,D_3mini_1box_1straight,0,,1000,0.0,-1.0
5747,2021-07-29,E_3mini_1set_1straight_prev,0,,1000,0.0,-1.0
5747,2021-07-29,F_5mini_random,0,,1000,0.0,-1.0
5748,2021-07-30,A_5mini_hot,0,,1000,0.0,-1.0
5748,2021-07-30,B_5mini_unseen,1,mini,1000,9000.0,8.0
5748,2021-07-30,C_4mini_1box_hot,0,,1000,0.0,-1.0
5748,2021-07-30,D_3mini_1box_1straight,0,,1000,0.0,-1.0
5748,2021-07-30,E_3mini_1set_1straight_prev,0,,1000,0.0,-1.0
5748,2021-07-30,F_5mini_random,0,,1000,0.0,-1.0
5749,2021-08-02,A_5mini_hot,0,,1000,0.0,-1.0
5749,2021-08-02,B_5mini_unseen,0,,1000,0.0,-1.0
5749,2021-08-02,C_4mini_1box_hot,0,,1000,0.0,-1.0
5749,2021-08-02,D_3mini_1box_1straight,0,,1000,0.0,-1.0
5749,2021-08-02,E_3mini_1set_1straight_prev,0,,1000,0.0,-1.0
5749,2021-08-02,F_5mini_random,0,,1000,0.0,-1.0
5750,2021-08-03,A_5mini_hot,0,,1000,0.0,-1.0
5750,2021-08-03,B_5mini_unseen,0,,1000,0.0,-1.0
5750,2021-08-03,C_4mini_1box_hot,0,,1000,0.0,-1.0
5750,2021-08-03,D_3mini_1box_1straight,0,,1000,0.0,-1.0
5750,2021-08-03,E_3mini_1set_1straight_prev,1,mini,1000,9000.0,8.0
5750,2021-08-03,F_5mini_random,0,,1000,0.0,-1.0
5751,2021-08-04,A_5mini_hot,0,,1000,0.0,-1.0
5751,2021-08-04,B_5mini_unseen,0,,1000,0.0,-1.0
5751,2021-08-04,C_4mini_1box_hot,0,,1000,0.0,-1.0
5751,2021-08-04,D_3mini_1box_1straight,0,,1000,0.0,-1.0
5751,2021-08-04,E_3mini_1set_1straight_prev,0,,1000,0.0,-1.0
5751,2021-08-04,F_5mini_random,0,,1000,0.0,-1.0
5752,2021-08-05,A_5mini_hot,0,,1000,0.0,-1.0
5752,2021-08-05,B_5mini_unseen,0,,1000,0.0,-1.0
5752,2021-08-05,C_4mini_1box_hot,0,,1000,0.0,-1.0
5752,2021-08-05,D_3mini_1box_1straight,0,,1000,0.0,-1.0
5752,2021-08-05,E_3mini_1set_1straight_prev,0,,1000,0.0,-1.0
5752,2021-08-05,F_5mini_random,0,,1000,0.0,-1.0
5753,2021-08-06,A_5mini_hot,0,,1000,0.0,-1.0
5753,2021-08-06,B_5mini_unseen,0,,1000,0.0,-1.0
5753,2021-08-06,C_4mini_1box_hot,0,,1000,0.0,-1.0
5753,2021-08-06,D_3mini_1box_1straight,0,,1000,0.0,-1.0
5753,2021-08-06,E_3mini_1set_1straight_prev,0,,1000,0.0,-1.0
5753,2021-08-06,F_5mini_random,0,,1000,0.0,-1.0
5754,2021-08-09,A_5mini_hot,0,,1000,0.0,-1.0
5754,2021-08-09,B_5mini_unseen,0,,1000,0.0,-1.0
5754,2021-08-09,C_4mini_1box_hot,0,,1000,0.0,-1.0
5754,2021-08-09,D_3mini_1box_1straight,0,,1000,0.0,-1.0
5754,2021-08-09,E_3mini_1set_1straight_prev,0,,1000,0.0,-1.0
5754,2021-08-09,F_5mini_random,0,,1000,0.0,-1.0
5755,2021-08-10,A_5mini_hot,0,,1000,0.0,-1.0
5755,2021-08-10,B_5mini_unseen,0,,1000,0.0,-1.0
5755,2021-08-10,C_4mini_1box_hot,0,,1000,0.0,-1.0
5755,2021-08-10,D_3mini_1box_1straight,0,,1000,0.0,-1.0
5755,2021-08-10,E_3mini_1set_1straight_prev,0,,1000,0.0,-1.0
5755,2021-08-10,F_5mini_random,0,,1000,0.0,-1.0
5756,2021-08-11,A_5mini_hot,0,,1000,0.0,-1.0
5756,2021-08-11,B_5mini_unseen,0,,1000,0.0,-1.0
5756,2021-08-11,C_4mini_1box_hot,0,,1000,0.0,-1.0
5756,2021-08-11,D_3mini_1box_1straight,0,,1000,0.0,-1.0
5756,2021-08-11,E_3mini_1set_1straight_prev,0,,1000,0.0,-1.0
5756,2021-08-11,F_5mini_random,0,,1000,0.0,-1.0
5757,2021-08-12,A_5mini_hot,0,,1000,0.0,-1.0
5757,2021-08-12,B_5mini_unseen,0,,1000,0.0,-1.0
5757,2021-08-12,C_4mini_1box_hot,0,,1000,0.0,-1.0
5757,2021-08-12,D_3mini_1box_1straight,0,,1000,0.0,-1.0
5757,2021-08-12,E_3mini_1set_1straight_prev,0,,1000,0.0,-1.0
5757,2021-08-12,F_5mini_random,0,,1000,0.0,-1.0
5758,2021-08-13,A_5mini_hot,0,,1000,0.0,-1.0
5758,2021-08-13,B_5mini_unseen,1,mini,1000,9000.0,8.0
5758,2021-08-13,C_4mini_1box_hot,0,,1000,0.0,-1.0
5758,2021-08-13,D_3mini_1box_1straight,0,,1000,0.0,-1.0
5758,2021-08-13,E_3mini_1set_1straight_prev,0,,1000,0.0,-1.0
5758,2021-08-13,F_5mini_random,0,,1000,0.0,-1.0
5759,2021-08-16,A_5mini_hot,0,,1000,0.0,-1.0
5759,2021-08-16,B_5mini_unseen,0,,1000,0.0,-1.0
5759,2021-08-16,C_4mini_1box_hot,0,,1000,0.0,-1.0
5759,2021-08-16,D_3mini_1box_1straight,0,,1000,0.0,-1.0
5759,2021-08-16,E_3mini_1set_1straight_prev,0,,1000,0.0,-1.0
5759,2021-08-16,F_5mini_random,0,,1000,0.0,-1.0
5760,2021-08-17,A_5mini_hot,0,,1000,0.0,-1.0
5760,2021-08-17,B_5mini_unseen,0,,1000,0.0,-1.0
5760,2021-08-17,C_4mini_1box_hot,0,,1000,0.0,-1.0
5760,2021-08-17,D_3mini_1box_1straight,0,,1000,0.0,-1.0
5760,2021-08-17,E_3mini_1set_1straight_prev,0,,1000,0.0,-1.0
5760,2021-08-17,F_5mini_random,0,,1000,0.0,-1.0
5761,2021-08-18,A_5mini_hot,0,,1000,0.0,-1.0
5761,2021-08-18,B_5mini_unseen,0,,1000,0.0,-1.0
5761,2021-08-18,C_4mini_1box_hot,0,,1000,0.0,-1.0
5761,2021-08-18,D_3mini_1box_1straight,0,,1000,0.0,-1.0
5761,2021-08-18,E_3mini_1set_1straight_prev,0,,1000,0.0,-1.0
5761,2021-08-18,F_5mini_random,0,,1000,0.0,-1.0
5762,2021-08-19,A_5mini_hot,0,,1000,0.0,-1.0
5762,2021-08-19,B_5mini_unseen,0,,1000,0.0,-1.0
5762,2021-08-19,C_4mini_1box_hot,0,,1000,0.0,-1.0
5762,2021-08-19,D_3mini_1box_1straight,0,,1000,0.0,-1.0
5762,2021-08-19,E_3mini_1set_1straight_prev,0,,1000,0.0,-1.0
5762,2021-08-19,F_5mini_random,0,,1000,0.0,-1.0
5763,2021-08-20,A_5mini_hot,0,,1000,0.0,-1.0
5763,2021-08-20,B_5mini_unseen,0,,1000,0.0,-1.0
5763,2021-08-20,C_4mini_1box_hot,0,,1000,0.0,-1.0
5763,2021-08-20,D_3mini_1box_1straight,0,,1000,0.0,-1.0
5763,2021-08-20,E_3mini_1set_1straight_prev,0,,1000,0.0,-1.0
5763,2021-08-20,F_5mini_random,0,,1000,0.0,-1.0
5764,2021-08-23,A_5mini_hot,0,,1000,0.0,-1.0
5764,2021-08-23,B_5mini_unseen,0,,1000,0.0,-1.0
5764,2021-08-23,C_4mini_1box_hot,0,,1000,0.0,-1.0
5764,2021-08-23,D_3mini_1box_1straight,0,,1000,0.0,-1.0
5764,2021-08-23,E_3mini_1set_1straight_prev,0,,1000,0.0,-1.0
5764,2021-08-23,F_5mini_random,1,mini,1000,9000.0,8.0
5765,2021-08-24,A_5mini_hot,0,,1000,0.0,-1.0
5765,2021-08-24,B_5mini_unseen,0,,1000,0.0,-1.0
5765,2021-08-24,C_4mini_1box_hot,0,,1000,0.0,-1.0
5765,2021-08-24,D_3mini_1box_1straight,0,,1000,0.0,-1.0
5765,2021-08-24,E_3mini_1set_1straight_prev,0,,1000,0.0,-1.0
5765,2021-08-24,F_5mini_random,0,,1000,0.0,-1.0
5766,2021-08-25,A_5mini_hot,0,,1000,0.0,-1.0
5766,2021-08-25,B_5mini_unseen,0,,1000,0.0,-1.0
5766,2021-08-25,C_4mini_1box_hot,0,,1000,0.0,-1.0
5766,2021-08-25,D_3mini_1box_1straight,0,,1000,0.0,-1.0
5766,2021-08-25,E_3mini_1set_1straight_prev,0,,1000,0.0,-1.0
5766,2021-08-25,F_5mini_random,0,,1000,0.0,-1.0
5767,2021-08-26,A_5mini_hot,0,,1000,0.0,-1.0
5767,2021-08-26,B_5mini_unseen,0,,1000,0.0,-1.0
5767,2021-08-26,C_4mini_1box_hot,0,,1000,0.0,-1.0
5767,2021-08-26,D_3mini_1box_1straight,0,,1000,0.0,-1.0
5767,2021-08-26,E_3mini_1set_1straight_prev,0,,1000,0.0,-1.0
5767,2021-08-26,F_5mini_random,0,,1000,0.0,-1.0
5768,2021-08-27,A_5mini_hot,0,,1000,0.0,-1.0
5768,2021-08-27,B_5mini_unseen,0,,1000,0.0,-1.0
5768,2021-08-27,C_4mini_1box_hot,0,,1000,0.0,-1.0
5768,2021-08-27,D_3mini_1box_1straight,0,,1000,0.0,-1.0
5768,2021-08-27,E_3mini_1set_1straight_prev,0,,1000,0.0,-1.0
5768,2021-08-27,F_5mini_random,0,,1000,0.0,-1.0
5769,2021-08-30,A_5mini_hot,0,,1000,0.0,-1.0
5769,2021-08-30,B_5mini_unseen,0,,1000,0.0,-1.0
5769,2021-08-30,C_4mini_1box_hot,0,,1000,0.0,-1.0
5769,2021-08-30,D_3mini_1box_1straight,0,,1000,0.0,-1.0
5769,2021-08-30,E_3mini_1set_1straight_prev,0,,1000,0.0,-1.0
5769,2021-08-30,F_5mini_random,0,,1000,0.0,-1.0
5770,2021-08-31,A_5mini_hot,0,,1000,0.0,-1.0
5770,2021-08-31,B_5mini_unseen,0,,1000,0.0,-1.0
5770,2021-08-31,C_4mini_1box_hot,0,,1000,0.0,-1.0
5770,2021-08-31,D_3mini_1box_1straight,0,,1000,0.0,-1.0
5770,2021-08-31,E_3mini_1set_1straight_prev,0,,1000,0.0,-1.0
5770,2021-08-31,F_5mini_random,0,,1000,0.0,-1.0
5771,2021-09-01,A_5mini_hot,0,,1000,0.0,-1.0
5771,2021-09-01,B_5mini_unseen,1,mini,1000,9000.0,8.0
5771,2021-09-01,C_4mini_1box_hot,0,,1000,0.0,-1.0
5771,2021-09-01,D_3mini_1box_1straight,0,,1000,0.0,-1.0
5771,2021-09-01,E_3mini_1set_1straight_prev,0,,1000,0.0,-1.0
5771,2021-09-01,F_5mini_random,0,,1000,0.0,-1.0
5772,2021-09-02,A_5mini_hot,0,,1000,0.0,-1.0
5772,2021-09-02,B_5mini_unseen,0,,1000,0.0,-1.0
5772,2021-09-02,C_4mini_1box_hot,0,,1000,0.0,-1.0
5772,2021-09-02,D_3mini_1box_1straight,0,,1000,0.0,-1.0
5772,2021-09-02,E_3mini_1set_1straight_prev,0,,1000,0.0,-1.0
5772,2021-09-02,F_5mini_random,0,,1000,0.0,-1.0
5773,2021-09-03,A_5mini_hot,0,,1000,0.0,-1.0
5773,2021-09-03,B_5mini_unseen,0,,1000,0.0,-1.0
5773,2021-09-03,C_4mini_1box_hot,0,,1000,0.0,-1.0
5773,2021-09-03,D_3mini_1box_1straight,0,,1000,0.0,-1.0
5773,2021-09-03,E_3mini_1set_1straight_prev,0,,1000,0.0,-1.0
5773,2021-09-03,F_5mini_random,0,,1000,0.0,-1.0
5774,2021-09-06,A_5mini_hot,0,,1000,0.0,-1.0
5774,2021-09-06,B_5mini_unseen,0,,1000,0.0,-1.0
5774,2021-09-06,C_4mini_1box_hot,0,,1000,0.0,-1.0
5774,2021-09-06,D_3mini_1box_1straight,0,,1000,0.0,-1.0
5774,2021-09-06,E_3mini_1set_1straight_prev,0,,1000,0.0,-1.0
5774,2021-09-06,F_5mini_random,0,,1000,0.0,-1.0
5775,2021-09-07,A_5mini_hot,0,,1000,0.0,-1.0
5775,2021-09-07,B_5mini_unseen,0,,1000,0.0,-1.0
5775,2021-09-07,C_4mini_1box_hot,0,,1000,0.0,-1.0
5775,2021-09-07,D_3mini_1box_1straight,0,,1000,0.0,-1.0
5775,2021-09-07,E_3mini_1set_1straight_prev,0,,1000,0.0,-1.0
5775,2021-09-07,F_5mini_random,0,,1000,0.0,-1.0
5776,2021-09-08,A_5mini_hot,0,,1000,0.0,-1.0
5776,2021-09-08,B_5mini_unseen,0,,1000,0.0,-1.0
5776,2021-09-08,C_4mini_1box_hot,0,,1000,0.0,-1.0
5776,2021-09-08,D_3mini_1box_1straight,0,,1000,0.0,-1.0
5776,2021-09-08,E_3mini_1set_1straight_prev,0,,1000,0.0,-1.0
5776,2021-09-08,F_5mini_random,0,,1000,0.0,-1.0
5777,2021-09-09,A_5mini_hot,0,,1000,0.0,-1.0
5777,2021-09-09,B_5mini_unseen,0,,1000,0.0,-1.0
5777,2021-09-09,C_4mini_1box_hot,0,,1000,0.0,-1.0
5777,2021-09-09,D_3mini_1box_1straight,0,,1000,0.0,-1.0
5777,2021-09-09,E_3mini_1set_1straight_prev,0,,1000,0.0,-1.0
5777,2021-09-09,F_5mini_random,0,,1000,0.0,-1.0
5778,2021-09-10,A_5mini_hot,0,,1000,0.0,-1.0
5778,2021-09-10,B_5mini_unseen,0,,1000,0.0,-1.0
5778,2021-09-10,C_4mini_1box_hot,0,,1000,0.0,-1.0
5778,2021-09-10,D_3mini_1box_1straight,0,,1000,0.0,-1.0
5778,2021-09-10,E_3mini_1set_1straight_prev,0,,1000,0.0,-1.0
5778,2021-09-10,F_5mini_random,0,,1000,0.0,-1.0
5779,2021-09-13,A_5mini_hot,1,mini,1000,9000.0,8.0
5779,2021-09-13,B_5mini_unseen,0,,1000,0.0,-1.0
5779,2021-09-13,C_4mini_1box_hot,1,mini,1000,9000.0,8.0
5779,2021-09-13,D_3mini_1box_1straight,1,mini,1000,9000.0,8.0
5779,2021-09-13,E_3mini_1set_1straight_prev,0,,1000,0.0,-1.0
5779,2021-09-13,F_5mini_random,0,,1000,0.0,-1.0
5780,2021-09-14,A_5mini_hot,0,,1000,0.0,-1.0
5780,2021-09-14,B_5mini_unseen,0,,1000,0.0,-1.0
5780,2021-09-14,C_4mini_1box_hot,0,,1000,0.0,-1.0
5780,2021-09-14,D_3mini_1box_1straight,0,,1000,0.0,-1.0
5780,2021-09-14,E_3mini_1set_1straight_prev,0,,1000,0.0,-1.0
5780,2021-09-14,F_5mini_random,0,,1000,0.0,-1.0
5781,2021-09-15,A_5mini_hot,0,,1000,0.0,-1.0
5781,2021-09-15,B_5mini_unseen,0,,1000,0.0,-1.0
5781,2021-09-15,C_4mini_1box_hot,0,,1000,0.0,-1.0
5781,2021-09-15,D_3mini_1box_1straight,0,,1000,0.0,-1.0
5781,2021-09-15,E_3mini_1set_1straight_prev,0,,1000,0.0,-1.0
5781,2021-09-15,F_5mini_random,0,,1000,0.0,-1.0
5782,2021-09-16,A_5mini_hot,0,,1000,0.0,-1.0
5782,2021-09-16,B_5mini_unseen,0,,1000,0.0,-1.0
5782,2021-09-16,C_4mini_1box_hot,0,,1000,0.0,-1.0
5782,2021-09-16,D_3mini_1box_1straight,0,,1000,0.0,-1.0
5782,2021-09-16,E_3mini_1set_1straight_prev,0,,1000,0.0,-1.0
5782,2021-09-16,F_5mini_random,0,,1000,0.0,-1.0
5783,2021-09-17,A_5mini_hot,0,,1000,0.0,-1.0
5783,2021-09-17,B_5mini_unseen,0,,1000,0.0,-1.0
5783,2021-09-17,C_4mini_1box_hot,0,,1000,0.0,-1.0
5783,2021-09-17,D_3mini_1box_1straight,0,,1000,0.0,-1.0
5783,2021-09-17,E_3mini_1set_1straight_prev,0,,1000,0.0,-1.0
5783,2021-09-17,F_5mini_random,0,,1000,0.0,-1.0
5784,2021-09-20,A_5mini_hot,0,,1000,0.0,-1.0
5784,2021-09-20,B_5mini_unseen,0,,1000,0.0,-1.0
5784,2021-09-20,C_4mini_1box_hot,0,,1000,0.0,-1.0
5784,2021-09-20,D_3mini_1box_1straight,0,,1000,0.0,-1.0
5784,2021-09-20,E_3mini_1set_1straight_prev,0,,1000,0.0,-1.0
5784,2021-09-20,F_5mini_random,0,,1000,0.0,-1.0
5785,2021-09-21,A_5mini_hot,1,mini,1000,9000.0,8.0
5785,2021-09-21,B_5mini_unseen,0,,1000,0.0,-1.0
5785,2021-09-21,C_4mini_1box_hot,1,mini,1000,9000.0,8.0
5785,2021-09-21,D_3mini_1box_1straight,1,mini,1000,9000.0,8.0
5785,2021-09-21,E_3mini_1set_1straight_prev,0,,1000,0.0,-1.0
5785,2021-09-21,F_5mini_random,0,,1000,0.0,-1.0
5786,2021-09-22,A_5mini_hot,0,,1000,0.0,-1.0
5786,2021-09-22,B_5mini_unseen,1,mini,1000,9000.0,8.0
5786,2021-09-22,C_4mini_1box_hot,0,,1000,0.0,-1.0
5786,2021-09-22,D_3mini_1box_1straight,0,,1000,0.0,-1.0
5786,2021-09-22,E_3mini_1set_1straight_prev,0,,1000,0.0,-1.0
5786,2021-09-22,F_5mini_random,0,,1000,0.0,-1.0
5787,2021-09-23,A_5mini_hot,0,,1000,0.0,-1.0
5787,2021-09-23,B_5mini_unseen,0,,1000,0.0,-1.0
5787,2021-09-23,C_4mini_1box_hot,0,,1000,0.0,-1.0
5787,2021-09-23,D_3mini_1box_1straight,0,,1000,0.0,-1.0
5787,2021-09-23,E_3mini_1set_1straight_prev,0,,1000,0.0,-1.0
5787,2021-09-23,F_5mini_random,0,,1000,0.0,-1.0
5788,2021-09-24,A_5mini_hot,0,,1000,0.0,-1.0
5788,2021-09-24,B_5mini_unseen,0,,1000,0.0,-1.0
5788,2021-09-24,C_4mini_1box_hot,0,,1000,0.0,-1.0
5788,2021-09-24,D_3mini_1box_1straight,0,,1000,0.0,-1.0
5788,2021-09-24,E_3mini_1set_1straight_prev,0,,1000,0.0,-1.0
5788,2021-09-24,F_5mini_random,0,,1000,0.0,-1.0
5789,2021-09-27,A_5mini_hot,0,,1000,0.0,-1.0
5789,2021-09-27,B_5mini_unseen,0,,1000,0.0,-1.0
5789,2021-09-27,C_4mini_1box_hot,0,,1000,0.0,-1.0
5789,2021-09-27,D_3mini_1box_1straight,0,,1000,0.0,-1.0
5789,2021-09-27,E_3mini_1set_1straight_prev,0,,1000,0.0,-1.0
5789,2021-09-27,F_5mini_random,0,,1000,0.0,-1.0
5790,2021-09-28,A_5mini_hot,0,,1000,0.0,-1.0
5790,2021-09-28,B_5mini_unseen,0,,1000,0.0,-1.0
5790,2021-09-28,C_4mini_1box_hot,0,,1000,0.0,-1.0
5790,2021-09-28,D_3mini_1box_1straight,0,,1000,0.0,-1.0
5790,2021-09-28,E_3mini_1set_1straight_prev,0,,1000,0.0,-1.0
5790,2021-09-28,F_5mini_random,0,,1000,0.0,-1.0
5791,2021-09-29,A_5mini_hot,0,,1000,0.0,-1.0
5791,2021-09-29,B_5mini_unseen,0,,1000,0.0,-1.0
5791,2021-09-29,C_4mini_1box_hot,0,,1000,0.0,-1.0
5791,2021-09-29,D_3mini_1box_1straight,0,,1000,0.0,-1.0
5791,2021-09-29,E_3mini_1set_1straight_prev,0,,1000,0.0,-1.0
5791,2021-09-29,F_5mini_random,0,,1000,0.0,-1.0
5792,2021-09-30,A_5mini_hot,0,,1000,0.0,-1.0
5792,2021-09-30,B_5mini_unseen,1,mini,1000,9000.0,8.0
5792,2021-09-30,C_4mini_1box_hot,0,,1000,0.0,-1.0
5792,2021-09-30,D_3mini_1box_1straight,0,,1000,0.0,-1.0
5792,2021-09-30,E_3mini_1set_1straight_prev,0,,1000,0.0,-1.0
5792,2021-09-30,F_5mini_random,0,,1000,0.0,-1.0
5793,2021-10-01,A_5mini_hot,0,,1000,0.0,-1.0
5793,2021-10-01,B_5mini_unseen,0,,1000,0.0,-1.0
5793,2021-10-01,C_4mini_1box_hot,0,,1000,0.0,-1.0
5793,2021-10-01,D_3mini_1box_1straight,0,,1000,0.0,-1.0
5793,2021-10-01,E_3mini_1set_1straight_prev,0,,1000,0.0,-1.0
5793,2021-10-01,F_5mini_random,0,,1000,0.0,-1.0
5794,2021-10-04,A_5mini_hot,0,,1000,0.0,-1.0
5794,2021-10-04,B_5mini_unseen,0,,1000,0.0,-1.0
5794,2021-10-04,C_4mini_1box_hot,0,,1000,0.0,-1.0
5794,2021-10-04,D_3mini_1box_1straight,0,,1000,0.0,-1.0
5794,2021-10-04,E_3mini_1set_1straight_prev,0,,1000,0.0,-1.0
5794,2021-10-04,F_5mini_random,0,,1000,0.0,-1.0
5795,2021-10-05,A_5mini_hot,0,,1000,0.0,-1.0
5795,2021-10-05,B_5mini_unseen,0,,1000,0.0,-1.0
5795,2021-10-05,C_4mini_1box_hot,0,,1000,0.0,-1.0
5795,2021-10-05,D_3mini_1box_1straight,0,,1000,0.0,-1.0
5795,2021-10-05,E_3mini_1set_1straight_prev,0,,1000,0.0,-1.0
5795,2021-10-05,F_5mini_random,0,,1000,0.0,-1.0
5796,2021-10-06,A_5mini_hot,0,,1000,0.0,-1.0
5796,2021-10-06,B_5mini_unseen,0,,1000,0.0,-1.0
5796,2021-10-06,C_4mini_1box_hot,0,,1000,0.0,-1.0
5796,2021-10-06,D_3mini_1box_1straight,0,,1000,0.0,-1.0
5796,2021-10-06,E_3mini_1set_1straight_prev,0,,1000,0.0,-1.0
5796,2021-10-06,F_5mini_random,0,,1000,0.0,-1.0
5797,2021-10-07,A_5mini_hot,0,,1000,0.0,-1.0
5797,2021-10-07,B_5mini_unseen,0,,1000,0.0,-1.0
5797,2021-10-07,C_4mini_1box_hot,0,,1000,0.0,-1.0
5797,2021-10-07,D_3mini_1box_1straight,0,,1000,0.0,-1.0
5797,2021-10-07,E_3mini_1set_1straight_prev,0,,1000,0.0,-1.0
5797,2021-10-07,F_5mini_random,1,mini,1000,9000.0,8.0
5798,2021-10-08,A_5mini_hot,0,,1000,0.0,-1.0
5798,2021-10-08,B_5mini_unseen,0,,1000,0.0,-1.0
5798,2021-10-08,C_4mini_1box_hot,0,,1000,0.0,-1.0
5798,2021-10-08,D_3mini_1box_1straight,0,,1000,0.0,-1.0
5798,2021-10-08,E_3mini_1set_1straight_prev,0,,1000,0.0,-1.0
5798,2021-10-08,F_5mini_random,0,,1000,0.0,-1.0
5799,2021-10-11,A_5mini_hot,0,,1000,0.0,-1.0
5799,2021-10-11,B_5mini_unseen,0,,1000,0.0,-1.0
5799,2021-10-11,C_4mini_1box_hot,0,,1000,0.0,-1.0
5799,2021-10-11,D_3mini_1box_1straight,0,,1000,0.0,-1.0
5799,2021-10-11,E_3mini_1set_1straight_prev,0,,1000,0.0,-1.0
5799,2021-10-11,F_5mini_random,0,,1000,0.0,-1.0
5800,2021-10-12,A_5mini_hot,0,,1000,0.0,-1.0
5800,2021-10-12,B_5mini_unseen,0,,1000,0.0,-1.0
5800,2021-10-12,C_4mini_1box_hot,0,,1000,0.0,-1.0
5800,2021-10-12,D_3mini_1box_1straight,0,,1000,0.0,-1.0
5800,2021-10-12,E_3mini_1set_1straight_prev,0,,1000,0.0,-1.0
5800,2021-10-12,F_5mini_random,0,,1000,0.0,-1.0
5801,2021-10-13,A_5mini_hot,0,,1000,0.0,-1.0
5801,2021-10-13,B_5mini_unseen,0,,1000,0.0,-1.0
5801,2021-10-13,C_4mini_1box_hot,0,,1000,0.0,-1.0
5801,2021-10-13,D_3mini_1box_1straight,0,,1000,0.0,-1.0
5801,2021-10-13,E_3mini_1set_1straight_prev,0,,1000,0.0,-1.0
5801,2021-10-13,F_5mini_random,0,,1000,0.0,-1.0
5802,2021-10-14,A_5mini_hot,0,,1000,0.0,-1.0
5802,2021-10-14,B_5mini_unseen,0,,1000,0.0,-1.0
5802,2021-10-14,C_4mini_1box_hot,0,,1000,0.0,-1.0
5802,2021-10-14,D_3mini_1box_1straight,0,,1000,0.0,-1.0
5802,2021-10-14,E_3mini_1set_1straight_prev,0,,1000,0.0,-1.0
5802,2021-10-14,F_5mini_random,0,,1000,0.0,-1.0
5803,2021-10-15,A_5mini_hot,0,,1000,0.0,-1.0
5803,2021-10-15,B_5mini_unseen,0,,1000,0.0,-1.0
5803,2021-10-15,C_4mini_1box_hot,0,,1000,0.0,-1.0
5803,2021-10-15,D_3mini_1box_1straight,0,,1000,0.0,-1.0
5803,2021-10-15,E_3mini_1set_1straight_prev,0,,1000,0.0,-1.0
5803,2021-10-15,F_5mini_random,0,,1000,0.0,-1.0
5804,2021-10-18,A_5mini_hot,0,,1000,0.0,-1.0
5804,2021-10-18,B_5mini_unseen,0,,1000,0.0,-1.0
5804,2021-10-18,C_4mini_1box_hot,0,,1000,0.0,-1.0
5804,2021-10-18,D_3mini_1box_1straight,0,,1000,0.0,-1.0
5804,2021-10-18,E_3mini_1set_1straight_prev,0,,1000,0.0,-1.0
5804,2021-10-18,F_5mini_random,0,,1000,0.0,-1.0
5805,2021-10-19,A_5mini_hot,0,,1000,0.0,-1.0
5805,2021-10-19,B_5mini_unseen,0,,1000,0.0,-1.0
5805,2021-10-19,C_4mini_1box_hot,0,,1000,0.0,-1.0
5805,2021-10-19,D_3mini_1box_1straight,0,,1000,0.0,-1.0
5805,2021-10-19,E_3mini_1set_1straight_prev,0,,1000,0.0,-1.0
5805,2021-10-19,F_5mini_random,0,,1000,0.0,-1.0
5806,2021-10-20,A_5mini_hot,0,,1000,0.0,-1.0
5806,2021-10-20,B_5mini_unseen,0,,1000,0.0,-1.0
5806,2021-10-20,C_4mini_1box_hot,0,,1000,0.0,-1.0
5806,2021-10-20,D_3mini_1box_1straight,0,,1000,0.0,-1.0
5806,2021-10-20,E_3mini_1set_1straight_prev,0,,1000,0.0,-1.0
5806,2021-10-20,F_5mini_random,0,,1000,0.0,-1.0
5807,2021-10-21,A_5mini_hot,0,,1000,0.0,-1.0
5807,2021-10-21,B_5mini_unseen,0,,1000,0.0,-1.0
5807,2021-10-21,C_4mini_1box_hot,0,,1000,0.0,-1.0
5807,2021-10-21,D_3mini_1box_1straight,0,,1000,0.0,-1.0
5807,2021-10-21,E_3mini_1set_1straight_prev,0,,1000,0.0,-1.0
5807,2021-10-21,F_5mini_random,0,,1000,0.0,-1.0
5808,2021-10-22,A_5mini_hot,0,,1000,0.0,-1.0
5808,2021-10-22,B_5mini_unseen,0,,1000,0.0,-1.0
5808,2021-10-22,C_4mini_1box_hot,0,,1000,0.0,-1.0
5808,2021-10-22,D_3mini_1box_1straight,0,,1000,0.0,-1.0
5808,2021-10-22,E_3mini_1set_1straight_prev,0,,1000,0.0,-1.0
5808,2021-10-22,F_5mini_random,0,,1000,0.0,-1.0
5809,2021-10-25,A_5mini_hot,0,,1000,0.0,-1.0
5809,2021-10-25,B_5mini_unseen,0,,1000,0.0,-1.0
5809,2021-10-25,C_4mini_1box_hot,0,,1000,0.0,-1.0
5809,2021-10-25,D_3mini_1box_1straight,0,,1000,0.0,-1.0
5809,2021-10-25,E_3mini_1set_1straight_prev,0,,1000,0.0,-1.0
5809,2021-10-25,F_5mini_random,0,,1000,0.0,-1.0
5810,2021-10-26,A_5mini_hot,0,,1000,0.0,-1.0
5810,2021-10-26,B_5mini_unseen,0,,1000,0.0,-1.0
5810,2021-10-26,C_4mini_1box_hot,0,,1000,0.0,-1.0
5810,2021-10-26,D_3mini_1box_1straight,0,,1000,0.0,-1.0
5810,2021-10-26,E_3mini_1set_1straight_prev,0,,1000,0.0,-1.0
5810,2021-10-26,F_5mini_random,0,,1000,0.0,-1.0
5811,2021-10-27,A_5mini_hot,0,,1000,0.0,-1.0
5811,2021-10-27,B_5mini_unseen,0,,1000,0.0,-1.0
5811,2021-10-27,C_4mini_1box_hot,0,,1000,0.0,-1.0
5811,2021-10-27,D_3mini_1box_1straight,0,,1000,0.0,-1.0
5811,2021-10-27,E_3mini_1set_1straight_prev,0,,1000,0.0,-1.0
5811,2021-10-27,F_5mini_random,0,,1000,0.0,-1.0
5812,2021-10-28,A_5mini_hot,0,,1000,0.0,-1.0
5812,2021-10-28,B_5mini_unseen,0,,1000,0.0,-1.0
5812,2021-10-28,C_4mini_1box_hot,0,,1000,0.0,-1.0
5812,2021-10-28,D_3mini_1box_1straight,0,,1000,0.0,-1.0
5812,2021-10-28,E_3mini_1set_1straight_prev,0,,1000,0.0,-1.0
5812,2021-10-28,F_5mini_random,0,,1000,0.0,-1.0
5813,2021-10-29,A_5mini_hot,0,,1000,0.0,-1.0
5813,2021-10-29,B_5mini_unseen,0,,1000,0.0,-1.0
5813,2021-10-29,C_4mini_1box_hot,0,,1000,0.0,-1.0
5813,2021-10-29,D_3mini_1box_1straight,0,,1000,0.0,-1.0
5813,2021-10-29,E_3mini_1set_1straight_prev,0,,1000,0.0,-1.0
5813,2021-10-29,F_5mini_random,0,,1000,0.0,-1.0
5814,2021-11-01,A_5mini_hot,0,,1000,0.0,-1.0
5814,2021-11-01,B_5mini_unseen,0,,1000,0.0,-1.0
5814,2021-11-01,C_4mini_1box_hot,0,,1000,0.0,-1.0
5814,2021-11-01,D_3mini_1box_1straight,0,,1000,0.0,-1.0
5814,2021-11-01,E_3mini_1set_1straight_prev,0,,1000,0.0,-1.0
5814,2021-11-01,F_5mini_random,0,,1000,0.0,-1.0
5815,2021-11-02,A_5mini_hot,0,,1000,0.0,-1.0
5815,2021-11-02,B_5mini_unseen,0,,1000,0.0,-1.0
5815,2021-11-02,C_4mini_1box_hot,0,,1000,0.0,-1.0
5815,2021-11-02,D_3mini_1box_1straight,0,,1000,0.0,-1.0
5815,2021-11-02,E_3mini_1set_1straight_prev,0,,1000,0.0,-1.0
5815,2021-11-02,F_5mini_random,0,,1000,0.0,-1.0
5816,2021-11-03,A_5mini_hot,0,,1000,0.0,-1.0
5816,2021-11-03,B_5mini_unseen,0,,1000,0.0,-1.0
5816,2021-11-03,C_4mini_1box_hot,0,,1000,0.0,-1.0
5816,2021-11-03,D_3mini_1box_1straight,0,,1000,0.0,-1.0
5816,2021-11-03,E_3mini_1set_1straight_prev,0,,1000,0.0,-1.0
5816,2021-11-03,F_5mini_random,0,,1000,0.0,-1.0
5817,2021-11-04,A_5mini_hot,0,,1000,0.0,-1.0
5817,2021-11-04,B_5mini_unseen,0,,1000,0.0,-1.0
5817,2021-11-04,C_4mini_1box_hot,0,,1000,0.0,-1.0
5817,2021-11-04,D_3mini_1box_1straight,0,,1000,0.0,-1.0
5817,2021-11-04,E_3mini_1set_1straight_prev,0,,1000,0.0,-1.0
5817,2021-11-04,F_5mini_random,0,,1000,0.0,-1.0
5818,2021-11-05,A_5mini_hot,0,,1000,0.0,-1.0
5818,2021-11-05,B_5mini_unseen,0,,1000,0.0,-1.0
5818,2021-11-05,C_4mini_1box_hot,0,,1000,0.0,-1.0
5818,2021-11-05,D_3mini_1box_1straight,0,,1000,0.0,-1.0
5818,2021-11-05,E_3mini_1set_1straight_prev,0,,1000,0.0,-1.0
5818,2021-11-05,F_5mini_random,0,,1000,0.0,-1.0
5819,2021-11-08,A_5mini_hot,0,,1000,0.0,-1.0
5819,2021-11-08,B_5mini_unseen,0,,1000,0.0,-1.0
5819,2021-11-08,C_4mini_1box_hot,0,,1000,0.0,-1.0
5819,2021-11-08,D_3mini_1box_1straight,0,,1000,0.0,-1.0
5819,2021-11-08,E_3mini_1set_1straight_prev,0,,1000,0.0,-1.0
5819,2021-11-08,F_5mini_random,0,,1000,0.0,-1.0
5820,2021-11-09,A_5mini_hot,0,,1000,0.0,-1.0
5820,2021-11-09,B_5mini_unseen,0,,1000,0.0,-1.0
5820,2021-11-09,C_4mini_1box_hot,0,,1000,0.0,-1.0
5820,2021-11-09,D_3mini_1box_1straight,0,,1000,0.0,-1.0
5820,2021-11-09,E_3mini_1set_1straight_prev,0,,1000,0.0,-1.0
5820,2021-11-09,F_5mini_random,1,mini,1000,9000.0,8.0
5821,2021-11-10,A_5mini_hot,0,,1000,0.0,-1.0
5821,2021-11-10,B_5mini_unseen,1,mini,1000,9000.0,8.0
5821,2021-11-10,C_4mini_1box_hot,0,,1000,0.0,-1.0
5821,2021-11-10,D_3mini_1box_1straight,0,,1000,0.0,-1.0
5821,2021-11-10,E_3mini_1set_1straight_prev,0,,1000,0.0,-1.0
5821,2021-11-10,F_5mini_random,0,,1000,0.0,-1.0
5822,2021-11-11,A_5mini_hot,0,,1000,0.0,-1.0
5822,2021-11-11,B_5mini_unseen,0,,1000,0.0,-1.0
5822,2021-11-11,C_4mini_1box_hot,0,,1000,0.0,-1.0
5822,2021-11-11,D_3mini_1box_1straight,0,,1000,0.0,-1.0
5822,2021-11-11,E_3mini_1set_1straight_prev,0,,1000,0.0,-1.0
5822,2021-11-11,F_5mini_random,0,,1000,0.0,-1.0
5823,2021-11-12,A_5mini_hot,0,,1000,0.0,-1.0
5823,2021-11-12,B_5mini_unseen,0,,1000,0.0,-1.0
5823,2021-11-12,C_4mini_1box_hot,0,,1000,0.0,-1.0
5823,2021-11-12,D_3mini_1box_1straight,0,,1000,0.0,-1.0
5823,2021-11-12,E_3mini_1set_1straight_prev,0,,1000,0.0,-1.0
5823,2021-11-12,F_5mini_random,0,,1000,0.0,-1.0
5824,2021-11-15,A_5mini_hot,0,,1000,0.0,-1.0
5824,2021-11-15,B_5mini_unseen,0,,1000,0.0,-1.0
5824,2021-11-15,C_4mini_1box_hot,0,,1000,0.0,-1.0
5824,2021-11-15,D_3mini_1box_1straight,0,,1000,0.0,-1.0
5824,2021-11-15,E_3mini_1set_1straight_prev,0,,1000,0.0,-1.0
5824,2021-11-15,F_5mini_random,0,,1000,0.0,-1.0
5825,2021-11-17,A_5mini_hot,0,,1000,0.0,-1.0
5825,2021-11-17,B_5mini_unseen,0,,1000,0.0,-1.0
5825,2021-11-17,C_4mini_1box_hot,0,,1000,0.0,-1.0
5825,2021-11-17,D_3mini_1box_1straight,0,,1000,0.0,-1.0
5825,2021-11-17,E_3mini_1set_1straight_prev,0,,1000,0.0,-1.0
5825,2021-11-17,F_5mini_random,0,,1000,0.0,-1.0
5827,2021-11-18,A_5mini_hot,0,,1000,0.0,-1.0
5827,2021-11-18,B_5mini_unseen,1,mini,1000,9000.0,8.0
5827,2021-11-18,C_4mini_1box_hot,0,,1000,0.0,-1.0
5827,2021-11-18,D_3mini_1box_1straight,0,,1000,0.0,-1.0
5827,2021-11-18,E_3mini_1set_1straight_prev,0,,1000,0.0,-1.0
5827,2021-11-18,F_5mini_random,0,,1000,0.0,-1.0
5828,2021-11-19,A_5mini_hot,0,,1000,0.0,-1.0
5828,2021-11-19,B_5mini_unseen,0,,1000,0.0,-1.0
5828,2021-11-19,C_4mini_1box_hot,0,,1000,0.0,-1.0
5828,2021-11-19,D_3mini_1box_1straight,0,,1000,0.0,-1.0
5828,2021-11-19,E_3mini_1set_1straight_prev,0,,1000,0.0,-1.0
5828,2021-11-19,F_5mini_random,0,,1000,0.0,-1.0
5829,2021-11-22,A_5mini_hot,0,,1000,0.0,-1.0
5829,2021-11-22,B_5mini_unseen,0,,1000,0.0,-1.0
5829,2021-11-22,C_4mini_1box_hot,0,,1000,0.0,-1.0
5829,2021-11-22,D_3mini_1box_1straight,0,,1000,0.0,-1.0
5829,2021-11-22,E_3mini_1set_1straight_prev,0,,1000,0.0,-1.0
5829,2021-11-22,F_5mini_random,0,,1000,0.0,-1.0
5830,2021-11-23,A_5mini_hot,0,,1000,0.0,-1.0
5830,2021-11-23,B_5mini_unseen,0,,1000,0.0,-1.0
5830,2021-11-23,C_4mini_1box_hot,0,,1000,0.0,-1.0
5830,2021-11-23,D_3mini_1box_1straight,0,,1000,0.0,-1.0
5830,2021-11-23,E_3mini_1set_1straight_prev,0,,1000,0.0,-1.0
5830,2021-11-23,F_5mini_random,0,,1000,0.0,-1.0
5831,2021-11-24,A_5mini_hot,0,,1000,0.0,-1.0
5831,2021-11-24,B_5mini_unseen,0,,1000,0.0,-1.0
5831,2021-11-24,C_4mini_1box_hot,0,,1000,0.0,-1.0
5831,2021-11-24,D_3mini_1box_1straight,0,,1000,0.0,-1.0
5831,2021-11-24,E_3mini_1set_1straight_prev,0,,1000,0.0,-1.0
5831,2021-11-24,F_5mini_random,0,,1000,0.0,-1.0
5832,2021-11-25,A_5mini_hot,0,,1000,0.0,-1.0
5832,2021-11-25,B_5mini_unseen,0,,1000,0.0,-1.0
5832,2021-11-25,C_4mini_1box_hot,0,,1000,0.0,-1.0
5832,2021-11-25,D_3mini_1box_1straight,0,,1000,0.0,-1.0
5832,2021-11-25,E_3mini_1set_1straight_prev,0,,1000,0.0,-1.0
5832,2021-11-25,F_5mini_random,0,,1000,0.0,-1.0
5833,2021-11-26,A_5mini_hot,0,,1000,0.0,-1.0
5833,2021-11-26,B_5mini_unseen,0,,1000,0.0,-1.0
5833,2021-11-26,C_4mini_1box_hot,0,,1000,0.0,-1.0
5833,2021-11-26,D_3mini_1box_1straight,0,,1000,0.0,-1.0
5833,2021-11-26,E_3mini_1set_1straight_prev,0,,1000,0.0,-1.0
5833,2021-11-26,F_5mini_random,0,,1000,0.0,-1.0
5834,2021-11-29,A_5mini_hot,0,,1000,0.0,-1.0
5834,2021-11-29,B_5mini_unseen,0,,1000,0.0,-1.0
5834,2021-11-29,C_4mini_1box_hot,0,,1000,0.0,-1.0
5834,2021-11-29,D_3mini_1box_1straight,0,,1000,0.0,-1.0
5834,2021-11-29,E_3mini_1set_1straight_prev,0,,1000,0.0,-1.0
5834,2021-11-29,F_5mini_random,0,,1000,0.0,-1.0
5835,2021-11-30,A_5mini_hot,0,,1000,0.0,-1.0
5835,2021-11-30,B_5mini_unseen,0,,1000,0.0,-1.0
5835,2021-11-30,C_4mini_1box_hot,0,,1000,0.0,-1.0
5835,2021-11-30,D_3mini_1box_1straight,0,,1000,0.0,-1.0
5835,2021-11-30,E_3mini_1set_1straight_prev,0,,1000,0.0,-1.0
5835,2021-11-30,F_5mini_random,0,,1000,0.0,-1.0
5836,2021-12-01,A_5mini_hot,1,mini,1000,9000.0,8.0
5836,2021-12-01,B_5mini_unseen,0,,1000,0.0,-1.0
5836,2021-12-01,C_4mini_1box_hot,1,mini,1000,9000.0,8.0
5836,2021-12-01,D_3mini_1box_1straight,1,mini,1000,9000.0,8.0
5836,2021-12-01,E_3mini_1set_1straight_prev,0,,1000,0.0,-1.0
5836,2021-12-01,F_5mini_random,0,,1000,0.0,-1.0
5837,2021-12-02,A_5mini_hot,0,,1000,0.0,-1.0
5837,2021-12-02,B_5mini_unseen,0,,1000,0.0,-1.0
5837,2021-12-02,C_4mini_1box_hot,0,,1000,0.0,-1.0
5837,2021-12-02,D_3mini_1box_1straight,0,,1000,0.0,-1.0
5837,2021-12-02,E_3mini_1set_1straight_prev,0,,1000,0.0,-1.0
5837,2021-12-02,F_5mini_random,0,,1000,0.0,-1.0
5838,2021-12-03,A_5mini_hot,0,,1000,0.0,-1.0
5838,2021-12-03,B_5mini_unseen,0,,1000,0.0,-1.0
5838,2021-12-03,C_4mini_1box_hot,0,,1000,0.0,-1.0
5838,2021-12-03,D_3mini_1box_1straight,0,,1000,0.0,-1.0
5838,2021-12-03,E_3mini_1set_1straight_prev,0,,1000,0.0,-1.0
5838,2021-12-03,F_5mini_random,0,,1000,0.0,-1.0
5839,2021-12-06,A_5mini_hot,0,,1000,0.0,-1.0
5839,2021-12-06,B_5mini_unseen,0,,1000,0.0,-1.0
5839,2021-12-06,C_4mini_1box_hot,0,,1000,0.0,-1.0
5839,2021-12-06,D_3mini_1box_1straight,0,,1000,0.0,-1.0
5839,2021-12-06,E_3mini_1set_1straight_prev,0,,1000,0.0,-1.0
5839,2021-12-06,F_5mini_random,0,,1000,0.0,-1.0
5840,2021-12-07,A_5mini_hot,0,,1000,0.0,-1.0
5840,2021-12-07,B_5mini_unseen,0,,1000,0.0,-1.0
5840,2021-12-07,C_4mini_1box_hot,0,,1000,0.0,-1.0
5840,2021-12-07,D_3mini_1box_1straight,0,,1000,0.0,-1.0
5840,2021-12-07,E_3mini_1set_1straight_prev,0,,1000,0.0,-1.0
5840,2021-12-07,F_5mini_random,0,,1000,0.0,-1.0
5841,2021-12-08,A_5mini_hot,0,,1000,0.0,-1.0
5841,2021-12-08,B_5mini_unseen,0,,1000,0.0,-1.0
5841,2021-12-08,C_4mini_1box_hot,0,,1000,0.0,-1.0
5841,2021-12-08,D_3mini_1box_1straight,0,,1000,0.0,-1.0
5841,2021-12-08,E_3mini_1set_1straight_prev,0,,1000,0.0,-1.0
5841,2021-12-08,F_5mini_random,0,,1000,0.0,-1.0
5842,2021-12-09,A_5mini_hot,0,,1000,0.0,-1.0
5842,2021-12-09,B_5mini_unseen,0,,1000,0.0,-1.0
5842,2021-12-09,C_4mini_1box_hot,0,,1000,0.0,-1.0
5842,2021-12-09,D_3mini_1box_1straight,0,,1000,0.0,-1.0
5842,2021-12-09,E_3mini_1set_1straight_prev,0,,1000,0.0,-1.0
5842,2021-12-09,F_5mini_random,0,,1000,0.0,-1.0
5843,2021-12-10,A_5mini_hot,0,,1000,0.0,-1.0
5843,2021-12-10,B_5mini_unseen,0,,1000,0.0,-1.0
5843,2021-12-10,C_4mini_1box_hot,0,,1000,0.0,-1.0
5843,2021-12-10,D_3mini_1box_1straight,0,,1000,0.0,-1.0
5843,2021-12-10,E_3mini_1set_1straight_prev,0,,1000,0.0,-1.0
5843,2021-12-10,F_5mini_random,0,,1000,0.0,-1.0
5844,2021-12-13,A_5mini_hot,0,,1000,0.0,-1.0
5844,2021-12-13,B_5mini_unseen,0,,1000,0.0,-1.0
5844,2021-12-13,C_4mini_1box_hot,0,,1000,0.0,-1.0
5844,2021-12-13,D_3mini_1box_1straight,0,,1000,0.0,-1.0
5844,2021-12-13,E_3mini_1set_1straight_prev,0,,1000,0.0,-1.0
5844,2021-12-13,F_5mini_random,0,,1000,0.0,-1.0
5845,2021-12-14,A_5mini_hot,0,,1000,0.0,-1.0
5845,2021-12-14,B_5mini_unseen,0,,1000,0.0,-1.0
5845,2021-12-14,C_4mini_1box_hot,0,,1000,0.0,-1.0
5845,2021-12-14,D_3mini_1box_1straight,0,,1000,0.0,-1.0
5845,2021-12-14,E_3mini_1set_1straight_prev,0,,1000,0.0,-1.0
5845,2021-12-14,F_5mini_random,0,,1000,0.0,-1.0
5846,2021-12-15,A_5mini_hot,0,,1000,0.0,-1.0
5846,2021-12-15,B_5mini_unseen,0,,1000,0.0,-1.0
5846,2021-12-15,C_4mini_1box_hot,0,,1000,0.0,-1.0
5846,2021-12-15,D_3mini_1box_1straight,0,,1000,0.0,-1.0
5846,2021-12-15,E_3mini_1set_1straight_prev,0,,1000,0.0,-1.0
5846,2021-12-15,F_5mini_random,0,,1000,0.0,-1.0
5847,2021-12-17,A_5mini_hot,0,,1000,0.0,-1.0
5847,2021-12-17,B_5mini_unseen,0,,1000,0.0,-1.0
5847,2021-12-17,C_4mini_1box_hot,0,,1000,0.0,-1.0
5847,2021-12-17,D_3mini_1box_1straight,0,,1000,0.0,-1.0
5847,2021-12-17,E_3mini_1set_1straight_prev,0,,1000,0.0,-1.0
5847,2021-12-17,F_5mini_random,1,mini,1000,9000.0,8.0
5849,2021-12-20,A_5mini_hot,0,,1000,0.0,-1.0
5849,2021-12-20,B_5mini_unseen,0,,1000,0.0,-1.0
5849,2021-12-20,C_4mini_1box_hot,0,,1000,0.0,-1.0
5849,2021-12-20,D_3mini_1box_1straight,0,,1000,0.0,-1.0
5849,2021-12-20,E_3mini_1set_1straight_prev,0,,1000,0.0,-1.0
5849,2021-12-20,F_5mini_random,0,,1000,0.0,-1.0
5850,2021-12-21,A_5mini_hot,0,,1000,0.0,-1.0
5850,2021-12-21,B_5mini_unseen,0,,1000,0.0,-1.0
5850,2021-12-21,C_4mini_1box_hot,0,,1000,0.0,-1.0
5850,2021-12-21,D_3mini_1box_1straight,0,,1000,0.0,-1.0
5850,2021-12-21,E_3mini_1set_1straight_prev,0,,1000,0.0,-1.0
5850,2021-12-21,F_5mini_random,0,,1000,0.0,-1.0
5851,2021-12-22,A_5mini_hot,0,,1000,0.0,-1.0
5851,2021-12-22,B_5mini_unseen,0,,1000,0.0,-1.0
5851,2021-12-22,C_4mini_1box_hot,0,,1000,0.0,-1.0
5851,2021-12-22,D_3mini_1box_1straight,0,,1000,0.0,-1.0
5851,2021-12-22,E_3mini_1set_1straight_prev,0,,1000,0.0,-1.0
5851,2021-12-22,F_5mini_random,0,,1000,0.0,-1.0
5852,2021-12-23,A_5mini_hot,0,,1000,0.0,-1.0
5852,2021-12-23,B_5mini_unseen,0,,1000,0.0,-1.0
5852,2021-12-23,C_4mini_1box_hot,0,,1000,0.0,-1.0
5852,2021-12-23,D_3mini_1box_1straight,0,,1000,0.0,-1.0
5852,2021-12-23,E_3mini_1set_1straight_prev,0,,1000,0.0,-1.0
5852,2021-12-23,F_5mini_random,0,,1000,0.0,-1.0
5853,2021-12-24,A_5mini_hot,0,,1000,0.0,-1.0
5853,2021-12-24,B_5mini_unseen,0,,1000,0.0,-1.0
5853,2021-12-24,C_4mini_1box_hot,0,,1000,0.0,-1.0
5853,2021-12-24,D_3mini_1box_1straight,0,,1000,0.0,-1.0
5853,2021-12-24,E_3mini_1set_1straight_prev,0,,1000,0.0,-1.0
5853,2021-12-24,F_5mini_random,0,,1000,0.0,-1.0
5854,2021-12-27,A_5mini_hot,0,,1000,0.0,-1.0
5854,2021-12-27,B_5mini_unseen,0,,1000,0.0,-1.0
5854,2021-12-27,C_4mini_1box_hot,0,,1000,0.0,-1.0
5854,2021-12-27,D_3mini_1box_1straight,0,,1000,0.0,-1.0
5854,2021-12-27,E_3mini_1set_1straight_prev,0,,1000,0.0,-1.0
5854,2021-12-27,F_5mini_random,0,,1000,0.0,-1.0
5855,2021-12-28,A_5mini_hot,0,,1000,0.0,-1.0
5855,2021-12-28,B_5mini_unseen,0,,1000,0.0,-1.0
5855,2021-12-28,C_4mini_1box_hot,0,,1000,0.0,-1.0
5855,2021-12-28,D_3mini_1box_1straight,0,,1000,0.0,-1.0
5855,2021-12-28,E_3mini_1set_1straight_prev,0,,1000,0.0,-1.0
5855,2021-12-28,F_5mini_random,0,,1000,0.0,-1.0
5856,2021-12-29,A_5mini_hot,0,,1000,0.0,-1.0
5856,2021-12-29,B_5mini_unseen,0,,1000,0.0,-1.0
5856,2021-12-29,C_4mini_1box_hot,0,,1000,0.0,-1.0
5856,2021-12-29,D_3mini_1box_1straight,0,,1000,0.0,-1.0
5856,2021-12-29,E_3mini_1set_1straight_prev,0,,1000,0.0,-1.0
5856,2021-12-29,F_5mini_random,0,,1000,0.0,-1.0
5857,2022-01-03,A_5mini_hot,0,,1000,0.0,-1.0
5857,2022-01-03,B_5mini_unseen,0,,1000,0.0,-1.0
5857,2022-01-03,C_4mini_1box_hot,0,,1000,0.0,-1.0
5857,2022-01-03,D_3mini_1box_1straight,0,,1000,0.0,-1.0
5857,2022-01-03,E_3mini_1set_1straight_prev,0,,1000,0.0,-1.0
5857,2022-01-03,F_5mini_random,0,,1000,0.0,-1.0
5858,2022-01-04,A_5mini_hot,0,,1000,0.0,-1.0
5858,2022-01-04,B_5mini_unseen,0,,1000,0.0,-1.0
5858,2022-01-04,C_4mini_1box_hot,0,,1000,0.0,-1.0
5858,2022-01-04,D_3mini_1box_1straight,0,,1000,0.0,-1.0
5858,2022-01-04,E_3mini_1set_1straight_prev,0,,1000,0.0,-1.0
5858,2022-01-04,F_5mini_random,0,,1000,0.0,-1.0
5859,2022-01-05,A_5mini_hot,0,,1000,0.0,-1.0
5859,2022-01-05,B_5mini_unseen,0,,1000,0.0,-1.0
5859,2022-01-05,C_4mini_1box_hot,0,,1000,0.0,-1.0
5859,2022-01-05,D_3mini_1box_1straight,0,,1000,0.0,-1.0
5859,2022-01-05,E_3mini_1set_1straight_prev,0,,1000,0.0,-1.0
5859,2022-01-05,F_5mini_random,0,,1000,0.0,-1.0
5860,2022-01-06,A_5mini_hot,0,,1000,0.0,-1.0
5860,2022-01-06,B_5mini_unseen,1,mini,1000,9000.0,8.0
5860,2022-01-06,C_4mini_1box_hot,0,,1000,0.0,-1.0
5860,2022-01-06,D_3mini_1box_1straight,0,,1000,0.0,-1.0
5860,2022-01-06,E_3mini_1set_1straight_prev,0,,1000,0.0,-1.0
5860,2022-01-06,F_5mini_random,0,,1000,0.0,-1.0
5861,2022-01-07,A_5mini_hot,0,,1000,0.0,-1.0
5861,2022-01-07,B_5mini_unseen,0,,1000,0.0,-1.0
5861,2022-01-07,C_4mini_1box_hot,0,,1000,0.0,-1.0
5861,2022-01-07,D_3mini_1box_1straight,0,,1000,0.0,-1.0
5861,2022-01-07,E_3mini_1set_1straight_prev,0,,1000,0.0,-1.0
5861,2022-01-07,F_5mini_random,0,,1000,0.0,-1.0
5862,2022-01-10,A_5mini_hot,0,,1000,0.0,-1.0
5862,2022-01-10,B_5mini_unseen,0,,1000,0.0,-1.0
5862,2022-01-10,C_4mini_1box_hot,0,,1000,0.0,-1.0
5862,2022-01-10,D_3mini_1box_1straight,0,,1000,0.0,-1.0
5862,2022-01-10,E_3mini_1set_1straight_prev,0,,1000,0.0,-1.0
5862,2022-01-10,F_5mini_random,0,,1000,0.0,-1.0
5863,2022-01-11,A_5mini_hot,0,,1000,0.0,-1.0
5863,2022-01-11,B_5mini_unseen,1,mini,1000,9000.0,8.0
5863,2022-01-11,C_4mini_1box_hot,0,,1000,0.0,-1.0
5863,2022-01-11,D_3mini_1box_1straight,0,,1000,0.0,-1.0
5863,2022-01-11,E_3mini_1set_1straight_prev,0,,1000,0.0,-1.0
5863,2022-01-11,F_5mini_random,0,,1000,0.0,-1.0
5864,2022-01-12,A_5mini_hot,0,,1000,0.0,-1.0
5864,2022-01-12,B_5mini_unseen,0,,1000,0.0,-1.0
5864,2022-01-12,C_4mini_1box_hot,0,,1000,0.0,-1.0
5864,2022-01-12,D_3mini_1box_1straight,0,,1000,0.0,-1.0
5864,2022-01-12,E_3mini_1set_1straight_prev,0,,1000,0.0,-1.0
5864,2022-01-12,F_5mini_random,0,,1000,0.0,-1.0
5865,2022-01-13,A_5mini_hot,0,,1000,0.0,-1.0
5865,2022-01-13,B_5mini_unseen,0,,1000,0.0,-1.0
5865,2022-01-13,C_4mini_1box_hot,0,,1000,0.0,-1.0
5865,2022-01-13,D_3mini_1box_1straight,0,,1000,0.0,-1.0
5865,2022-01-13,E_3mini_1set_1straight_prev,0,,1000,0.0,-1.0
5865,2022-01-13,F_5mini_random,0,,1000,0.0,-1.0
5866,2022-01-14,A_5mini_hot,0,,1000,0.0,-1.0
5866,2022-01-14,B_5mini_unseen,0,,1000,0.0,-1.0
5866,2022-01-14,C_4mini_1box_hot,0,,1000,0.0,-1.0
5866,2022-01-14,D_3mini_1box_1straight,0,,1000,0.0,-1.0
5866,2022-01-14,E_3mini_1set_1straight_prev,0,,1000,0.0,-1.0
5866,2022-01-14,F_5mini_random,0,,1000,0.0,-1.0
5867,2022-01-17,A_5mini_hot,0,,1000,0.0,-1.0
5867,2022-01-17,B_5mini_unseen,0,,1000,0.0,-1.0
5867,2022-01-17,C_4mini_1box_hot,0,,1000,0.0,-1.0
5867,2022-01-17,D_3mini_1box_1straight,0,,1000,0.0,-1.0
5867,2022-01-17,E_3mini_1set_1straight_prev,0,,1000,0.0,-1.0
5867,2022-01-17,F_5mini_random,0,,1000,0.0,-1.0
5868,2022-01-18,A_5mini_hot,0,,1000,0.0,-1.0
5868,2022-01-18,B_5mini_unseen,0,,1000,0.0,-1.0
5868,2022-01-18,C_4mini_1box_hot,0,,1000,0.0,-1.0
5868,2022-01-18,D_3mini_1box_1straight,0,,1000,0.0,-1.0
5868,2022-01-18,E_3mini_1set_1straight_prev,0,,1000,0.0,-1.0
5868,2022-01-18,F_5mini_random,0,,1000,0.0,-1.0
5869,2022-01-19,A_5mini_hot,0,,1000,0.0,-1.0
5869,2022-01-19,B_5mini_unseen,0,,1000,0.0,-1.0
5869,2022-01-19,C_4mini_1box_hot,0,,1000,0.0,-1.0
5869,2022-01-19,D_3mini_1box_1straight,0,,1000,0.0,-1.0
5869,2022-01-19,E_3mini_1set_1straight_prev,0,,1000,0.0,-1.0
5869,2022-01-19,F_5mini_random,0,,1000,0.0,-1.0
5870,2022-01-20,A_5mini_hot,0,,1000,0.0,-1.0
5870,2022-01-20,B_5mini_unseen,0,,1000,0.0,-1.0
5870,2022-01-20,C_4mini_1box_hot,0,,1000,0.0,-1.0
5870,2022-01-20,D_3mini_1box_1straight,0,,1000,0.0,-1.0
5870,2022-01-20,E_3mini_1set_1straight_prev,0,,1000,0.0,-1.0
5870,2022-01-20,F_5mini_random,0,,1000,0.0,-1.0
5871,2022-01-21,A_5mini_hot,0,,1000,0.0,-1.0
5871,2022-01-21,B_5mini_unseen,0,,1000,0.0,-1.0
5871,2022-01-21,C_4mini_1box_hot,0,,1000,0.0,-1.0
5871,2022-01-21,D_3mini_1box_1straight,0,,1000,0.0,-1.0
5871,2022-01-21,E_3mini_1set_1straight_prev,0,,1000,0.0,-1.0
5871,2022-01-21,F_5mini_random,0,,1000,0.0,-1.0
5872,2022-01-24,A_5mini_hot,0,,1000,0.0,-1.0
5872,2022-01-24,B_5mini_unseen,1,mini,1000,9000.0,8.0
5872,2022-01-24,C_4mini_1box_hot,0,,1000,0.0,-1.0
5872,2022-01-24,D_3mini_1box_1straight,0,,1000,0.0,-1.0
5872,2022-01-24,E_3mini_1set_1straight_prev,0,,1000,0.0,-1.0
5872,2022-01-24,F_5mini_random,0,,1000,0.0,-1.0
5873,2022-01-25,A_5mini_hot,0,,1000,0.0,-1.0
5873,2022-01-25,B_5mini_unseen,0,,1000,0.0,-1.0
5873,2022-01-25,C_4mini_1box_hot,0,,1000,0.0,-1.0
5873,2022-01-25,D_3mini_1box_1straight,0,,1000,0.0,-1.0
5873,2022-01-25,E_3mini_1set_1straight_prev,1,mini,1000,9000.0,8.0
5873,2022-01-25,F_5mini_random,0,,1000,0.0,-1.0
5874,2022-01-26,A_5mini_hot,0,,1000,0.0,-1.0
5874,2022-01-26,B_5mini_unseen,0,,1000,0.0,-1.0
5874,2022-01-26,C_4mini_1box_hot,0,,1000,0.0,-1.0
5874,2022-01-26,D_3mini_1box_1straight,0,,1000,0.0,-1.0
5874,2022-01-26,E_3mini_1set_1straight_prev,0,,1000,0.0,-1.0
5874,2022-01-26,F_5mini_random,0,,1000,0.0,-1.0
5875,2022-01-27,A_5mini_hot,0,,1000,0.0,-1.0
5875,2022-01-27,B_5mini_unseen,0,,1000,0.0,-1.0
5875,2022-01-27,C_4mini_1box_hot,0,,1000,0.0,-1.0
5875,2022-01-27,D_3mini_1box_1straight,0,,1000,0.0,-1.0
5875,2022-01-27,E_3mini_1set_1straight_prev,0,,1000,0.0,-1.0
5875,2022-01-27,F_5mini_random,0,,1000,0.0,-1.0
5876,2022-01-28,A_5mini_hot,0,,1000,0.0,-1.0
5876,2022-01-28,B_5mini_unseen,0,,1000,0.0,-1.0
5876,2022-01-28,C_4mini_1box_hot,0,,1000,0.0,-1.0
5876,2022-01-28,D_3mini_1box_1straight,0,,1000,0.0,-1.0
5876,2022-01-28,E_3mini_1set_1straight_prev,0,,1000,0.0,-1.0
5876,2022-01-28,F_5mini_random,0,,1000,0.0,-1.0
5877,2022-01-31,A_5mini_hot,0,,1000,0.0,-1.0
5877,2022-01-31,B_5mini_unseen,0,,1000,0.0,-1.0
5877,2022-01-31,C_4mini_1box_hot,0,,1000,0.0,-1.0
5877,2022-01-31,D_3mini_1box_1straight,0,,1000,0.0,-1.0
5877,2022-01-31,E_3mini_1set_1straight_prev,0,,1000,0.0,-1.0
5877,2022-01-31,F_5mini_random,0,,1000,0.0,-1.0
5878,2022-02-01,A_5mini_hot,0,,1000,0.0,-1.0
5878,2022-02-01,B_5mini_unseen,0,,1000,0.0,-1.0
5878,2022-02-01,C_4mini_1box_hot,0,,1000,0.0,-1.0
5878,2022-02-01,D_3mini_1box_1straight,0,,1000,0.0,-1.0
5878,2022-02-01,E_3mini_1set_1straight_prev,0,,1000,0.0,-1.0
5878,2022-02-01,F_5mini_random,0,,1000,0.0,-1.0
5879,2022-02-02,A_5mini_hot,0,,1000,0.0,-1.0
5879,2022-02-02,B_5mini_unseen,0,,1000,0.0,-1.0
5879,2022-02-02,C_4mini_1box_hot,0,,1000,0.0,-1.0
5879,2022-02-02,D_3mini_1box_1straight,0,,1000,0.0,-1.0
5879,2022-02-02,E_3mini_1set_1straight_prev,0,,1000,0.0,-1.0
5879,2022-02-02,F_5mini_random,0,,1000,0.0,-1.0
5880,2022-02-03,A_5mini_hot,0,,1000,0.0,-1.0
5880,2022-02-03,B_5mini_unseen,0,,1000,0.0,-1.0
5880,2022-02-03,C_4mini_1box_hot,1,box,1000,15000.0,14.0
5880,2022-02-03,D_3mini_1box_1straight,1,box,1000,15000.0,14.0
5880,2022-02-03,E_3mini_1set_1straight_prev,1,set_box,1000,7500.0,6.5
5880,2022-02-03,F_5mini_random,0,,1000,0.0,-1.0
5881,2022-02-04,A_5mini_hot,0,,1000,0.0,-1.0
5881,2022-02-04,B_5mini_unseen,0,,1000,0.0,-1.0
5881,2022-02-04,C_4mini_1box_hot,0,,1000,0.0,-1.0
5881,2022-02-04,D_3mini_1box_1straight,0,,1000,0.0,-1.0
5881,2022-02-04,E_3mini_1set_1straight_prev,0,,1000,0.0,-1.0
5881,2022-02-04,F_5mini_random,0,,1000,0.0,-1.0
5882,2022-02-07,A_5mini_hot,0,,1000,0.0,-1.0
5882,2022-02-07,B_5mini_unseen,0,,1000,0.0,-1.0
5882,2022-02-07,C_4mini_1box_hot,0,,1000,0.0,-1.0
5882,2022-02-07,D_3mini_1box_1straight,0,,1000,0.0,-1.0
5882,2022-02-07,E_3mini_1set_1straight_prev,0,,1000,0.0,-1.0
5882,2022-02-07,F_5mini_random,0,,1000,0.0,-1.0
5883,2022-02-08,A_5mini_hot,0,,1000,0.0,-1.0
5883,2022-02-08,B_5mini_unseen,0,,1000,0.0,-1.0
5883,2022-02-08,C_4mini_1box_hot,0,,1000,0.0,-1.0
5883,2022-02-08,D_3mini_1box_1straight,0,,1000,0.0,-1.0
5883,2022-02-08,E_3mini_1set_1straight_prev,0,,1000,0.0,-1.0
5883,2022-02-08,F_5mini_random,0,,1000,0.0,-1.0
5884,2022-02-09,A_5mini_hot,0,,1000,0.0,-1.0
5884,2022-02-09,B_5mini_unseen,1,mini,1000,9000.0,8.0
5884,2022-02-09,C_4mini_1box_hot,0,,1000,0.0,-1.0
5884,2022-02-09,D_3mini_1box_1straight,0,,1000,0.0,-1.0
5884,2022-02-09,E_3mini_1set_1straight_prev,0,,1000,0.0,-1.0
5884,2022-02-09,F_5mini_random,0,,1000,0.0,-1.0
5885,2022-02-10,A_5mini_hot,0,,1000,0.0,-1.0
5885,2022-02-10,B_5mini_unseen,0,,1000,0.0,-1.0
5885,2022-02-10,C_4mini_1box_hot,0,,1000,0.0,-1.0
5885,2022-02-10,D_3mini_1box_1straight,0,,1000,0.0,-1.0
5885,2022-02-10,E_3mini_1set_1straight_prev,0,,1000,0.0,-1.0
5885,2022-02-10,F_5mini_random,0,,1000,0.0,-1.0
5886,2022-02-11,A_5mini_hot,0,,1000,0.0,-1.0
5886,2022-02-11,B_5mini_unseen,0,,1000,0.0,-1.0
5886,2022-02-11,C_4mini_1box_hot,0,,1000,0.0,-1.0
5886,2022-02-11,D_3mini_1box_1straight,0,,1000,0.0,-1.0
5886,2022-02-11,E_3mini_1set_1straight_prev,1,mini,1000,9000.0,8.0
5886,2022-02-11,F_5mini_random,0,,1000,0.0,-1.0
5887,2022-02-14,A_5mini_hot,0,,1000,0.0,-1.0
5887,2022-02-14,B_5mini_unseen,0,,1000,0.0,-1.0
5887,2022-02-14,C_4mini_1box_hot,0,,1000,0.0,-1.0
5887,2022-02-14,D_3mini_1box_1straight,0,,1000,0.0,-1.0
5887,2022-02-14,E_3mini_1set_1straight_prev,0,,1000,0.0,-1.0
5887,2022-02-14,F_5mini_random,0,,1000,0.0,-1.0
5888,2022-02-15,A_5mini_hot,0,,1000,0.0,-1.0
5888,2022-02-15,B_5mini_unseen,0,,1000,0.0,-1.0
5888,2022-02-15,C_4mini_1box_hot,0,,1000,0.0,-1.0
5888,2022-02-15,D_3mini_1box_1straight,0,,1000,0.0,-1.0
5888,2022-02-15,E_3mini_1set_1straight_prev,0,,1000,0.0,-1.0
5888,2022-02-15,F_5mini_random,0,,1000,0.0,-1.0
5889,2022-02-16,A_5mini_hot,1,mini,1000,9000.0,8.0
5889,2022-02-16,B_5mini_unseen,0,,1000,0.0,-1.0
5889,2022-02-16,C_4mini_1box_hot,1,mini,1000,9000.0,8.0
5889,2022-02-16,D_3mini_1box_1straight,0,,1000,0.0,-1.0
5889,2022-02-16,E_3mini_1set_1straight_prev,0,,1000,0.0,-1.0
5889,2022-02-16,F_5mini_random,0,,1000,0.0,-1.0
5890,2022-02-17,A_5mini_hot,0,,1000,0.0,-1.0
5890,2022-02-17,B_5mini_unseen,0,,1000,0.0,-1.0
5890,2022-02-17,C_4mini_1box_hot,0,,1000,0.0,-1.0
5890,2022-02-17,D_3mini_1box_1straight,0,,1000,0.0,-1.0
5890,2022-02-17,E_3mini_1set_1straight_prev,0,,1000,0.0,-1.0
5890,2022-02-17,F_5mini_random,0,,1000,0.0,-1.0
5891,2022-02-18,A_5mini_hot,1,mini,1000,9000.0,8.0
5891,2022-02-18,B_5mini_unseen,0,,1000,0.0,-1.0
5891,2022-02-18,C_4mini_1box_hot,1,mini,1000,9000.0,8.0
5891,2022-02-18,D_3mini_1box_1straight,1,mini,1000,9000.0,8.0
5891,2022-02-18,E_3mini_1set_1straight_prev,0,,1000,0.0,-1.0
5891,2022-02-18,F_5mini_random,0,,1000,0.0,-1.0
5892,2022-02-21,A_5mini_hot,0,,1000,0.0,-1.0
5892,2022-02-21,B_5mini_unseen,0,,1000,0.0,-1.0
5892,2022-02-21,C_4mini_1box_hot,0,,1000,0.0,-1.0
5892,2022-02-21,D_3mini_1box_1straight,0,,1000,0.0,-1.0
5892,2022-02-21,E_3mini_1set_1straight_prev,0,,1000,0.0,-1.0
5892,2022-02-21,F_5mini_random,0,,1000,0.0,-1.0
5893,2022-02-22,A_5mini_hot,0,,1000,0.0,-1.0
5893,2022-02-22,B_5mini_unseen,0,,1000,0.0,-1.0
5893,2022-02-22,C_4mini_1box_hot,0,,1000,0.0,-1.0
5893,2022-02-22,D_3mini_1box_1straight,0,,1000,0.0,-1.0
5893,2022-02-22,E_3mini_1set_1straight_prev,0,,1000,0.0,-1.0
5893,2022-02-22,F_5mini_random,0,,1000,0.0,-1.0
5894,2022-02-23,A_5mini_hot,0,,1000,0.0,-1.0
5894,2022-02-23,B_5mini_unseen,0,,1000,0.0,-1.0
5894,2022-02-23,C_4mini_1box_hot,0,,1000,0.0,-1.0
5894,2022-02-23,D_3mini_1box_1straight,0,,1000,0.0,-1.0
5894,2022-02-23,E_3mini_1set_1straight_prev,0,,1000,0.0,-1.0
5894,2022-02-23,F_5mini_random,0,,1000,0.0,-1.0
5895,2022-02-24,A_5mini_hot,0,,1000,0.0,-1.0
5895,2022-02-24,B_5mini_unseen,0,,1000,0.0,-1.0
5895,2022-02-24,C_4mini_1box_hot,0,,1000,0.0,-1.0
5895,2022-02-24,D_3mini_1box_1straight,0,,1000,0.0,-1.0
5895,2022-02-24,E_3mini_1set_1straight_prev,0,,1000,0.0,-1.0
5895,2022-02-24,F_5mini_random,0,,1000,0.0,-1.0
5896,2022-02-25,A_5mini_hot,0,,1000,0.0,-1.0
5896,2022-02-25,B_5mini_unseen,0,,1000,0.0,-1.0
5896,2022-02-25,C_4mini_1box_hot,0,,1000,0.0,-1.0
5896,2022-02-25,D_3mini_1box_1straight,0,,1000,0.0,-1.0
5896,2022-02-25,E_3mini_1set_1straight_prev,0,,1000,0.0,-1.0
5896,2022-02-25,F_5mini_random,0,,1000,0.0,-1.0
5897,2022-02-28,A_5mini_hot,1,mini,1000,9000.0,8.0
5897,2022-02-28,B_5mini_unseen,0,,1000,0.0,-1.0
5897,2022-02-28,C_4mini_1box_hot,1,mini,1000,9000.0,8.0
5897,2022-02-28,D_3mini_1box_1straight,1,mini,1000,9000.0,8.0
5897,2022-02-28,E_3mini_1set_1straight_prev,0,,1000,0.0,-1.0
5897,2022-02-28,F_5mini_random,0,,1000,0.0,-1.0
5898,2022-03-01,A_5mini_hot,0,,1000,0.0,-1.0
5898,2022-03-01,B_5mini_unseen,0,,1000,0.0,-1.0
5898,2022-03-01,C_4mini_1box_hot,0,,1000,0.0,-1.0
5898,2022-03-01,D_3mini_1box_1straight,0,,1000,0.0,-1.0
5898,2022-03-01,E_3mini_1set_1straight_prev,0,,1000,0.0,-1.0
5898,2022-03-01,F_5mini_random,0,,1000,0.0,-1.0
5899,2022-03-02,A_5mini_hot,0,,1000,0.0,-1.0
5899,2022-03-02,B_5mini_unseen,0,,1000,0.0,-1.0
5899,2022-03-02,C_4mini_1box_hot,0,,1000,0.0,-1.0
5899,2022-03-02,D_3mini_1box_1straight,0,,1000,0.0,-1.0
5899,2022-03-02,E_3mini_1set_1straight_prev,0,,1000,0.0,-1.0
5899,2022-03-02,F_5mini_random,0,,1000,0.0,-1.0
5900,2022-03-03,A_5mini_hot,0,,1000,0.0,-1.0
5900,2022-03-03,B_5mini_unseen,0,,1000,0.0,-1.0
5900,2022-03-03,C_4mini_1box_hot,0,,1000,0.0,-1.0
5900,2022-03-03,D_3mini_1box_1straight,0,,1000,0.0,-1.0
5900,2022-03-03,E_3mini_1set_1straight_prev,0,,1000,0.0,-1.0
5900,2022-03-03,F_5mini_random,0,,1000,0.0,-1.0
5901,2022-03-04,A_5mini_hot,0,,1000,0.0,-1.0
5901,2022-03-04,B_5mini_unseen,0,,1000,0.0,-1.0
5901,2022-03-04,C_4mini_1box_hot,0,,1000,0.0,-1.0
5901,2022-03-04,D_3mini_1box_1straight,0,,1000,0.0,-1.0
5901,2022-03-04,E_3mini_1set_1straight_prev,0,,1000,0.0,-1.0
5901,2022-03-04,F_5mini_random,0,,1000,0.0,-1.0
5902,2022-03-07,A_5mini_hot,0,,1000,0.0,-1.0
5902,2022-03-07,B_5mini_unseen,0,,1000,0.0,-1.0
5902,2022-03-07,C_4mini_1box_hot,0,,1000,0.0,-1.0
5902,2022-03-07,D_3mini_1box_1straight,0,,1000,0.0,-1.0
5902,2022-03-07,E_3mini_1set_1straight_prev,0,,1000,0.0,-1.0
5902,2022-03-07,F_5mini_random,0,,1000,0.0,-1.0
5903,2022-03-08,A_5mini_hot,0,,1000,0.0,-1.0
5903,2022-03-08,B_5mini_unseen,0,,1000,0.0,-1.0
5903,2022-03-08,C_4mini_1box_hot,0,,1000,0.0,-1.0
5903,2022-03-08,D_3mini_1box_1straight,0,,1000,0.0,-1.0
5903,2022-03-08,E_3mini_1set_1straight_prev,0,,1000,0.0,-1.0
5903,2022-03-08,F_5mini_random,0,,1000,0.0,-1.0
5904,2022-03-09,A_5mini_hot,0,,1000,0.0,-1.0
5904,2022-03-09,B_5mini_unseen,0,,1000,0.0,-1.0
5904,2022-03-09,C_4mini_1box_hot,0,,1000,0.0,-1.0
5904,2022-03-09,D_3mini_1box_1straight,0,,1000,0.0,-1.0
5904,2022-03-09,E_3mini_1set_1straight_prev,0,,1000,0.0,-1.0
5904,2022-03-09,F_5mini_random,1,mini,1000,9000.0,8.0
5905,2022-03-10,A_5mini_hot,0,,1000,0.0,-1.0
5905,2022-03-10,B_5mini_unseen,0,,1000,0.0,-1.0
5905,2022-03-10,C_4mini_1box_hot,0,,1000,0.0,-1.0
5905,2022-03-10,D_3mini_1box_1straight,0,,1000,0.0,-1.0
5905,2022-03-10,E_3mini_1set_1straight_prev,0,,1000,0.0,-1.0
5905,2022-03-10,F_5mini_random,0,,1000,0.0,-1.0
5906,2022-03-11,A_5mini_hot,0,,1000,0.0,-1.0
5906,2022-03-11,B_5mini_unseen,0,,1000,0.0,-1.0
5906,2022-03-11,C_4mini_1box_hot,0,,1000,0.0,-1.0
5906,2022-03-11,D_3mini_1box_1straight,0,,1000,0.0,-1.0
5906,2022-03-11,E_3mini_1set_1straight_prev,0,,1000,0.0,-1.0
5906,2022-03-11,F_5mini_random,0,,1000,0.0,-1.0
5907,2022-03-14,A_5mini_hot,0,,1000,0.0,-1.0
5907,2022-03-14,B_5mini_unseen,0,,1000,0.0,-1.0
5907,2022-03-14,C_4mini_1box_hot,0,,1000,0.0,-1.0
5907,2022-03-14,D_3mini_1box_1straight,0,,1000,0.0,-1.0
5907,2022-03-14,E_3mini_1set_1straight_prev,0,,1000,0.0,-1.0
5907,2022-03-14,F_5mini_random,0,,1000,0.0,-1.0
5908,2022-03-15,A_5mini_hot,0,,1000,0.0,-1.0
5908,2022-03-15,B_5mini_unseen,1,mini,1000,9000.0,8.0
5908,2022-03-15,C_4mini_1box_hot,0,,1000,0.0,-1.0
5908,2022-03-15,D_3mini_1box_1straight,0,,1000,0.0,-1.0
5908,2022-03-15,E_3mini_1set_1straight_prev,0,,1000,0.0,-1.0
5908,2022-03-15,F_5mini_random,0,,1000,0.0,-1.0
5909,2022-03-16,A_5mini_hot,0,,1000,0.0,-1.0
5909,2022-03-16,B_5mini_unseen,0,,1000,0.0,-1.0
5909,2022-03-16,C_4mini_1box_hot,0,,1000,0.0,-1.0
5909,2022-03-16,D_3mini_1box_1straight,0,,1000,0.0,-1.0
5909,2022-03-16,E_3mini_1set_1straight_prev,0,,1000,0.0,-1.0
5909,2022-03-16,F_5mini_random,0,,1000,0.0,-1.0
5910,2022-03-17,A_5mini_hot,1,mini,1000,9000.0,8.0
5910,2022-03-17,B_5mini_unseen,0,,1000,0.0,-1.0
5910,2022-03-17,C_4mini_1box_hot,1,mini,1000,9000.0,8.0
5910,2022-03-17,D_3mini_1box_1straight,1,mini,1000,9000.0,8.0
5910,2022-03-17,E_3mini_1set_1straight_prev,0,,1000,0.0,-1.0
5910,2022-03-17,F_5mini_random,0,,1000,0.0,-1.0
5911,2022-03-18,A_5mini_hot,0,,1000,0.0,-1.0
5911,2022-03-18,B_5mini_unseen,0,,1000,0.0,-1.0
5911,2022-03-18,C_4mini_1box_hot,0,,1000,0.0,-1.0
5911,2022-03-18,D_3mini_1box_1straight,0,,1000,0.0,-1.0
5911,2022-03-18,E_3mini_1set_1straight_prev,0,,1000,0.0,-1.0
5911,2022-03-18,F_5mini_random,0,,1000,0.0,-1.0
5912,2022-03-21,A_5mini_hot,0,,1000,0.0,-1.0
5912,2022-03-21,B_5mini_unseen,0,,1000,0.0,-1.0
5912,2022-03-21,C_4mini_1box_hot,0,,1000,0.0,-1.0
5912,2022-03-21,D_3mini_1box_1straight,0,,1000,0.0,-1.0
5912,2022-03-21,E_3mini_1set_1straight_prev,0,,1000,0.0,-1.0
5912,2022-03-21,F_5mini_random,0,,1000,0.0,-1.0
5913,2022-03-22,A_5mini_hot,0,,1000,0.0,-1.0
5913,2022-03-22,B_5mini_unseen,0,,1000,0.0,-1.0
5913,2022-03-22,C_4mini_1box_hot,0,,1000,0.0,-1.0
5913,2022-03-22,D_3mini_1box_1straight,0,,1000,0.0,-1.0
5913,2022-03-22,E_3mini_1set_1straight_prev,0,,1000,0.0,-1.0
5913,2022-03-22,F_5mini_random,0,,1000,0.0,-1.0
5914,2022-03-23,A_5mini_hot,0,,1000,0.0,-1.0
5914,2022-03-23,B_5mini_unseen,0,,1000,0.0,-1.0
5914,2022-03-23,C_4mini_1box_hot,0,,1000,0.0,-1.0
5914,2022-03-23,D_3mini_1box_1straight,0,,1000,0.0,-1.0
5914,2022-03-23,E_3mini_1set_1straight_prev,1,mini,1000,9000.0,8.0
5914,2022-03-23,F_5mini_random,0,,1000,0.0,-1.0
5915,2022-03-24,A_5mini_hot,0,,1000,0.0,-1.0
5915,2022-03-24,B_5mini_unseen,0,,1000,0.0,-1.0
5915,2022-03-24,C_4mini_1box_hot,0,,1000,0.0,-1.0
5915,2022-03-24,D_3mini_1box_1straight,0,,1000,0.0,-1.0
5915,2022-03-24,E_3mini_1set_1straight_prev,0,,1000,0.0,-1.0
5915,2022-03-24,F_5mini_random,0,,1000,0.0,-1.0
5916,2022-03-25,A_5mini_hot,0,,1000,0.0,-1.0
5916,2022-03-25,B_5mini_unseen,0,,1000,0.0,-1.0
5916,2022-03-25,C_4mini_1box_hot,0,,1000,0.0,-1.0
5916,2022-03-25,D_3mini_1box_1straight,0,,1000,0.0,-1.0
5916,2022-03-25,E_3mini_1set_1straight_prev,0,,1000,0.0,-1.0
5916,2022-03-25,F_5mini_random,0,,1000,0.0,-1.0
5917,2022-03-28,A_5mini_hot,0,,1000,0.0,-1.0
5917,2022-03-28,B_5mini_unseen,0,,1000,0.0,-1.0
5917,2022-03-28,C_4mini_1box_hot,0,,1000,0.0,-1.0
5917,2022-03-28,D_3mini_1box_1straight,0,,1000,0.0,-1.0
5917,2022-03-28,E_3mini_1set_1straight_prev,0,,1000,0.0,-1.0
5917,2022-03-28,F_5mini_random,0,,1000,0.0,-1.0
5918,2022-03-29,A_5mini_hot,0,,1000,0.0,-1.0
5918,2022-03-29,B_5mini_unseen,0,,1000,0.0,-1.0
5918,2022-03-29,C_4mini_1box_hot,0,,1000,0.0,-1.0
5918,2022-03-29,D_3mini_1box_1straight,0,,1000,0.0,-1.0
5918,2022-03-29,E_3mini_1set_1straight_prev,0,,1000,0.0,-1.0
5918,2022-03-29,F_5mini_random,0,,1000,0.0,-1.0
5919,2022-03-30,A_5mini_hot,0,,1000,0.0,-1.0
5919,2022-03-30,B_5mini_unseen,0,,1000,0.0,-1.0
5919,2022-03-30,C_4mini_1box_hot,0,,1000,0.0,-1.0
5919,2022-03-30,D_3mini_1box_1straight,0,,1000,0.0,-1.0
5919,2022-03-30,E_3mini_1set_1straight_prev,0,,1000,0.0,-1.0
5919,2022-03-30,F_5mini_random,0,,1000,0.0,-1.0
5920,2022-03-31,A_5mini_hot,0,,1000,0.0,-1.0
5920,2022-03-31,B_5mini_unseen,0,,1000,0.0,-1.0
5920,2022-03-31,C_4mini_1box_hot,0,,1000,0.0,-1.0
5920,2022-03-31,D_3mini_1box_1straight,0,,1000,0.0,-1.0
5920,2022-03-31,E_3mini_1set_1straight_prev,1,mini,1000,9000.0,8.0
5920,2022-03-31,F_5mini_random,0,,1000,0.0,-1.0
5921,2022-04-01,A_5mini_hot,1,mini,1000,9000.0,8.0
5921,2022-04-01,B_5mini_unseen,0,,1000,0.0,-1.0
5921,2022-04-01,C_4mini_1box_hot,0,,1000,0.0,-1.0
5921,2022-04-01,D_3mini_1box_1straight,0,,1000,0.0,-1.0
5921,2022-04-01,E_3mini_1set_1straight_prev,0,,1000,0.0,-1.0
5921,2022-04-01,F_5mini_random,0,,1000,0.0,-1.0
5922,2022-04-04,A_5mini_hot,0,,1000,0.0,-1.0
5922,2022-04-04,B_5mini_unseen,0,,1000,0.0,-1.0
5922,2022-04-04,C_4mini_1box_hot,0,,1000,0.0,-1.0
5922,2022-04-04,D_3mini_1box_1straight,0,,1000,0.0,-1.0
5922,2022-04-04,E_3mini_1set_1straight_prev,0,,1000,0.0,-1.0
5922,2022-04-04,F_5mini_random,0,,1000,0.0,-1.0
5923,2022-04-05,A_5mini_hot,0,,1000,0.0,-1.0
5923,2022-04-05,B_5mini_unseen,0,,1000,0.0,-1.0
5923,2022-04-05,C_4mini_1box_hot,0,,1000,0.0,-1.0
5923,2022-04-05,D_3mini_1box_1straight,0,,1000,0.0,-1.0
5923,2022-04-05,E_3mini_1set_1straight_prev,0,,1000,0.0,-1.0
5923,2022-04-05,F_5mini_random,0,,1000,0.0,-1.0
5924,2022-04-06,A_5mini_hot,0,,1000,0.0,-1.0
5924,2022-04-06,B_5mini_unseen,0,,1000,0.0,-1.0
5924,2022-04-06,C_4mini_1box_hot,0,,1000,0.0,-1.0
5924,2022-04-06,D_3mini_1box_1straight,0,,1000,0.0,-1.0
5924,2022-04-06,E_3mini_1set_1straight_prev,0,,1000,0.0,-1.0
5924,2022-04-06,F_5mini_random,0,,1000,0.0,-1.0
5925,2022-04-07,A_5mini_hot,0,,1000,0.0,-1.0
5925,2022-04-07,B_5mini_unseen,0,,1000,0.0,-1.0
5925,2022-04-07,C_4mini_1box_hot,0,,1000,0.0,-1.0
5925,2022-04-07,D_3mini_1box_1straight,0,,1000,0.0,-1.0
5925,2022-04-07,E_3mini_1set_1straight_prev,1,mini,1000,9000.0,8.0
5925,2022-04-07,F_5mini_random,0,,1000,0.0,-1.0
5926,2022-04-08,A_5mini_hot,0,,1000,0.0,-1.0
5926,2022-04-08,B_5mini_unseen,0,,1000,0.0,-1.0
5926,2022-04-08,C_4mini_1box_hot,0,,1000,0.0,-1.0
5926,2022-04-08,D_3mini_1box_1straight,0,,1000,0.0,-1.0
5926,2022-04-08,E_3mini_1set_1straight_prev,0,,1000,0.0,-1.0
5926,2022-04-08,F_5mini_random,0,,1000,0.0,-1.0
5927,2022-04-11,A_5mini_hot,0,,1000,0.0,-1.0
5927,2022-04-11,B_5mini_unseen,0,,1000,0.0,-1.0
5927,2022-04-11,C_4mini_1box_hot,0,,1000,0.0,-1.0
5927,2022-04-11,D_3mini_1box_1straight,0,,1000,0.0,-1.0
5927,2022-04-11,E_3mini_1set_1straight_prev,0,,1000,0.0,-1.0
5927,2022-04-11,F_5mini_random,0,,1000,0.0,-1.0
5928,2022-04-12,A_5mini_hot,0,,1000,0.0,-1.0
5928,2022-04-12,B_5mini_unseen,0,,1000,0.0,-1.0
5928,2022-04-12,C_4mini_1box_hot,0,,1000,0.0,-1.0
5928,2022-04-12,D_3mini_1box_1straight,0,,1000,0.0,-1.0
5928,2022-04-12,E_3mini_1set_1straight_prev,0,,1000,0.0,-1.0
5928,2022-04-12,F_5mini_random,0,,1000,0.0,-1.0
5929,2022-04-13,A_5mini_hot,0,,1000,0.0,-1.0
5929,2022-04-13,B_5mini_unseen,0,,1000,0.0,-1.0
5929,2022-04-13,C_4mini_1box_hot,0,,1000,0.0,-1.0
5929,2022-04-13,D_3mini_1box_1straight,0,,1000,0.0,-1.0
5929,2022-04-13,E_3mini_1set_1straight_prev,0,,1000,0.0,-1.0
5929,2022-04-13,F_5mini_random,0,,1000,0.0,-1.0
5930,2022-04-14,A_5mini_hot,0,,1000,0.0,-1.0
5930,2022-04-14,B_5mini_unseen,0,,1000,0.0,-1.0
5930,2022-04-14,C_4mini_1box_hot,0,,1000,0.0,-1.0
5930,2022-04-14,D_3mini_1box_1straight,0,,1000,0.0,-1.0
5930,2022-04-14,E_3mini_1set_1straight_prev,0,,1000,0.0,-1.0
5930,2022-04-14,F_5mini_random,0,,1000,0.0,-1.0
5931,2022-04-15,A_5mini_hot,0,,1000,0.0,-1.0
5931,2022-04-15,B_5mini_unseen,0,,1000,0.0,-1.0
5931,2022-04-15,C_4mini_1box_hot,0,,1000,0.0,-1.0
5931,2022-04-15,D_3mini_1box_1straight,0,,1000,0.0,-1.0
5931,2022-04-15,E_3mini_1set_1straight_prev,0,,1000,0.0,-1.0
5931,2022-04-15,F_5mini_random,0,,1000,0.0,-1.0
5932,2022-04-18,A_5mini_hot,0,,1000,0.0,-1.0
5932,2022-04-18,B_5mini_unseen,0,,1000,0.0,-1.0
5932,2022-04-18,C_4mini_1box_hot,0,,1000,0.0,-1.0
5932,2022-04-18,D_3mini_1box_1straight,0,,1000,0.0,-1.0
5932,2022-04-18,E_3mini_1set_1straight_prev,0,,1000,0.0,-1.0
5932,2022-04-18,F_5mini_random,1,mini,1000,9000.0,8.0
5933,2022-04-19,A_5mini_hot,0,,1000,0.0,-1.0
5933,2022-04-19,B_5mini_unseen,0,,1000,0.0,-1.0
5933,2022-04-19,C_4mini_1box_hot,0,,1000,0.0,-1.0
5933,2022-04-19,D_3mini_1box_1straight,0,,1000,0.0,-1.0
5933,2022-04-19,E_3mini_1set_1straight_prev,0,,1000,0.0,-1.0
5933,2022-04-19,F_5mini_random,0,,1000,0.0,-1.0
5934,2022-04-20,A_5mini_hot,0,,1000,0.0,-1.0
5934,2022-04-20,B_5mini_unseen,0,,1000,0.0,-1.0
5934,2022-04-20,C_4mini_1box_hot,0,,1000,0.0,-1.0
5934,2022-04-20,D_3mini_1box_1straight,0,,1000,0.0,-1.0
5934,2022-04-20,E_3mini_1set_1straight_prev,0,,1000,0.0,-1.0
5934,2022-04-20,F_5mini_random,0,,1000,0.0,-1.0
5935,2022-04-21,A_5mini_hot,0,,1000,0.0,-1.0
5935,2022-04-21,B_5mini_unseen,0,,1000,0.0,-1.0
5935,2022-04-21,C_4mini_1box_hot,0,,1000,0.0,-1.0
5935,2022-04-21,D_3mini_1box_1straight,0,,1000,0.0,-1.0
5935,2022-04-21,E_3mini_1set_1straight_prev,0,,1000,0.0,-1.0
5935,2022-04-21,F_5mini_random,0,,1000,0.0,-1.0
5936,2022-04-22,A_5mini_hot,0,,1000,0.0,-1.0
5936,2022-04-22,B_5mini_unseen,0,,1000,0.0,-1.0
5936,2022-04-22,C_4mini_1box_hot,0,,1000,0.0,-1.0
5936,2022-04-22,D_3mini_1box_1straight,0,,1000,0.0,-1.0
5936,2022-04-22,E_3mini_1set_1straight_prev,0,,1000,0.0,-1.0
5936,2022-04-22,F_5mini_random,0,,1000,0.0,-1.0
5937,2022-04-25,A_5mini_hot,0,,1000,0.0,-1.0
5937,2022-04-25,B_5mini_unseen,0,,1000,0.0,-1.0
5937,2022-04-25,C_4mini_1box_hot,0,,1000,0.0,-1.0
5937,2022-04-25,D_3mini_1box_1straight,0,,1000,0.0,-1.0
5937,2022-04-25,E_3mini_1set_1straight_prev,0,,1000,0.0,-1.0
5937,2022-04-25,F_5mini_random,0,,1000,0.0,-1.0
5938,2022-04-26,A_5mini_hot,0,,1000,0.0,-1.0
5938,2022-04-26,B_5mini_unseen,0,,1000,0.0,-1.0
5938,2022-04-26,C_4mini_1box_hot,0,,1000,0.0,-1.0
5938,2022-04-26,D_3mini_1box_1straight,0,,1000,0.0,-1.0
5938,2022-04-26,E_3mini_1set_1straight_prev,0,,1000,0.0,-1.0
5938,2022-04-26,F_5mini_random,0,,1000,0.0,-1.0
5939,2022-04-27,A_5mini_hot,0,,1000,0.0,-1.0
5939,2022-04-27,B_5mini_unseen,0,,1000,0.0,-1.0
5939,2022-04-27,C_4mini_1box_hot,0,,1000,0.0,-1.0
5939,2022-04-27,D_3mini_1box_1straight,0,,1000,0.0,-1.0
5939,2022-04-27,E_3mini_1set_1straight_prev,0,,1000,0.0,-1.0
5939,2022-04-27,F_5mini_random,0,,1000,0.0,-1.0
5940,2022-04-28,A_5mini_hot,0,,1000,0.0,-1.0
5940,2022-04-28,B_5mini_unseen,0,,1000,0.0,-1.0
5940,2022-04-28,C_4mini_1box_hot,0,,1000,0.0,-1.0
5940,2022-04-28,D_3mini_1box_1straight,0,,1000,0.0,-1.0
5940,2022-04-28,E_3mini_1set_1straight_prev,0,,1000,0.0,-1.0
5940,2022-04-28,F_5mini_random,0,,1000,0.0,-1.0
5941,2022-04-29,A_5mini_hot,0,,1000,0.0,-1.0
5941,2022-04-29,B_5mini_unseen,0,,1000,0.0,-1.0
5941,2022-04-29,C_4mini_1box_hot,0,,1000,0.0,-1.0
5941,2022-04-29,D_3mini_1box_1straight,0,,1000,0.0,-1.0
5941,2022-04-29,E_3mini_1set_1straight_prev,0,,1000,0.0,-1.0
5941,2022-04-29,F_5mini_random,0,,1000,0.0,-1.0
5942,2022-05-02,A_5mini_hot,0,,1000,0.0,-1.0
5942,2022-05-02,B_5mini_unseen,0,,1000,0.0,-1.0
5942,2022-05-02,C_4mini_1box_hot,0,,1000,0.0,-1.0
5942,2022-05-02,D_3mini_1box_1straight,0,,1000,0.0,-1.0
5942,2022-05-02,E_3mini_1set_1straight_prev,0,,1000,0.0,-1.0
5942,2022-05-02,F_5mini_random,0,,1000,0.0,-1.0
5943,2022-05-03,A_5mini_hot,0,,1000,0.0,-1.0
5943,2022-05-03,B_5mini_unseen,0,,1000,0.0,-1.0
5943,2022-05-03,C_4mini_1box_hot,0,,1000,0.0,-1.0
5943,2022-05-03,D_3mini_1box_1straight,0,,1000,0.0,-1.0
5943,2022-05-03,E_3mini_1set_1straight_prev,0,,1000,0.0,-1.0
5943,2022-05-03,F_5mini_random,1,mini,1000,9000.0,8.0
5944,2022-05-04,A_5mini_hot,0,,1000,0.0,-1.0
5944,2022-05-04,B_5mini_unseen,0,,1000,0.0,-1.0
5944,2022-05-04,C_4mini_1box_hot,0,,1000,0.0,-1.0
5944,2022-05-04,D_3mini_1box_1straight,0,,1000,0.0,-1.0
5944,2022-05-04,E_3mini_1set_1straight_prev,0,,1000,0.0,-1.0
5944,2022-05-04,F_5mini_random,0,,1000,0.0,-1.0
5945,2022-05-05,A_5mini_hot,0,,1000,0.0,-1.0
5945,2022-05-05,B_5mini_unseen,0,,1000,0.0,-1.0
5945,2022-05-05,C_4mini_1box_hot,0,,1000,0.0,-1.0
5945,2022-05-05,D_3mini_1box_1straight,0,,1000,0.0,-1.0
5945,2022-05-05,E_3mini_1set_1straight_prev,0,,1000,0.0,-1.0
5945,2022-05-05,F_5mini_random,0,,1000,0.0,-1.0
5946,2022-05-06,A_5mini_hot,0,,1000,0.0,-1.0
5946,2022-05-06,B_5mini_unseen,0,,1000,0.0,-1.0
5946,2022-05-06,C_4mini_1box_hot,0,,1000,0.0,-1.0
5946,2022-05-06,D_3mini_1box_1straight,0,,1000,0.0,-1.0
5946,2022-05-06,E_3mini_1set_1straight_prev,0,,1000,0.0,-1.0
5946,2022-05-06,F_5mini_random,0,,1000,0.0,-1.0
5947,2022-05-09,A_5mini_hot,0,,1000,0.0,-1.0
5947,2022-05-09,B_5mini_unseen,0,,1000,0.0,-1.0
5947,2022-05-09,C_4mini_1box_hot,0,,1000,0.0,-1.0
5947,2022-05-09,D_3mini_1box_1straight,0,,1000,0.0,-1.0
5947,2022-05-09,E_3mini_1set_1straight_prev,0,,1000,0.0,-1.0
5947,2022-05-09,F_5mini_random,0,,1000,0.0,-1.0
5948,2022-05-10,A_5mini_hot,0,,1000,0.0,-1.0
5948,2022-05-10,B_5mini_unseen,0,,1000,0.0,-1.0
5948,2022-05-10,C_4mini_1box_hot,0,,1000,0.0,-1.0
5948,2022-05-10,D_3mini_1box_1straight,0,,1000,0.0,-1.0
5948,2022-05-10,E_3mini_1set_1straight_prev,0,,1000,0.0,-1.0
5948,2022-05-10,F_5mini_random,0,,1000,0.0,-1.0
5949,2022-05-11,A_5mini_hot,0,,1000,0.0,-1.0
5949,2022-05-11,B_5mini_unseen,0,,1000,0.0,-1.0
5949,2022-05-11,C_4mini_1box_hot,0,,1000,0.0,-1.0
5949,2022-05-11,D_3mini_1box_1straight,0,,1000,0.0,-1.0
5949,2022-05-11,E_3mini_1set_1straight_prev,0,,1000,0.0,-1.0
5949,2022-05-11,F_5mini_random,1,mini,1000,9000.0,8.0
5950,2022-05-12,A_5mini_hot,0,,1000,0.0,-1.0
5950,2022-05-12,B_5mini_unseen,0,,1000,0.0,-1.0
5950,2022-05-12,C_4mini_1box_hot,0,,1000,0.0,-1.0
5950,2022-05-12,D_3mini_1box_1straight,0,,1000,0.0,-1.0
5950,2022-05-12,E_3mini_1set_1straight_prev,0,,1000,0.0,-1.0
5950,2022-05-12,F_5mini_random,0,,1000,0.0,-1.0
5951,2022-05-13,A_5mini_hot,0,,1000,0.0,-1.0
5951,2022-05-13,B_5mini_unseen,0,,1000,0.0,-1.0
5951,2022-05-13,C_4mini_1box_hot,0,,1000,0.0,-1.0
5951,2022-05-13,D_3mini_1box_1straight,0,,1000,0.0,-1.0
5951,2022-05-13,E_3mini_1set_1straight_prev,0,,1000,0.0,-1.0
5951,2022-05-13,F_5mini_random,0,,1000,0.0,-1.0
5952,2022-05-16,A_5mini_hot,0,,1000,0.0,-1.0
5952,2022-05-16,B_5mini_unseen,0,,1000,0.0,-1.0
5952,2022-05-16,C_4mini_1box_hot,0,,1000,0.0,-1.0
5952,2022-05-16,D_3mini_1box_1straight,0,,1000,0.0,-1.0
5952,2022-05-16,E_3mini_1set_1straight_prev,0,,1000,0.0,-1.0
5952,2022-05-16,F_5mini_random,0,,1000,0.0,-1.0
5953,2022-05-17,A_5mini_hot,0,,1000,0.0,-1.0
5953,2022-05-17,B_5mini_unseen,0,,1000,0.0,-1.0
5953,2022-05-17,C_4mini_1box_hot,0,,1000,0.0,-1.0
5953,2022-05-17,D_3mini_1box_1straight,0,,1000,0.0,-1.0
5953,2022-05-17,E_3mini_1set_1straight_prev,0,,1000,0.0,-1.0
5953,2022-05-17,F_5mini_random,0,,1000,0.0,-1.0
5954,2022-05-18,A_5mini_hot,0,,1000,0.0,-1.0
5954,2022-05-18,B_5mini_unseen,0,,1000,0.0,-1.0
5954,2022-05-18,C_4mini_1box_hot,0,,1000,0.0,-1.0
5954,2022-05-18,D_3mini_1box_1straight,0,,1000,0.0,-1.0
5954,2022-05-18,E_3mini_1set_1straight_prev,0,,1000,0.0,-1.0
5954,2022-05-18,F_5mini_random,0,,1000,0.0,-1.0
5955,2022-05-19,A_5mini_hot,0,,1000,0.0,-1.0
5955,2022-05-19,B_5mini_unseen,1,mini,1000,9000.0,8.0
5955,2022-05-19,C_4mini_1box_hot,0,,1000,0.0,-1.0
5955,2022-05-19,D_3mini_1box_1straight,0,,1000,0.0,-1.0
5955,2022-05-19,E_3mini_1set_1straight_prev,0,,1000,0.0,-1.0
5955,2022-05-19,F_5mini_random,0,,1000,0.0,-1.0
5956,2022-05-20,A_5mini_hot,0,,1000,0.0,-1.0
5956,2022-05-20,B_5mini_unseen,0,,1000,0.0,-1.0
5956,2022-05-20,C_4mini_1box_hot,0,,1000,0.0,-1.0
5956,2022-05-20,D_3mini_1box_1straight,0,,1000,0.0,-1.0
5956,2022-05-20,E_3mini_1set_1straight_prev,0,,1000,0.0,-1.0
5956,2022-05-20,F_5mini_random,0,,1000,0.0,-1.0
5957,2022-05-23,A_5mini_hot,0,,1000,0.0,-1.0
5957,2022-05-23,B_5mini_unseen,0,,1000,0.0,-1.0
5957,2022-05-23,C_4mini_1box_hot,0,,1000,0.0,-1.0
5957,2022-05-23,D_3mini_1box_1straight,0,,1000,0.0,-1.0
5957,2022-05-23,E_3mini_1set_1straight_prev,0,,1000,0.0,-1.0
5957,2022-05-23,F_5mini_random,0,,1000,0.0,-1.0
5958,2022-05-24,A_5mini_hot,0,,1000,0.0,-1.0
5958,2022-05-24,B_5mini_unseen,0,,1000,0.0,-1.0
5958,2022-05-24,C_4mini_1box_hot,0,,1000,0.0,-1.0
5958,2022-05-24,D_3mini_1box_1straight,0,,1000,0.0,-1.0
5958,2022-05-24,E_3mini_1set_1straight_prev,0,,1000,0.0,-1.0
5958,2022-05-24,F_5mini_random,0,,1000,0.0,-1.0
5959,2022-05-25,A_5mini_hot,0,,1000,0.0,-1.0
5959,2022-05-25,B_5mini_unseen,0,,1000,0.0,-1.0
5959,2022-05-25,C_4mini_1box_hot,0,,1000,0.0,-1.0
5959,2022-05-25,D_3mini_1box_1straight,0,,1000,0.0,-1.0
5959,2022-05-25,E_3mini_1set_1straight_prev,0,,1000,0.0,-1.0
5959,2022-05-25,F_5mini_random,0,,1000,0.0,-1.0
5960,2022-05-26,A_5mini_hot,0,,1000,0.0,-1.0
5960,2022-05-26,B_5mini_unseen,0,,1000,0.0,-1.0
5960,2022-05-26,C_4mini_1box_hot,0,,1000,0.0,-1.0
5960,2022-05-26,D_3mini_1box_1straight,0,,1000,0.0,-1.0
5960,2022-05-26,E_3mini_1set_1straight_prev,0,,1000,0.0,-1.0
5960,2022-05-26,F_5mini_random,0,,1000,0.0,-1.0
5961,2022-05-27,A_5mini_hot,0,,1000,0.0,-1.0
5961,2022-05-27,B_5mini_unseen,0,,1000,0.0,-1.0
5961,2022-05-27,C_4mini_1box_hot,0,,1000,0.0,-1.0
5961,2022-05-27,D_3mini_1box_1straight,0,,1000,0.0,-1.0
5961,2022-05-27,E_3mini_1set_1straight_prev,0,,1000,0.0,-1.0
5961,2022-05-27,F_5mini_random,0,,1000,0.0,-1.0
5962,2022-05-30,A_5mini_hot,0,,1000,0.0,-1.0
5962,2022-05-30,B_5mini_unseen,0,,1000,0.0,-1.0
5962,2022-05-30,C_4mini_1box_hot,0,,1000,0.0,-1.0
5962,2022-05-30,D_3mini_1box_1straight,0,,1000,0.0,-1.0
5962,2022-05-30,E_3mini_1set_1straight_prev,0,,1000,0.0,-1.0
5962,2022-05-30,F_5mini_random,0,,1000,0.0,-1.0
5963,2022-05-31,A_5mini_hot,0,,1000,0.0,-1.0
5963,2022-05-31,B_5mini_unseen,0,,1000,0.0,-1.0
5963,2022-05-31,C_4mini_1box_hot,0,,1000,0.0,-1.0
5963,2022-05-31,D_3mini_1box_1straight,0,,1000,0.0,-1.0
5963,2022-05-31,E_3mini_1set_1straight_prev,0,,1000,0.0,-1.0
5963,2022-05-31,F_5mini_random,0,,1000,0.0,-1.0
5964,2022-06-01,A_5mini_hot,0,,1000,0.0,-1.0
5964,2022-06-01,B_5mini_unseen,0,,1000,0.0,-1.0
5964,2022-06-01,C_4mini_1box_hot,0,,1000,0.0,-1.0
5964,2022-06-01,D_3mini_1box_1straight,0,,1000,0.0,-1.0
5964,2022-06-01,E_3mini_1set_1straight_prev,0,,1000,0.0,-1.0
5964,2022-06-01,F_5mini_random,0,,1000,0.0,-1.0
5965,2022-06-02,A_5mini_hot,0,,1000,0.0,-1.0
5965,2022-06-02,B_5mini_unseen,0,,1000,0.0,-1.0
5965,2022-06-02,C_4mini_1box_hot,0,,1000,0.0,-1.0
5965,2022-06-02,D_3mini_1box_1straight,0,,1000,0.0,-1.0
5965,2022-06-02,E_3mini_1set_1straight_prev,0,,1000,0.0,-1.0
5965,2022-06-02,F_5mini_random,0,,1000,0.0,-1.0
5966,2022-06-03,A_5mini_hot,0,,1000,0.0,-1.0
5966,2022-06-03,B_5mini_unseen,0,,1000,0.0,-1.0
5966,2022-06-03,C_4mini_1box_hot,0,,1000,0.0,-1.0
5966,2022-06-03,D_3mini_1box_1straight,0,,1000,0.0,-1.0
5966,2022-06-03,E_3mini_1set_1straight_prev,0,,1000,0.0,-1.0
5966,2022-06-03,F_5mini_random,0,,1000,0.0,-1.0
5967,2022-06-06,A_5mini_hot,0,,1000,0.0,-1.0
5967,2022-06-06,B_5mini_unseen,0,,1000,0.0,-1.0
5967,2022-06-06,C_4mini_1box_hot,0,,1000,0.0,-1.0
5967,2022-06-06,D_3mini_1box_1straight,0,,1000,0.0,-1.0
5967,2022-06-06,E_3mini_1set_1straight_prev,0,,1000,0.0,-1.0
5967,2022-06-06,F_5mini_random,0,,1000,0.0,-1.0
5968,2022-06-08,A_5mini_hot,0,,1000,0.0,-1.0
5968,2022-06-08,B_5mini_unseen,0,,1000,0.0,-1.0
5968,2022-06-08,C_4mini_1box_hot,0,,1000,0.0,-1.0
5968,2022-06-08,D_3mini_1box_1straight,0,,1000,0.0,-1.0
5968,2022-06-08,E_3mini_1set_1straight_prev,0,,1000,0.0,-1.0
5968,2022-06-08,F_5mini_random,0,,1000,0.0,-1.0
5970,2022-06-09,A_5mini_hot,0,,1000,0.0,-1.0
5970,2022-06-09,B_5mini_unseen,0,,1000,0.0,-1.0
5970,2022-06-09,C_4mini_1box_hot,0,,1000,0.0,-1.0
5970,2022-06-09,D_3mini_1box_1straight,0,,1000,0.0,-1.0
5970,2022-06-09,E_3mini_1set_1straight_prev,0,,1000,0.0,-1.0
5970,2022-06-09,F_5mini_random,0,,1000,0.0,-1.0
5971,2022-06-10,A_5mini_hot,0,,1000,0.0,-1.0
5971,2022-06-10,B_5mini_unseen,0,,1000,0.0,-1.0
5971,2022-06-10,C_4mini_1box_hot,0,,1000,0.0,-1.0
5971,2022-06-10,D_3mini_1box_1straight,0,,1000,0.0,-1.0
5971,2022-06-10,E_3mini_1set_1straight_prev,0,,1000,0.0,-1.0
5971,2022-06-10,F_5mini_random,0,,1000,0.0,-1.0
5972,2022-06-13,A_5mini_hot,0,,1000,0.0,-1.0
5972,2022-06-13,B_5mini_unseen,0,,1000,0.0,-1.0
5972,2022-06-13,C_4mini_1box_hot,0,,1000,0.0,-1.0
5972,2022-06-13,D_3mini_1box_1straight,0,,1000,0.0,-1.0
5972,2022-06-13,E_3mini_1set_1straight_prev,0,,1000,0.0,-1.0
5972,2022-06-13,F_5mini_random,0,,1000,0.0,-1.0
5973,2022-06-14,A_5mini_hot,0,,1000,0.0,-1.0
5973,2022-06-14,B_5mini_unseen,0,,1000,0.0,-1.0
5973,2022-06-14,C_4mini_1box_hot,0,,1000,0.0,-1.0
5973,2022-06-14,D_3mini_1box_1straight,0,,1000,0.0,-1.0
5973,2022-06-14,E_3mini_1set_1straight_prev,0,,1000,0.0,-1.0
5973,2022-06-14,F_5mini_random,0,,1000,0.0,-1.0
5974,2022-06-16,A_5mini_hot,0,,1000,0.0,-1.0
5974,2022-06-16,B_5mini_unseen,0,,1000,0.0,-1.0
5974,2022-06-16,C_4mini_1box_hot,0,,1000,0.0,-1.0
5974,2022-06-16,D_3mini_1box_1straight,0,,1000,0.0,-1.0
5974,2022-06-16,E_3mini_1set_1straight_prev,0,,1000,0.0,-1.0
5974,2022-06-16,F_5mini_random,0,,1000,0.0,-1.0
5976,2022-06-17,A_5mini_hot,0,,1000,0.0,-1.0
5976,2022-06-17,B_5mini_unseen,0,,1000,0.0,-1.0
5976,2022-06-17,C_4mini_1box_hot,0,,1000,0.0,-1.0
5976,2022-06-17,D_3mini_1box_1straight,0,,1000,0.0,-1.0
5976,2022-06-17,E_3mini_1set_1straight_prev,0,,1000,0.0,-1.0
5976,2022-06-17,F_5mini_random,0,,1000,0.0,-1.0
5977,2022-06-21,A_5mini_hot,0,,1000,0.0,-1.0
5977,2022-06-21,B_5mini_unseen,0,,1000,0.0,-1.0
5977,2022-06-21,C_4mini_1box_hot,0,,1000,0.0,-1.0
5977,2022-06-21,D_3mini_1box_1straight,0,,1000,0.0,-1.0
5977,2022-06-21,E_3mini_1set_1straight_prev,0,,1000,0.0,-1.0
5977,2022-06-21,F_5mini_random,0,,1000,0.0,-1.0
5979,2022-06-22,A_5mini_hot,0,,1000,0.0,-1.0
5979,2022-06-22,B_5mini_unseen,0,,1000,0.0,-1.0
5979,2022-06-22,C_4mini_1box_hot,0,,1000,0.0,-1.0
5979,2022-06-22,D_3mini_1box_1straight,0,,1000,0.0,-1.0
5979,2022-06-22,E_3mini_1set_1straight_prev,0,,1000,0.0,-1.0
5979,2022-06-22,F_5mini_random,0,,1000,0.0,-1.0
5980,2022-06-23,A_5mini_hot,0,,1000,0.0,-1.0
5980,2022-06-23,B_5mini_unseen,0,,1000,0.0,-1.0
5980,2022-06-23,C_4mini_1box_hot,0,,1000,0.0,-1.0
5980,2022-06-23,D_3mini_1box_1straight,0,,1000,0.0,-1.0
5980,2022-06-23,E_3mini_1set_1straight_prev,0,,1000,0.0,-1.0
5980,2022-06-23,F_5mini_random,0,,1000,0.0,-1.0
5981,2022-06-24,A_5mini_hot,0,,1000,0.0,-1.0
5981,2022-06-24,B_5mini_unseen,0,,1000,0.0,-1.0
5981,2022-06-24,C_4mini_1box_hot,0,,1000,0.0,-1.0
5981,2022-06-24,D_3mini_1box_1straight,0,,1000,0.0,-1.0
5981,2022-06-24,E_3mini_1set_1straight_prev,0,,1000,0.0,-1.0
5981,2022-06-24,F_5mini_random,0,,1000,0.0,-1.0
5982,2022-06-27,A_5mini_hot,0,,1000,0.0,-1.0
5982,2022-06-27,B_5mini_unseen,0,,1000,0.0,-1.0
5982,2022-06-27,C_4mini_1box_hot,0,,1000,0.0,-1.0
5982,2022-06-27,D_3mini_1box_1straight,0,,1000,0.0,-1.0
5982,2022-06-27,E_3mini_1set_1straight_prev,0,,1000,0.0,-1.0
5982,2022-06-27,F_5mini_random,0,,1000,0.0,-1.0
5983,2022-06-28,A_5mini_hot,0,,1000,0.0,-1.0
5983,2022-06-28,B_5mini_unseen,0,,1000,0.0,-1.0
5983,2022-06-28,C_4mini_1box_hot,0,,1000,0.0,-1.0
5983,2022-06-28,D_3mini_1box_1straight,0,,1000,0.0,-1.0
5983,2022-06-28,E_3mini_1set_1straight_prev,0,,1000,0.0,-1.0
5983,2022-06-28,F_5mini_random,1,mini,1000,9000.0,8.0
5984,2022-06-29,A_5mini_hot,1,mini,1000,9000.0,8.0
5984,2022-06-29,B_5mini_unseen,0,,1000,0.0,-1.0
5984,2022-06-29,C_4mini_1box_hot,0,,1000,0.0,-1.0
5984,2022-06-29,D_3mini_1box_1straight,0,,1000,0.0,-1.0
5984,2022-06-29,E_3mini_1set_1straight_prev,0,,1000,0.0,-1.0
5984,2022-06-29,F_5mini_random,0,,1000,0.0,-1.0
5985,2022-06-30,A_5mini_hot,0,,1000,0.0,-1.0
5985,2022-06-30,B_5mini_unseen,0,,1000,0.0,-1.0
5985,2022-06-30,C_4mini_1box_hot,0,,1000,0.0,-1.0
5985,2022-06-30,D_3mini_1box_1straight,0,,1000,0.0,-1.0
5985,2022-06-30,E_3mini_1set_1straight_prev,0,,1000,0.0,-1.0
5985,2022-06-30,F_5mini_random,0,,1000,0.0,-1.0
5986,2022-07-01,A_5mini_hot,0,,1000,0.0,-1.0
5986,2022-07-01,B_5mini_unseen,0,,1000,0.0,-1.0
5986,2022-07-01,C_4mini_1box_hot,0,,1000,0.0,-1.0
5986,2022-07-01,D_3mini_1box_1straight,0,,1000,0.0,-1.0
5986,2022-07-01,E_3mini_1set_1straight_prev,0,,1000,0.0,-1.0
5986,2022-07-01,F_5mini_random,1,mini,1000,9000.0,8.0
5987,2022-07-04,A_5mini_hot,0,,1000,0.0,-1.0
5987,2022-07-04,B_5mini_unseen,0,,1000,0.0,-1.0
5987,2022-07-04,C_4mini_1box_hot,0,,1000,0.0,-1.0
5987,2022-07-04,D_3mini_1box_1straight,0,,1000,0.0,-1.0
5987,2022-07-04,E_3mini_1set_1straight_prev,0,,1000,0.0,-1.0
5987,2022-07-04,F_5mini_random,0,,1000,0.0,-1.0
5988,2022-07-05,A_5mini_hot,1,mini,1000,9000.0,8.0
5988,2022-07-05,B_5mini_unseen,0,,1000,0.0,-1.0
5988,2022-07-05,C_4mini_1box_hot,1,mini,1000,9000.0,8.0
5988,2022-07-05,D_3mini_1box_1straight,1,mini,1000,9000.0,8.0
5988,2022-07-05,E_3mini_1set_1straight_prev,0,,1000,0.0,-1.0
5988,2022-07-05,F_5mini_random,0,,1000,0.0,-1.0
5989,2022-07-06,A_5mini_hot,0,,1000,0.0,-1.0
5989,2022-07-06,B_5mini_unseen,0,,1000,0.0,-1.0
5989,2022-07-06,C_4mini_1box_hot,0,,1000,0.0,-1.0
5989,2022-07-06,D_3mini_1box_1straight,0,,1000,0.0,-1.0
5989,2022-07-06,E_3mini_1set_1straight_prev,0,,1000,0.0,-1.0
5989,2022-07-06,F_5mini_random,0,,1000,0.0,-1.0
5990,2022-07-07,A_5mini_hot,0,,1000,0.0,-1.0
5990,2022-07-07,B_5mini_unseen,0,,1000,0.0,-1.0
5990,2022-07-07,C_4mini_1box_hot,0,,1000,0.0,-1.0
5990,2022-07-07,D_3mini_1box_1straight,0,,1000,0.0,-1.0
5990,2022-07-07,E_3mini_1set_1straight_prev,0,,1000,0.0,-1.0
5990,2022-07-07,F_5mini_random,0,,1000,0.0,-1.0
5991,2022-07-08,A_5mini_hot,0,,1000,0.0,-1.0
5991,2022-07-08,B_5mini_unseen,0,,1000,0.0,-1.0
5991,2022-07-08,C_4mini_1box_hot,0,,1000,0.0,-1.0
5991,2022-07-08,D_3mini_1box_1straight,0,,1000,0.0,-1.0
5991,2022-07-08,E_3mini_1set_1straight_prev,0,,1000,0.0,-1.0
5991,2022-07-08,F_5mini_random,0,,1000,0.0,-1.0
5992,2022-07-11,A_5mini_hot,0,,1000,0.0,-1.0
5992,2022-07-11,B_5mini_unseen,0,,1000,0.0,-1.0
5992,2022-07-11,C_4mini_1box_hot,0,,1000,0.0,-1.0
5992,2022-07-11,D_3mini_1box_1straight,0,,1000,0.0,-1.0
5992,2022-07-11,E_3mini_1set_1straight_prev,0,,1000,0.0,-1.0
5992,2022-07-11,F_5mini_random,0,,1000,0.0,-1.0
5993,2022-07-12,A_5mini_hot,0,,1000,0.0,-1.0
5993,2022-07-12,B_5mini_unseen,0,,1000,0.0,-1.0
5993,2022-07-12,C_4mini_1box_hot,0,,1000,0.0,-1.0
5993,2022-07-12,D_3mini_1box_1straight,0,,1000,0.0,-1.0
5993,2022-07-12,E_3mini_1set_1straight_prev,0,,1000,0.0,-1.0
5993,2022-07-12,F_5mini_random,0,,1000,0.0,-1.0
5994,2022-07-13,A_5mini_hot,0,,1000,0.0,-1.0
5994,2022-07-13,B_5mini_unseen,0,,1000,0.0,-1.0
5994,2022-07-13,C_4mini_1box_hot,0,,1000,0.0,-1.0
5994,2022-07-13,D_3mini_1box_1straight,0,,1000,0.0,-1.0
5994,2022-07-13,E_3mini_1set_1straight_prev,0,,1000,0.0,-1.0
5994,2022-07-13,F_5mini_random,0,,1000,0.0,-1.0
5995,2022-07-14,A_5mini_hot,0,,1000,0.0,-1.0
5995,2022-07-14,B_5mini_unseen,0,,1000,0.0,-1.0
5995,2022-07-14,C_4mini_1box_hot,0,,1000,0.0,-1.0
5995,2022-07-14,D_3mini_1box_1straight,0,,1000,0.0,-1.0
5995,2022-07-14,E_3mini_1set_1straight_prev,0,,1000,0.0,-1.0
5995,2022-07-14,F_5mini_random,0,,1000,0.0,-1.0
5996,2022-07-15,A_5mini_hot,0,,1000,0.0,-1.0
5996,2022-07-15,B_5mini_unseen,0,,1000,0.0,-1.0
5996,2022-07-15,C_4mini_1box_hot,0,,1000,0.0,-1.0
5996,2022-07-15,D_3mini_1box_1straight,0,,1000,0.0,-1.0
5996,2022-07-15,E_3mini_1set_1straight_prev,0,,1000,0.0,-1.0
5996,2022-07-15,F_5mini_random,0,,1000,0.0,-1.0
5997,2022-07-18,A_5mini_hot,0,,1000,0.0,-1.0
5997,2022-07-18,B_5mini_unseen,0,,1000,0.0,-1.0
5997,2022-07-18,C_4mini_1box_hot,0,,1000,0.0,-1.0
5997,2022-07-18,D_3mini_1box_1straight,0,,1000,0.0,-1.0
5997,2022-07-18,E_3mini_1set_1straight_prev,0,,1000,0.0,-1.0
5997,2022-07-18,F_5mini_random,0,,1000,0.0,-1.0
5998,2022-07-19,A_5mini_hot,0,,1000,0.0,-1.0
5998,2022-07-19,B_5mini_unseen,0,,1000,0.0,-1.0
5998,2022-07-19,C_4mini_1box_hot,0,,1000,0.0,-1.0
5998,2022-07-19,D_3mini_1box_1straight,0,,1000,0.0,-1.0
5998,2022-07-19,E_3mini_1set_1straight_prev,0,,1000,0.0,-1.0
5998,2022-07-19,F_5mini_random,0,,1000,0.0,-1.0
5999,2022-07-20,A_5mini_hot,0,,1000,0.0,-1.0
5999,2022-07-20,B_5mini_unseen,0,,1000,0.0,-1.0
5999,2022-07-20,C_4mini_1box_hot,0,,1000,0.0,-1.0
5999,2022-07-20,D_3mini_1box_1straight,0,,1000,0.0,-1.0
5999,2022-07-20,E_3mini_1set_1straight_prev,0,,1000,0.0,-1.0
5999,2022-07-20,F_5mini_random,0,,1000,0.0,-1.0
6000,2022-07-21,A_5mini_hot,0,,1000,0.0,-1.0
6000,2022-07-21,B_5mini_unseen,0,,1000,0.0,-1.0
6000,2022-07-21,C_4mini_1box_hot,0,,1000,0.0,-1.0
6000,2022-07-21,D_3mini_1box_1straight,0,,1000,0.0,-1.0
6000,2022-07-21,E_3mini_1set_1straight_prev,0,,1000,0.0,-1.0
6000,2022-07-21,F_5mini_random,0,,1000,0.0,-1.0
6001,2022-07-22,A_5mini_hot,0,,1000,0.0,-1.0
6001,2022-07-22,B_5mini_unseen,0,,1000,0.0,-1.0
6001,2022-07-22,C_4mini_1box_hot,0,,1000,0.0,-1.0
6001,2022-07-22,D_3mini_1box_1straight,0,,1000,0.0,-1.0
6001,2022-07-22,E_3mini_1set_1straight_prev,0,,1000,0.0,-1.0
6001,2022-07-22,F_5mini_random,0,,1000,0.0,-1.0
6002,2022-07-25,A_5mini_hot,0,,1000,0.0,-1.0
6002,2022-07-25,B_5mini_unseen,0,,1000,0.0,-1.0
6002,2022-07-25,C_4mini_1box_hot,0,,1000,0.0,-1.0
6002,2022-07-25,D_3mini_1box_1straight,0,,1000,0.0,-1.0
6002,2022-07-25,E_3mini_1set_1straight_prev,0,,1000,0.0,-1.0
6002,2022-07-25,F_5mini_random,0,,1000,0.0,-1.0
6003,2022-07-26,A_5mini_hot,0,,1000,0.0,-1.0
6003,2022-07-26,B_5mini_unseen,0,,1000,0.0,-1.0
6003,2022-07-26,C_4mini_1box_hot,0,,1000,0.0,-1.0
6003,2022-07-26,D_3mini_1box_1straight,0,,1000,0.0,-1.0
6003,2022-07-26,E_3mini_1set_1straight_prev,0,,1000,0.0,-1.0
6003,2022-07-26,F_5mini_random,0,,1000,0.0,-1.0
6004,2022-07-28,A_5mini_hot,0,,1000,0.0,-1.0
6004,2022-07-28,B_5mini_unseen,0,,1000,0.0,-1.0
6004,2022-07-28,C_4mini_1box_hot,0,,1000,0.0,-1.0
6004,2022-07-28,D_3mini_1box_1straight,0,,1000,0.0,-1.0
6004,2022-07-28,E_3mini_1set_1straight_prev,0,,1000,0.0,-1.0
6004,2022-07-28,F_5mini_random,0,,1000,0.0,-1.0
6006,2022-07-29,A_5mini_hot,0,,1000,0.0,-1.0
6006,2022-07-29,B_5mini_unseen,1,mini,1000,9000.0,8.0
6006,2022-07-29,C_4mini_1box_hot,0,,1000,0.0,-1.0
6006,2022-07-29,D_3mini_1box_1straight,0,,1000,0.0,-1.0
6006,2022-07-29,E_3mini_1set_1straight_prev,0,,1000,0.0,-1.0
6006,2022-07-29,F_5mini_random,0,,1000,0.0,-1.0
6007,2022-08-01,A_5mini_hot,0,,1000,0.0,-1.0
6007,2022-08-01,B_5mini_unseen,0,,1000,0.0,-1.0
6007,2022-08-01,C_4mini_1box_hot,0,,1000,0.0,-1.0
6007,2022-08-01,D_3mini_1box_1straight,0,,1000,0.0,-1.0
6007,2022-08-01,E_3mini_1set_1straight_prev,0,,1000,0.0,-1.0
6007,2022-08-01,F_5mini_random,0,,1000,0.0,-1.0
6008,2022-08-02,A_5mini_hot,0,,1000,0.0,-1.0
6008,2022-08-02,B_5mini_unseen,0,,1000,0.0,-1.0
6008,2022-08-02,C_4mini_1box_hot,0,,1000,0.0,-1.0
6008,2022-08-02,D_3mini_1box_1straight,0,,1000,0.0,-1.0
6008,2022-08-02,E_3mini_1set_1straight_prev,0,,1000,0.0,-1.0
6008,2022-08-02,F_5mini_random,0,,1000,0.0,-1.0
6009,2022-08-03,A_5mini_hot,0,,1000,0.0,-1.0
6009,2022-08-03,B_5mini_unseen,0,,1000,0.0,-1.0
6009,2022-08-03,C_4mini_1box_hot,0,,1000,0.0,-1.0
6009,2022-08-03,D_3mini_1box_1straight,0,,1000,0.0,-1.0
6009,2022-08-03,E_3mini_1set_1straight_prev,0,,1000,0.0,-1.0
6009,2022-08-03,F_5mini_random,0,,1000,0.0,-1.0
6010,2022-08-04,A_5mini_hot,0,,1000,0.0,-1.0
6010,2022-08-04,B_5mini_unseen,0,,1000,0.0,-1.0
6010,2022-08-04,C_4mini_1box_hot,0,,1000,0.0,-1.0
6010,2022-08-04,D_3mini_1box_1straight,0,,1000,0.0,-1.0
6010,2022-08-04,E_3mini_1set_1straight_prev,0,,1000,0.0,-1.0
6010,2022-08-04,F_5mini_random,0,,1000,0.0,-1.0
6011,2022-08-05,A_5mini_hot,0,,1000,0.0,-1.0
6011,2022-08-05,B_5mini_unseen,0,,1000,0.0,-1.0
6011,2022-08-05,C_4mini_1box_hot,0,,1000,0.0,-1.0
6011,2022-08-05,D_3mini_1box_1straight,0,,1000,0.0,-1.0
6011,2022-08-05,E_3mini_1set_1straight_prev,0,,1000,0.0,-1.0
6011,2022-08-05,F_5mini_random,0,,1000,0.0,-1.0
6012,2022-08-08,A_5mini_hot,0,,1000,0.0,-1.0
6012,2022-08-08,B_5mini_unseen,0,,1000,0.0,-1.0
6012,2022-08-08,C_4mini_1box_hot,0,,1000,0.0,-1.0
6012,2022-08-08,D_3mini_1box_1straight,0,,1000,0.0,-1.0
6012,2022-08-08,E_3mini_1set_1straight_prev,0,,1000,0.0,-1.0
6012,2022-08-08,F_5mini_random,0,,1000,0.0,-1.0
6013,2022-08-09,A_5mini_hot,0,,1000,0.0,-1.0
6013,2022-08-09,B_5mini_unseen,0,,1000,0.0,-1.0
6013,2022-08-09,C_4mini_1box_hot,0,,1000,0.0,-1.0
6013,2022-08-09,D_3mini_1box_1straight,0,,1000,0.0,-1.0
6013,2022-08-09,E_3mini_1set_1straight_prev,0,,1000,0.0,-1.0
6013,2022-08-09,F_5mini_random,0,,1000,0.0,-1.0
6014,2022-08-10,A_5mini_hot,0,,1000,0.0,-1.0
6014,2022-08-10,B_5mini_unseen,0,,1000,0.0,-1.0
6014,2022-08-10,C_4mini_1box_hot,0,,1000,0.0,-1.0
6014,2022-08-10,D_3mini_1box_1straight,0,,1000,0.0,-1.0
6014,2022-08-10,E_3mini_1set_1straight_prev,0,,1000,0.0,-1.0
6014,2022-08-10,F_5mini_random,0,,1000,0.0,-1.0
6015,2022-08-11,A_5mini_hot,0,,1000,0.0,-1.0
6015,2022-08-11,B_5mini_unseen,1,mini,1000,9000.0,8.0
6015,2022-08-11,C_4mini_1box_hot,0,,1000,0.0,-1.0
6015,2022-08-11,D_3mini_1box_1straight,0,,1000,0.0,-1.0
6015,2022-08-11,E_3mini_1set_1straight_prev,0,,1000,0.0,-1.0
6015,2022-08-11,F_5mini_random,0,,1000,0.0,-1.0
6016,2022-08-12,A_5mini_hot,0,,1000,0.0,-1.0
6016,2022-08-12,B_5mini_unseen,0,,1000,0.0,-1.0
6016,2022-08-12,C_4mini_1box_hot,0,,1000,0.0,-1.0
6016,2022-08-12,D_3mini_1box_1straight,0,,1000,0.0,-1.0
6016,2022-08-12,E_3mini_1set_1straight_prev,0,,1000,0.0,-1.0
6016,2022-08-12,F_5mini_random,0,,1000,0.0,-1.0
6017,2022-08-15,A_5mini_hot,0,,1000,0.0,-1.0
6017,2022-08-15,B_5mini_unseen,0,,1000,0.0,-1.0
6017,2022-08-15,C_4mini_1box_hot,0,,1000,0.0,-1.0
6017,2022-08-15,D_3mini_1box_1straight,0,,1000,0.0,-1.0
6017,2022-08-15,E_3mini_1set_1straight_prev,0,,1000,0.0,-1.0
6017,2022-08-15,F_5mini_random,0,,1000,0.0,-1.0
6018,2022-08-16,A_5mini_hot,0,,1000,0.0,-1.0
6018,2022-08-16,B_5mini_unseen,0,,1000,0.0,-1.0
6018,2022-08-16,C_4mini_1box_hot,0,,1000,0.0,-1.0
6018,2022-08-16,D_3mini_1box_1straight,0,,1000,0.0,-1.0
6018,2022-08-16,E_3mini_1set_1straight_prev,0,,1000,0.0,-1.0
6018,2022-08-16,F_5mini_random,0,,1000,0.0,-1.0
6019,2022-08-18,A_5mini_hot,0,,1000,0.0,-1.0
6019,2022-08-18,B_5mini_unseen,0,,1000,0.0,-1.0
6019,2022-08-18,C_4mini_1box_hot,0,,1000,0.0,-1.0
6019,2022-08-18,D_3mini_1box_1straight,0,,1000,0.0,-1.0
6019,2022-08-18,E_3mini_1set_1straight_prev,0,,1000,0.0,-1.0
6019,2022-08-18,F_5mini_random,0,,1000,0.0,-1.0
6021,2022-08-19,A_5mini_hot,0,,1000,0.0,-1.0
6021,2022-08-19,B_5mini_unseen,0,,1000,0.0,-1.0
6021,2022-08-19,C_4mini_1box_hot,0,,1000,0.0,-1.0
6021,2022-08-19,D_3mini_1box_1straight,0,,1000,0.0,-1.0
6021,2022-08-19,E_3mini_1set_1straight_prev,0,,1000,0.0,-1.0
6021,2022-08-19,F_5mini_random,0,,1000,0.0,-1.0
6022,2022-08-22,A_5mini_hot,0,,1000,0.0,-1.0
6022,2022-08-22,B_5mini_unseen,0,,1000,0.0,-1.0
6022,2022-08-22,C_4mini_1box_hot,0,,1000,0.0,-1.0
6022,2022-08-22,D_3mini_1box_1straight,0,,1000,0.0,-1.0
6022,2022-08-22,E_3mini_1set_1straight_prev,0,,1000,0.0,-1.0
6022,2022-08-22,F_5mini_random,0,,1000,0.0,-1.0
6023,2022-08-23,A_5mini_hot,0,,1000,0.0,-1.0
6023,2022-08-23,B_5mini_unseen,0,,1000,0.0,-1.0
6023,2022-08-23,C_4mini_1box_hot,0,,1000,0.0,-1.0
6023,2022-08-23,D_3mini_1box_1straight,0,,1000,0.0,-1.0
6023,2022-08-23,E_3mini_1set_1straight_prev,0,,1000,0.0,-1.0
6023,2022-08-23,F_5mini_random,0,,1000,0.0,-1.0
6024,2022-08-24,A_5mini_hot,0,,1000,0.0,-1.0
6024,2022-08-24,B_5mini_unseen,0,,1000,0.0,-1.0
6024,2022-08-24,C_4mini_1box_hot,0,,1000,0.0,-1.0
6024,2022-08-24,D_3mini_1box_1straight,0,,1000,0.0,-1.0
6024,2022-08-24,E_3mini_1set_1straight_prev,0,,1000,0.0,-1.0
6024,2022-08-24,F_5mini_random,0,,1000,0.0,-1.0
6025,2022-08-25,A_5mini_hot,0,,1000,0.0,-1.0
6025,2022-08-25,B_5mini_unseen,0,,1000,0.0,-1.0
6025,2022-08-25,C_4mini_1box_hot,0,,1000,0.0,-1.0
6025,2022-08-25,D_3mini_1box_1straight,0,,1000,0.0,-1.0
6025,2022-08-25,E_3mini_1set_1straight_prev,0,,1000,0.0,-1.0
6025,2022-08-25,F_5mini_random,0,,1000,0.0,-1.0
6026,2022-08-26,A_5mini_hot,0,,1000,0.0,-1.0
6026,2022-08-26,B_5mini_unseen,0,,1000,0.0,-1.0
6026,2022-08-26,C_4mini_1box_hot,0,,1000,0.0,-1.0
6026,2022-08-26,D_3mini_1box_1straight,0,,1000,0.0,-1.0
6026,2022-08-26,E_3mini_1set_1straight_prev,0,,1000,0.0,-1.0
6026,2022-08-26,F_5mini_random,0,,1000,0.0,-1.0
6027,2022-08-29,A_5mini_hot,0,,1000,0.0,-1.0
6027,2022-08-29,B_5mini_unseen,0,,1000,0.0,-1.0
6027,2022-08-29,C_4mini_1box_hot,0,,1000,0.0,-1.0
6027,2022-08-29,D_3mini_1box_1straight,0,,1000,0.0,-1.0
6027,2022-08-29,E_3mini_1set_1straight_prev,0,,1000,0.0,-1.0
6027,2022-08-29,F_5mini_random,0,,1000,0.0,-1.0
6028,2022-08-30,A_5mini_hot,0,,1000,0.0,-1.0
6028,2022-08-30,B_5mini_unseen,0,,1000,0.0,-1.0
6028,2022-08-30,C_4mini_1box_hot,0,,1000,0.0,-1.0
6028,2022-08-30,D_3mini_1box_1straight,0,,1000,0.0,-1.0
6028,2022-08-30,E_3mini_1set_1straight_prev,0,,1000,0.0,-1.0
6028,2022-08-30,F_5mini_random,0,,1000,0.0,-1.0
6029,2022-08-31,A_5mini_hot,0,,1000,0.0,-1.0
6029,2022-08-31,B_5mini_unseen,0,,1000,0.0,-1.0
6029,2022-08-31,C_4mini_1box_hot,0,,1000,0.0,-1.0
6029,2022-08-31,D_3mini_1box_1straight,0,,1000,0.0,-1.0
6029,2022-08-31,E_3mini_1set_1straight_prev,0,,1000,0.0,-1.0
6029,2022-08-31,F_5mini_random,0,,1000,0.0,-1.0
6030,2022-09-01,A_5mini_hot,0,,1000,0.0,-1.0
6030,2022-09-01,B_5mini_unseen,0,,1000,0.0,-1.0
6030,2022-09-01,C_4mini_1box_hot,0,,1000,0.0,-1.0
6030,2022-09-01,D_3mini_1box_1straight,0,,1000,0.0,-1.0
6030,2022-09-01,E_3mini_1set_1straight_prev,0,,1000,0.0,-1.0
6030,2022-09-01,F_5mini_random,0,,1000,0.0,-1.0
6031,2022-09-02,A_5mini_hot,0,,1000,0.0,-1.0
6031,2022-09-02,B_5mini_unseen,0,,1000,0.0,-1.0
6031,2022-09-02,C_4mini_1box_hot,0,,1000,0.0,-1.0
6031,2022-09-02,D_3mini_1box_1straight,0,,1000,0.0,-1.0
6031,2022-09-02,E_3mini_1set_1straight_prev,0,,1000,0.0,-1.0
6031,2022-09-02,F_5mini_random,0,,1000,0.0,-1.0
6032,2022-09-05,A_5mini_hot,0,,1000,0.0,-1.0
6032,2022-09-05,B_5mini_unseen,0,,1000,0.0,-1.0
6032,2022-09-05,C_4mini_1box_hot,0,,1000,0.0,-1.0
6032,2022-09-05,D_3mini_1box_1straight,0,,1000,0.0,-1.0
6032,2022-09-05,E_3mini_1set_1straight_prev,0,,1000,0.0,-1.0
6032,2022-09-05,F_5mini_random,0,,1000,0.0,-1.0
6033,2022-09-07,A_5mini_hot,0,,1000,0.0,-1.0
6033,2022-09-07,B_5mini_unseen,0,,1000,0.0,-1.0
6033,2022-09-07,C_4mini_1box_hot,0,,1000,0.0,-1.0
6033,2022-09-07,D_3mini_1box_1straight,0,,1000,0.0,-1.0
6033,2022-09-07,E_3mini_1set_1straight_prev,0,,1000,0.0,-1.0
6033,2022-09-07,F_5mini_random,0,,1000,0.0,-1.0
6035,2022-09-08,A_5mini_hot,0,,1000,0.0,-1.0
6035,2022-09-08,B_5mini_unseen,0,,1000,0.0,-1.0
6035,2022-09-08,C_4mini_1box_hot,0,,1000,0.0,-1.0
6035,2022-09-08,D_3mini_1box_1straight,0,,1000,0.0,-1.0
6035,2022-09-08,E_3mini_1set_1straight_prev,0,,1000,0.0,-1.0
6035,2022-09-08,F_5mini_random,0,,1000,0.0,-1.0
6036,2022-09-09,A_5mini_hot,0,,1000,0.0,-1.0
6036,2022-09-09,B_5mini_unseen,0,,1000,0.0,-1.0
6036,2022-09-09,C_4mini_1box_hot,0,,1000,0.0,-1.0
6036,2022-09-09,D_3mini_1box_1straight,0,,1000,0.0,-1.0
6036,2022-09-09,E_3mini_1set_1straight_prev,0,,1000,0.0,-1.0
6036,2022-09-09,F_5mini_random,0,,1000,0.0,-1.0
6037,2022-09-12,A_5mini_hot,0,,1000,0.0,-1.0
6037,2022-09-12,B_5mini_unseen,0,,1000,0.0,-1.0
6037,2022-09-12,C_4mini_1box_hot,0,,1000,0.0,-1.0
6037,2022-09-12,D_3mini_1box_1straight,0,,1000,0.0,-1.0
6037,2022-09-12,E_3mini_1set_1straight_prev,0,,1000,0.0,-1.0
6037,2022-09-12,F_5mini_random,0,,1000,0.0,-1.0
6038,2022-09-13,A_5mini_hot,0,,1000,0.0,-1.0
6038,2022-09-13,B_5mini_unseen,0,,1000,0.0,-1.0
6038,2022-09-13,C_4mini_1box_hot,0,,1000,0.0,-1.0
6038,2022-09-13,D_3mini_1box_1straight,0,,1000,0.0,-1.0
6038,2022-09-13,E_3mini_1set_1straight_prev,0,,1000,0.0,-1.0
6038,2022-09-13,F_5mini_random,0,,1000,0.0,-1.0
6039,2022-09-14,A_5mini_hot,0,,1000,0.0,-1.0
6039,2022-09-14,B_5mini_unseen,0,,1000,0.0,-1.0
6039,2022-09-14,C_4mini_1box_hot,0,,1000,0.0,-1.0
6039,2022-09-14,D_3mini_1box_1straight,0,,1000,0.0,-1.0
6039,2022-09-14,E_3mini_1set_1straight_prev,0,,1000,0.0,-1.0
6039,2022-09-14,F_5mini_random,0,,1000,0.0,-1.0
6040,2022-09-15,A_5mini_hot,0,,1000,0.0,-1.0
6040,2022-09-15,B_5mini_unseen,0,,1000,0.0,-1.0
6040,2022-09-15,C_4mini_1box_hot,0,,1000,0.0,-1.0
6040,2022-09-15,D_3mini_1box_1straight,0,,1000,0.0,-1.0
6040,2022-09-15,E_3mini_1set_1straight_prev,0,,1000,0.0,-1.0
6040,2022-09-15,F_5mini_random,0,,1000,0.0,-1.0
6041,2022-09-16,A_5mini_hot,0,,1000,0.0,-1.0
6041,2022-09-16,B_5mini_unseen,0,,1000,0.0,-1.0
6041,2022-09-16,C_4mini_1box_hot,0,,1000,0.0,-1.0
6041,2022-09-16,D_3mini_1box_1straight,0,,1000,0.0,-1.0
6041,2022-09-16,E_3mini_1set_1straight_prev,0,,1000,0.0,-1.0
6041,2022-09-16,F_5mini_random,0,,1000,0.0,-1.0
6042,2022-09-19,A_5mini_hot,0,,1000,0.0,-1.0
6042,2022-09-19,B_5mini_unseen,0,,1000,0.0,-1.0
6042,2022-09-19,C_4mini_1box_hot,0,,1000,0.0,-1.0
6042,2022-09-19,D_3mini_1box_1straight,0,,1000,0.0,-1.0
6042,2022-09-19,E_3mini_1set_1straight_prev,0,,1000,0.0,-1.0
6042,2022-09-19,F_5mini_random,0,,1000,0.0,-1.0
6043,2022-09-20,A_5mini_hot,0,,1000,0.0,-1.0
6043,2022-09-20,B_5mini_unseen,0,,1000,0.0,-1.0
6043,2022-09-20,C_4mini_1box_hot,0,,1000,0.0,-1.0
6043,2022-09-20,D_3mini_1box_1straight,0,,1000,0.0,-1.0
6043,2022-09-20,E_3mini_1set_1straight_prev,0,,1000,0.0,-1.0
6043,2022-09-20,F_5mini_random,0,,1000,0.0,-1.0
6044,2022-09-21,A_5mini_hot,0,,1000,0.0,-1.0
6044,2022-09-21,B_5mini_unseen,0,,1000,0.0,-1.0
6044,2022-09-21,C_4mini_1box_hot,0,,1000,0.0,-1.0
6044,2022-09-21,D_3mini_1box_1straight,0,,1000,0.0,-1.0
6044,2022-09-21,E_3mini_1set_1straight_prev,0,,1000,0.0,-1.0
6044,2022-09-21,F_5mini_random,0,,1000,0.0,-1.0
6045,2022-09-22,A_5mini_hot,0,,1000,0.0,-1.0
6045,2022-09-22,B_5mini_unseen,0,,1000,0.0,-1.0
6045,2022-09-22,C_4mini_1box_hot,0,,1000,0.0,-1.0
6045,2022-09-22,D_3mini_1box_1straight,0,,1000,0.0,-1.0
6045,2022-09-22,E_3mini_1set_1straight_prev,0,,1000,0.0,-1.0
6045,2022-09-22,F_5mini_random,0,,1000,0.0,-1.0
6046,2022-09-23,A_5mini_hot,0,,1000,0.0,-1.0
6046,2022-09-23,B_5mini_unseen,0,,1000,0.0,-1.0
6046,2022-09-23,C_4mini_1box_hot,0,,1000,0.0,-1.0
6046,2022-09-23,D_3mini_1box_1straight,0,,1000,0.0,-1.0
6046,2022-09-23,E_3mini_1set_1straight_prev,0,,1000,0.0,-1.0
6046,2022-09-23,F_5mini_random,0,,1000,0.0,-1.0
6047,2022-09-26,A_5mini_hot,0,,1000,0.0,-1.0
6047,2022-09-26,B_5mini_unseen,0,,1000,0.0,-1.0
6047,2022-09-26,C_4mini_1box_hot,0,,1000,0.0,-1.0
6047,2022-09-26,D_3mini_1box_1straight,0,,1000,0.0,-1.0
6047,2022-09-26,E_3mini_1set_1straight_prev,0,,1000,0.0,-1.0
6047,2022-09-26,F_5mini_random,0,,1000,0.0,-1.0
6048,2022-09-27,A_5mini_hot,0,,1000,0.0,-1.0
6048,2022-09-27,B_5mini_unseen,0,,1000,0.0,-1.0
6048,2022-09-27,C_4mini_1box_hot,0,,1000,0.0,-1.0
6048,2022-09-27,D_3mini_1box_1straight,0,,1000,0.0,-1.0
6048,2022-09-27,E_3mini_1set_1straight_prev,0,,1000,0.0,-1.0
6048,2022-09-27,F_5mini_random,0,,1000,0.0,-1.0
6049,2022-09-28,A_5mini_hot,0,,1000,0.0,-1.0
6049,2022-09-28,B_5mini_unseen,0,,1000,0.0,-1.0
6049,2022-09-28,C_4mini_1box_hot,0,,1000,0.0,-1.0
6049,2022-09-28,D_3mini_1box_1straight,0,,1000,0.0,-1.0
6049,2022-09-28,E_3mini_1set_1straight_prev,0,,1000,0.0,-1.0
6049,2022-09-28,F_5mini_random,1,mini,1000,9000.0,8.0
6050,2022-09-30,A_5mini_hot,0,,1000,0.0,-1.0
6050,2022-09-30,B_5mini_unseen,0,,1000,0.0,-1.0
6050,2022-09-30,C_4mini_1box_hot,1,box,1000,15000.0,14.0
6050,2022-09-30,D_3mini_1box_1straight,1,box,1000,15000.0,14.0
6050,2022-09-30,E_3mini_1set_1straight_prev,1,set_box,1000,7500.0,6.5
6050,2022-09-30,F_5mini_random,0,,1000,0.0,-1.0
6052,2022-10-03,A_5mini_hot,0,,1000,0.0,-1.0
6052,2022-10-03,B_5mini_unseen,0,,1000,0.0,-1.0
6052,2022-10-03,C_4mini_1box_hot,0,,1000,0.0,-1.0
6052,2022-10-03,D_3mini_1box_1straight,0,,1000,0.0,-1.0
6052,2022-10-03,E_3mini_1set_1straight_prev,0,,1000,0.0,-1.0
6052,2022-10-03,F_5mini_random,0,,1000,0.0,-1.0
6053,2022-10-04,A_5mini_hot,0,,1000,0.0,-1.0
6053,2022-10-04,B_5mini_unseen,0,,1000,0.0,-1.0
6053,2022-10-04,C_4mini_1box_hot,0,,1000,0.0,-1.0
6053,2022-10-04,D_3mini_1box_1straight,0,,1000,0.0,-1.0
6053,2022-10-04,E_3mini_1set_1straight_prev,0,,1000,0.0,-1.0
6053,2022-10-04,F_5mini_random,0,,1000,0.0,-1.0
6054,2022-10-05,A_5mini_hot,0,,1000,0.0,-1.0
6054,2022-10-05,B_5mini_unseen,0,,1000,0.0,-1.0
6054,2022-10-05,C_4mini_1box_hot,0,,1000,0.0,-1.0
6054,2022-10-05,D_3mini_1box_1straight,0,,1000,0.0,-1.0
6054,2022-10-05,E_3mini_1set_1straight_prev,0,,1000,0.0,-1.0
6054,2022-10-05,F_5mini_random,0,,1000,0.0,-1.0
6055,2022-10-06,A_5mini_hot,0,,1000,0.0,-1.0
6055,2022-10-06,B_5mini_unseen,0,,1000,0.0,-1.0
6055,2022-10-06,C_4mini_1box_hot,0,,1000,0.0,-1.0
6055,2022-10-06,D_3mini_1box_1straight,0,,1000,0.0,-1.0
6055,2022-10-06,E_3mini_1set_1straight_prev,0,,1000,0.0,-1.0
6055,2022-10-06,F_5mini_random,0,,1000,0.0,-1.0
6056,2022-10-07,A_5mini_hot,0,,1000,0.0,-1.0
6056,2022-10-07,B_5mini_unseen,0,,1000,0.0,-1.0
6056,2022-10-07,C_4mini_1box_hot,0,,1000,0.0,-1.0
6056,2022-10-07,D_3mini_1box_1straight,0,,1000,0.0,-1.0
6056,2022-10-07,E_3mini_1set_1straight_prev,0,,1000,0.0,-1.0
6056,2022-10-07,F_5mini_random,0,,1000,0.0,-1.0
6057,2022-10-10,A_5mini_hot,0,,1000,0.0,-1.0
6057,2022-10-10,B_5mini_unseen,0,,1000,0.0,-1.0
6057,2022-10-10,C_4mini_1box_hot,0,,1000,0.0,-1.0
6057,2022-10-10,D_3mini_1box_1straight,0,,1000,0.0,-1.0
6057,2022-10-10,E_3mini_1set_1straight_prev,0,,1000,0.0,-1.0
6057,2022-10-10,F_5mini_random,0,,1000,0.0,-1.0
6058,2022-10-11,A_5mini_hot,0,,1000,0.0,-1.0
6058,2022-10-11,B_5mini_unseen,1,mini,1000,9000.0,8.0
6058,2022-10-11,C_4mini_1box_hot,0,,1000,0.0,-1.0
6058,2022-10-11,D_3mini_1box_1straight,0,,1000,0.0,-1.0
6058,2022-10-11,E_3mini_1set_1straight_prev,0,,1000,0.0,-1.0
6058,2022-10-11,F_5mini_random,0,,1000,0.0,-1.0
6059,2022-10-12,A_5mini_hot,0,,1000,0.0,-1.0
6059,2022-10-12,B_5mini_unseen,0,,1000,0.0,-1.0
6059,2022-10-12,C_4mini_1box_hot,0,,1000,0.0,-1.0
6059,2022-10-12,D_3mini_1box_1straight,0,,1000,0.0,-1.0
6059,2022-10-12,E_3mini_1set_1straight_prev,0,,1000,0.0,-1.0
6059,2022-10-12,F_5mini_random,0,,1000,0.0,-1.0
6060,2022-10-13,A_5mini_hot,0,,1000,0.0,-1.0
6060,2022-10-13,B_5mini_unseen,0,,1000,0.0,-1.0
6060,2022-10-13,C_4mini_1box_hot,0,,1000,0.0,-1.0
6060,2022-10-13,D_3mini_1box_1straight,0,,1000,0.0,-1.0
6060,2022-10-13,E_3mini_1set_1straight_prev,0,,1000,0.0,-1.0
6060,2022-10-13,F_5mini_random,0,,1000,0.0,-1.0
6061,2022-10-14,A_5mini_hot,0,,1000,0.0,-1.0
6061,2022-10-14,B_5mini_unseen,0,,1000,0.0,-1.0
6061,2022-10-14,C_4mini_1box_hot,0,,1000,0.0,-1.0
6061,2022-10-14,D_3mini_1box_1straight,0,,1000,0.0,-1.0
6061,2022-10-14,E_3mini_1set_1straight_prev,0,,1000,0.0,-1.0
6061,2022-10-14,F_5mini_random,0,,1000,0.0,-1.0
6062,2022-10-17,A_5mini_hot,0,,1000,0.0,-1.0
6062,2022-10-17,B_5mini_unseen,0,,1000,0.0,-1.0
6062,2022-10-17,C_4mini_1box_hot,0,,1000,0.0,-1.0
6062,2022-10-17,D_3mini_1box_1straight,0,,1000,0.0,-1.0
6062,2022-10-17,E_3mini_1set_1straight_prev,0,,1000,0.0,-1.0
6062,2022-10-17,F_5mini_random,0,,1000,0.0,-1.0
6063,2022-10-18,A_5mini_hot,1,mini,1000,9000.0,8.0
6063,2022-10-18,B_5mini_unseen,0,,1000,0.0,-1.0
6063,2022-10-18,C_4mini_1box_hot,1,mini,1000,9000.0,8.0
6063,2022-10-18,D_3mini_1box_1straight,1,mini,1000,9000.0,8.0
6063,2022-10-18,E_3mini_1set_1straight_prev,1,mini,1000,9000.0,8.0
6063,2022-10-18,F_5mini_random,0,,1000,0.0,-1.0
6064,2022-10-19,A_5mini_hot,0,,1000,0.0,-1.0
6064,2022-10-19,B_5mini_unseen,0,,1000,0.0,-1.0
6064,2022-10-19,C_4mini_1box_hot,0,,1000,0.0,-1.0
6064,2022-10-19,D_3mini_1box_1straight,0,,1000,0.0,-1.0
6064,2022-10-19,E_3mini_1set_1straight_prev,0,,1000,0.0,-1.0
6064,2022-10-19,F_5mini_random,0,,1000,0.0,-1.0
6065,2022-10-20,A_5mini_hot,0,,1000,0.0,-1.0
6065,2022-10-20,B_5mini_unseen,1,mini,1000,9000.0,8.0
6065,2022-10-20,C_4mini_1box_hot,0,,1000,0.0,-1.0
6065,2022-10-20,D_3mini_1box_1straight,0,,1000,0.0,-1.0
6065,2022-10-20,E_3mini_1set_1straight_prev,0,,1000,0.0,-1.0
6065,2022-10-20,F_5mini_random,0,,1000,0.0,-1.0
6066,2022-10-24,A_5mini_hot,0,,1000,0.0,-1.0
6066,2022-10-24,B_5mini_unseen,0,,1000,0.0,-1.0
6066,2022-10-24,C_4mini_1box_hot,0,,1000,0.0,-1.0
6066,2022-10-24,D_3mini_1box_1straight,0,,1000,0.0,-1.0
6066,2022-10-24,E_3mini_1set_1straight_prev,0,,1000,0.0,-1.0
6066,2022-10-24,F_5mini_random,0,,1000,0.0,-1.0
6068,2022-10-25,A_5mini_hot,0,,1000,0.0,-1.0
6068,2022-10-25,B_5mini_unseen,0,,1000,0.0,-1.0
6068,2022-10-25,C_4mini_1box_hot,0,,1000,0.0,-1.0
6068,2022-10-25,D_3mini_1box_1straight,0,,1000,0.0,-1.0
6068,2022-10-25,E_3mini_1set_1straight_prev,0,,1000,0.0,-1.0
6068,2022-10-25,F_5mini_random,0,,1000,0.0,-1.0
6069,2022-10-26,A_5mini_hot,0,,1000,0.0,-1.0
6069,2022-10-26,B_5mini_unseen,1,mini,1000,9000.0,8.0
6069,2022-10-26,C_4mini_1box_hot,0,,1000,0.0,-1.0
6069,2022-10-26,D_3mini_1box_1straight,0,,1000,0.0,-1.0
6069,2022-10-26,E_3mini_1set_1straight_prev,0,,1000,0.0,-1.0
6069,2022-10-26,F_5mini_random,1,mini,1000,9000.0,8.0
6070,2022-10-27,A_5mini_hot,0,,1000,0.0,-1.0
6070,2022-10-27,B_5mini_unseen,0,,1000,0.0,-1.0
6070,2022-10-27,C_4mini_1box_hot,0,,1000,0.0,-1.0
6070,2022-10-27,D_3mini_1box_1straight,0,,1000,0.0,-1.0
6070,2022-10-27,E_3mini_1set_1straight_prev,0,,1000,0.0,-1.0
6070,2022-10-27,F_5mini_random,0,,1000,0.0,-1.0
6071,2022-10-28,A_5mini_hot,0,,1000,0.0,-1.0
6071,2022-10-28,B_5mini_unseen,0,,1000,0.0,-1.0
6071,2022-10-28,C_4mini_1box_hot,0,,1000,0.0,-1.0
6071,2022-10-28,D_3mini_1box_1straight,0,,1000,0.0,-1.0
6071,2022-10-28,E_3mini_1set_1straight_prev,0,,1000,0.0,-1.0
6071,2022-10-28,F_5mini_random,0,,1000,0.0,-1.0
6072,2022-10-31,A_5mini_hot,0,,1000,0.0,-1.0
6072,2022-10-31,B_5mini_unseen,0,,1000,0.0,-1.0
6072,2022-10-31,C_4mini_1box_hot,0,,1000,0.0,-1.0
6072,2022-10-31,D_3mini_1box_1straight,0,,1000,0.0,-1.0
6072,2022-10-31,E_3mini_1set_1straight_prev,0,,1000,0.0,-1.0
6072,2022-10-31,F_5mini_random,0,,1000,0.0,-1.0
6073,2022-11-01,A_5mini_hot,0,,1000,0.0,-1.0
6073,2022-11-01,B_5mini_unseen,0,,1000,0.0,-1.0
6073,2022-11-01,C_4mini_1box_hot,0,,1000,0.0,-1.0
6073,2022-11-01,D_3mini_1box_1straight,0,,1000,0.0,-1.0
6073,2022-11-01,E_3mini_1set_1straight_prev,0,,1000,0.0,-1.0
6073,2022-11-01,F_5mini_random,0,,1000,0.0,-1.0
6074,2022-11-02,A_5mini_hot,0,,1000,0.0,-1.0
6074,2022-11-02,B_5mini_unseen,0,,1000,0.0,-1.0
6074,2022-11-02,C_4mini_1box_hot,0,,1000,0.0,-1.0
6074,2022-11-02,D_3mini_1box_1straight,0,,1000,0.0,-1.0
6074,2022-11-02,E_3mini_1set_1straight_prev,0,,1000,0.0,-1.0
6074,2022-11-02,F_5mini_random,0,,1000,0.0,-1.0
6075,2022-11-03,A_5mini_hot,0,,1000,0.0,-1.0
6075,2022-11-03,B_5mini_unseen,0,,1000,0.0,-1.0
6075,2022-11-03,C_4mini_1box_hot,0,,1000,0.0,-1.0
6075,2022-11-03,D_3mini_1box_1straight,0,,1000,0.0,-1.0
6075,2022-11-03,E_3mini_1set_1straight_prev,0,,1000,0.0,-1.0
6075,2022-11-03,F_5mini_random,0,,1000,0.0,-1.0
6076,2022-11-04,A_5mini_hot,0,,1000,0.0,-1.0
6076,2022-11-04,B_5mini_unseen,0,,1000,0.0,-1.0
6076,2022-11-04,C_4mini_1box_hot,0,,1000,0.0,-1.0
6076,2022-11-04,D_3mini_1box_1straight,0,,1000,0.0,-1.0
6076,2022-11-04,E_3mini_1set_1straight_prev,0,,1000,0.0,-1.0
6076,2022-11-04,F_5mini_random,0,,1000,0.0,-1.0
6077,2022-11-07,A_5mini_hot,0,,1000,0.0,-1.0
6077,2022-11-07,B_5mini_unseen,0,,1000,0.0,-1.0
6077,2022-11-07,C_4mini_1box_hot,0,,1000,0.0,-1.0
6077,2022-11-07,D_3mini_1box_1straight,0,,1000,0.0,-1.0
6077,2022-11-07,E_3mini_1set_1straight_prev,0,,1000,0.0,-1.0
6077,2022-11-07,F_5mini_random,0,,1000,0.0,-1.0
6078,2022-11-08,A_5mini_hot,0,,1000,0.0,-1.0
6078,2022-11-08,B_5mini_unseen,1,mini,1000,9000.0,8.0
6078,2022-11-08,C_4mini_1box_hot,0,,1000,0.0,-1.0
6078,2022-11-08,D_3mini_1box_1straight,0,,1000,0.0,-1.0
6078,2022-11-08,E_3mini_1set_1straight_prev,0,,1000,0.0,-1.0
6078,2022-11-08,F_5mini_random,0,,1000,0.0,-1.0
6079,2022-11-09,A_5mini_hot,0,,1000,0.0,-1.0
6079,2022-11-09,B_5mini_unseen,0,,1000,0.0,-1.0
6079,2022-11-09,C_4mini_1box_hot,0,,1000,0.0,-1.0
6079,2022-11-09,D_3mini_1box_1straight,0,,1000,0.0,-1.0
6079,2022-11-09,E_3mini_1set_1straight_prev,0,,1000,0.0,-1.0
6079,2022-11-09,F_5mini_random,0,,1000,0.0,-1.0
6080,2022-11-10,A_5mini_hot,0,,1000,0.0,-1.0
6080,2022-11-10,B_5mini_unseen,0,,1000,0.0,-1.0
6080,2022-11-10,C_4mini_1box_hot,0,,1000,0.0,-1.0
6080,2022-11-10,D_3mini_1box_1straight,0,,1000,0.0,-1.0
6080,2022-11-10,E_3mini_1set_1straight_prev,0,,1000,0.0,-1.0
6080,2022-11-10,F_5mini_random,0,,1000,0.0,-1.0
6081,2022-11-11,A_5mini_hot,0,,1000,0.0,-1.0
6081,2022-11-11,B_5mini_unseen,0,,1000,0.0,-1.0
6081,2022-11-11,C_4mini_1box_hot,0,,1000,0.0,-1.0
6081,2022-11-11,D_3mini_1box_1straight,0,,1000,0.0,-1.0
6081,2022-11-11,E_3mini_1set_1straight_prev,0,,1000,0.0,-1.0
6081,2022-11-11,F_5mini_random,0,,1000,0.0,-1.0
6082,2022-11-14,A_5mini_hot,0,,1000,0.0,-1.0
6082,2022-11-14,B_5mini_unseen,0,,1000,0.0,-1.0
6082,2022-11-14,C_4mini_1box_hot,0,,1000,0.0,-1.0
6082,2022-11-14,D_3mini_1box_1straight,0,,1000,0.0,-1.0
6082,2022-11-14,E_3mini_1set_1straight_prev,0,,1000,0.0,-1.0
6082,2022-11-14,F_5mini_random,0,,1000,0.0,-1.0
6083,2022-11-15,A_5mini_hot,0,,1000,0.0,-1.0
6083,2022-11-15,B_5mini_unseen,0,,1000,0.0,-1.0
6083,2022-11-15,C_4mini_1box_hot,0,,1000,0.0,-1.0
6083,2022-11-15,D_3mini_1box_1straight,0,,1000,0.0,-1.0
6083,2022-11-15,E_3mini_1set_1straight_prev,0,,1000,0.0,-1.0
6083,2022-11-15,F_5mini_random,0,,1000,0.0,-1.0
6084,2022-11-17,A_5mini_hot,0,,1000,0.0,-1.0
6084,2022-11-17,B_5mini_unseen,0,,1000,0.0,-1.0
6084,2022-11-17,C_4mini_1box_hot,0,,1000,0.0,-1.0
6084,2022-11-17,D_3mini_1box_1straight,0,,1000,0.0,-1.0
6084,2022-11-17,E_3mini_1set_1straight_prev,0,,1000,0.0,-1.0
6084,2022-11-17,F_5mini_random,0,,1000,0.0,-1.0
6086,2022-11-18,A_5mini_hot,0,,1000,0.0,-1.0
6086,2022-11-18,B_5mini_unseen,0,,1000,0.0,-1.0
6086,2022-11-18,C_4mini_1box_hot,0,,1000,0.0,-1.0
6086,2022-11-18,D_3mini_1box_1straight,0,,1000,0.0,-1.0
6086,2022-11-18,E_3mini_1set_1straight_prev,0,,1000,0.0,-1.0
6086,2022-11-18,F_5mini_random,0,,1000,0.0,-1.0
6087,2022-11-21,A_5mini_hot,0,,1000,0.0,-1.0
6087,2022-11-21,B_5mini_unseen,0,,1000,0.0,-1.0
6087,2022-11-21,C_4mini_1box_hot,0,,1000,0.0,-1.0
6087,2022-11-21,D_3mini_1box_1straight,0,,1000,0.0,-1.0
6087,2022-11-21,E_3mini_1set_1straight_prev,0,,1000,0.0,-1.0
6087,2022-11-21,F_5mini_random,0,,1000,0.0,-1.0
6088,2022-11-22,A_5mini_hot,0,,1000,0.0,-1.0
6088,2022-11-22,B_5mini_unseen,0,,1000,0.0,-1.0
6088,2022-11-22,C_4mini_1box_hot,0,,1000,0.0,-1.0
6088,2022-11-22,D_3mini_1box_1straight,0,,1000,0.0,-1.0
6088,2022-11-22,E_3mini_1set_1straight_prev,0,,1000,0.0,-1.0
6088,2022-11-22,F_5mini_random,0,,1000,0.0,-1.0
6089,2022-11-23,A_5mini_hot,0,,1000,0.0,-1.0
6089,2022-11-23,B_5mini_unseen,0,,1000,0.0,-1.0
6089,2022-11-23,C_4mini_1box_hot,0,,1000,0.0,-1.0
6089,2022-11-23,D_3mini_1box_1straight,0,,1000,0.0,-1.0
6089,2022-11-23,E_3mini_1set_1straight_prev,0,,1000,0.0,-1.0
6089,2022-11-23,F_5mini_random,0,,1000,0.0,-1.0
6090,2022-11-24,A_5mini_hot,0,,1000,0.0,-1.0
6090,2022-11-24,B_5mini_unseen,0,,1000,0.0,-1.0
6090,2022-11-24,C_4mini_1box_hot,0,,1000,0.0,-1.0
6090,2022-11-24,D_3mini_1box_1straight,0,,1000,0.0,-1.0
6090,2022-11-24,E_3mini_1set_1straight_prev,0,,1000,0.0,-1.0
6090,2022-11-24,F_5mini_random,0,,1000,0.0,-1.0
6091,2022-11-25,A_5mini_hot,0,,1000,0.0,-1.0
6091,2022-11-25,B_5mini_unseen,0,,1000,0.0,-1.0
6091,2022-11-25,C_4mini_1box_hot,0,,1000,0.0,-1.0
6091,2022-11-25,D_3mini_1box_1straight,0,,1000,0.0,-1.0
6091,2022-11-25,E_3mini_1set_1straight_prev,0,,1000,0.0,-1.0
6091,2022-11-25,F_5mini_random,0,,1000,0.0,-1.0
6092,2022-11-28,A_5mini_hot,0,,1000,0.0,-1.0
6092,2022-11-28,B_5mini_unseen,0,,1000,0.0,-1.0
6092,2022-11-28,C_4mini_1box_hot,0,,1000,0.0,-1.0
6092,2022-11-28,D_3mini_1box_1straight,0,,1000,0.0,-1.0
6092,2022-11-28,E_3mini_1set_1straight_prev,0,,1000,0.0,-1.0
6092,2022-11-28,F_5mini_random,0,,1000,0.0,-1.0
6093,2022-11-29,A_5mini_hot,0,,1000,0.0,-1.0
6093,2022-11-29,B_5mini_unseen,0,,1000,0.0,-1.0
6093,2022-11-29,C_4mini_1box_hot,0,,1000,0.0,-1.0
6093,2022-11-29,D_3mini_1box_1straight,0,,1000,0.0,-1.0
6093,2022-11-29,E_3mini_1set_1straight_prev,0,,1000,0.0,-1.0
6093,2022-11-29,F_5mini_random,0,,1000,0.0,-1.0
6094,2022-11-30,A_5mini_hot,0,,1000,0.0,-1.0
6094,2022-11-30,B_5mini_unseen,0,,1000,0.0,-1.0
6094,2022-11-30,C_4mini_1box_hot,0,,1000,0.0,-1.0
6094,2022-11-30,D_3mini_1box_1straight,0,,1000,0.0,-1.0
6094,2022-11-30,E_3mini_1set_1straight_prev,0,,1000,0.0,-1.0
6094,2022-11-30,F_5mini_random,0,,1000,0.0,-1.0
6095,2022-12-01,A_5mini_hot,0,,1000,0.0,-1.0
6095,2022-12-01,B_5mini_unseen,0,,1000,0.0,-1.0
6095,2022-12-01,C_4mini_1box_hot,0,,1000,0.0,-1.0
6095,2022-12-01,D_3mini_1box_1straight,0,,1000,0.0,-1.0
6095,2022-12-01,E_3mini_1set_1straight_prev,0,,1000,0.0,-1.0
6095,2022-12-01,F_5mini_random,0,,1000,0.0,-1.0
6096,2022-12-05,A_5mini_hot,0,,1000,0.0,-1.0
6096,2022-12-05,B_5mini_unseen,0,,1000,0.0,-1.0
6096,2022-12-05,C_4mini_1box_hot,0,,1000,0.0,-1.0
6096,2022-12-05,D_3mini_1box_1straight,0,,1000,0.0,-1.0
6096,2022-12-05,E_3mini_1set_1straight_prev,0,,1000,0.0,-1.0
6096,2022-12-05,F_5mini_random,0,,1000,0.0,-1.0
6098,2022-12-06,A_5mini_hot,0,,1000,0.0,-1.0
6098,2022-12-06,B_5mini_unseen,0,,1000,0.0,-1.0
6098,2022-12-06,C_4mini_1box_hot,0,,1000,0.0,-1.0
6098,2022-12-06,D_3mini_1box_1straight,0,,1000,0.0,-1.0
6098,2022-12-06,E_3mini_1set_1straight_prev,1,mini,1000,9000.0,8.0
6098,2022-12-06,F_5mini_random,0,,1000,0.0,-1.0
6099,2022-12-07,A_5mini_hot,0,,1000,0.0,-1.0
6099,2022-12-07,B_5mini_unseen,0,,1000,0.0,-1.0
6099,2022-12-07,C_4mini_1box_hot,0,,1000,0.0,-1.0
6099,2022-12-07,D_3mini_1box_1straight,0,,1000,0.0,-1.0
6099,2022-12-07,E_3mini_1set_1straight_prev,0,,1000,0.0,-1.0
6099,2022-12-07,F_5mini_random,0,,1000,0.0,-1.0
6100,2022-12-08,A_5mini_hot,0,,1000,0.0,-1.0
6100,2022-12-08,B_5mini_unseen,0,,1000,0.0,-1.0
6100,2022-12-08,C_4mini_1box_hot,0,,1000,0.0,-1.0
6100,2022-12-08,D_3mini_1box_1straight,0,,1000,0.0,-1.0
6100,2022-12-08,E_3mini_1set_1straight_prev,0,,1000,0.0,-1.0
6100,2022-12-08,F_5mini_random,0,,1000,0.0,-1.0
6101,2022-12-09,A_5mini_hot,0,,1000,0.0,-1.0
6101,2022-12-09,B_5mini_unseen,0,,1000,0.0,-1.0
6101,2022-12-09,C_4mini_1box_hot,0,,1000,0.0,-1.0
6101,2022-12-09,D_3mini_1box_1straight,0,,1000,0.0,-1.0
6101,2022-12-09,E_3mini_1set_1straight_prev,0,,1000,0.0,-1.0
6101,2022-12-09,F_5mini_random,0,,1000,0.0,-1.0
6102,2022-12-12,A_5mini_hot,0,,1000,0.0,-1.0
6102,2022-12-12,B_5mini_unseen,0,,1000,0.0,-1.0
6102,2022-12-12,C_4mini_1box_hot,0,,1000,0.0,-1.0
6102,2022-12-12,D_3mini_1box_1straight,0,,1000,0.0,-1.0
6102,2022-12-12,E_3mini_1set_1straight_prev,0,,1000,0.0,-1.0
6102,2022-12-12,F_5mini_random,0,,1000,0.0,-1.0
6103,2022-12-13,A_5mini_hot,0,,1000,0.0,-1.0
6103,2022-12-13,B_5mini_unseen,0,,1000,0.0,-1.0
6103,2022-12-13,C_4mini_1box_hot,0,,1000,0.0,-1.0
6103,2022-12-13,D_3mini_1box_1straight,0,,1000,0.0,-1.0
6103,2022-12-13,E_3mini_1set_1straight_prev,0,,1000,0.0,-1.0
6103,2022-12-13,F_5mini_random,0,,1000,0.0,-1.0
6104,2022-12-14,A_5mini_hot,0,,1000,0.0,-1.0
6104,2022-12-14,B_5mini_unseen,0,,1000,0.0,-1.0
6104,2022-12-14,C_4mini_1box_hot,0,,1000,0.0,-1.0
6104,2022-12-14,D_3mini_1box_1straight,0,,1000,0.0,-1.0
6104,2022-12-14,E_3mini_1set_1straight_prev,0,,1000,0.0,-1.0
6104,2022-12-14,F_5mini_random,0,,1000,0.0,-1.0
6105,2022-12-15,A_5mini_hot,0,,1000,0.0,-1.0
6105,2022-12-15,B_5mini_unseen,0,,1000,0.0,-1.0
6105,2022-12-15,C_4mini_1box_hot,0,,1000,0.0,-1.0
6105,2022-12-15,D_3mini_1box_1straight,0,,1000,0.0,-1.0
6105,2022-12-15,E_3mini_1set_1straight_prev,0,,1000,0.0,-1.0
6105,2022-12-15,F_5mini_random,0,,1000,0.0,-1.0
6106,2022-12-16,A_5mini_hot,0,,1000,0.0,-1.0
6106,2022-12-16,B_5mini_unseen,0,,1000,0.0,-1.0
6106,2022-12-16,C_4mini_1box_hot,0,,1000,0.0,-1.0
6106,2022-12-16,D_3mini_1box_1straight,0,,1000,0.0,-1.0
6106,2022-12-16,E_3mini_1set_1straight_prev,0,,1000,0.0,-1.0
6106,2022-12-16,F_5mini_random,0,,1000,0.0,-1.0
6107,2022-12-19,A_5mini_hot,0,,1000,0.0,-1.0
6107,2022-12-19,B_5mini_unseen,0,,1000,0.0,-1.0
6107,2022-12-19,C_4mini_1box_hot,0,,1000,0.0,-1.0
6107,2022-12-19,D_3mini_1box_1straight,0,,1000,0.0,-1.0
6107,2022-12-19,E_3mini_1set_1straight_prev,1,mini,1000,9000.0,8.0
6107,2022-12-19,F_5mini_random,0,,1000,0.0,-1.0
6108,2022-12-20,A_5mini_hot,0,,1000,0.0,-1.0
6108,2022-12-20,B_5mini_unseen,0,,1000,0.0,-1.0
6108,2022-12-20,C_4mini_1box_hot,0,,1000,0.0,-1.0
6108,2022-12-20,D_3mini_1box_1straight,0,,1000,0.0,-1.0
6108,2022-12-20,E_3mini_1set_1straight_prev,0,,1000,0.0,-1.0
6108,2022-12-20,F_5mini_random,0,,1000,0.0,-1.0
6109,2022-12-21,A_5mini_hot,0,,1000,0.0,-1.0
6109,2022-12-21,B_5mini_unseen,0,,1000,0.0,-1.0
6109,2022-12-21,C_4mini_1box_hot,0,,1000,0.0,-1.0
6109,2022-12-21,D_3mini_1box_1straight,0,,1000,0.0,-1.0
6109,2022-12-21,E_3mini_1set_1straight_prev,0,,1000,0.0,-1.0
6109,2022-12-21,F_5mini_random,0,,1000,0.0,-1.0
6110,2022-12-22,A_5mini_hot,0,,1000,0.0,-1.0
6110,2022-12-22,B_5mini_unseen,0,,1000,0.0,-1.0
6110,2022-12-22,C_4mini_1box_hot,0,,1000,0.0,-1.0
6110,2022-12-22,D_3mini_1box_1straight,0,,1000,0.0,-1.0
6110,2022-12-22,E_3mini_1set_1straight_prev,0,,1000,0.0,-1.0
6110,2022-12-22,F_5mini_random,0,,1000,0.0,-1.0
6111,2022-12-23,A_5mini_hot,0,,1000,0.0,-1.0
6111,2022-12-23,B_5mini_unseen,0,,1000,0.0,-1.0
6111,2022-12-23,C_4mini_1box_hot,0,,1000,0.0,-1.0
6111,2022-12-23,D_3mini_1box_1straight,0,,1000,0.0,-1.0
6111,2022-12-23,E_3mini_1set_1straight_prev,0,,1000,0.0,-1.0
6111,2022-12-23,F_5mini_random,0,,1000,0.0,-1.0
6112,2022-12-26,A_5mini_hot,0,,1000,0.0,-1.0
6112,2022-12-26,B_5mini_unseen,0,,1000,0.0,-1.0
6112,2022-12-26,C_4mini_1box_hot,0,,1000,0.0,-1.0
6112,2022-12-26,D_3mini_1box_1straight,0,,1000,0.0,-1.0
6112,2022-12-26,E_3mini_1set_1straight_prev,0,,1000,0.0,-1.0
6112,2022-12-26,F_5mini_random,0,,1000,0.0,-1.0
6113,2022-12-27,A_5mini_hot,0,,1000,0.0,-1.0
6113,2022-12-27,B_5mini_unseen,0,,1000,0.0,-1.0
6113,2022-12-27,C_4mini_1box_hot,0,,1000,0.0,-1.0
6113,2022-12-27,D_3mini_1box_1straight,0,,1000,0.0,-1.0
6113,2022-12-27,E_3mini_1set_1straight_prev,0,,1000,0.0,-1.0
6113,2022-12-27,F_5mini_random,0,,1000,0.0,-1.0
6114,2022-12-28,A_5mini_hot,0,,1000,0.0,-1.0
6114,2022-12-28,B_5mini_unseen,0,,1000,0.0,-1.0
6114,2022-12-28,C_4mini_1box_hot,0,,1000,0.0,-1.0
6114,2022-12-28,D_3mini_1box_1straight,0,,1000,0.0,-1.0
6114,2022-12-28,E_3mini_1set_1straight_prev,0,,1000,0.0,-1.0
6114,2022-12-28,F_5mini_random,0,,1000,0.0,-1.0
6115,2022-12-29,A_5mini_hot,0,,1000,0.0,-1.0
6115,2022-12-29,B_5mini_unseen,0,,1000,0.0,-1.0
6115,2022-12-29,C_4mini_1box_hot,0,,1000,0.0,-1.0
6115,2022-12-29,D_3mini_1box_1straight,0,,1000,0.0,-1.0
6115,2022-12-29,E_3mini_1set_1straight_prev,0,,1000,0.0,-1.0
6115,2022-12-29,F_5mini_random,0,,1000,0.0,-1.0
6116,2023-01-03,A_5mini_hot,0,,1000,0.0,-1.0
6116,2023-01-03,B_5mini_unseen,0,,1000,0.0,-1.0
6116,2023-01-03,C_4mini_1box_hot,0,,1000,0.0,-1.0
6116,2023-01-03,D_3mini_1box_1straight,0,,1000,0.0,-1.0
6116,2023-01-03,E_3mini_1set_1straight_prev,0,,1000,0.0,-1.0
6116,2023-01-03,F_5mini_random,0,,1000,0.0,-1.0
6117,2023-01-04,A_5mini_hot,0,,1000,0.0,-1.0
6117,2023-01-04,B_5mini_unseen,0,,1000,0.0,-1.0
6117,2023-01-04,C_4mini_1box_hot,0,,1000,0.0,-1.0
6117,2023-01-04,D_3mini_1box_1straight,0,,1000,0.0,-1.0
6117,2023-01-04,E_3mini_1set_1straight_prev,0,,1000,0.0,-1.0
6117,2023-01-04,F_5mini_random,0,,1000,0.0,-1.0
6118,2023-01-05,A_5mini_hot,0,,1000,0.0,-1.0
6118,2023-01-05,B_5mini_unseen,0,,1000,0.0,-1.0
6118,2023-01-05,C_4mini_1box_hot,0,,1000,0.0,-1.0
6118,2023-01-05,D_3mini_1box_1straight,0,,1000,0.0,-1.0
6118,2023-01-05,E_3mini_1set_1straight_prev,0,,1000,0.0,-1.0
6118,2023-01-05,F_5mini_random,0,,1000,0.0,-1.0
6119,2023-01-06,A_5mini_hot,0,,1000,0.0,-1.0
6119,2023-01-06,B_5mini_unseen,0,,1000,0.0,-1.0
6119,2023-01-06,C_4mini_1box_hot,0,,1000,0.0,-1.0
6119,2023-01-06,D_3mini_1box_1straight,0,,1000,0.0,-1.0
6119,2023-01-06,E_3mini_1set_1straight_prev,0,,1000,0.0,-1.0
6119,2023-01-06,F_5mini_random,0,,1000,0.0,-1.0
6120,2023-01-09,A_5mini_hot,0,,1000,0.0,-1.0
6120,2023-01-09,B_5mini_unseen,0,,1000,0.0,-1.0
6120,2023-01-09,C_4mini_1box_hot,0,,1000,0.0,-1.0
6120,2023-01-09,D_3mini_1box_1straight,0,,1000,0.0,-1.0
6120,2023-01-09,E_3mini_1set_1straight_prev,0,,1000,0.0,-1.0
6120,2023-01-09,F_5mini_random,0,,1000,0.0,-1.0
6121,2023-01-10,A_5mini_hot,0,,1000,0.0,-1.0
6121,2023-01-10,B_5mini_unseen,1,mini,1000,9000.0,8.0
6121,2023-01-10,C_4mini_1box_hot,0,,1000,0.0,-1.0
6121,2023-01-10,D_3mini_1box_1straight,0,,1000,0.0,-1.0
6121,2023-01-10,E_3mini_1set_1straight_prev,0,,1000,0.0,-1.0
6121,2023-01-10,F_5mini_random,0,,1000,0.0,-1.0
6122,2023-01-11,A_5mini_hot,0,,1000,0.0,-1.0
6122,2023-01-11,B_5mini_unseen,0,,1000,0.0,-1.0
6122,2023-01-11,C_4mini_1box_hot,0,,1000,0.0,-1.0
6122,2023-01-11,D_3mini_1box_1straight,0,,1000,0.0,-1.0
6122,2023-01-11,E_3mini_1set_1straight_prev,0,,1000,0.0,-1.0
6122,2023-01-11,F_5mini_random,0,,1000,0.0,-1.0
6123,2023-01-12,A_5mini_hot,0,,1000,0.0,-1.0
6123,2023-01-12,B_5mini_unseen,0,,1000,0.0,-1.0
6123,2023-01-12,C_4mini_1box_hot,0,,1000,0.0,-1.0
6123,2023-01-12,D_3mini_1box_1straight,0,,1000,0.0,-1.0
6123,2023-01-12,E_3mini_1set_1straight_prev,0,,1000,0.0,-1.0
6123,2023-01-12,F_5mini_random,0,,1000,0.0,-1.0
6124,2023-01-13,A_5mini_hot,0,,1000,0.0,-1.0
6124,2023-01-13,B_5mini_unseen,0,,1000,0.0,-1.0
6124,2023-01-13,C_4mini_1box_hot,0,,1000,0.0,-1.0
6124,2023-01-13,D_3mini_1box_1straight,0,,1000,0.0,-1.0
6124,2023-01-13,E_3mini_1set_1straight_prev,0,,1000,0.0,-1.0
6124,2023-01-13,F_5mini_random,0,,1000,0.0,-1.0
6125,2023-01-16,A_5mini_hot,0,,1000,0.0,-1.0
6125,2023-01-16,B_5mini_unseen,0,,1000,0.0,-1.0
6125,2023-01-16,C_4mini_1box_hot,0,,1000,0.0,-1.0
6125,2023-01-16,D_3mini_1box_1straight,0,,1000,0.0,-1.0
6125,2023-01-16,E_3mini_1set_1straight_prev,0,,1000,0.0,-1.0
6125,2023-01-16,F_5mini_random,0,,1000,0.0,-1.0
6126,2023-01-17,A_5mini_hot,0,,1000,0.0,-1.0
6126,2023-01-17,B_5mini_unseen,0,,1000,0.0,-1.0
6126,2023-01-17,C_4mini_1box_hot,0,,1000,0.0,-1.0
6126,2023-01-17,D_3mini_1box_1straight,0,,1000,0.0,-1.0
6126,2023-01-17,E_3mini_1set_1straight_prev,0,,1000,0.0,-1.0
6126,2023-01-17,F_5mini_random,0,,1000,0.0,-1.0
6127,2023-01-18,A_5mini_hot,0,,1000,0.0,-1.0
6127,2023-01-18,B_5mini_unseen,0,,1000,0.0,-1.0
6127,2023-01-18,C_4mini_1box_hot,0,,1000,0.0,-1.0
6127,2023-01-18,D_3mini_1box_1straight,0,,1000,0.0,-1.0
6127,2023-01-18,E_3mini_1set_1straight_prev,0,,1000,0.0,-1.0
6127,2023-01-18,F_5mini_random,0,,1000,0.0,-1.0
6128,2023-01-19,A_5mini_hot,0,,1000,0.0,-1.0
6128,2023-01-19,B_5mini_unseen,0,,1000,0.0,-1.0
6128,2023-01-19,C_4mini_1box_hot,0,,1000,0.0,-1.0
6128,2023-01-19,D_3mini_1box_1straight,0,,1000,0.0,-1.0
6128,2023-01-19,E_3mini_1set_1straight_prev,0,,1000,0.0,-1.0
6128,2023-01-19,F_5mini_random,0,,1000,0.0,-1.0
6129,2023-01-20,A_5mini_hot,0,,1000,0.0,-1.0
6129,2023-01-20,B_5mini_unseen,0,,1000,0.0,-1.0
6129,2023-01-20,C_4mini_1box_hot,0,,1000,0.0,-1.0
6129,2023-01-20,D_3mini_1box_1straight,0,,1000,0.0,-1.0
6129,2023-01-20,E_3mini_1set_1straight_prev,0,,1000,0.0,-1.0
6129,2023-01-20,F_5mini_random,0,,1000,0.0,-1.0
6130,2023-01-23,A_5mini_hot,0,,1000,0.0,-1.0
6130,2023-01-23,B_5mini_unseen,1,mini,1000,9000.0,8.0
6130,2023-01-23,C_4mini_1box_hot,0,,1000,0.0,-1.0
6130,2023-01-23,D_3mini_1box_1straight,0,,1000,0.0,-1.0
6130,2023-01-23,E_3mini_1set_1straight_prev,0,,1000,0.0,-1.0
6130,2023-01-23,F_5mini_random,0,,1000,0.0,-1.0
6131,2023-01-24,A_5mini_hot,0,,1000,0.0,-1.0
6131,2023-01-24,B_5mini_unseen,0,,1000,0.0,-1.0
6131,2023-01-24,C_4mini_1box_hot,0,,1000,0.0,-1.0
6131,2023-01-24,D_3mini_1box_1straight,0,,1000,0.0,-1.0
6131,2023-01-24,E_3mini_1set_1straight_prev,0,,1000,0.0,-1.0
6131,2023-01-24,F_5mini_random,0,,1000,0.0,-1.0
6132,2023-01-25,A_5mini_hot,0,,1000,0.0,-1.0
6132,2023-01-25,B_5mini_unseen,0,,1000,0.0,-1.0
6132,2023-01-25,C_4mini_1box_hot,0,,1000,0.0,-1.0
6132,2023-01-25,D_3mini_1box_1straight,0,,1000,0.0,-1.0
6132,2023-01-25,E_3mini_1set_1straight_prev,0,,1000,0.0,-1.0
6132,2023-01-25,F_5mini_random,0,,1000,0.0,-1.0
6133,2023-01-26,A_5mini_hot,0,,1000,0.0,-1.0
6133,2023-01-26,B_5mini_unseen,0,,1000,0.0,-1.0
6133,2023-01-26,C_4mini_1box_hot,0,,1000,0.0,-1.0
6133,2023-01-26,D_3mini_1box_1straight,0,,1000,0.0,-1.0
6133,2023-01-26,E_3mini_1set_1straight_prev,0,,1000,0.0,-1.0
6133,2023-01-26,F_5mini_random,0,,1000,0.0,-1.0
6134,2023-01-27,A_5mini_hot,0,,1000,0.0,-1.0
6134,2023-01-27,B_5mini_unseen,0,,1000,0.0,-1.0
6134,2023-01-27,C_4mini_1box_hot,0,,1000,0.0,-1.0
6134,2023-01-27,D_3mini_1box_1straight,0,,1000,0.0,-1.0
6134,2023-01-27,E_3mini_1set_1straight_prev,0,,1000,0.0,-1.0
6134,2023-01-27,F_5mini_random,0,,1000,0.0,-1.0
6135,2023-01-30,A_5mini_hot,0,,1000,0.0,-1.0
6135,2023-01-30,B_5mini_unseen,0,,1000,0.0,-1.0
6135,2023-01-30,C_4mini_1box_hot,0,,1000,0.0,-1.0
6135,2023-01-30,D_3mini_1box_1straight,0,,1000,0.0,-1.0
6135,2023-01-30,E_3mini_1set_1straight_prev,0,,1000,0.0,-1.0
6135,2023-01-30,F_5mini_random,0,,1000,0.0,-1.0
6136,2023-01-31,A_5mini_hot,0,,1000,0.0,-1.0
6136,2023-01-31,B_5mini_unseen,0,,1000,0.0,-1.0
6136,2023-01-31,C_4mini_1box_hot,0,,1000,0.0,-1.0
6136,2023-01-31,D_3mini_1box_1straight,0,,1000,0.0,-1.0
6136,2023-01-31,E_3mini_1set_1straight_prev,0,,1000,0.0,-1.0
6136,2023-01-31,F_5mini_random,0,,1000,0.0,-1.0
6137,2023-02-01,A_5mini_hot,0,,1000,0.0,-1.0
6137,2023-02-01,B_5mini_unseen,0,,1000,0.0,-1.0
6137,2023-02-01,C_4mini_1box_hot,0,,1000,0.0,-1.0
6137,2023-02-01,D_3mini_1box_1straight,0,,1000,0.0,-1.0
6137,2023-02-01,E_3mini_1set_1straight_prev,0,,1000,0.0,-1.0
6137,2023-02-01,F_5mini_random,0,,1000,0.0,-1.0
6138,2023-02-02,A_5mini_hot,0,,1000,0.0,-1.0
6138,2023-02-02,B_5mini_unseen,0,,1000,0.0,-1.0
6138,2023-02-02,C_4mini_1box_hot,0,,1000,0.0,-1.0
6138,2023-02-02,D_3mini_1box_1straight,0,,1000,0.0,-1.0
6138,2023-02-02,E_3mini_1set_1straight_prev,0,,1000,0.0,-1.0
6138,2023-02-02,F_5mini_random,0,,1000,0.0,-1.0
6139,2023-02-03,A_5mini_hot,0,,1000,0.0,-1.0
6139,2023-02-03,B_5mini_unseen,0,,1000,0.0,-1.0
6139,2023-02-03,C_4mini_1box_hot,0,,1000,0.0,-1.0
6139,2023-02-03,D_3mini_1box_1straight,0,,1000,0.0,-1.0
6139,2023-02-03,E_3mini_1set_1straight_prev,0,,1000,0.0,-1.0
6139,2023-02-03,F_5mini_random,0,,1000,0.0,-1.0
6140,2023-02-06,A_5mini_hot,0,,1000,0.0,-1.0
6140,2023-02-06,B_5mini_unseen,0,,1000,0.0,-1.0
6140,2023-02-06,C_4mini_1box_hot,0,,1000,0.0,-1.0
6140,2023-02-06,D_3mini_1box_1straight,0,,1000,0.0,-1.0
6140,2023-02-06,E_3mini_1set_1straight_prev,0,,1000,0.0,-1.0
6140,2023-02-06,F_5mini_random,0,,1000,0.0,-1.0
6141,2023-02-07,A_5mini_hot,0,,1000,0.0,-1.0
6141,2023-02-07,B_5mini_unseen,0,,1000,0.0,-1.0
6141,2023-02-07,C_4mini_1box_hot,0,,1000,0.0,-1.0
6141,2023-02-07,D_3mini_1box_1straight,0,,1000,0.0,-1.0
6141,2023-02-07,E_3mini_1set_1straight_prev,0,,1000,0.0,-1.0
6141,2023-02-07,F_5mini_random,0,,1000,0.0,-1.0
6142,2023-02-08,A_5mini_hot,0,,1000,0.0,-1.0
6142,2023-02-08,B_5mini_unseen,0,,1000,0.0,-1.0
6142,2023-02-08,C_4mini_1box_hot,0,,1000,0.0,-1.0
6142,2023-02-08,D_3mini_1box_1straight,0,,1000,0.0,-1.0
6142,2023-02-08,E_3mini_1set_1straight_prev,0,,1000,0.0,-1.0
6142,2023-02-08,F_5mini_random,0,,1000,0.0,-1.0
6143,2023-02-09,A_5mini_hot,0,,1000,0.0,-1.0
6143,2023-02-09,B_5mini_unseen,0,,1000,0.0,-1.0
6143,2023-02-09,C_4mini_1box_hot,0,,1000,0.0,-1.0
6143,2023-02-09,D_3mini_1box_1straight,0,,1000,0.0,-1.0
6143,2023-02-09,E_3mini_1set_1straight_prev,0,,1000,0.0,-1.0
6143,2023-02-09,F_5mini_random,0,,1000,0.0,-1.0
6144,2023-02-10,A_5mini_hot,0,,1000,0.0,-1.0
6144,2023-02-10,B_5mini_unseen,0,,1000,0.0,-1.0
6144,2023-02-10,C_4mini_1box_hot,0,,1000,0.0,-1.0
6144,2023-02-10,D_3mini_1box_1straight,0,,1000,0.0,-1.0
6144,2023-02-10,E_3mini_1set_1straight_prev,0,,1000,0.0,-1.0
6144,2023-02-10,F_5mini_random,0,,1000,0.0,-1.0
6145,2023-02-13,A_5mini_hot,0,,1000,0.0,-1.0
6145,2023-02-13,B_5mini_unseen,0,,1000,0.0,-1.0
6145,2023-02-13,C_4mini_1box_hot,0,,1000,0.0,-1.0
6145,2023-02-13,D_3mini_1box_1straight,0,,1000,0.0,-1.0
6145,2023-02-13,E_3mini_1set_1straight_prev,0,,1000,0.0,-1.0
6145,2023-02-13,F_5mini_random,0,,1000,0.0,-1.0
6146,2023-02-14,A_5mini_hot,0,,1000,0.0,-1.0
6146,2023-02-14,B_5mini_unseen,0,,1000,0.0,-1.0
6146,2023-02-14,C_4mini_1box_hot,0,,1000,0.0,-1.0
6146,2023-02-14,D_3mini_1box_1straight,0,,1000,0.0,-1.0
6146,2023-02-14,E_3mini_1set_1straight_prev,0,,1000,0.0,-1.0
6146,2023-02-14,F_5mini_random,1,mini,1000,9000.0,8.0
6147,2023-02-15,A_5mini_hot,0,,1000,0.0,-1.0
6147,2023-02-15,B_5mini_unseen,0,,1000,0.0,-1.0
6147,2023-02-15,C_4mini_1box_hot,0,,1000,0.0,-1.0
6147,2023-02-15,D_3mini_1box_1straight,0,,1000,0.0,-1.0
6147,2023-02-15,E_3mini_1set_1straight_prev,0,,1000,0.0,-1.0
6147,2023-02-15,F_5mini_random,0,,1000,0.0,-1.0
6148,2023-02-16,A_5mini_hot,0,,1000,0.0,-1.0
6148,2023-02-16,B_5mini_unseen,0,,1000,0.0,-1.0
6148,2023-02-16,C_4mini_1box_hot,0,,1000,0.0,-1.0
6148,2023-02-16,D_3mini_1box_1straight,0,,1000,0.0,-1.0
6148,2023-02-16,E_3mini_1set_1straight_prev,0,,1000,0.0,-1.0
6148,2023-02-16,F_5mini_random,0,,1000,0.0,-1.0
6149,2023-02-17,A_5mini_hot,0,,1000,0.0,-1.0
6149,2023-02-17,B_5mini_unseen,0,,1000,0.0,-1.0
6149,2023-02-17,C_4mini_1box_hot,0,,1000,0.0,-1.0
6149,2023-02-17,D_3mini_1box_1straight,0,,1000,0.0,-1.0
6149,2023-02-17,E_3mini_1set_1straight_prev,0,,1000,0.0,-1.0
6149,2023-02-17,F_5mini_random,0,,1000,0.0,-1.0
6150,2023-02-20,A_5mini_hot,0,,1000,0.0,-1.0
6150,2023-02-20,B_5mini_unseen,1,mini,1000,9000.0,8.0
6150,2023-02-20,C_4mini_1box_hot,0,,1000,0.0,-1.0
6150,2023-02-20,D_3mini_1box_1straight,0,,1000,0.0,-1.0
6150,2023-02-20,E_3mini_1set_1straight_prev,0,,1000,0.0,-1.0
6150,2023-02-20,F_5mini_random,0,,1000,0.0,-1.0
6151,2023-02-21,A_5mini_hot,0,,1000,0.0,-1.0
6151,2023-02-21,B_5mini_unseen,0,,1000,0.0,-1.0
6151,2023-02-21,C_4mini_1box_hot,0,,1000,0.0,-1.0
6151,2023-02-21,D_3mini_1box_1straight,0,,1000,0.0,-1.0
6151,2023-02-21,E_3mini_1set_1straight_prev,0,,1000,0.0,-1.0
6151,2023-02-21,F_5mini_random,0,,1000,0.0,-1.0
6152,2023-02-22,A_5mini_hot,0,,1000,0.0,-1.0
6152,2023-02-22,B_5mini_unseen,0,,1000,0.0,-1.0
6152,2023-02-22,C_4mini_1box_hot,0,,1000,0.0,-1.0
6152,2023-02-22,D_3mini_1box_1straight,0,,1000,0.0,-1.0
6152,2023-02-22,E_3mini_1set_1straight_prev,0,,1000,0.0,-1.0
6152,2023-02-22,F_5mini_random,0,,1000,0.0,-1.0
6153,2023-02-23,A_5mini_hot,0,,1000,0.0,-1.0
6153,2023-02-23,B_5mini_unseen,0,,1000,0.0,-1.0
6153,2023-02-23,C_4mini_1box_hot,0,,1000,0.0,-1.0
6153,2023-02-23,D_3mini_1box_1straight,0,,1000,0.0,-1.0
6153,2023-02-23,E_3mini_1set_1straight_prev,0,,1000,0.0,-1.0
6153,2023-02-23,F_5mini_random,0,,1000,0.0,-1.0
6154,2023-02-24,A_5mini_hot,0,,1000,0.0,-1.0
6154,2023-02-24,B_5mini_unseen,0,,1000,0.0,-1.0
6154,2023-02-24,C_4mini_1box_hot,0,,1000,0.0,-1.0
6154,2023-02-24,D_3mini_1box_1straight,0,,1000,0.0,-1.0
6154,2023-02-24,E_3mini_1set_1straight_prev,0,,1000,0.0,-1.0
6154,2023-02-24,F_5mini_random,0,,1000,0.0,-1.0
6155,2023-02-27,A_5mini_hot,0,,1000,0.0,-1.0
6155,2023-02-27,B_5mini_unseen,0,,1000,0.0,-1.0
6155,2023-02-27,C_4mini_1box_hot,0,,1000,0.0,-1.0
6155,2023-02-27,D_3mini_1box_1straight,0,,1000,0.0,-1.0
6155,2023-02-27,E_3mini_1set_1straight_prev,0,,1000,0.0,-1.0
6155,2023-02-27,F_5mini_random,0,,1000,0.0,-1.0
6156,2023-02-28,A_5mini_hot,0,,1000,0.0,-1.0
6156,2023-02-28,B_5mini_unseen,0,,1000,0.0,-1.0
6156,2023-02-28,C_4mini_1box_hot,0,,1000,0.0,-1.0
6156,2023-02-28,D_3mini_1box_1straight,0,,1000,0.0,-1.0
6156,2023-02-28,E_3mini_1set_1straight_prev,0,,1000,0.0,-1.0
6156,2023-02-28,F_5mini_random,0,,1000,0.0,-1.0
6157,2023-03-01,A_5mini_hot,0,,1000,0.0,-1.0
6157,2023-03-01,B_5mini_unseen,0,,1000,0.0,-1.0
6157,2023-03-01,C_4mini_1box_hot,0,,1000,0.0,-1.0
6157,2023-03-01,D_3mini_1box_1straight,0,,1000,0.0,-1.0
6157,2023-03-01,E_3mini_1set_1straight_prev,0,,1000,0.0,-1.0
6157,2023-03-01,F_5mini_random,0,,1000,0.0,-1.0
6158,2023-03-02,A_5mini_hot,0,,1000,0.0,-1.0
6158,2023-03-02,B_5mini_unseen,0,,1000,0.0,-1.0
6158,2023-03-02,C_4mini_1box_hot,0,,1000,0.0,-1.0
6158,2023-03-02,D_3mini_1box_1straight,0,,1000,0.0,-1.0
6158,2023-03-02,E_3mini_1set_1straight_prev,0,,1000,0.0,-1.0
6158,2023-03-02,F_5mini_random,0,,1000,0.0,-1.0
6159,2023-03-03,A_5mini_hot,1,mini,1000,9000.0,8.0
6159,2023-03-03,B_5mini_unseen,0,,1000,0.0,-1.0
6159,2023-03-03,C_4mini_1box_hot,1,box,1000,15000.0,14.0
6159,2023-03-03,D_3mini_1box_1straight,1,box,1000,15000.0,14.0
6159,2023-03-03,E_3mini_1set_1straight_prev,1,set_box,1000,7500.0,6.5
6159,2023-03-03,F_5mini_random,0,,1000,0.0,-1.0
6160,2023-03-06,A_5mini_hot,0,,1000,0.0,-1.0
6160,2023-03-06,B_5mini_unseen,0,,1000,0.0,-1.0
6160,2023-03-06,C_4mini_1box_hot,0,,1000,0.0,-1.0
6160,2023-03-06,D_3mini_1box_1straight,0,,1000,0.0,-1.0
6160,2023-03-06,E_3mini_1set_1straight_prev,0,,1000,0.0,-1.0
6160,2023-03-06,F_5mini_random,0,,1000,0.0,-1.0
6161,2023-03-07,A_5mini_hot,0,,1000,0.0,-1.0
6161,2023-03-07,B_5mini_unseen,0,,1000,0.0,-1.0
6161,2023-03-07,C_4mini_1box_hot,0,,1000,0.0,-1.0
6161,2023-03-07,D_3mini_1box_1straight,0,,1000,0.0,-1.0
6161,2023-03-07,E_3mini_1set_1straight_prev,0,,1000,0.0,-1.0
6161,2023-03-07,F_5mini_random,0,,1000,0.0,-1.0
6162,2023-03-08,A_5mini_hot,0,,1000,0.0,-1.0
6162,2023-03-08,B_5mini_unseen,0,,1000,0.0,-1.0
6162,2023-03-08,C_4mini_1box_hot,0,,1000,0.0,-1.0
6162,2023-03-08,D_3mini_1box_1straight,0,,1000,0.0,-1.0
6162,2023-03-08,E_3mini_1set_1straight_prev,0,,1000,0.0,-1.0
6162,2023-03-08,F_5mini_random,0,,1000,0.0,-1.0
6163,2023-03-09,A_5mini_hot,0,,1000,0.0,-1.0
6163,2023-03-09,B_5mini_unseen,0,,1000,0.0,-1.0
6163,2023-03-09,C_4mini_1box_hot,0,,1000,0.0,-1.0
6163,2023-03-09,D_3mini_1box_1straight,0,,1000,0.0,-1.0
6163,2023-03-09,E_3mini_1set_1straight_prev,0,,1000,0.0,-1.0
6163,2023-03-09,F_5mini_random,0,,1000,0.0,-1.0
6164,2023-03-10,A_5mini_hot,0,,1000,0.0,-1.0
6164,2023-03-10,B_5mini_unseen,0,,1000,0.0,-1.0
6164,2023-03-10,C_4mini_1box_hot,0,,1000,0.0,-1.0
6164,2023-03-10,D_3mini_1box_1straight,0,,1000,0.0,-1.0
6164,2023-03-10,E_3mini_1set_1straight_prev,0,,1000,0.0,-1.0
6164,2023-03-10,F_5mini_random,0,,1000,0.0,-1.0
6165,2023-03-13,A_5mini_hot,0,,1000,0.0,-1.0
6165,2023-03-13,B_5mini_unseen,0,,1000,0.0,-1.0
6165,2023-03-13,C_4mini_1box_hot,0,,1000,0.0,-1.0
6165,2023-03-13,D_3mini_1box_1straight,0,,1000,0.0,-1.0
6165,2023-03-13,E_3mini_1set_1straight_prev,0,,1000,0.0,-1.0
6165,2023-03-13,F_5mini_random,0,,1000,0.0,-1.0
6166,2023-03-14,A_5mini_hot,0,,1000,0.0,-1.0
6166,2023-03-14,B_5mini_unseen,0,,1000,0.0,-1.0
6166,2023-03-14,C_4mini_1box_hot,0,,1000,0.0,-1.0
6166,2023-03-14,D_3mini_1box_1straight,0,,1000,0.0,-1.0
6166,2023-03-14,E_3mini_1set_1straight_prev,0,,1000,0.0,-1.0
6166,2023-03-14,F_5mini_random,0,,1000,0.0,-1.0
6167,2023-03-15,A_5mini_hot,0,,1000,0.0,-1.0
6167,2023-03-15,B_5mini_unseen,0,,1000,0.0,-1.0
6167,2023-03-15,C_4mini_1box_hot,0,,1000,0.0,-1.0
6167,2023-03-15,D_3mini_1box_1straight,0,,1000,0.0,-1.0
6167,2023-03-15,E_3mini_1set_1straight_prev,0,,1000,0.0,-1.0
6167,2023-03-15,F_5mini_random,0,,1000,0.0,-1.0
6168,2023-03-16,A_5mini_hot,0,,1000,0.0,-1.0
6168,2023-03-16,B_5mini_unseen,0,,1000,0.0,-1.0
6168,2023-03-16,C_4mini_1box_hot,0,,1000,0.0,-1.0
6168,2023-03-16,D_3mini_1box_1straight,0,,1000,0.0,-1.0
6168,2023-03-16,E_3mini_1set_1straight_prev,0,,1000,0.0,-1.0
6168,2023-03-16,F_5mini_random,0,,1000,0.0,-1.0
6169,2023-03-17,A_5mini_hot,0,,1000,0.0,-1.0
6169,2023-03-17,B_5mini_unseen,0,,1000,0.0,-1.0
6169,2023-03-17,C_4mini_1box_hot,0,,1000,0.0,-1.0
6169,2023-03-17,D_3mini_1box_1straight,0,,1000,0.0,-1.0
6169,2023-03-17,E_3mini_1set_1straight_prev,0,,1000,0.0,-1.0
6169,2023-03-17,F_5mini_random,0,,1000,0.0,-1.0
6170,2023-03-20,A_5mini_hot,0,,1000,0.0,-1.0
6170,2023-03-20,B_5mini_unseen,0,,1000,0.0,-1.0
6170,2023-03-20,C_4mini_1box_hot,0,,1000,0.0,-1.0
6170,2023-03-20,D_3mini_1box_1straight,0,,1000,0.0,-1.0
6170,2023-03-20,E_3mini_1set_1straight_prev,0,,1000,0.0,-1.0
6170,2023-03-20,F_5mini_random,0,,1000,0.0,-1.0
6171,2023-03-21,A_5mini_hot,0,,1000,0.0,-1.0
6171,2023-03-21,B_5mini_unseen,0,,1000,0.0,-1.0
6171,2023-03-21,C_4mini_1box_hot,0,,1000,0.0,-1.0
6171,2023-03-21,D_3mini_1box_1straight,0,,1000,0.0,-1.0
6171,2023-03-21,E_3mini_1set_1straight_prev,0,,1000,0.0,-1.0
6171,2023-03-21,F_5mini_random,0,,1000,0.0,-1.0
6172,2023-03-22,A_5mini_hot,0,,1000,0.0,-1.0
6172,2023-03-22,B_5mini_unseen,0,,1000,0.0,-1.0
6172,2023-03-22,C_4mini_1box_hot,0,,1000,0.0,-1.0
6172,2023-03-22,D_3mini_1box_1straight,0,,1000,0.0,-1.0
6172,2023-03-22,E_3mini_1set_1straight_prev,0,,1000,0.0,-1.0
6172,2023-03-22,F_5mini_random,0,,1000,0.0,-1.0
6173,2023-03-23,A_5mini_hot,0,,1000,0.0,-1.0
6173,2023-03-23,B_5mini_unseen,0,,1000,0.0,-1.0
6173,2023-03-23,C_4mini_1box_hot,0,,1000,0.0,-1.0
6173,2023-03-23,D_3mini_1box_1straight,0,,1000,0.0,-1.0
6173,2023-03-23,E_3mini_1set_1straight_prev,0,,1000,0.0,-1.0
6173,2023-03-23,F_5mini_random,0,,1000,0.0,-1.0
6174,2023-03-24,A_5mini_hot,0,,1000,0.0,-1.0
6174,2023-03-24,B_5mini_unseen,0,,1000,0.0,-1.0
6174,2023-03-24,C_4mini_1box_hot,0,,1000,0.0,-1.0
6174,2023-03-24,D_3mini_1box_1straight,0,,1000,0.0,-1.0
6174,2023-03-24,E_3mini_1set_1straight_prev,0,,1000,0.0,-1.0
6174,2023-03-24,F_5mini_random,0,,1000,0.0,-1.0
6175,2023-03-27,A_5mini_hot,0,,1000,0.0,-1.0
6175,2023-03-27,B_5mini_unseen,0,,1000,0.0,-1.0
6175,2023-03-27,C_4mini_1box_hot,0,,1000,0.0,-1.0
6175,2023-03-27,D_3mini_1box_1straight,0,,1000,0.0,-1.0
6175,2023-03-27,E_3mini_1set_1straight_prev,0,,1000,0.0,-1.0
6175,2023-03-27,F_5mini_random,0,,1000,0.0,-1.0
6176,2023-03-28,A_5mini_hot,1,mini,1000,9000.0,8.0
6176,2023-03-28,B_5mini_unseen,0,,1000,0.0,-1.0
6176,2023-03-28,C_4mini_1box_hot,1,mini,1000,9000.0,8.0
6176,2023-03-28,D_3mini_1box_1straight,1,mini,1000,9000.0,8.0
6176,2023-03-28,E_3mini_1set_1straight_prev,0,,1000,0.0,-1.0
6176,2023-03-28,F_5mini_random,0,,1000,0.0,-1.0
6177,2023-03-29,A_5mini_hot,0,,1000,0.0,-1.0
6177,2023-03-29,B_5mini_unseen,0,,1000,0.0,-1.0
6177,2023-03-29,C_4mini_1box_hot,0,,1000,0.0,-1.0
6177,2023-03-29,D_3mini_1box_1straight,0,,1000,0.0,-1.0
6177,2023-03-29,E_3mini_1set_1straight_prev,0,,1000,0.0,-1.0
6177,2023-03-29,F_5mini_random,0,,1000,0.0,-1.0
6178,2023-03-30,A_5mini_hot,0,,1000,0.0,-1.0
6178,2023-03-30,B_5mini_unseen,0,,1000,0.0,-1.0
6178,2023-03-30,C_4mini_1box_hot,0,,1000,0.0,-1.0
6178,2023-03-30,D_3mini_1box_1straight,0,,1000,0.0,-1.0
6178,2023-03-30,E_3mini_1set_1straight_prev,0,,1000,0.0,-1.0
6178,2023-03-30,F_5mini_random,0,,1000,0.0,-1.0
6179,2023-03-31,A_5mini_hot,0,,1000,0.0,-1.0
6179,2023-03-31,B_5mini_unseen,0,,1000,0.0,-1.0
6179,2023-03-31,C_4mini_1box_hot,0,,1000,0.0,-1.0
6179,2023-03-31,D_3mini_1box_1straight,0,,1000,0.0,-1.0
6179,2023-03-31,E_3mini_1set_1straight_prev,0,,1000,0.0,-1.0
6179,2023-03-31,F_5mini_random,0,,1000,0.0,-1.0
6180,2023-04-03,A_5mini_hot,1,mini,1000,9000.0,8.0
6180,2023-04-03,B_5mini_unseen,0,,1000,0.0,-1.0
6180,2023-04-03,C_4mini_1box_hot,1,mini,1000,9000.0,8.0
6180,2023-04-03,D_3mini_1box_1straight,1,mini,1000,9000.0,8.0
6180,2023-04-03,E_3mini_1set_1straight_prev,0,,1000,0.0,-1.0
6180,2023-04-03,F_5mini_random,0,,1000,0.0,-1.0
6181,2023-04-04,A_5mini_hot,0,,1000,0.0,-1.0
6181,2023-04-04,B_5mini_unseen,0,,1000,0.0,-1.0
6181,2023-04-04,C_4mini_1box_hot,0,,1000,0.0,-1.0
6181,2023-04-04,D_3mini_1box_1straight,0,,1000,0.0,-1.0
6181,2023-04-04,E_3mini_1set_1straight_prev,0,,1000,0.0,-1.0
6181,2023-04-04,F_5mini_random,0,,1000,0.0,-1.0
6182,2023-04-05,A_5mini_hot,0,,1000,0.0,-1.0
6182,2023-04-05,B_5mini_unseen,0,,1000,0.0,-1.0
6182,2023-04-05,C_4mini_1box_hot,0,,1000,0.0,-1.0
6182,2023-04-05,D_3mini_1box_1straight,0,,1000,0.0,-1.0
6182,2023-04-05,E_3mini_1set_1straight_prev,0,,1000,0.0,-1.0
6182,2023-04-05,F_5mini_random,0,,1000,0.0,-1.0
6183,2023-04-06,A_5mini_hot,0,,1000,0.0,-1.0
6183,2023-04-06,B_5mini_unseen,0,,1000,0.0,-1.0
6183,2023-04-06,C_4mini_1box_hot,0,,1000,0.0,-1.0
6183,2023-04-06,D_3mini_1box_1straight,0,,1000,0.0,-1.0
6183,2023-04-06,E_3mini_1set_1straight_prev,0,,1000,0.0,-1.0
6183,2023-04-06,F_5mini_random,0,,1000,0.0,-1.0
6184,2023-04-07,A_5mini_hot,0,,1000,0.0,-1.0
6184,2023-04-07,B_5mini_unseen,0,,1000,0.0,-1.0
6184,2023-04-07,C_4mini_1box_hot,0,,1000,0.0,-1.0
6184,2023-04-07,D_3mini_1box_1straight,0,,1000,0.0,-1.0
6184,2023-04-07,E_3mini_1set_1straight_prev,0,,1000,0.0,-1.0
6184,2023-04-07,F_5mini_random,1,mini,1000,9000.0,8.0
6185,2023-04-10,A_5mini_hot,0,,1000,0.0,-1.0
6185,2023-04-10,B_5mini_unseen,0,,1000,0.0,-1.0
6185,2023-04-10,C_4mini_1box_hot,0,,1000,0.0,-1.0
6185,2023-04-10,D_3mini_1box_1straight,0,,1000,0.0,-1.0
6185,2023-04-10,E_3mini_1set_1straight_prev,0,,1000,0.0,-1.0
6185,2023-04-10,F_5mini_random,0,,1000,0.0,-1.0
6186,2023-04-11,A_5mini_hot,0,,1000,0.0,-1.0
6186,2023-04-11,B_5mini_unseen,0,,1000,0.0,-1.0
6186,2023-04-11,C_4mini_1box_hot,0,,1000,0.0,-1.0
6186,2023-04-11,D_3mini_1box_1straight,0,,1000,0.0,-1.0
6186,2023-04-11,E_3mini_1set_1straight_prev,0,,1000,0.0,-1.0
6186,2023-04-11,F_5mini_random,0,,1000,0.0,-1.0
6187,2023-04-12,A_5mini_hot,0,,1000,0.0,-1.0
6187,2023-04-12,B_5mini_unseen,0,,1000,0.0,-1.0
6187,2023-04-12,C_4mini_1box_hot,0,,1000,0.0,-1.0
6187,2023-04-12,D_3mini_1box_1straight,0,,1000,0.0,-1.0
6187,2023-04-12,E_3mini_1set_1straight_prev,0,,1000,0.0,-1.0
6187,2023-04-12,F_5mini_random,0,,1000,0.0,-1.0
6188,2023-04-13,A_5mini_hot,0,,1000,0.0,-1.0
6188,2023-04-13,B_5mini_unseen,1,mini,1000,9000.0,8.0
6188,2023-04-13,C_4mini_1box_hot,0,,1000,0.0,-1.0
6188,2023-04-13,D_3mini_1box_1straight,0,,1000,0.0,-1.0
6188,2023-04-13,E_3mini_1set_1straight_prev,1,mini,1000,9000.0,8.0
6188,2023-04-13,F_5mini_random,0,,1000,0.0,-1.0
6189,2023-04-14,A_5mini_hot,0,,1000,0.0,-1.0
6189,2023-04-14,B_5mini_unseen,0,,1000,0.0,-1.0
6189,2023-04-14,C_4mini_1box_hot,0,,1000,0.0,-1.0
6189,2023-04-14,D_3mini_1box_1straight,0,,1000,0.0,-1.0
6189,2023-04-14,E_3mini_1set_1straight_prev,0,,1000,0.0,-1.0
6189,2023-04-14,F_5mini_random,0,,1000,0.0,-1.0
6190,2023-04-17,A_5mini_hot,0,,1000,0.0,-1.0
6190,2023-04-17,B_5mini_unseen,0,,1000,0.0,-1.0
6190,2023-04-17,C_4mini_1box_hot,0,,1000,0.0,-1.0
6190,2023-04-17,D_3mini_1box_1straight,0,,1000,0.0,-1.0
6190,2023-04-17,E_3mini_1set_1straight_prev,0,,1000,0.0,-1.0
6190,2023-04-17,F_5mini_random,1,mini,1000,9000.0,8.0
6191,2023-04-18,A_5mini_hot,0,,1000,0.0,-1.0
6191,2023-04-18,B_5mini_unseen,0,,1000,0.0,-1.0
6191,2023-04-18,C_4mini_1box_hot,0,,1000,0.0,-1.0
6191,2023-04-18,D_3mini_1box_1straight,0,,1000,0.0,-1.0
6191,2023-04-18,E_3mini_1set_1straight_prev,0,,1000,0.0,-1.0
6191,2023-04-18,F_5mini_random,0,,1000,0.0,-1.0
6192,2023-04-19,A_5mini_hot,0,,1000,0.0,-1.0
6192,2023-04-19,B_5mini_unseen,0,,1000,0.0,-1.0
6192,2023-04-19,C_4mini_1box_hot,0,,1000,0.0,-1.0
6192,2023-04-19,D_3mini_1box_1straight,0,,1000,0.0,-1.0
6192,2023-04-19,E_3mini_1set_1straight_prev,0,,1000,0.0,-1.0
6192,2023-04-19,F_5mini_random,0,,1000,0.0,-1.0
6193,2023-04-20,A_5mini_hot,0,,1000,0.0,-1.0
6193,2023-04-20,B_5mini_unseen,0,,1000,0.0,-1.0
6193,2023-04-20,C_4mini_1box_hot,0,,1000,0.0,-1.0
6193,2023-04-20,D_3mini_1box_1straight,0,,1000,0.0,-1.0
6193,2023-04-20,E_3mini_1set_1straight_prev,0,,1000,0.0,-1.0
6193,2023-04-20,F_5mini_random,0,,1000,0.0,-1.0
6194,2023-04-21,A_5mini_hot,0,,1000,0.0,-1.0
6194,2023-04-21,B_5mini_unseen,0,,1000,0.0,-1.0
6194,2023-04-21,C_4mini_1box_hot,0,,1000,0.0,-1.0
6194,2023-04-21,D_3mini_1box_1straight,0,,1000,0.0,-1.0
6194,2023-04-21,E_3mini_1set_1straight_prev,0,,1000,0.0,-1.0
6194,2023-04-21,F_5mini_random,0,,1000,0.0,-1.0
6195,2023-04-24,A_5mini_hot,0,,1000,0.0,-1.0
6195,2023-04-24,B_5mini_unseen,0,,1000,0.0,-1.0
6195,2023-04-24,C_4mini_1box_hot,0,,1000,0.0,-1.0
6195,2023-04-24,D_3mini_1box_1straight,0,,1000,0.0,-1.0
6195,2023-04-24,E_3mini_1set_1straight_prev,0,,1000,0.0,-1.0
6195,2023-04-24,F_5mini_random,0,,1000,0.0,-1.0
6196,2023-04-25,A_5mini_hot,0,,1000,0.0,-1.0
6196,2023-04-25,B_5mini_unseen,0,,1000,0.0,-1.0
6196,2023-04-25,C_4mini_1box_hot,0,,1000,0.0,-1.0
6196,2023-04-25,D_3mini_1box_1straight,0,,1000,0.0,-1.0
6196,2023-04-25,E_3mini_1set_1straight_prev,0,,1000,0.0,-1.0
6196,2023-04-25,F_5mini_random,0,,1000,0.0,-1.0
6197,2023-04-26,A_5mini_hot,0,,1000,0.0,-1.0
6197,2023-04-26,B_5mini_unseen,0,,1000,0.0,-1.0
6197,2023-04-26,C_4mini_1box_hot,0,,1000,0.0,-1.0
6197,2023-04-26,D_3mini_1box_1straight,0,,1000,0.0,-1.0
6197,2023-04-26,E_3mini_1set_1straight_prev,0,,1000,0.0,-1.0
6197,2023-04-26,F_5mini_random,0,,1000,0.0,-1.0
6198,2023-04-27,A_5mini_hot,0,,1000,0.0,-1.0
6198,2023-04-27,B_5mini_unseen,0,,1000,0.0,-1.0
6198,2023-04-27,C_4mini_1box_hot,0,,1000,0.0,-1.0
6198,2023-04-27,D_3mini_1box_1straight,0,,1000,0.0,-1.0
6198,2023-04-27,E_3mini_1set_1straight_prev,0,,1000,0.0,-1.0
6198,2023-04-27,F_5mini_random,0,,1000,0.0,-1.0
6199,2023-04-28,A_5mini_hot,0,,1000,0.0,-1.0
6199,2023-04-28,B_5mini_unseen,0,,1000,0.0,-1.0
6199,2023-04-28,C_4mini_1box_hot,0,,1000,0.0,-1.0
6199,2023-04-28,D_3mini_1box_1straight,0,,1000,0.0,-1.0
6199,2023-04-28,E_3mini_1set_1straight_prev,0,,1000,0.0,-1.0
6199,2023-04-28,F_5mini_random,0,,1000,0.0,-1.0
6200,2023-05-01,A_5mini_hot,0,,1000,0.0,-1.0
6200,2023-05-01,B_5mini_unseen,0,,1000,0.0,-1.0
6200,2023-05-01,C_4mini_1box_hot,0,,1000,0.0,-1.0
6200,2023-05-01,D_3mini_1box_1straight,0,,1000,0.0,-1.0
6200,2023-05-01,E_3mini_1set_1straight_prev,0,,1000,0.0,-1.0
6200,2023-05-01,F_5mini_random,0,,1000,0.0,-1.0
6201,2023-05-02,A_5mini_hot,0,,1000,0.0,-1.0
6201,2023-05-02,B_5mini_unseen,0,,1000,0.0,-1.0
6201,2023-05-02,C_4mini_1box_hot,0,,1000,0.0,-1.0
6201,2023-05-02,D_3mini_1box_1straight,0,,1000,0.0,-1.0
6201,2023-05-02,E_3mini_1set_1straight_prev,0,,1000,0.0,-1.0
6201,2023-05-02,F_5mini_random,0,,1000,0.0,-1.0
6202,2023-05-03,A_5mini_hot,0,,1000,0.0,-1.0
6202,2023-05-03,B_5mini_unseen,0,,1000,0.0,-1.0
6202,2023-05-03,C_4mini_1box_hot,0,,1000,0.0,-1.0
6202,2023-05-03,D_3mini_1box_1straight,0,,1000,0.0,-1.0
6202,2023-05-03,E_3mini_1set_1straight_prev,0,,1000,0.0,-1.0
6202,2023-05-03,F_5mini_random,0,,1000,0.0,-1.0
6203,2023-05-04,A_5mini_hot,0,,1000,0.0,-1.0
6203,2023-05-04,B_5mini_unseen,0,,1000,0.0,-1.0
6203,2023-05-04,C_4mini_1box_hot,0,,1000,0.0,-1.0
6203,2023-05-04,D_3mini_1box_1straight,0,,1000,0.0,-1.0
6203,2023-05-04,E_3mini_1set_1straight_prev,0,,1000,0.0,-1.0
6203,2023-05-04,F_5mini_random,0,,1000,0.0,-1.0
6204,2023-05-05,A_5mini_hot,0,,1000,0.0,-1.0
6204,2023-05-05,B_5mini_unseen,0,,1000,0.0,-1.0
6204,2023-05-05,C_4mini_1box_hot,0,,1000,0.0,-1.0
6204,2023-05-05,D_3mini_1box_1straight,0,,1000,0.0,-1.0
6204,2023-05-05,E_3mini_1set_1straight_prev,0,,1000,0.0,-1.0
6204,2023-05-05,F_5mini_random,0,,1000,0.0,-1.0
6205,2023-05-08,A_5mini_hot,0,,1000,0.0,-1.0
6205,2023-05-08,B_5mini_unseen,0,,1000,0.0,-1.0
6205,2023-05-08,C_4mini_1box_hot,0,,1000,0.0,-1.0
6205,2023-05-08,D_3mini_1box_1straight,0,,1000,0.0,-1.0
6205,2023-05-08,E_3mini_1set_1straight_prev,0,,1000,0.0,-1.0
6205,2023-05-08,F_5mini_random,0,,1000,0.0,-1.0
6206,2023-05-09,A_5mini_hot,1,mini,1000,9000.0,8.0
6206,2023-05-09,B_5mini_unseen,0,,1000,0.0,-1.0
6206,2023-05-09,C_4mini_1box_hot,1,mini,1000,9000.0,8.0
6206,2023-05-09,D_3mini_1box_1straight,0,,1000,0.0,-1.0
6206,2023-05-09,E_3mini_1set_1straight_prev,0,,1000,0.0,-1.0
6206,2023-05-09,F_5mini_random,0,,1000,0.0,-1.0
6207,2023-05-10,A_5mini_hot,0,,1000,0.0,-1.0
6207,2023-05-10,B_5mini_unseen,0,,1000,0.0,-1.0
6207,2023-05-10,C_4mini_1box_hot,0,,1000,0.0,-1.0
6207,2023-05-10,D_3mini_1box_1straight,0,,1000,0.0,-1.0
6207,2023-05-10,E_3mini_1set_1straight_prev,0,,1000,0.0,-1.0
6207,2023-05-10,F_5mini_random,0,,1000,0.0,-1.0
6208,2023-05-11,A_5mini_hot,0,,1000,0.0,-1.0
6208,2023-05-11,B_5mini_unseen,0,,1000,0.0,-1.0
6208,2023-05-11,C_4mini_1box_hot,0,,1000,0.0,-1.0
6208,2023-05-11,D_3mini_1box_1straight,0,,1000,0.0,-1.0
6208,2023-05-11,E_3mini_1set_1straight_prev,0,,1000,0.0,-1.0
6208,2023-05-11,F_5mini_random,0,,1000,0.0,-1.0
6209,2023-05-12,A_5mini_hot,0,,1000,0.0,-1.0
6209,2023-05-12,B_5mini_unseen,0,,1000,0.0,-1.0
6209,2023-05-12,C_4mini_1box_hot,0,,1000,0.0,-1.0
6209,2023-05-12,D_3mini_1box_1straight,0,,1000,0.0,-1.0
6209,2023-05-12,E_3mini_1set_1straight_prev,0,,1000,0.0,-1.0
6209,2023-05-12,F_5mini_random,0,,1000,0.0,-1.0
6210,2023-05-15,A_5mini_hot,0,,1000,0.0,-1.0
6210,2023-05-15,B_5mini_unseen,0,,1000,0.0,-1.0
6210,2023-05-15,C_4mini_1box_hot,0,,1000,0.0,-1.0
6210,2023-05-15,D_3mini_1box_1straight,0,,1000,0.0,-1.0
6210,2023-05-15,E_3mini_1set_1straight_prev,0,,1000,0.0,-1.0
6210,2023-05-15,F_5mini_random,0,,1000,0.0,-1.0
6211,2023-05-16,A_5mini_hot,0,,1000,0.0,-1.0
6211,2023-05-16,B_5mini_unseen,0,,1000,0.0,-1.0
6211,2023-05-16,C_4mini_1box_hot,0,,1000,0.0,-1.0
6211,2023-05-16,D_3mini_1box_1straight,0,,1000,0.0,-1.0
6211,2023-05-16,E_3mini_1set_1straight_prev,0,,1000,0.0,-1.0
6211,2023-05-16,F_5mini_random,0,,1000,0.0,-1.0
6212,2023-05-17,A_5mini_hot,0,,1000,0.0,-1.0
6212,2023-05-17,B_5mini_unseen,0,,1000,0.0,-1.0
6212,2023-05-17,C_4mini_1box_hot,0,,1000,0.0,-1.0
6212,2023-05-17,D_3mini_1box_1straight,0,,1000,0.0,-1.0
6212,2023-05-17,E_3mini_1set_1straight_prev,0,,1000,0.0,-1.0
6212,2023-05-17,F_5mini_random,0,,1000,0.0,-1.0
6213,2023-05-18,A_5mini_hot,0,,1000,0.0,-1.0
6213,2023-05-18,B_5mini_unseen,0,,1000,0.0,-1.0
6213,2023-05-18,C_4mini_1box_hot,0,,1000,0.0,-1.0
6213,2023-05-18,D_3mini_1box_1straight,0,,1000,0.0,-1.0
6213,2023-05-18,E_3mini_1set_1straight_prev,0,,1000,0.0,-1.0
6213,2023-05-18,F_5mini_random,0,,1000,0.0,-1.0
6214,2023-05-19,A_5mini_hot,0,,1000,0.0,-1.0
6214,2023-05-19,B_5mini_unseen,0,,1000,0.0,-1.0
6214,2023-05-19,C_4mini_1box_hot,0,,1000,0.0,-1.0
6214,2023-05-19,D_3mini_1box_1straight,0,,1000,0.0,-1.0
6214,2023-05-19,E_3mini_1set_1straight_prev,0,,1000,0.0,-1.0
6214,2023-05-19,F_5mini_random,0,,1000,0.0,-1.0
6215,2023-05-22,A_5mini_hot,0,,1000,0.0,-1.0
6215,2023-05-22,B_5mini_unseen,0,,1000,0.0,-1.0
6215,2023-05-22,C_4mini_1box_hot,0,,1000,0.0,-1.0
6215,2023-05-22,D_3mini_1box_1straight,0,,1000,0.0,-1.0
6215,2023-05-22,E_3mini_1set_1straight_prev,0,,1000,0.0,-1.0
6215,2023-05-22,F_5mini_random,0,,1000,0.0,-1.0
6216,2023-05-23,A_5mini_hot,0,,1000,0.0,-1.0
6216,2023-05-23,B_5mini_unseen,0,,1000,0.0,-1.0
6216,2023-05-23,C_4mini_1box_hot,0,,1000,0.0,-1.0
6216,2023-05-23,D_3mini_1box_1straight,0,,1000,0.0,-1.0
6216,2023-05-23,E_3mini_1set_1straight_prev,0,,1000,0.0,-1.0
6216,2023-05-23,F_5mini_random,0,,1000,0.0,-1.0
6217,2023-05-24,A_5mini_hot,0,,1000,0.0,-1.0
6217,2023-05-24,B_5mini_unseen,0,,1000,0.0,-1.0
6217,2023-05-24,C_4mini_1box_hot,0,,1000,0.0,-1.0
6217,2023-05-24,D_3mini_1box_1straight,0,,1000,0.0,-1.0
6217,2023-05-24,E_3mini_1set_1straight_prev,0,,1000,0.0,-1.0
6217,2023-05-24,F_5mini_random,1,mini,1000,9000.0,8.0
6218,2023-05-25,A_5mini_hot,0,,1000,0.0,-1.0
6218,2023-05-25,B_5mini_unseen,0,,1000,0.0,-1.0
6218,2023-05-25,C_4mini_1box_hot,0,,1000,0.0,-1.0
6218,2023-05-25,D_3mini_1box_1straight,0,,1000,0.0,-1.0
6218,2023-05-25,E_3mini_1set_1straight_prev,0,,1000,0.0,-1.0
6218,2023-05-25,F_5mini_random,0,,1000,0.0,-1.0
6219,2023-05-26,A_5mini_hot,0,,1000,0.0,-1.0
6219,2023-05-26,B_5mini_unseen,0,,1000,0.0,-1.0
6219,2023-05-26,C_4mini_1box_hot,0,,1000,0.0,-1.0
6219,2023-05-26,D_3mini_1box_1straight,0,,1000,0.0,-1.0
6219,2023-05-26,E_3mini_1set_1straight_prev,0,,1000,0.0,-1.0
6219,2023-05-26,F_5mini_random,0,,1000,0.0,-1.0
6220,2023-05-29,A_5mini_hot,0,,1000,0.0,-1.0
6220,2023-05-29,B_5mini_unseen,0,,1000,0.0,-1.0
6220,2023-05-29,C_4mini_1box_hot,0,,1000,0.0,-1.0
6220,2023-05-29,D_3mini_1box_1straight,0,,1000,0.0,-1.0
6220,2023-05-29,E_3mini_1set_1straight_prev,0,,1000,0.0,-1.0
6220,2023-05-29,F_5mini_random,0,,1000,0.0,-1.0
6221,2023-05-30,A_5mini_hot,0,,1000,0.0,-1.0
6221,2023-05-30,B_5mini_unseen,0,,1000,0.0,-1.0
6221,2023-05-30,C_4mini_1box_hot,0,,1000,0.0,-1.0
6221,2023-05-30,D_3mini_1box_1straight,0,,1000,0.0,-1.0
6221,2023-05-30,E_3mini_1set_1straight_prev,0,,1000,0.0,-1.0
6221,2023-05-30,F_5mini_random,0,,1000,0.0,-1.0
6222,2023-05-31,A_5mini_hot,0,,1000,0.0,-1.0
6222,2023-05-31,B_5mini_unseen,0,,1000,0.0,-1.0
6222,2023-05-31,C_4mini_1box_hot,0,,1000,0.0,-1.0
6222,2023-05-31,D_3mini_1box_1straight,0,,1000,0.0,-1.0
6222,2023-05-31,E_3mini_1set_1straight_prev,0,,1000,0.0,-1.0
6222,2023-05-31,F_5mini_random,0,,1000,0.0,-1.0
6223,2023-06-01,A_5mini_hot,0,,1000,0.0,-1.0
6223,2023-06-01,B_5mini_unseen,0,,1000,0.0,-1.0
6223,2023-06-01,C_4mini_1box_hot,0,,1000,0.0,-1.0
6223,2023-06-01,D_3mini_1box_1straight,0,,1000,0.0,-1.0
6223,2023-06-01,E_3mini_1set_1straight_prev,0,,1000,0.0,-1.0
6223,2023-06-01,F_5mini_random,0,,1000,0.0,-1.0
6224,2023-06-02,A_5mini_hot,0,,1000,0.0,-1.0
6224,2023-06-02,B_5mini_unseen,0,,1000,0.0,-1.0
6224,2023-06-02,C_4mini_1box_hot,0,,1000,0.0,-1.0
6224,2023-06-02,D_3mini_1box_1straight,0,,1000,0.0,-1.0
6224,2023-06-02,E_3mini_1set_1straight_prev,0,,1000,0.0,-1.0
6224,2023-06-02,F_5mini_random,0,,1000,0.0,-1.0
6225,2023-06-05,A_5mini_hot,0,,1000,0.0,-1.0
6225,2023-06-05,B_5mini_unseen,0,,1000,0.0,-1.0
6225,2023-06-05,C_4mini_1box_hot,0,,1000,0.0,-1.0
6225,2023-06-05,D_3mini_1box_1straight,0,,1000,0.0,-1.0
6225,2023-06-05,E_3mini_1set_1straight_prev,0,,1000,0.0,-1.0
6225,2023-06-05,F_5mini_random,0,,1000,0.0,-1.0
6226,2023-06-06,A_5mini_hot,0,,1000,0.0,-1.0
6226,2023-06-06,B_5mini_unseen,0,,1000,0.0,-1.0
6226,2023-06-06,C_4mini_1box_hot,0,,1000,0.0,-1.0
6226,2023-06-06,D_3mini_1box_1straight,0,,1000,0.0,-1.0
6226,2023-06-06,E_3mini_1set_1straight_prev,0,,1000,0.0,-1.0
6226,2023-06-06,F_5mini_random,0,,1000,0.0,-1.0
6227,2023-06-07,A_5mini_hot,0,,1000,0.0,-1.0
6227,2023-06-07,B_5mini_unseen,0,,1000,0.0,-1.0
6227,2023-06-07,C_4mini_1box_hot,0,,1000,0.0,-1.0
6227,2023-06-07,D_3mini_1box_1straight,0,,1000,0.0,-1.0
6227,2023-06-07,E_3mini_1set_1straight_prev,0,,1000,0.0,-1.0
6227,2023-06-07,F_5mini_random,0,,1000,0.0,-1.0
6228,2023-06-08,A_5mini_hot,0,,1000,0.0,-1.0
6228,2023-06-08,B_5mini_unseen,0,,1000,0.0,-1.0
6228,2023-06-08,C_4mini_1box_hot,0,,1000,0.0,-1.0
6228,2023-06-08,D_3mini_1box_1straight,0,,1000,0.0,-1.0
6228,2023-06-08,E_3mini_1set_1straight_prev,0,,1000,0.0,-1.0
6228,2023-06-08,F_5mini_random,0,,1000,0.0,-1.0
6229,2023-06-09,A_5mini_hot,0,,1000,0.0,-1.0
6229,2023-06-09,B_5mini_unseen,0,,1000,0.0,-1.0
6229,2023-06-09,C_4mini_1box_hot,0,,1000,0.0,-1.0
6229,2023-06-09,D_3mini_1box_1straight,0,,1000,0.0,-1.0
6229,2023-06-09,E_3mini_1set_1straight_prev,0,,1000,0.0,-1.0
6229,2023-06-09,F_5mini_random,0,,1000,0.0,-1.0
6230,2023-06-12,A_5mini_hot,1,mini,1000,9000.0,8.0
6230,2023-06-12,B_5mini_unseen,0,,1000,0.0,-1.0
6230,2023-06-12,C_4mini_1box_hot,0,,1000,0.0,-1.0
6230,2023-06-12,D_3mini_1box_1straight,0,,1000,0.0,-1.0
6230,2023-06-12,E_3mini_1set_1straight_prev,0,,1000,0.0,-1.0
6230,2023-06-12,F_5mini_random,0,,1000,0.0,-1.0
6231,2023-06-13,A_5mini_hot,0,,1000,0.0,-1.0
6231,2023-06-13,B_5mini_unseen,0,,1000,0.0,-1.0
6231,2023-06-13,C_4mini_1box_hot,0,,1000,0.0,-1.0
6231,2023-06-13,D_3mini_1box_1straight,0,,1000,0.0,-1.0
6231,2023-06-13,E_3mini_1set_1straight_prev,0,,1000,0.0,-1.0
6231,2023-06-13,F_5mini_random,0,,1000,0.0,-1.0
6232,2023-06-14,A_5mini_hot,0,,1000,0.0,-1.0
6232,2023-06-14,B_5mini_unseen,0,,1000,0.0,-1.0
6232,2023-06-14,C_4mini_1box_hot,0,,1000,0.0,-1.0
6232,2023-06-14,D_3mini_1box_1straight,0,,1000,0.0,-1.0
6232,2023-06-14,E_3mini_1set_1straight_prev,0,,1000,0.0,-1.0
6232,2023-06-14,F_5mini_random,0,,1000,0.0,-1.0
6233,2023-06-15,A_5mini_hot,0,,1000,0.0,-1.0
6233,2023-06-15,B_5mini_unseen,0,,1000,0.0,-1.0
6233,2023-06-15,C_4mini_1box_hot,0,,1000,0.0,-1.0
6233,2023-06-15,D_3mini_1box_1straight,0,,1000,0.0,-1.0
6233,2023-06-15,E_3mini_1set_1straight_prev,0,,1000,0.0,-1.0
6233,2023-06-15,F_5mini_random,0,,1000,0.0,-1.0
6234,2023-06-16,A_5mini_hot,0,,1000,0.0,-1.0
6234,2023-06-16,B_5mini_unseen,0,,1000,0.0,-1.0
6234,2023-06-16,C_4mini_1box_hot,0,,1000,0.0,-1.0
6234,2023-06-16,D_3mini_1box_1straight,0,,1000,0.0,-1.0
6234,2023-06-16,E_3mini_1set_1straight_prev,0,,1000,0.0,-1.0
6234,2023-06-16,F_5mini_random,0,,1000,0.0,-1.0
6235,2023-06-19,A_5mini_hot,0,,1000,0.0,-1.0
6235,2023-06-19,B_5mini_unseen,0,,1000,0.0,-1.0
6235,2023-06-19,C_4mini_1box_hot,0,,1000,0.0,-1.0
6235,2023-06-19,D_3mini_1box_1straight,0,,1000,0.0,-1.0
6235,2023-06-19,E_3mini_1set_1straight_prev,0,,1000,0.0,-1.0
6235,2023-06-19,F_5mini_random,0,,1000,0.0,-1.0
6236,2023-06-20,A_5mini_hot,0,,1000,0.0,-1.0
6236,2023-06-20,B_5mini_unseen,0,,1000,0.0,-1.0
6236,2023-06-20,C_4mini_1box_hot,0,,1000,0.0,-1.0
6236,2023-06-20,D_3mini_1box_1straight,0,,1000,0.0,-1.0
6236,2023-06-20,E_3mini_1set_1straight_prev,0,,1000,0.0,-1.0
6236,2023-06-20,F_5mini_random,0,,1000,0.0,-1.0
6237,2023-06-21,A_5mini_hot,0,,1000,0.0,-1.0
6237,2023-06-21,B_5mini_unseen,0,,1000,0.0,-1.0
6237,2023-06-21,C_4mini_1box_hot,0,,1000,0.0,-1.0
6237,2023-06-21,D_3mini_1box_1straight,0,,1000,0.0,-1.0
6237,2023-06-21,E_3mini_1set_1straight_prev,0,,1000,0.0,-1.0
6237,2023-06-21,F_5mini_random,0,,1000,0.0,-1.0
6238,2023-06-22,A_5mini_hot,0,,1000,0.0,-1.0
6238,2023-06-22,B_5mini_unseen,0,,1000,0.0,-1.0
6238,2023-06-22,C_4mini_1box_hot,0,,1000,0.0,-1.0
6238,2023-06-22,D_3mini_1box_1straight,0,,1000,0.0,-1.0
6238,2023-06-22,E_3mini_1set_1straight_prev,0,,1000,0.0,-1.0
6238,2023-06-22,F_5mini_random,1,mini,1000,9000.0,8.0
6239,2023-06-23,A_5mini_hot,0,,1000,0.0,-1.0
6239,2023-06-23,B_5mini_unseen,0,,1000,0.0,-1.0
6239,2023-06-23,C_4mini_1box_hot,0,,1000,0.0,-1.0
6239,2023-06-23,D_3mini_1box_1straight,0,,1000,0.0,-1.0
6239,2023-06-23,E_3mini_1set_1straight_prev,0,,1000,0.0,-1.0
6239,2023-06-23,F_5mini_random,0,,1000,0.0,-1.0
6240,2023-06-26,A_5mini_hot,0,,1000,0.0,-1.0
6240,2023-06-26,B_5mini_unseen,1,mini,1000,9000.0,8.0
6240,2023-06-26,C_4mini_1box_hot,0,,1000,0.0,-1.0
6240,2023-06-26,D_3mini_1box_1straight,0,,1000,0.0,-1.0
6240,2023-06-26,E_3mini_1set_1straight_prev,0,,1000,0.0,-1.0
6240,2023-06-26,F_5mini_random,0,,1000,0.0,-1.0
6241,2023-06-27,A_5mini_hot,0,,1000,0.0,-1.0
6241,2023-06-27,B_5mini_unseen,1,mini,1000,9000.0,8.0
6241,2023-06-27,C_4mini_1box_hot,0,,1000,0.0,-1.0
6241,2023-06-27,D_3mini_1box_1straight,0,,1000,0.0,-1.0
6241,2023-06-27,E_3mini_1set_1straight_prev,0,,1000,0.0,-1.0
6241,2023-06-27,F_5mini_random,0,,1000,0.0,-1.0
6242,2023-06-28,A_5mini_hot,0,,1000,0.0,-1.0
6242,2023-06-28,B_5mini_unseen,0,,1000,0.0,-1.0
6242,2023-06-28,C_4mini_1box_hot,0,,1000,0.0,-1.0
6242,2023-06-28,D_3mini_1box_1straight,0,,1000,0.0,-1.0
6242,2023-06-28,E_3mini_1set_1straight_prev,0,,1000,0.0,-1.0
6242,2023-06-28,F_5mini_random,0,,1000,0.0,-1.0
6243,2023-06-29,A_5mini_hot,0,,1000,0.0,-1.0
6243,2023-06-29,B_5mini_unseen,0,,1000,0.0,-1.0
6243,2023-06-29,C_4mini_1box_hot,0,,1000,0.0,-1.0
6243,2023-06-29,D_3mini_1box_1straight,0,,1000,0.0,-1.0
6243,2023-06-29,E_3mini_1set_1straight_prev,0,,1000,0.0,-1.0
6243,2023-06-29,F_5mini_random,0,,1000,0.0,-1.0
6244,2023-06-30,A_5mini_hot,0,,1000,0.0,-1.0
6244,2023-06-30,B_5mini_unseen,0,,1000,0.0,-1.0
6244,2023-06-30,C_4mini_1box_hot,0,,1000,0.0,-1.0
6244,2023-06-30,D_3mini_1box_1straight,0,,1000,0.0,-1.0
6244,2023-06-30,E_3mini_1set_1straight_prev,0,,1000,0.0,-1.0
6244,2023-06-30,F_5mini_random,0,,1000,0.0,-1.0
6245,2023-07-03,A_5mini_hot,0,,1000,0.0,-1.0
6245,2023-07-03,B_5mini_unseen,0,,1000,0.0,-1.0
6245,2023-07-03,C_4mini_1box_hot,0,,1000,0.0,-1.0
6245,2023-07-03,D_3mini_1box_1straight,0,,1000,0.0,-1.0
6245,2023-07-03,E_3mini_1set_1straight_prev,0,,1000,0.0,-1.0
6245,2023-07-03,F_5mini_random,0,,1000,0.0,-1.0
6246,2023-07-04,A_5mini_hot,0,,1000,0.0,-1.0
6246,2023-07-04,B_5mini_unseen,0,,1000,0.0,-1.0
6246,2023-07-04,C_4mini_1box_hot,0,,1000,0.0,-1.0
6246,2023-07-04,D_3mini_1box_1straight,0,,1000,0.0,-1.0
6246,2023-07-04,E_3mini_1set_1straight_prev,0,,1000,0.0,-1.0
6246,2023-07-04,F_5mini_random,0,,1000,0.0,-1.0
6247,2023-07-05,A_5mini_hot,0,,1000,0.0,-1.0
6247,2023-07-05,B_5mini_unseen,0,,1000,0.0,-1.0
6247,2023-07-05,C_4mini_1box_hot,0,,1000,0.0,-1.0
6247,2023-07-05,D_3mini_1box_1straight,0,,1000,0.0,-1.0
6247,2023-07-05,E_3mini_1set_1straight_prev,0,,1000,0.0,-1.0
6247,2023-07-05,F_5mini_random,0,,1000,0.0,-1.0
6248,2023-07-06,A_5mini_hot,0,,1000,0.0,-1.0
6248,2023-07-06,B_5mini_unseen,0,,1000,0.0,-1.0
6248,2023-07-06,C_4mini_1box_hot,0,,1000,0.0,-1.0
6248,2023-07-06,D_3mini_1box_1straight,0,,1000,0.0,-1.0
6248,2023-07-06,E_3mini_1set_1straight_prev,0,,1000,0.0,-1.0
6248,2023-07-06,F_5mini_random,0,,1000,0.0,-1.0
6249,2023-07-07,A_5mini_hot,0,,1000,0.0,-1.0
6249,2023-07-07,B_5mini_unseen,0,,1000,0.0,-1.0
6249,2023-07-07,C_4mini_1box_hot,0,,1000,0.0,-1.0
6249,2023-07-07,D_3mini_1box_1straight,0,,1000,0.0,-1.0
6249,2023-07-07,E_3mini_1set_1straight_prev,0,,1000,0.0,-1.0
6249,2023-07-07,F_5mini_random,0,,1000,0.0,-1.0
6250,2023-07-10,A_5mini_hot,1,mini,1000,9000.0,8.0
6250,2023-07-10,B_5mini_unseen,0,,1000,0.0,-1.0
6250,2023-07-10,C_4mini_1box_hot,1,mini,1000,9000.0,8.0
6250,2023-07-10,D_3mini_1box_1straight,1,mini,1000,9000.0,8.0
6250,2023-07-10,E_3mini_1set_1straight_prev,1,mini,1000,9000.0,8.0
6250,2023-07-10,F_5mini_random,0,,1000,0.0,-1.0
6251,2023-07-11,A_5mini_hot,1,mini,1000,9000.0,8.0
6251,2023-07-11,B_5mini_unseen,0,,1000,0.0,-1.0
6251,2023-07-11,C_4mini_1box_hot,1,mini,1000,9000.0,8.0
6251,2023-07-11,D_3mini_1box_1straight,1,mini,1000,9000.0,8.0
6251,2023-07-11,E_3mini_1set_1straight_prev,1,mini,1000,9000.0,8.0
6251,2023-07-11,F_5mini_random,0,,1000,0.0,-1.0
6252,2023-07-12,A_5mini_hot,0,,1000,0.0,-1.0
6252,2023-07-12,B_5mini_unseen,0,,1000,0.0,-1.0
6252,2023-07-12,C_4mini_1box_hot,0,,1000,0.0,-1.0
6252,2023-07-12,D_3mini_1box_1straight,0,,1000,0.0,-1.0
6252,2023-07-12,E_3mini_1set_1straight_prev,0,,1000,0.0,-1.0
6252,2023-07-12,F_5mini_random,0,,1000,0.0,-1.0
6253,2023-07-13,A_5mini_hot,0,,1000,0.0,-1.0
6253,2023-07-13,B_5mini_unseen,0,,1000,0.0,-1.0
6253,2023-07-13,C_4mini_1box_hot,0,,1000,0.0,-1.0
6253,2023-07-13,D_3mini_1box_1straight,0,,1000,0.0,-1.0
6253,2023-07-13,E_3mini_1set_1straight_prev,0,,1000,0.0,-1.0
6253,2023-07-13,F_5mini_random,0,,1000,0.0,-1.0
6254,2023-07-14,A_5mini_hot,0,,1000,0.0,-1.0
6254,2023-07-14,B_5mini_unseen,0,,1000,0.0,-1.0
6254,2023-07-14,C_4mini_1box_hot,0,,1000,0.0,-1.0
6254,2023-07-14,D_3mini_1box_1straight,0,,1000,0.0,-1.0
6254,2023-07-14,E_3mini_1set_1straight_prev,0,,1000,0.0,-1.0
6254,2023-07-14,F_5mini_random,0,,1000,0.0,-1.0
6255,2023-07-17,A_5mini_hot,0,,1000,0.0,-1.0
6255,2023-07-17,B_5mini_unseen,0,,1000,0.0,-1.0
6255,2023-07-17,C_4mini_1box_hot,0,,1000,0.0,-1.0
6255,2023-07-17,D_3mini_1box_1straight,0,,1000,0.0,-1.0
6255,2023-07-17,E_3mini_1set_1straight_prev,0,,1000,0.0,-1.0
6255,2023-07-17,F_5mini_random,0,,1000,0.0,-1.0
6256,2023-07-18,A_5mini_hot,0,,1000,0.0,-1.0
6256,2023-07-18,B_5mini_unseen,0,,1000,0.0,-1.0
6256,2023-07-18,C_4mini_1box_hot,0,,1000,0.0,-1.0
6256,2023-07-18,D_3mini_1box_1straight,0,,1000,0.0,-1.0
6256,2023-07-18,E_3mini_1set_1straight_prev,0,,1000,0.0,-1.0
6256,2023-07-18,F_5mini_random,0,,1000,0.0,-1.0
6257,2023-07-19,A_5mini_hot,0,,1000,0.0,-1.0
6257,2023-07-19,B_5mini_unseen,0,,1000,0.0,-1.0
6257,2023-07-19,C_4mini_1box_hot,0,,1000,0.0,-1.0
6257,2023-07-19,D_3mini_1box_1straight,0,,1000,0.0,-1.0
6257,2023-07-19,E_3mini_1set_1straight_prev,0,,1000,0.0,-1.0
6257,2023-07-19,F_5mini_random,0,,1000,0.0,-1.0
6258,2023-07-20,A_5mini_hot,0,,1000,0.0,-1.0
6258,2023-07-20,B_5mini_unseen,0,,1000,0.0,-1.0
6258,2023-07-20,C_4mini_1box_hot,0,,1000,0.0,-1.0
6258,2023-07-20,D_3mini_1box_1straight,0,,1000,0.0,-1.0
6258,2023-07-20,E_3mini_1set_1straight_prev,0,,1000,0.0,-1.0
6258,2023-07-20,F_5mini_random,0,,1000,0.0,-1.0
6259,2023-07-21,A_5mini_hot,0,,1000,0.0,-1.0
6259,2023-07-21,B_5mini_unseen,0,,1000,0.0,-1.0
6259,2023-07-21,C_4mini_1box_hot,0,,1000,0.0,-1.0
6259,2023-07-21,D_3mini_1box_1straight,0,,1000,0.0,-1.0
6259,2023-07-21,E_3mini_1set_1straight_prev,0,,1000,0.0,-1.0
6259,2023-07-21,F_5mini_random,1,mini,1000,9000.0,8.0
6260,2023-07-24,A_5mini_hot,0,,1000,0.0,-1.0
6260,2023-07-24,B_5mini_unseen,0,,1000,0.0,-1.0
6260,2023-07-24,C_4mini_1box_hot,0,,1000,0.0,-1.0
6260,2023-07-24,D_3mini_1box_1straight,0,,1000,0.0,-1.0
6260,2023-07-24,E_3mini_1set_1straight_prev,0,,1000,0.0,-1.0
6260,2023-07-24,F_5mini_random,0,,1000,0.0,-1.0
6261,2023-07-25,A_5mini_hot,0,,1000,0.0,-1.0
6261,2023-07-25,B_5mini_unseen,0,,1000,0.0,-1.0
6261,2023-07-25,C_4mini_1box_hot,0,,1000,0.0,-1.0
6261,2023-07-25,D_3mini_1box_1straight,0,,1000,0.0,-1.0
6261,2023-07-25,E_3mini_1set_1straight_prev,0,,1000,0.0,-1.0
6261,2023-07-25,F_5mini_random,0,,1000,0.0,-1.0
6262,2023-07-26,A_5mini_hot,0,,1000,0.0,-1.0
6262,2023-07-26,B_5mini_unseen,0,,1000,0.0,-1.0
6262,2023-07-26,C_4mini_1box_hot,0,,1000,0.0,-1.0
6262,2023-07-26,D_3mini_1box_1straight,0,,1000,0.0,-1.0
6262,2023-07-26,E_3mini_1set_1straight_prev,0,,1000,0.0,-1.0
6262,2023-07-26,F_5mini_random,0,,1000,0.0,-1.0
6263,2023-07-27,A_5mini_hot,0,,1000,0.0,-1.0
6263,2023-07-27,B_5mini_unseen,0,,1000,0.0,-1.0
6263,2023-07-27,C_4mini_1box_hot,0,,1000,0.0,-1.0
6263,2023-07-27,D_3mini_1box_1straight,0,,1000,0.0,-1.0
6263,2023-07-27,E_3mini_1set_1straight_prev,0,,1000,0.0,-1.0
6263,2023-07-27,F_5mini_random,0,,1000,0.0,-1.0
6264,2023-07-28,A_5mini_hot,0,,1000,0.0,-1.0
6264,2023-07-28,B_5mini_unseen,0,,1000,0.0,-1.0
6264,2023-07-28,C_4mini_1box_hot,0,,1000,0.0,-1.0
6264,2023-07-28,D_3mini_1box_1straight,0,,1000,0.0,-1.0
6264,2023-07-28,E_3mini_1set_1straight_prev,0,,1000,0.0,-1.0
6264,2023-07-28,F_5mini_random,0,,1000,0.0,-1.0
6265,2023-07-31,A_5mini_hot,0,,1000,0.0,-1.0
6265,2023-07-31,B_5mini_unseen,0,,1000,0.0,-1.0
6265,2023-07-31,C_4mini_1box_hot,0,,1000,0.0,-1.0
6265,2023-07-31,D_3mini_1box_1straight,0,,1000,0.0,-1.0
6265,2023-07-31,E_3mini_1set_1straight_prev,0,,1000,0.0,-1.0
6265,2023-07-31,F_5mini_random,0,,1000,0.0,-1.0
6266,2023-08-01,A_5mini_hot,0,,1000,0.0,-1.0
6266,2023-08-01,B_5mini_unseen,0,,1000,0.0,-1.0
6266,2023-08-01,C_4mini_1box_hot,0,,1000,0.0,-1.0
6266,2023-08-01,D_3mini_1box_1straight,0,,1000,0.0,-1.0
6266,2023-08-01,E_3mini_1set_1straight_prev,0,,1000,0.0,-1.0
6266,2023-08-01,F_5mini_random,0,,1000,0.0,-1.0
6267,2023-08-02,A_5mini_hot,0,,1000,0.0,-1.0
6267,2023-08-02,B_5mini_unseen,0,,1000,0.0,-1.0
6267,2023-08-02,C_4mini_1box_hot,0,,1000,0.0,-1.0
6267,2023-08-02,D_3mini_1box_1straight,0,,1000,0.0,-1.0
6267,2023-08-02,E_3mini_1set_1straight_prev,0,,1000,0.0,-1.0
6267,2023-08-02,F_5mini_random,1,mini,1000,9000.0,8.0
6268,2023-08-03,A_5mini_hot,0,,1000,0.0,-1.0
6268,2023-08-03,B_5mini_unseen,0,,1000,0.0,-1.0
6268,2023-08-03,C_4mini_1box_hot,0,,1000,0.0,-1.0
6268,2023-08-03,D_3mini_1box_1straight,0,,1000,0.0,-1.0
6268,2023-08-03,E_3mini_1set_1straight_prev,0,,1000,0.0,-1.0
6268,2023-08-03,F_5mini_random,0,,1000,0.0,-1.0
6269,2023-08-04,A_5mini_hot,0,,1000,0.0,-1.0
6269,2023-08-04,B_5mini_unseen,0,,1000,0.0,-1.0
6269,2023-08-04,C_4mini_1box_hot,0,,1000,0.0,-1.0
6269,2023-08-04,D_3mini_1box_1straight,0,,1000,0.0,-1.0
6269,2023-08-04,E_3mini_1set_1straight_prev,0,,1000,0.0,-1.0
6269,2023-08-04,F_5mini_random,0,,1000,0.0,-1.0
6270,2023-08-07,A_5mini_hot,0,,1000,0.0,-1.0
6270,2023-08-07,B_5mini_unseen,0,,1000,0.0,-1.0
6270,2023-08-07,C_4mini_1box_hot,0,,1000,0.0,-1.0
6270,2023-08-07,D_3mini_1box_1straight,0,,1000,0.0,-1.0
6270,2023-08-07,E_3mini_1set_1straight_prev,0,,1000,0.0,-1.0
6270,2023-08-07,F_5mini_random,0,,1000,0.0,-1.0
6271,2023-08-08,A_5mini_hot,0,,1000,0.0,-1.0
6271,2023-08-08,B_5mini_unseen,0,,1000,0.0,-1.0
6271,2023-08-08,C_4mini_1box_hot,0,,1000,0.0,-1.0
6271,2023-08-08,D_3mini_1box_1straight,0,,1000,0.0,-1.0
6271,2023-08-08,E_3mini_1set_1straight_prev,0,,1000,0.0,-1.0
6271,2023-08-08,F_5mini_random,0,,1000,0.0,-1.0
6272,2023-08-09,A_5mini_hot,0,,1000,0.0,-1.0
6272,2023-08-09,B_5mini_unseen,0,,1000,0.0,-1.0
6272,2023-08-09,C_4mini_1box_hot,0,,1000,0.0,-1.0
6272,2023-08-09,D_3mini_1box_1straight,0,,1000,0.0,-1.0
6272,2023-08-09,E_3mini_1set_1straight_prev,0,,1000,0.0,-1.0
6272,2023-08-09,F_5mini_random,0,,1000,0.0,-1.0
6273,2023-08-10,A_5mini_hot,0,,1000,0.0,-1.0
6273,2023-08-10,B_5mini_unseen,0,,1000,0.0,-1.0
6273,2023-08-10,C_4mini_1box_hot,0,,1000,0.0,-1.0
6273,2023-08-10,D_3mini_1box_1straight,0,,1000,0.0,-1.0
6273,2023-08-10,E_3mini_1set_1straight_prev,0,,1000,0.0,-1.0
6273,2023-08-10,F_5mini_random,0,,1000,0.0,-1.0
6274,2023-08-11,A_5mini_hot,0,,1000,0.0,-1.0
6274,2023-08-11,B_5mini_unseen,0,,1000,0.0,-1.0
6274,2023-08-11,C_4mini_1box_hot,0,,1000,0.0,-1.0
6274,2023-08-11,D_3mini_1box_1straight,0,,1000,0.0,-1.0
6274,2023-08-11,E_3mini_1set_1straight_prev,0,,1000,0.0,-1.0
6274,2023-08-11,F_5mini_random,0,,1000,0.0,-1.0
6275,2023-08-14,A_5mini_hot,0,,1000,0.0,-1.0
6275,2023-08-14,B_5mini_unseen,0,,1000,0.0,-1.0
6275,2023-08-14,C_4mini_1box_hot,0,,1000,0.0,-1.0
6275,2023-08-14,D_3mini_1box_1straight,0,,1000,0.0,-1.0
6275,2023-08-14,E_3mini_1set_1straight_prev,0,,1000,0.0,-1.0
6275,2023-08-14,F_5mini_random,0,,1000,0.0,-1.0
6276,2023-08-15,A_5mini_hot,0,,1000,0.0,-1.0
6276,2023-08-15,B_5mini_unseen,0,,1000,0.0,-1.0
6276,2023-08-15,C_4mini_1box_hot,0,,1000,0.0,-1.0
6276,2023-08-15,D_3mini_1box_1straight,0,,1000,0.0,-1.0
6276,2023-08-15,E_3mini_1set_1straight_prev,0,,1000,0.0,-1.0
6276,2023-08-15,F_5mini_random,0,,1000,0.0,-1.0
6277,2023-08-16,A_5mini_hot,0,,1000,0.0,-1.0
6277,2023-08-16,B_5mini_unseen,0,,1000,0.0,-1.0
6277,2023-08-16,C_4mini_1box_hot,0,,1000,0.0,-1.0
6277,2023-08-16,D_3mini_1box_1straight,0,,1000,0.0,-1.0
6277,2023-08-16,E_3mini_1set_1straight_prev,0,,1000,0.0,-1.0
6277,2023-08-16,F_5mini_random,0,,1000,0.0,-1.0
6278,2023-08-17,A_5mini_hot,0,,1000,0.0,-1.0
6278,2023-08-17,B_5mini_unseen,0,,1000,0.0,-1.0
6278,2023-08-17,C_4mini_1box_hot,0,,1000,0.0,-1.0
6278,2023-08-17,D_3mini_1box_1straight,0,,1000,0.0,-1.0
6278,2023-08-17,E_3mini_1set_1straight_prev,0,,1000,0.0,-1.0
6278,2023-08-17,F_5mini_random,0,,1000,0.0,-1.0
6279,2023-08-18,A_5mini_hot,0,,1000,0.0,-1.0
6279,2023-08-18,B_5mini_unseen,0,,1000,0.0,-1.0
6279,2023-08-18,C_4mini_1box_hot,0,,1000,0.0,-1.0
6279,2023-08-18,D_3mini_1box_1straight,0,,1000,0.0,-1.0
6279,2023-08-18,E_3mini_1set_1straight_prev,0,,1000,0.0,-1.0
6279,2023-08-18,F_5mini_random,0,,1000,0.0,-1.0
6280,2023-08-21,A_5mini_hot,0,,1000,0.0,-1.0
6280,2023-08-21,B_5mini_unseen,0,,1000,0.0,-1.0
6280,2023-08-21,C_4mini_1box_hot,0,,1000,0.0,-1.0
6280,2023-08-21,D_3mini_1box_1straight,0,,1000,0.0,-1.0
6280,2023-08-21,E_3mini_1set_1straight_prev,1,mini,1000,9000.0,8.0
6280,2023-08-21,F_5mini_random,0,,1000,0.0,-1.0
6281,2023-08-22,A_5mini_hot,0,,1000,0.0,-1.0
6281,2023-08-22,B_5mini_unseen,0,,1000,0.0,-1.0
6281,2023-08-22,C_4mini_1box_hot,0,,1000,0.0,-1.0
6281,2023-08-22,D_3mini_1box_1straight,0,,1000,0.0,-1.0
6281,2023-08-22,E_3mini_1set_1straight_prev,0,,1000,0.0,-1.0
6281,2023-08-22,F_5mini_random,0,,1000,0.0,-1.0
6282,2023-08-23,A_5mini_hot,0,,1000,0.0,-1.0
6282,2023-08-23,B_5mini_unseen,0,,1000,0.0,-1.0
6282,2023-08-23,C_4mini_1box_hot,0,,1000,0.0,-1.0
6282,2023-08-23,D_3mini_1box_1straight,0,,1000,0.0,-1.0
6282,2023-08-23,E_3mini_1set_1straight_prev,0,,1000,0.0,-1.0
6282,2023-08-23,F_5mini_random,0,,1000,0.0,-1.0
6283,2023-08-24,A_5mini_hot,0,,1000,0.0,-1.0
6283,2023-08-24,B_5mini_unseen,0,,1000,0.0,-1.0
6283,2023-08-24,C_4mini_1box_hot,0,,1000,0.0,-1.0
6283,2023-08-24,D_3mini_1box_1straight,0,,1000,0.0,-1.0
6283,2023-08-24,E_3mini_1set_1straight_prev,0,,1000,0.0,-1.0
6283,2023-08-24,F_5mini_random,0,,1000,0.0,-1.0
6284,2023-08-25,A_5mini_hot,0,,1000,0.0,-1.0
6284,2023-08-25,B_5mini_unseen,1,mini,1000,9000.0,8.0
6284,2023-08-25,C_4mini_1box_hot,0,,1000,0.0,-1.0
6284,2023-08-25,D_3mini_1box_1straight,0,,1000,0.0,-1.0
6284,2023-08-25,E_3mini_1set_1straight_prev,0,,1000,0.0,-1.0
6284,2023-08-25,F_5mini_random,0,,1000,0.0,-1.0
6285,2023-08-28,A_5mini_hot,0,,1000,0.0,-1.0
6285,2023-08-28,B_5mini_unseen,0,,1000,0.0,-1.0
6285,2023-08-28,C_4mini_1box_hot,0,,1000,0.0,-1.0
6285,2023-08-28,D_3mini_1box_1straight,0,,1000,0.0,-1.0
6285,2023-08-28,E_3mini_1set_1straight_prev,0,,1000,0.0,-1.0
6285,2023-08-28,F_5mini_random,0,,1000,0.0,-1.0
6286,2023-08-29,A_5mini_hot,0,,1000,0.0,-1.0
6286,2023-08-29,B_5mini_unseen,0,,1000,0.0,-1.0
6286,2023-08-29,C_4mini_1box_hot,0,,1000,0.0,-1.0
6286,2023-08-29,D_3mini_1box_1straight,0,,1000,0.0,-1.0
6286,2023-08-29,E_3mini_1set_1straight_prev,0,,1000,0.0,-1.0
6286,2023-08-29,F_5mini_random,0,,1000,0.0,-1.0
6287,2023-08-30,A_5mini_hot,0,,1000,0.0,-1.0
6287,2023-08-30,B_5mini_unseen,0,,1000,0.0,-1.0
6287,2023-08-30,C_4mini_1box_hot,0,,1000,0.0,-1.0
6287,2023-08-30,D_3mini_1box_1straight,0,,1000,0.0,-1.0
6287,2023-08-30,E_3mini_1set_1straight_prev,0,,1000,0.0,-1.0
6287,2023-08-30,F_5mini_random,0,,1000,0.0,-1.0
6288,2023-08-31,A_5mini_hot,0,,1000,0.0,-1.0
6288,2023-08-31,B_5mini_unseen,0,,1000,0.0,-1.0
6288,2023-08-31,C_4mini_1box_hot,0,,1000,0.0,-1.0
6288,2023-08-31,D_3mini_1box_1straight,0,,1000,0.0,-1.0
6288,2023-08-31,E_3mini_1set_1straight_prev,0,,1000,0.0,-1.0
6288,2023-08-31,F_5mini_random,0,,1000,0.0,-1.0
6289,2023-09-01,A_5mini_hot,0,,1000,0.0,-1.0
6289,2023-09-01,B_5mini_unseen,0,,1000,0.0,-1.0
6289,2023-09-01,C_4mini_1box_hot,0,,1000,0.0,-1.0
6289,2023-09-01,D_3mini_1box_1straight,0,,1000,0.0,-1.0
6289,2023-09-01,E_3mini_1set_1straight_prev,0,,1000,0.0,-1.0
6289,2023-09-01,F_5mini_random,0,,1000,0.0,-1.0
6290,2023-09-04,A_5mini_hot,0,,1000,0.0,-1.0
6290,2023-09-04,B_5mini_unseen,0,,1000,0.0,-1.0
6290,2023-09-04,C_4mini_1box_hot,0,,1000,0.0,-1.0
6290,2023-09-04,D_3mini_1box_1straight,0,,1000,0.0,-1.0
6290,2023-09-04,E_3mini_1set_1straight_prev,0,,1000,0.0,-1.0
6290,2023-09-04,F_5mini_random,0,,1000,0.0,-1.0
6291,2023-09-05,A_5mini_hot,0,,1000,0.0,-1.0
6291,2023-09-05,B_5mini_unseen,0,,1000,0.0,-1.0
6291,2023-09-05,C_4mini_1box_hot,0,,1000,0.0,-1.0
6291,2023-09-05,D_3mini_1box_1straight,0,,1000,0.0,-1.0
6291,2023-09-05,E_3mini_1set_1straight_prev,0,,1000,0.0,-1.0
6291,2023-09-05,F_5mini_random,0,,1000,0.0,-1.0
6292,2023-09-06,A_5mini_hot,0,,1000,0.0,-1.0
6292,2023-09-06,B_5mini_unseen,0,,1000,0.0,-1.0
6292,2023-09-06,C_4mini_1box_hot,0,,1000,0.0,-1.0
6292,2023-09-06,D_3mini_1box_1straight,0,,1000,0.0,-1.0
6292,2023-09-06,E_3mini_1set_1straight_prev,0,,1000,0.0,-1.0
6292,2023-09-06,F_5mini_random,0,,1000,0.0,-1.0
6293,2023-09-07,A_5mini_hot,0,,1000,0.0,-1.0
6293,2023-09-07,B_5mini_unseen,0,,1000,0.0,-1.0
6293,2023-09-07,C_4mini_1box_hot,0,,1000,0.0,-1.0
6293,2023-09-07,D_3mini_1box_1straight,0,,1000,0.0,-1.0
6293,2023-09-07,E_3mini_1set_1straight_prev,0,,1000,0.0,-1.0
6293,2023-09-07,F_5mini_random,0,,1000,0.0,-1.0
6294,2023-09-08,A_5mini_hot,0,,1000,0.0,-1.0
6294,2023-09-08,B_5mini_unseen,0,,1000,0.0,-1.0
6294,2023-09-08,C_4mini_1box_hot,0,,1000,0.0,-1.0
6294,2023-09-08,D_3mini_1box_1straight,0,,1000,0.0,-1.0
6294,2023-09-08,E_3mini_1set_1straight_prev,0,,1000,0.0,-1.0
6294,2023-09-08,F_5mini_random,0,,1000,0.0,-1.0
6295,2023-09-11,A_5mini_hot,0,,1000,0.0,-1.0
6295,2023-09-11,B_5mini_unseen,0,,1000,0.0,-1.0
6295,2023-09-11,C_4mini_1box_hot,0,,1000,0.0,-1.0
6295,2023-09-11,D_3mini_1box_1straight,0,,1000,0.0,-1.0
6295,2023-09-11,E_3mini_1set_1straight_prev,0,,1000,0.0,-1.0
6295,2023-09-11,F_5mini_random,0,,1000,0.0,-1.0
6296,2023-09-12,A_5mini_hot,0,,1000,0.0,-1.0
6296,2023-09-12,B_5mini_unseen,0,,1000,0.0,-1.0
6296,2023-09-12,C_4mini_1box_hot,0,,1000,0.0,-1.0
6296,2023-09-12,D_3mini_1box_1straight,0,,1000,0.0,-1.0
6296,2023-09-12,E_3mini_1set_1straight_prev,0,,1000,0.0,-1.0
6296,2023-09-12,F_5mini_random,0,,1000,0.0,-1.0
6297,2023-09-13,A_5mini_hot,0,,1000,0.0,-1.0
6297,2023-09-13,B_5mini_unseen,0,,1000,0.0,-1.0
6297,2023-09-13,C_4mini_1box_hot,0,,1000,0.0,-1.0
6297,2023-09-13,D_3mini_1box_1straight,0,,1000,0.0,-1.0
6297,2023-09-13,E_3mini_1set_1straight_prev,0,,1000,0.0,-1.0
6297,2023-09-13,F_5mini_random,0,,1000,0.0,-1.0
6298,2023-09-14,A_5mini_hot,0,,1000,0.0,-1.0
6298,2023-09-14,B_5mini_unseen,0,,1000,0.0,-1.0
6298,2023-09-14,C_4mini_1box_hot,0,,1000,0.0,-1.0
6298,2023-09-14,D_3mini_1box_1straight,0,,1000,0.0,-1.0
6298,2023-09-14,E_3mini_1set_1straight_prev,0,,1000,0.0,-1.0
6298,2023-09-14,F_5mini_random,0,,1000,0.0,-1.0
6299,2023-09-15,A_5mini_hot,0,,1000,0.0,-1.0
6299,2023-09-15,B_5mini_unseen,0,,1000,0.0,-1.0
6299,2023-09-15,C_4mini_1box_hot,0,,1000,0.0,-1.0
6299,2023-09-15,D_3mini_1box_1straight,0,,1000,0.0,-1.0
6299,2023-09-15,E_3mini_1set_1straight_prev,0,,1000,0.0,-1.0
6299,2023-09-15,F_5mini_random,0,,1000,0.0,-1.0
6300,2023-09-18,A_5mini_hot,0,,1000,0.0,-1.0
6300,2023-09-18,B_5mini_unseen,0,,1000,0.0,-1.0
6300,2023-09-18,C_4mini_1box_hot,0,,1000,0.0,-1.0
6300,2023-09-18,D_3mini_1box_1straight,0,,1000,0.0,-1.0
6300,2023-09-18,E_3mini_1set_1straight_prev,0,,1000,0.0,-1.0
6300,2023-09-18,F_5mini_random,0,,1000,0.0,-1.0
6301,2023-09-19,A_5mini_hot,0,,1000,0.0,-1.0
6301,2023-09-19,B_5mini_unseen,0,,1000,0.0,-1.0
6301,2023-09-19,C_4mini_1box_hot,0,,1000,0.0,-1.0
6301,2023-09-19,D_3mini_1box_1straight,0,,1000,0.0,-1.0
6301,2023-09-19,E_3mini_1set_1straight_prev,0,,1000,0.0,-1.0
6301,2023-09-19,F_5mini_random,0,,1000,0.0,-1.0
6302,2023-09-20,A_5mini_hot,0,,1000,0.0,-1.0
6302,2023-09-20,B_5mini_unseen,0,,1000,0.0,-1.0
6302,2023-09-20,C_4mini_1box_hot,0,,1000,0.0,-1.0
6302,2023-09-20,D_3mini_1box_1straight,0,,1000,0.0,-1.0
6302,2023-09-20,E_3mini_1set_1straight_prev,0,,1000,0.0,-1.0
6302,2023-09-20,F_5mini_random,0,,1000,0.0,-1.0
6303,2023-09-21,A_5mini_hot,0,,1000,0.0,-1.0
6303,2023-09-21,B_5mini_unseen,0,,1000,0.0,-1.0
6303,2023-09-21,C_4mini_1box_hot,0,,1000,0.0,-1.0
6303,2023-09-21,D_3mini_1box_1straight,0,,1000,0.0,-1.0
6303,2023-09-21,E_3mini_1set_1straight_prev,0,,1000,0.0,-1.0
6303,2023-09-21,F_5mini_random,0,,1000,0.0,-1.0
6304,2023-09-22,A_5mini_hot,0,,1000,0.0,-1.0
6304,2023-09-22,B_5mini_unseen,0,,1000,0.0,-1.0
6304,2023-09-22,C_4mini_1box_hot,0,,1000,0.0,-1.0
6304,2023-09-22,D_3mini_1box_1straight,0,,1000,0.0,-1.0
6304,2023-09-22,E_3mini_1set_1straight_prev,0,,1000,0.0,-1.0
6304,2023-09-22,F_5mini_random,0,,1000,0.0,-1.0
6305,2023-09-25,A_5mini_hot,0,,1000,0.0,-1.0
6305,2023-09-25,B_5mini_unseen,0,,1000,0.0,-1.0
6305,2023-09-25,C_4mini_1box_hot,0,,1000,0.0,-1.0
6305,2023-09-25,D_3mini_1box_1straight,0,,1000,0.0,-1.0
6305,2023-09-25,E_3mini_1set_1straight_prev,0,,1000,0.0,-1.0
6305,2023-09-25,F_5mini_random,0,,1000,0.0,-1.0
6306,2023-09-26,A_5mini_hot,0,,1000,0.0,-1.0
6306,2023-09-26,B_5mini_unseen,0,,1000,0.0,-1.0
6306,2023-09-26,C_4mini_1box_hot,0,,1000,0.0,-1.0
6306,2023-09-26,D_3mini_1box_1straight,0,,1000,0.0,-1.0
6306,2023-09-26,E_3mini_1set_1straight_prev,1,mini,1000,9000.0,8.0
6306,2023-09-26,F_5mini_random,0,,1000,0.0,-1.0
6307,2023-09-27,A_5mini_hot,0,,1000,0.0,-1.0
6307,2023-09-27,B_5mini_unseen,1,mini,1000,9000.0,8.0
6307,2023-09-27,C_4mini_1box_hot,0,,1000,0.0,-1.0
6307,2023-09-27,D_3mini_1box_1straight,0,,1000,0.0,-1.0
6307,2023-09-27,E_3mini_1set_1straight_prev,0,,1000,0.0,-1.0
6307,2023-09-27,F_5mini_random,0,,1000,0.0,-1.0
6308,2023-09-28,A_5mini_hot,1,mini,1000,9000.0,8.0
6308,2023-09-28,B_5mini_unseen,0,,1000,0.0,-1.0
6308,2023-09-28,C_4mini_1box_hot,0,,1000,0.0,-1.0
6308,2023-09-28,D_3mini_1box_1straight,0,,1000,0.0,-1.0
6308,2023-09-28,E_3mini_1set_1straight_prev,0,,1000,0.0,-1.0
6308,2023-09-28,F_5mini_random,0,,1000,0.0,-1.0
6309,2023-09-29,A_5mini_hot,0,,1000,0.0,-1.0
6309,2023-09-29,B_5mini_unseen,1,mini,1000,9000.0,8.0
6309,2023-09-29,C_4mini_1box_hot,0,,1000,0.0,-1.0
6309,2023-09-29,D_3mini_1box_1straight,0,,1000,0.0,-1.0
6309,2023-09-29,E_3mini_1set_1straight_prev,0,,1000,0.0,-1.0
6309,2023-09-29,F_5mini_random,0,,1000,0.0,-1.0
6310,2023-10-02,A_5mini_hot,1,mini,1000,9000.0,8.0
6310,2023-10-02,B_5mini_unseen,0,,1000,0.0,-1.0
6310,2023-10-02,C_4mini_1box_hot,1,mini,1000,9000.0,8.0
6310,2023-10-02,D_3mini_1box_1straight,0,,1000,0.0,-1.0
6310,2023-10-02,E_3mini_1set_1straight_prev,0,,1000,0.0,-1.0
6310,2023-10-02,F_5mini_random,0,,1000,0.0,-1.0
6311,2023-10-03,A_5mini_hot,0,,1000,0.0,-1.0
6311,2023-10-03,B_5mini_unseen,0,,1000,0.0,-1.0
6311,2023-10-03,C_4mini_1box_hot,0,,1000,0.0,-1.0
6311,2023-10-03,D_3mini_1box_1straight,0,,1000,0.0,-1.0
6311,2023-10-03,E_3mini_1set_1straight_prev,0,,1000,0.0,-1.0
6311,2023-10-03,F_5mini_random,0,,1000,0.0,-1.0
6312,2023-10-04,A_5mini_hot,1,mini,1000,9000.0,8.0
6312,2023-10-04,B_5mini_unseen,0,,1000,0.0,-1.0
6312,2023-10-04,C_4mini_1box_hot,1,mini,1000,9000.0,8.0
6312,2023-10-04,D_3mini_1box_1straight,1,mini,1000,9000.0,8.0
6312,2023-10-04,E_3mini_1set_1straight_prev,0,,1000,0.0,-1.0
6312,2023-10-04,F_5mini_random,0,,1000,0.0,-1.0
6313,2023-10-05,A_5mini_hot,0,,1000,0.0,-1.0
6313,2023-10-05,B_5mini_unseen,0,,1000,0.0,-1.0
6313,2023-10-05,C_4mini_1box_hot,0,,1000,0.0,-1.0
6313,2023-10-05,D_3mini_1box_1straight,0,,1000,0.0,-1.0
6313,2023-10-05,E_3mini_1set_1straight_prev,0,,1000,0.0,-1.0
6313,2023-10-05,F_5mini_random,0,,1000,0.0,-1.0
6314,2023-10-06,A_5mini_hot,0,,1000,0.0,-1.0
6314,2023-10-06,B_5mini_unseen,0,,1000,0.0,-1.0
6314,2023-10-06,C_4mini_1box_hot,0,,1000,0.0,-1.0
6314,2023-10-06,D_3mini_1box_1straight,0,,1000,0.0,-1.0
6314,2023-10-06,E_3mini_1set_1straight_prev,0,,1000,0.0,-1.0
6314,2023-10-06,F_5mini_random,0,,1000,0.0,-1.0
6315,2023-10-09,A_5mini_hot,0,,1000,0.0,-1.0
6315,2023-10-09,B_5mini_unseen,0,,1000,0.0,-1.0
6315,2023-10-09,C_4mini_1box_hot,0,,1000,0.0,-1.0
6315,2023-10-09,D_3mini_1box_1straight,0,,1000,0.0,-1.0
6315,2023-10-09,E_3mini_1set_1straight_prev,0,,1000,0.0,-1.0
6315,2023-10-09,F_5mini_random,0,,1000,0.0,-1.0
6316,2023-10-10,A_5mini_hot,0,,1000,0.0,-1.0
6316,2023-10-10,B_5mini_unseen,0,,1000,0.0,-1.0
6316,2023-10-10,C_4mini_1box_hot,0,,1000,0.0,-1.0
6316,2023-10-10,D_3mini_1box_1straight,0,,1000,0.0,-1.0
6316,2023-10-10,E_3mini_1set_1straight_prev,0,,1000,0.0,-1.0
6316,2023-10-10,F_5mini_random,0,,1000,0.0,-1.0
6317,2023-10-11,A_5mini_hot,0,,1000,0.0,-1.0
6317,2023-10-11,B_5mini_unseen,0,,1000,0.0,-1.0
6317,2023-10-11,C_4mini_1box_hot,0,,1000,0.0,-1.0
6317,2023-10-11,D_3mini_1box_1straight,0,,1000,0.0,-1.0
6317,2023-10-11,E_3mini_1set_1straight_prev,0,,1000,0.0,-1.0
6317,2023-10-11,F_5mini_random,0,,1000,0.0,-1.0
6318,2023-10-12,A_5mini_hot,0,,1000,0.0,-1.0
6318,2023-10-12,B_5mini_unseen,0,,1000,0.0,-1.0
6318,2023-10-12,C_4mini_1box_hot,0,,1000,0.0,-1.0
6318,2023-10-12,D_3mini_1box_1straight,0,,1000,0.0,-1.0
6318,2023-10-12,E_3mini_1set_1straight_prev,0,,1000,0.0,-1.0
6318,2023-10-12,F_5mini_random,0,,1000,0.0,-1.0
6319,2023-10-13,A_5mini_hot,0,,1000,0.0,-1.0
6319,2023-10-13,B_5mini_unseen,0,,1000,0.0,-1.0
6319,2023-10-13,C_4mini_1box_hot,0,,1000,0.0,-1.0
6319,2023-10-13,D_3mini_1box_1straight,0,,1000,0.0,-1.0
6319,2023-10-13,E_3mini_1set_1straight_prev,0,,1000,0.0,-1.0
6319,2023-10-13,F_5mini_random,1,mini,1000,9000.0,8.0
6320,2023-10-16,A_5mini_hot,0,,1000,0.0,-1.0
6320,2023-10-16,B_5mini_unseen,0,,1000,0.0,-1.0
6320,2023-10-16,C_4mini_1box_hot,0,,1000,0.0,-1.0
6320,2023-10-16,D_3mini_1box_1straight,0,,1000,0.0,-1.0
6320,2023-10-16,E_3mini_1set_1straight_prev,1,mini,1000,9000.0,8.0
6320,2023-10-16,F_5mini_random,0,,1000,0.0,-1.0
6321,2023-10-17,A_5mini_hot,0,,1000,0.0,-1.0
6321,2023-10-17,B_5mini_unseen,0,,1000,0.0,-1.0
6321,2023-10-17,C_4mini_1box_hot,0,,1000,0.0,-1.0
6321,2023-10-17,D_3mini_1box_1straight,0,,1000,0.0,-1.0
6321,2023-10-17,E_3mini_1set_1straight_prev,0,,1000,0.0,-1.0
6321,2023-10-17,F_5mini_random,0,,1000,0.0,-1.0
6322,2023-10-18,A_5mini_hot,0,,1000,0.0,-1.0
6322,2023-10-18,B_5mini_unseen,0,,1000,0.0,-1.0
6322,2023-10-18,C_4mini_1box_hot,0,,1000,0.0,-1.0
6322,2023-10-18,D_3mini_1box_1straight,0,,1000,0.0,-1.0
6322,2023-10-18,E_3mini_1set_1straight_prev,0,,1000,0.0,-1.0
6322,2023-10-18,F_5mini_random,0,,1000,0.0,-1.0
6323,2023-10-19,A_5mini_hot,0,,1000,0.0,-1.0
6323,2023-10-19,B_5mini_unseen,0,,1000,0.0,-1.0
6323,2023-10-19,C_4mini_1box_hot,0,,1000,0.0,-1.0
6323,2023-10-19,D_3mini_1box_1straight,0,,1000,0.0,-1.0
6323,2023-10-19,E_3mini_1set_1straight_prev,0,,1000,0.0,-1.0
6323,2023-10-19,F_5mini_random,0,,1000,0.0,-1.0
6324,2023-10-20,A_5mini_hot,0,,1000,0.0,-1.0
6324,2023-10-20,B_5mini_unseen,0,,1000,0.0,-1.0
6324,2023-10-20,C_4mini_1box_hot,0,,1000,0.0,-1.0
6324,2023-10-20,D_3mini_1box_1straight,0,,1000,0.0,-1.0
6324,2023-10-20,E_3mini_1set_1straight_prev,0,,1000,0.0,-1.0
6324,2023-10-20,F_5mini_random,0,,1000,0.0,-1.0
6325,2023-10-23,A_5mini_hot,0,,1000,0.0,-1.0
6325,2023-10-23,B_5mini_unseen,0,,1000,0.0,-1.0
6325,2023-10-23,C_4mini_1box_hot,0,,1000,0.0,-1.0
6325,2023-10-23,D_3mini_1box_1straight,0,,1000,0.0,-1.0
6325,2023-10-23,E_3mini_1set_1straight_prev,0,,1000,0.0,-1.0
6325,2023-10-23,F_5mini_random,1,mini,1000,9000.0,8.0
6326,2023-10-24,A_5mini_hot,0,,1000,0.0,-1.0
6326,2023-10-24,B_5mini_unseen,0,,1000,0.0,-1.0
6326,2023-10-24,C_4mini_1box_hot,0,,1000,0.0,-1.0
6326,2023-10-24,D_3mini_1box_1straight,0,,1000,0.0,-1.0
6326,2023-10-24,E_3mini_1set_1straight_prev,0,,1000,0.0,-1.0
6326,2023-10-24,F_5mini_random,0,,1000,0.0,-1.0
6327,2023-10-25,A_5mini_hot,0,,1000,0.0,-1.0
6327,2023-10-25,B_5mini_unseen,0,,1000,0.0,-1.0
6327,2023-10-25,C_4mini_1box_hot,0,,1000,0.0,-1.0
6327,2023-10-25,D_3mini_1box_1straight,0,,1000,0.0,-1.0
6327,2023-10-25,E_3mini_1set_1straight_prev,0,,1000,0.0,-1.0
6327,2023-10-25,F_5mini_random,0,,1000,0.0,-1.0
6328,2023-10-26,A_5mini_hot,0,,1000,0.0,-1.0
6328,2023-10-26,B_5mini_unseen,0,,1000,0.0,-1.0
6328,2023-10-26,C_4mini_1box_hot,0,,1000,0.0,-1.0
6328,2023-10-26,D_3mini_1box_1straight,0,,1000,0.0,-1.0
6328,2023-10-26,E_3mini_1set_1straight_prev,0,,1000,0.0,-1.0
6328,2023-10-26,F_5mini_random,0,,1000,0.0,-1.0
6329,2023-10-27,A_5mini_hot,0,,1000,0.0,-1.0
6329,2023-10-27,B_5mini_unseen,0,,1000,0.0,-1.0
6329,2023-10-27,C_4mini_1box_hot,0,,1000,0.0,-1.0
6329,2023-10-27,D_3mini_1box_1straight,0,,1000,0.0,-1.0
6329,2023-10-27,E_3mini_1set_1straight_prev,0,,1000,0.0,-1.0
6329,2023-10-27,F_5mini_random,0,,1000,0.0,-1.0
6330,2023-10-30,A_5mini_hot,0,,1000,0.0,-1.0
6330,2023-10-30,B_5mini_unseen,1,mini,1000,9000.0,8.0
6330,2023-10-30,C_4mini_1box_hot,0,,1000,0.0,-1.0
6330,2023-10-30,D_3mini_1box_1straight,0,,1000,0.0,-1.0
6330,2023-10-30,E_3mini_1set_1straight_prev,0,,1000,0.0,-1.0
6330,2023-10-30,F_5mini_random,1,mini,1000,9000.0,8.0
6331,2023-10-31,A_5mini_hot,0,,1000,0.0,-1.0
6331,2023-10-31,B_5mini_unseen,0,,1000,0.0,-1.0
6331,2023-10-31,C_4mini_1box_hot,0,,1000,0.0,-1.0
6331,2023-10-31,D_3mini_1box_1straight,0,,1000,0.0,-1.0
6331,2023-10-31,E_3mini_1set_1straight_prev,0,,1000,0.0,-1.0
6331,2023-10-31,F_5mini_random,0,,1000,0.0,-1.0
6332,2023-11-01,A_5mini_hot,0,,1000,0.0,-1.0
6332,2023-11-01,B_5mini_unseen,1,mini,1000,9000.0,8.0
6332,2023-11-01,C_4mini_1box_hot,0,,1000,0.0,-1.0
6332,2023-11-01,D_3mini_1box_1straight,0,,1000,0.0,-1.0
6332,2023-11-01,E_3mini_1set_1straight_prev,0,,1000,0.0,-1.0
6332,2023-11-01,F_5mini_random,0,,1000,0.0,-1.0
6333,2023-11-02,A_5mini_hot,0,,1000,0.0,-1.0
6333,2023-11-02,B_5mini_unseen,0,,1000,0.0,-1.0
6333,2023-11-02,C_4mini_1box_hot,0,,1000,0.0,-1.0
6333,2023-11-02,D_3mini_1box_1straight,0,,1000,0.0,-1.0
6333,2023-11-02,E_3mini_1set_1straight_prev,0,,1000,0.0,-1.0
6333,2023-11-02,F_5mini_random,0,,1000,0.0,-1.0
6334,2023-11-03,A_5mini_hot,0,,1000,0.0,-1.0
6334,2023-11-03,B_5mini_unseen,1,mini,1000,9000.0,8.0
6334,2023-11-03,C_4mini_1box_hot,0,,1000,0.0,-1.0
6334,2023-11-03,D_3mini_1box_1straight,0,,1000,0.0,-1.0
6334,2023-11-03,E_3mini_1set_1straight_prev,0,,1000,0.0,-1.0
6334,2023-11-03,F_5mini_random,1,mini,1000,9000.0,8.0
6335,2023-11-06,A_5mini_hot,0,,1000,0.0,-1.0
6335,2023-11-06,B_5mini_unseen,0,,1000,0.0,-1.0
6335,2023-11-06,C_4mini_1box_hot,0,,1000,0.0,-1.0
6335,2023-11-06,D_3mini_1box_1straight,0,,1000,0.0,-1.0
6335,2023-11-06,E_3mini_1set_1straight_prev,0,,1000,0.0,-1.0
6335,2023-11-06,F_5mini_random,0,,1000,0.0,-1.0
6336,2023-11-07,A_5mini_hot,0,,1000,0.0,-1.0
6336,2023-11-07,B_5mini_unseen,0,,1000,0.0,-1.0
6336,2023-11-07,C_4mini_1box_hot,0,,1000,0.0,-1.0
6336,2023-11-07,D_3mini_1box_1straight,0,,1000,0.0,-1.0
6336,2023-11-07,E_3mini_1set_1straight_prev,0,,1000,0.0,-1.0
6336,2023-11-07,F_5mini_random,0,,1000,0.0,-1.0
6337,2023-11-08,A_5mini_hot,0,,1000,0.0,-1.0
6337,2023-11-08,B_5mini_unseen,0,,1000,0.0,-1.0
6337,2023-11-08,C_4mini_1box_hot,0,,1000,0.0,-1.0
6337,2023-11-08,D_3mini_1box_1straight,0,,1000,0.0,-1.0
6337,2023-11-08,E_3mini_1set_1straight_prev,0,,1000,0.0,-1.0
6337,2023-11-08,F_5mini_random,0,,1000,0.0,-1.0
6338,2023-11-09,A_5mini_hot,0,,1000,0.0,-1.0
6338,2023-11-09,B_5mini_unseen,0,,1000,0.0,-1.0
6338,2023-11-09,C_4mini_1box_hot,0,,1000,0.0,-1.0
6338,2023-11-09,D_3mini_1box_1straight,0,,1000,0.0,-1.0
6338,2023-11-09,E_3mini_1set_1straight_prev,0,,1000,0.0,-1.0
6338,2023-11-09,F_5mini_random,0,,1000,0.0,-1.0
6339,2023-11-10,A_5mini_hot,0,,1000,0.0,-1.0
6339,2023-11-10,B_5mini_unseen,0,,1000,0.0,-1.0
6339,2023-11-10,C_4mini_1box_hot,0,,1000,0.0,-1.0
6339,2023-11-10,D_3mini_1box_1straight,0,,1000,0.0,-1.0
6339,2023-11-10,E_3mini_1set_1straight_prev,0,,1000,0.0,-1.0
6339,2023-11-10,F_5mini_random,0,,1000,0.0,-1.0
6340,2023-11-13,A_5mini_hot,0,,1000,0.0,-1.0
6340,2023-11-13,B_5mini_unseen,0,,1000,0.0,-1.0
6340,2023-11-13,C_4mini_1box_hot,0,,1000,0.0,-1.0
6340,2023-11-13,D_3mini_1box_1straight,0,,1000,0.0,-1.0
6340,2023-11-13,E_3mini_1set_1straight_prev,0,,1000,0.0,-1.0
6340,2023-11-13,F_5mini_random,0,,1000,0.0,-1.0
6341,2023-11-14,A_5mini_hot,0,,1000,0.0,-1.0
6341,2023-11-14,B_5mini_unseen,0,,1000,0.0,-1.0
6341,2023-11-14,C_4mini_1box_hot,0,,1000,0.0,-1.0
6341,2023-11-14,D_3mini_1box_1straight,0,,1000,0.0,-1.0
6341,2023-11-14,E_3mini_1set_1straight_prev,0,,1000,0.0,-1.0
6341,2023-11-14,F_5mini_random,0,,1000,0.0,-1.0
6342,2023-11-15,A_5mini_hot,0,,1000,0.0,-1.0
6342,2023-11-15,B_5mini_unseen,1,mini,1000,9000.0,8.0
6342,2023-11-15,C_4mini_1box_hot,0,,1000,0.0,-1.0
6342,2023-11-15,D_3mini_1box_1straight,0,,1000,0.0,-1.0
6342,2023-11-15,E_3mini_1set_1straight_prev,0,,1000,0.0,-1.0
6342,2023-11-15,F_5mini_random,0,,1000,0.0,-1.0
6343,2023-11-16,A_5mini_hot,0,,1000,0.0,-1.0
6343,2023-11-16,B_5mini_unseen,0,,1000,0.0,-1.0
6343,2023-11-16,C_4mini_1box_hot,0,,1000,0.0,-1.0
6343,2023-11-16,D_3mini_1box_1straight,0,,1000,0.0,-1.0
6343,2023-11-16,E_3mini_1set_1straight_prev,0,,1000,0.0,-1.0
6343,2023-11-16,F_5mini_random,0,,1000,0.0,-1.0
6344,2023-11-17,A_5mini_hot,0,,1000,0.0,-1.0
6344,2023-11-17,B_5mini_unseen,0,,1000,0.0,-1.0
6344,2023-11-17,C_4mini_1box_hot,0,,1000,0.0,-1.0
6344,2023-11-17,D_3mini_1box_1straight,0,,1000,0.0,-1.0
6344,2023-11-17,E_3mini_1set_1straight_prev,0,,1000,0.0,-1.0
6344,2023-11-17,F_5mini_random,0,,1000,0.0,-1.0
6345,2023-11-20,A_5mini_hot,0,,1000,0.0,-1.0
6345,2023-11-20,B_5mini_unseen,0,,1000,0.0,-1.0
6345,2023-11-20,C_4mini_1box_hot,0,,1000,0.0,-1.0
6345,2023-11-20,D_3mini_1box_1straight,0,,1000,0.0,-1.0
6345,2023-11-20,E_3mini_1set_1straight_prev,0,,1000,0.0,-1.0
6345,2023-11-20,F_5mini_random,0,,1000,0.0,-1.0
6346,2023-11-21,A_5mini_hot,0,,1000,0.0,-1.0
6346,2023-11-21,B_5mini_unseen,0,,1000,0.0,-1.0
6346,2023-11-21,C_4mini_1box_hot,0,,1000,0.0,-1.0
6346,2023-11-21,D_3mini_1box_1straight,0,,1000,0.0,-1.0
6346,2023-11-21,E_3mini_1set_1straight_prev,0,,1000,0.0,-1.0
6346,2023-11-21,F_5mini_random,0,,1000,0.0,-1.0
6347,2023-11-22,A_5mini_hot,1,mini,1000,9000.0,8.0
6347,2023-11-22,B_5mini_unseen,0,,1000,0.0,-1.0
6347,2023-11-22,C_4mini_1box_hot,1,mini,1000,9000.0,8.0
6347,2023-11-22,D_3mini_1box_1straight,1,mini,1000,9000.0,8.0
6347,2023-11-22,E_3mini_1set_1straight_prev,0,,1000,0.0,-1.0
6347,2023-11-22,F_5mini_random,0,,1000,0.0,-1.0
6348,2023-11-23,A_5mini_hot,0,,1000,0.0,-1.0
6348,2023-11-23,B_5mini_unseen,0,,1000,0.0,-1.0
6348,2023-11-23,C_4mini_1box_hot,0,,1000,0.0,-1.0
6348,2023-11-23,D_3mini_1box_1straight,0,,1000,0.0,-1.0
6348,2023-11-23,E_3mini_1set_1straight_prev,0,,1000,0.0,-1.0
6348,2023-11-23,F_5mini_random,0,,1000,0.0,-1.0
6349,2023-11-24,A_5mini_hot,0,,1000,0.0,-1.0
6349,2023-11-24,B_5mini_unseen,0,,1000,0.0,-1.0
6349,2023-11-24,C_4mini_1box_hot,0,,1000,0.0,-1.0
6349,2023-11-24,D_3mini_1box_1straight,0,,1000,0.0,-1.0
6349,2023-11-24,E_3mini_1set_1straight_prev,0,,1000,0.0,-1.0
6349,2023-11-24,F_5mini_random,0,,1000,0.0,-1.0
6350,2023-11-27,A_5mini_hot,0,,1000,0.0,-1.0
6350,2023-11-27,B_5mini_unseen,0,,1000,0.0,-1.0
6350,2023-11-27,C_4mini_1box_hot,0,,1000,0.0,-1.0
6350,2023-11-27,D_3mini_1box_1straight,0,,1000,0.0,-1.0
6350,2023-11-27,E_3mini_1set_1straight_prev,1,mini,1000,9000.0,8.0
6350,2023-11-27,F_5mini_random,0,,1000,0.0,-1.0
6351,2023-11-28,A_5mini_hot,0,,1000,0.0,-1.0
6351,2023-11-28,B_5mini_unseen,0,,1000,0.0,-1.0
6351,2023-11-28,C_4mini_1box_hot,0,,1000,0.0,-1.0
6351,2023-11-28,D_3mini_1box_1straight,0,,1000,0.0,-1.0
6351,2023-11-28,E_3mini_1set_1straight_prev,0,,1000,0.0,-1.0
6351,2023-11-28,F_5mini_random,0,,1000,0.0,-1.0
6352,2023-11-29,A_5mini_hot,0,,1000,0.0,-1.0
6352,2023-11-29,B_5mini_unseen,0,,1000,0.0,-1.0
6352,2023-11-29,C_4mini_1box_hot,0,,1000,0.0,-1.0
6352,2023-11-29,D_3mini_1box_1straight,0,,1000,0.0,-1.0
6352,2023-11-29,E_3mini_1set_1straight_prev,0,,1000,0.0,-1.0
6352,2023-11-29,F_5mini_random,0,,1000,0.0,-1.0
6353,2023-11-30,A_5mini_hot,0,,1000,0.0,-1.0
6353,2023-11-30,B_5mini_unseen,0,,1000,0.0,-1.0
6353,2023-11-30,C_4mini_1box_hot,0,,1000,0.0,-1.0
6353,2023-11-30,D_3mini_1box_1straight,0,,1000,0.0,-1.0
6353,2023-11-30,E_3mini_1set_1straight_prev,0,,1000,0.0,-1.0
6353,2023-11-30,F_5mini_random,0,,1000,0.0,-1.0
6354,2023-12-01,A_5mini_hot,0,,1000,0.0,-1.0
6354,2023-12-01,B_5mini_unseen,0,,1000,0.0,-1.0
6354,2023-12-01,C_4mini_1box_hot,0,,1000,0.0,-1.0
6354,2023-12-01,D_3mini_1box_1straight,0,,1000,0.0,-1.0
6354,2023-12-01,E_3mini_1set_1straight_prev,0,,1000,0.0,-1.0
6354,2023-12-01,F_5mini_random,0,,1000,0.0,-1.0
6355,2023-12-04,A_5mini_hot,0,,1000,0.0,-1.0
6355,2023-12-04,B_5mini_unseen,1,mini,1000,9000.0,8.0
6355,2023-12-04,C_4mini_1box_hot,0,,1000,0.0,-1.0
6355,2023-12-04,D_3mini_1box_1straight,0,,1000,0.0,-1.0
6355,2023-12-04,E_3mini_1set_1straight_prev,0,,1000,0.0,-1.0
6355,2023-12-04,F_5mini_random,0,,1000,0.0,-1.0
6356,2023-12-05,A_5mini_hot,0,,1000,0.0,-1.0
6356,2023-12-05,B_5mini_unseen,0,,1000,0.0,-1.0
6356,2023-12-05,C_4mini_1box_hot,0,,1000,0.0,-1.0
6356,2023-12-05,D_3mini_1box_1straight,0,,1000,0.0,-1.0
6356,2023-12-05,E_3mini_1set_1straight_prev,0,,1000,0.0,-1.0
6356,2023-12-05,F_5mini_random,0,,1000,0.0,-1.0
6357,2023-12-06,A_5mini_hot,0,,1000,0.0,-1.0
6357,2023-12-06,B_5mini_unseen,1,mini,1000,9000.0,8.0
6357,2023-12-06,C_4mini_1box_hot,0,,1000,0.0,-1.0
6357,2023-12-06,D_3mini_1box_1straight,0,,1000,0.0,-1.0
6357,2023-12-06,E_3mini_1set_1straight_prev,0,,1000,0.0,-1.0
6357,2023-12-06,F_5mini_random,0,,1000,0.0,-1.0
6358,2023-12-07,A_5mini_hot,1,mini,1000,9000.0,8.0
6358,2023-12-07,B_5mini_unseen,0,,1000,0.0,-1.0
6358,2023-12-07,C_4mini_1box_hot,1,mini,1000,9000.0,8.0
6358,2023-12-07,D_3mini_1box_1straight,1,mini,1000,9000.0,8.0
6358,2023-12-07,E_3mini_1set_1straight_prev,1,mini,1000,9000.0,8.0
6358,2023-12-07,F_5mini_random,0,,1000,0.0,-1.0
6359,2023-12-08,A_5mini_hot,0,,1000,0.0,-1.0
6359,2023-12-08,B_5mini_unseen,0,,1000,0.0,-1.0
6359,2023-12-08,C_4mini_1box_hot,0,,1000,0.0,-1.0
6359,2023-12-08,D_3mini_1box_1straight,0,,1000,0.0,-1.0
6359,2023-12-08,E_3mini_1set_1straight_prev,0,,1000,0.0,-1.0
6359,2023-12-08,F_5mini_random,0,,1000,0.0,-1.0
6360,2023-12-11,A_5mini_hot,0,,1000,0.0,-1.0
6360,2023-12-11,B_5mini_unseen,0,,1000,0.0,-1.0
6360,2023-12-11,C_4mini_1box_hot,0,,1000,0.0,-1.0
6360,2023-12-11,D_3mini_1box_1straight,0,,1000,0.0,-1.0
6360,2023-12-11,E_3mini_1set_1straight_prev,0,,1000,0.0,-1.0
6360,2023-12-11,F_5mini_random,0,,1000,0.0,-1.0
6361,2023-12-12,A_5mini_hot,0,,1000,0.0,-1.0
6361,2023-12-12,B_5mini_unseen,0,,1000,0.0,-1.0
6361,2023-12-12,C_4mini_1box_hot,0,,1000,0.0,-1.0
6361,2023-12-12,D_3mini_1box_1straight,0,,1000,0.0,-1.0
6361,2023-12-12,E_3mini_1set_1straight_prev,0,,1000,0.0,-1.0
6361,2023-12-12,F_5mini_random,0,,1000,0.0,-1.0
6362,2023-12-13,A_5mini_hot,0,,1000,0.0,-1.0
6362,2023-12-13,B_5mini_unseen,0,,1000,0.0,-1.0
6362,2023-12-13,C_4mini_1box_hot,0,,1000,0.0,-1.0
6362,2023-12-13,D_3mini_1box_1straight,0,,1000,0.0,-1.0
6362,2023-12-13,E_3mini_1set_1straight_prev,0,,1000,0.0,-1.0
6362,2023-12-13,F_5mini_random,0,,1000,0.0,-1.0
6363,2023-12-14,A_5mini_hot,0,,1000,0.0,-1.0
6363,2023-12-14,B_5mini_unseen,0,,1000,0.0,-1.0
6363,2023-12-14,C_4mini_1box_hot,0,,1000,0.0,-1.0
6363,2023-12-14,D_3mini_1box_1straight,0,,1000,0.0,-1.0
6363,2023-12-14,E_3mini_1set_1straight_prev,0,,1000,0.0,-1.0
6363,2023-12-14,F_5mini_random,0,,1000,0.0,-1.0
6364,2023-12-15,A_5mini_hot,0,,1000,0.0,-1.0
6364,2023-12-15,B_5mini_unseen,0,,1000,0.0,-1.0
6364,2023-12-15,C_4mini_1box_hot,0,,1000,0.0,-1.0
6364,2023-12-15,D_3mini_1box_1straight,0,,1000,0.0,-1.0
6364,2023-12-15,E_3mini_1set_1straight_prev,0,,1000,0.0,-1.0
6364,2023-12-15,F_5mini_random,0,,1000,0.0,-1.0
6365,2023-12-18,A_5mini_hot,0,,1000,0.0,-1.0
6365,2023-12-18,B_5mini_unseen,0,,1000,0.0,-1.0
6365,2023-12-18,C_4mini_1box_hot,0,,1000,0.0,-1.0
6365,2023-12-18,D_3mini_1box_1straight,0,,1000,0.0,-1.0
6365,2023-12-18,E_3mini_1set_1straight_prev,0,,1000,0.0,-1.0
6365,2023-12-18,F_5mini_random,0,,1000,0.0,-1.0
6366,2023-12-19,A_5mini_hot,0,,1000,0.0,-1.0
6366,2023-12-19,B_5mini_unseen,0,,1000,0.0,-1.0
6366,2023-12-19,C_4mini_1box_hot,0,,1000,0.0,-1.0
6366,2023-12-19,D_3mini_1box_1straight,0,,1000,0.0,-1.0
6366,2023-12-19,E_3mini_1set_1straight_prev,0,,1000,0.0,-1.0
6366,2023-12-19,F_5mini_random,0,,1000,0.0,-1.0
6367,2023-12-20,A_5mini_hot,0,,1000,0.0,-1.0
6367,2023-12-20,B_5mini_unseen,0,,1000,0.0,-1.0
6367,2023-12-20,C_4mini_1box_hot,0,,1000,0.0,-1.0
6367,2023-12-20,D_3mini_1box_1straight,0,,1000,0.0,-1.0
6367,2023-12-20,E_3mini_1set_1straight_prev,0,,1000,0.0,-1.0
6367,2023-12-20,F_5mini_random,0,,1000,0.0,-1.0
6368,2023-12-21,A_5mini_hot,0,,1000,0.0,-1.0
6368,2023-12-21,B_5mini_unseen,0,,1000,0.0,-1.0
6368,2023-12-21,C_4mini_1box_hot,0,,1000,0.0,-1.0
6368,2023-12-21,D_3mini_1box_1straight,0,,1000,0.0,-1.0
6368,2023-12-21,E_3mini_1set_1straight_prev,0,,1000,0.0,-1.0
6368,2023-12-21,F_5mini_random,0,,1000,0.0,-1.0
6369,2023-12-22,A_5mini_hot,0,,1000,0.0,-1.0
6369,2023-12-22,B_5mini_unseen,0,,1000,0.0,-1.0
6369,2023-12-22,C_4mini_1box_hot,0,,1000,0.0,-1.0
6369,2023-12-22,D_3mini_1box_1straight,0,,1000,0.0,-1.0
6369,2023-12-22,E_3mini_1set_1straight_prev,0,,1000,0.0,-1.0
6369,2023-12-22,F_5mini_random,0,,1000,0.0,-1.0
6370,2023-12-25,A_5mini_hot,1,mini,1000,9000.0,8.0
6370,2023-12-25,B_5mini_unseen,0,,1000,0.0,-1.0
6370,2023-12-25,C_4mini_1box_hot,1,mini,1000,9000.0,8.0
6370,2023-12-25,D_3mini_1box_1straight,1,mini,1000,9000.0,8.0
6370,2023-12-25,E_3mini_1set_1straight_prev,0,,1000,0.0,-1.0
6370,2023-12-25,F_5mini_random,0,,1000,0.0,-1.0
6371,2023-12-26,A_5mini_hot,0,,1000,0.0,-1.0
6371,2023-12-26,B_5mini_unseen,0,,1000,0.0,-1.0
6371,2023-12-26,C_4mini_1box_hot,0,,1000,0.0,-1.0
6371,2023-12-26,D_3mini_1box_1straight,0,,1000,0.0,-1.0
6371,2023-12-26,E_3mini_1set_1straight_prev,0,,1000,0.0,-1.0
6371,2023-12-26,F_5mini_random,0,,1000,0.0,-1.0
6372,2023-12-27,A_5mini_hot,0,,1000,0.0,-1.0
6372,2023-12-27,B_5mini_unseen,0,,1000,0.0,-1.0
6372,2023-12-27,C_4mini_1box_hot,0,,1000,0.0,-1.0
6372,2023-12-27,D_3mini_1box_1straight,0,,1000,0.0,-1.0
6372,2023-12-27,E_3mini_1set_1straight_prev,0,,1000,0.0,-1.0
6372,2023-12-27,F_5mini_random,0,,1000,0.0,-1.0
6373,2023-12-28,A_5mini_hot,0,,1000,0.0,-1.0
6373,2023-12-28,B_5mini_unseen,0,,1000,0.0,-1.0
6373,2023-12-28,C_4mini_1box_hot,0,,1000,0.0,-1.0
6373,2023-12-28,D_3mini_1box_1straight,0,,1000,0.0,-1.0
6373,2023-12-28,E_3mini_1set_1straight_prev,0,,1000,0.0,-1.0
6373,2023-12-28,F_5mini_random,0,,1000,0.0,-1.0
6374,2023-12-29,A_5mini_hot,0,,1000,0.0,-1.0
6374,2023-12-29,B_5mini_unseen,0,,1000,0.0,-1.0
6374,2023-12-29,C_4mini_1box_hot,0,,1000,0.0,-1.0
6374,2023-12-29,D_3mini_1box_1straight,0,,1000,0.0,-1.0
6374,2023-12-29,E_3mini_1set_1straight_prev,0,,1000,0.0,-1.0
6374,2023-12-29,F_5mini_random,0,,1000,0.0,-1.0
6375,2024-01-04,A_5mini_hot,0,,1000,0.0,-1.0
6375,2024-01-04,B_5mini_unseen,1,mini,1000,9000.0,8.0
6375,2024-01-04,C_4mini_1box_hot,0,,1000,0.0,-1.0
6375,2024-01-04,D_3mini_1box_1straight,0,,1000,0.0,-1.0
6375,2024-01-04,E_3mini_1set_1straight_prev,0,,1000,0.0,-1.0
6375,2024-01-04,F_5mini_random,0,,1000,0.0,-1.0
6376,2024-01-05,A_5mini_hot,0,,1000,0.0,-1.0
6376,2024-01-05,B_5mini_unseen,0,,1000,0.0,-1.0
6376,2024-01-05,C_4mini_1box_hot,0,,1000,0.0,-1.0
6376,2024-01-05,D_3mini_1box_1straight,0,,1000,0.0,-1.0
6376,2024-01-05,E_3mini_1set_1straight_prev,0,,1000,0.0,-1.0
6376,2024-01-05,F_5mini_random,1,mini,1000,9000.0,8.0
6377,2024-01-08,A_5mini_hot,0,,1000,0.0,-1.0
6377,2024-01-08,B_5mini_unseen,0,,1000,0.0,-1.0
6377,2024-01-08,C_4mini_1box_hot,0,,1000,0.0,-1.0
6377,2024-01-08,D_3mini_1box_1straight,0,,1000,0.0,-1.0
6377,2024-01-08,E_3mini_1set_1straight_prev,0,,1000,0.0,-1.0
6377,2024-01-08,F_5mini_random,1,mini,1000,9000.0,8.0
6378,2024-01-09,A_5mini_hot,0,,1000,0.0,-1.0
6378,2024-01-09,B_5mini_unseen,0,,1000,0.0,-1.0
6378,2024-01-09,C_4mini_1box_hot,0,,1000,0.0,-1.0
6378,2024-01-09,D_3mini_1box_1straight,0,,1000,0.0,-1.0
6378,2024-01-09,E_3mini_1set_1straight_prev,0,,1000,0.0,-1.0
6378,2024-01-09,F_5mini_random,1,mini,1000,9000.0,8.0
6379,2024-01-10,A_5mini_hot,0,,1000,0.0,-1.0
6379,2024-01-10,B_5mini_unseen,0,,1000,0.0,-1.0
6379,2024-01-10,C_4mini_1box_hot,0,,1000,0.0,-1.0
6379,2024-01-10,D_3mini_1box_1straight,0,,1000,0.0,-1.0
6379,2024-01-10,E_3mini_1set_1straight_prev,0,,1000,0.0,-1.0
6379,2024-01-10,F_5mini_random,0,,1000,0.0,-1.0
6380,2024-01-11,A_5mini_hot,0,,1000,0.0,-1.0
6380,2024-01-11,B_5mini_unseen,0,,1000,0.0,-1.0
6380,2024-01-11,C_4mini_1box_hot,0,,1000,0.0,-1.0
6380,2024-01-11,D_3mini_1box_1straight,0,,1000,0.0,-1.0
6380,2024-01-11,E_3mini_1set_1straight_prev,0,,1000,0.0,-1.0
6380,2024-01-11,F_5mini_random,0,,1000,0.0,-1.0
6381,2024-01-12,A_5mini_hot,0,,1000,0.0,-1.0
6381,2024-01-12,B_5mini_unseen,0,,1000,0.0,-1.0
6381,2024-01-12,C_4mini_1box_hot,0,,1000,0.0,-1.0
6381,2024-01-12,D_3mini_1box_1straight,0,,1000,0.0,-1.0
6381,2024-01-12,E_3mini_1set_1straight_prev,0,,1000,0.0,-1.0
6381,2024-01-12,F_5mini_random,0,,1000,0.0,-1.0
6382,2024-01-15,A_5mini_hot,0,,1000,0.0,-1.0
6382,2024-01-15,B_5mini_unseen,0,,1000,0.0,-1.0
6382,2024-01-15,C_4mini_1box_hot,0,,1000,0.0,-1.0
6382,2024-01-15,D_3mini_1box_1straight,0,,1000,0.0,-1.0
6382,2024-01-15,E_3mini_1set_1straight_prev,0,,1000,0.0,-1.0
6382,2024-01-15,F_5mini_random,1,mini,1000,9000.0,8.0
6383,2024-01-16,A_5mini_hot,0,,1000,0.0,-1.0
6383,2024-01-16,B_5mini_unseen,0,,1000,0.0,-1.0
6383,2024-01-16,C_4mini_1box_hot,0,,1000,0.0,-1.0
6383,2024-01-16,D_3mini_1box_1straight,0,,1000,0.0,-1.0
6383,2024-01-16,E_3mini_1set_1straight_prev,0,,1000,0.0,-1.0
6383,2024-01-16,F_5mini_random,0,,1000,0.0,-1.0
6384,2024-01-17,A_5mini_hot,0,,1000,0.0,-1.0
6384,2024-01-17,B_5mini_unseen,0,,1000,0.0,-1.0
6384,2024-01-17,C_4mini_1box_hot,0,,1000,0.0,-1.0
6384,2024-01-17,D_3mini_1box_1straight,0,,1000,0.0,-1.0
6384,2024-01-17,E_3mini_1set_1straight_prev,0,,1000,0.0,-1.0
6384,2024-01-17,F_5mini_random,0,,1000,0.0,-1.0
6385,2024-01-18,A_5mini_hot,1,mini,1000,9000.0,8.0
6385,2024-01-18,B_5mini_unseen,0,,1000,0.0,-1.0
6385,2024-01-18,C_4mini_1box_hot,1,mini,1000,9000.0,8.0
6385,2024-01-18,D_3mini_1box_1straight,1,mini,1000,9000.0,8.0
6385,2024-01-18,E_3mini_1set_1straight_prev,0,,1000,0.0,-1.0
6385,2024-01-18,F_5mini_random,0,,1000,0.0,-1.0
6386,2024-01-19,A_5mini_hot,0,,1000,0.0,-1.0
6386,2024-01-19,B_5mini_unseen,0,,1000,0.0,-1.0
6386,2024-01-19,C_4mini_1box_hot,0,,1000,0.0,-1.0
6386,2024-01-19,D_3mini_1box_1straight,0,,1000,0.0,-1.0
6386,2024-01-19,E_3mini_1set_1straight_prev,0,,1000,0.0,-1.0
6386,2024-01-19,F_5mini_random,0,,1000,0.0,-1.0
6387,2024-01-22,A_5mini_hot,0,,1000,0.0,-1.0
6387,2024-01-22,B_5mini_unseen,0,,1000,0.0,-1.0
6387,2024-01-22,C_4mini_1box_hot,0,,1000,0.0,-1.0
6387,2024-01-22,D_3mini_1box_1straight,0,,1000,0.0,-1.0
6387,2024-01-22,E_3mini_1set_1straight_prev,0,,1000,0.0,-1.0
6387,2024-01-22,F_5mini_random,0,,1000,0.0,-1.0
6388,2024-01-23,A_5mini_hot,0,,1000,0.0,-1.0
6388,2024-01-23,B_5mini_unseen,0,,1000,0.0,-1.0
6388,2024-01-23,C_4mini_1box_hot,0,,1000,0.0,-1.0
6388,2024-01-23,D_3mini_1box_1straight,0,,1000,0.0,-1.0
6388,2024-01-23,E_3mini_1set_1straight_prev,0,,1000,0.0,-1.0
6388,2024-01-23,F_5mini_random,0,,1000,0.0,-1.0
6389,2024-01-24,A_5mini_hot,0,,1000,0.0,-1.0
6389,2024-01-24,B_5mini_unseen,0,,1000,0.0,-1.0
6389,2024-01-24,C_4mini_1box_hot,0,,1000,0.0,-1.0
6389,2024-01-24,D_3mini_1box_1straight,0,,1000,0.0,-1.0
6389,2024-01-24,E_3mini_1set_1straight_prev,0,,1000,0.0,-1.0
6389,2024-01-24,F_5mini_random,0,,1000,0.0,-1.0
6390,2024-01-25,A_5mini_hot,0,,1000,0.0,-1.0
6390,2024-01-25,B_5mini_unseen,0,,1000,0.0,-1.0
6390,2024-01-25,C_4mini_1box_hot,0,,1000,0.0,-1.0
6390,2024-01-25,D_3mini_1box_1straight,0,,1000,0.0,-1.0
6390,2024-01-25,E_3mini_1set_1straight_prev,0,,1000,0.0,-1.0
6390,2024-01-25,F_5mini_random,0,,1000,0.0,-1.0
6391,2024-01-26,A_5mini_hot,0,,1000,0.0,-1.0
6391,2024-01-26,B_5mini_unseen,1,mini,1000,9000.0,8.0
6391,2024-01-26,C_4mini_1box_hot,0,,1000,0.0,-1.0
6391,2024-01-26,D_3mini_1box_1straight,0,,1000,0.0,-1.0
6391,2024-01-26,E_3mini_1set_1straight_prev,0,,1000,0.0,-1.0
6391,2024-01-26,F_5mini_random,0,,1000,0.0,-1.0
6392,2024-01-29,A_5mini_hot,0,,1000,0.0,-1.0
6392,2024-01-29,B_5mini_unseen,0,,1000,0.0,-1.0
6392,2024-01-29,C_4mini_1box_hot,0,,1000,0.0,-1.0
6392,2024-01-29,D_3mini_1box_1straight,0,,1000,0.0,-1.0
6392,2024-01-29,E_3mini_1set_1straight_prev,0,,1000,0.0,-1.0
6392,2024-01-29,F_5mini_random,0,,1000,0.0,-1.0
6393,2024-01-30,A_5mini_hot,0,,1000,0.0,-1.0
6393,2024-01-30,B_5mini_unseen,0,,1000,0.0,-1.0
6393,2024-01-30,C_4mini_1box_hot,0,,1000,0.0,-1.0
6393,2024-01-30,D_3mini_1box_1straight,0,,1000,0.0,-1.0
6393,2024-01-30,E_3mini_1set_1straight_prev,0,,1000,0.0,-1.0
6393,2024-01-30,F_5mini_random,0,,1000,0.0,-1.0
6394,2024-01-31,A_5mini_hot,0,,1000,0.0,-1.0
6394,2024-01-31,B_5mini_unseen,0,,1000,0.0,-1.0
6394,2024-01-31,C_4mini_1box_hot,0,,1000,0.0,-1.0
6394,2024-01-31,D_3mini_1box_1straight,0,,1000,0.0,-1.0
6394,2024-01-31,E_3mini_1set_1straight_prev,0,,1000,0.0,-1.0
6394,2024-01-31,F_5mini_random,0,,1000,0.0,-1.0
6395,2024-02-01,A_5mini_hot,0,,1000,0.0,-1.0
6395,2024-02-01,B_5mini_unseen,0,,1000,0.0,-1.0
6395,2024-02-01,C_4mini_1box_hot,0,,1000,0.0,-1.0
6395,2024-02-01,D_3mini_1box_1straight,0,,1000,0.0,-1.0
6395,2024-02-01,E_3mini_1set_1straight_prev,0,,1000,0.0,-1.0
6395,2024-02-01,F_5mini_random,0,,1000,0.0,-1.0
6396,2024-02-02,A_5mini_hot,0,,1000,0.0,-1.0
6396,2024-02-02,B_5mini_unseen,0,,1000,0.0,-1.0
6396,2024-02-02,C_4mini_1box_hot,0,,1000,0.0,-1.0
6396,2024-02-02,D_3mini_1box_1straight,0,,1000,0.0,-1.0
6396,2024-02-02,E_3mini_1set_1straight_prev,0,,1000,0.0,-1.0
6396,2024-02-02,F_5mini_random,1,mini,1000,9000.0,8.0
6397,2024-02-05,A_5mini_hot,0,,1000,0.0,-1.0
6397,2024-02-05,B_5mini_unseen,0,,1000,0.0,-1.0
6397,2024-02-05,C_4mini_1box_hot,0,,1000,0.0,-1.0
6397,2024-02-05,D_3mini_1box_1straight,0,,1000,0.0,-1.0
6397,2024-02-05,E_3mini_1set_1straight_prev,0,,1000,0.0,-1.0
6397,2024-02-05,F_5mini_random,0,,1000,0.0,-1.0
6398,2024-02-06,A_5mini_hot,0,,1000,0.0,-1.0
6398,2024-02-06,B_5mini_unseen,0,,1000,0.0,-1.0
6398,2024-02-06,C_4mini_1box_hot,0,,1000,0.0,-1.0
6398,2024-02-06,D_3mini_1box_1straight,0,,1000,0.0,-1.0
6398,2024-02-06,E_3mini_1set_1straight_prev,0,,1000,0.0,-1.0
6398,2024-02-06,F_5mini_random,0,,1000,0.0,-1.0
6399,2024-02-07,A_5mini_hot,0,,1000,0.0,-1.0
6399,2024-02-07,B_5mini_unseen,0,,1000,0.0,-1.0
6399,2024-02-07,C_4mini_1box_hot,0,,1000,0.0,-1.0
6399,2024-02-07,D_3mini_1box_1straight,0,,1000,0.0,-1.0
6399,2024-02-07,E_3mini_1set_1straight_prev,0,,1000,0.0,-1.0
6399,2024-02-07,F_5mini_random,0,,1000,0.0,-1.0
6400,2024-02-08,A_5mini_hot,0,,1000,0.0,-1.0
6400,2024-02-08,B_5mini_unseen,0,,1000,0.0,-1.0
6400,2024-02-08,C_4mini_1box_hot,0,,1000,0.0,-1.0
6400,2024-02-08,D_3mini_1box_1straight,0,,1000,0.0,-1.0
6400,2024-02-08,E_3mini_1set_1straight_prev,0,,1000,0.0,-1.0
6400,2024-02-08,F_5mini_random,0,,1000,0.0,-1.0
6401,2024-02-09,A_5mini_hot,0,,1000,0.0,-1.0
6401,2024-02-09,B_5mini_unseen,0,,1000,0.0,-1.0
6401,2024-02-09,C_4mini_1box_hot,0,,1000,0.0,-1.0
6401,2024-02-09,D_3mini_1box_1straight,0,,1000,0.0,-1.0
6401,2024-02-09,E_3mini_1set_1straight_prev,0,,1000,0.0,-1.0
6401,2024-02-09,F_5mini_random,0,,1000,0.0,-1.0
6402,2024-02-12,A_5mini_hot,0,,1000,0.0,-1.0
6402,2024-02-12,B_5mini_unseen,0,,1000,0.0,-1.0
6402,2024-02-12,C_4mini_1box_hot,0,,1000,0.0,-1.0
6402,2024-02-12,D_3mini_1box_1straight,0,,1000,0.0,-1.0
6402,2024-02-12,E_3mini_1set_1straight_prev,0,,1000,0.0,-1.0
6402,2024-02-12,F_5mini_random,0,,1000,0.0,-1.0
6403,2024-02-13,A_5mini_hot,0,,1000,0.0,-1.0
6403,2024-02-13,B_5mini_unseen,0,,1000,0.0,-1.0
6403,2024-02-13,C_4mini_1box_hot,0,,1000,0.0,-1.0
6403,2024-02-13,D_3mini_1box_1straight,0,,1000,0.0,-1.0
6403,2024-02-13,E_3mini_1set_1straight_prev,0,,1000,0.0,-1.0
6403,2024-02-13,F_5mini_random,0,,1000,0.0,-1.0
6404,2024-02-14,A_5mini_hot,0,,1000,0.0,-1.0
6404,2024-02-14,B_5mini_unseen,0,,1000,0.0,-1.0
6404,2024-02-14,C_4mini_1box_hot,0,,1000,0.0,-1.0
6404,2024-02-14,D_3mini_1box_1straight,0,,1000,0.0,-1.0
6404,2024-02-14,E_3mini_1set_1straight_prev,0,,1000,0.0,-1.0
6404,2024-02-14,F_5mini_random,0,,1000,0.0,-1.0
6405,2024-02-15,A_5mini_hot,0,,1000,0.0,-1.0
6405,2024-02-15,B_5mini_unseen,0,,1000,0.0,-1.0
6405,2024-02-15,C_4mini_1box_hot,0,,1000,0.0,-1.0
6405,2024-02-15,D_3mini_1box_1straight,0,,1000,0.0,-1.0
6405,2024-02-15,E_3mini_1set_1straight_prev,0,,1000,0.0,-1.0
6405,2024-02-15,F_5mini_random,0,,1000,0.0,-1.0
6406,2024-02-16,A_5mini_hot,0,,1000,0.0,-1.0
6406,2024-02-16,B_5mini_unseen,0,,1000,0.0,-1.0
6406,2024-02-16,C_4mini_1box_hot,0,,1000,0.0,-1.0
6406,2024-02-16,D_3mini_1box_1straight,0,,1000,0.0,-1.0
6406,2024-02-16,E_3mini_1set_1straight_prev,0,,1000,0.0,-1.0
6406,2024-02-16,F_5mini_random,0,,1000,0.0,-1.0
6407,2024-02-19,A_5mini_hot,0,,1000,0.0,-1.0
6407,2024-02-19,B_5mini_unseen,0,,1000,0.0,-1.0
6407,2024-02-19,C_4mini_1box_hot,0,,1000,0.0,-1.0
6407,2024-02-19,D_3mini_1box_1straight,0,,1000,0.0,-1.0
6407,2024-02-19,E_3mini_1set_1straight_prev,0,,1000,0.0,-1.0
6407,2024-02-19,F_5mini_random,0,,1000,0.0,-1.0
6408,2024-02-20,A_5mini_hot,0,,1000,0.0,-1.0
6408,2024-02-20,B_5mini_unseen,0,,1000,0.0,-1.0
6408,2024-02-20,C_4mini_1box_hot,0,,1000,0.0,-1.0
6408,2024-02-20,D_3mini_1box_1straight,0,,1000,0.0,-1.0
6408,2024-02-20,E_3mini_1set_1straight_prev,0,,1000,0.0,-1.0
6408,2024-02-20,F_5mini_random,0,,1000,0.0,-1.0
6409,2024-02-21,A_5mini_hot,0,,1000,0.0,-1.0
6409,2024-02-21,B_5mini_unseen,1,mini,1000,9000.0,8.0
6409,2024-02-21,C_4mini_1box_hot,0,,1000,0.0,-1.0
6409,2024-02-21,D_3mini_1box_1straight,0,,1000,0.0,-1.0
6409,2024-02-21,E_3mini_1set_1straight_prev,0,,1000,0.0,-1.0
6409,2024-02-21,F_5mini_random,0,,1000,0.0,-1.0
6410,2024-02-22,A_5mini_hot,0,,1000,0.0,-1.0
6410,2024-02-22,B_5mini_unseen,0,,1000,0.0,-1.0
6410,2024-02-22,C_4mini_1box_hot,0,,1000,0.0,-1.0
6410,2024-02-22,D_3mini_1box_1straight,0,,1000,0.0,-1.0
6410,2024-02-22,E_3mini_1set_1straight_prev,0,,1000,0.0,-1.0
6410,2024-02-22,F_5mini_random,0,,1000,0.0,-1.0
6411,2024-02-23,A_5mini_hot,0,,1000,0.0,-1.0
6411,2024-02-23,B_5mini_unseen,0,,1000,0.0,-1.0
6411,2024-02-23,C_4mini_1box_hot,0,,1000,0.0,-1.0
6411,2024-02-23,D_3mini_1box_1straight,0,,1000,0.0,-1.0
6411,2024-02-23,E_3mini_1set_1straight_prev,0,,1000,0.0,-1.0
6411,2024-02-23,F_5mini_random,0,,1000,0.0,-1.0
6412,2024-02-26,A_5mini_hot,0,,1000,0.0,-1.0
6412,2024-02-26,B_5mini_unseen,0,,1000,0.0,-1.0
6412,2024-02-26,C_4mini_1box_hot,0,,1000,0.0,-1.0
6412,2024-02-26,D_3mini_1box_1straight,0,,1000,0.0,-1.0
6412,2024-02-26,E_3mini_1set_1straight_prev,1,"mini,straight",1000,99000.0,98.0
6412,2024-02-26,F_5mini_random,0,,1000,0.0,-1.0
6413,2024-02-27,A_5mini_hot,0,,1000,0.0,-1.0
6413,2024-02-27,B_5mini_unseen,0,,1000,0.0,-1.0
6413,2024-02-27,C_4mini_1box_hot,0,,1000,0.0,-1.0
6413,2024-02-27,D_3mini_1box_1straight,0,,1000,0.0,-1.0
6413,2024-02-27,E_3mini_1set_1straight_prev,0,,1000,0.0,-1.0
6413,2024-02-27,F_5mini_random,0,,1000,0.0,-1.0
6414,2024-02-28,A_5mini_hot,0,,1000,0.0,-1.0
6414,2024-02-28,B_5mini_unseen,0,,1000,0.0,-1.0
6414,2024-02-28,C_4mini_1box_hot,0,,1000,0.0,-1.0
6414,2024-02-28,D_3mini_1box_1straight,0,,1000,0.0,-1.0
6414,2024-02-28,E_3mini_1set_1straight_prev,0,,1000,0.0,-1.0
6414,2024-02-28,F_5mini_random,0,,1000,0.0,-1.0
6415,2024-02-29,A_5mini_hot,0,,1000,0.0,-1.0
6415,2024-02-29,B_5mini_unseen,0,,1000,0.0,-1.0
6415,2024-02-29,C_4mini_1box_hot,0,,1000,0.0,-1.0
6415,2024-02-29,D_3mini_1box_1straight,0,,1000,0.0,-1.0
6415,2024-02-29,E_3mini_1set_1straight_prev,0,,1000,0.0,-1.0
6415,2024-02-29,F_5mini_random,1,mini,1000,9000.0,8.0
6416,2024-03-01,A_5mini_hot,0,,1000,0.0,-1.0
6416,2024-03-01,B_5mini_unseen,0,,1000,0.0,-1.0
6416,2024-03-01,C_4mini_1box_hot,0,,1000,0.0,-1.0
6416,2024-03-01,D_3mini_1box_1straight,0,,1000,0.0,-1.0
6416,2024-03-01,E_3mini_1set_1straight_prev,0,,1000,0.0,-1.0
6416,2024-03-01,F_5mini_random,0,,1000,0.0,-1.0
6417,2024-03-04,A_5mini_hot,0,,1000,0.0,-1.0
6417,2024-03-04,B_5mini_unseen,0,,1000,0.0,-1.0
6417,2024-03-04,C_4mini_1box_hot,0,,1000,0.0,-1.0
6417,2024-03-04,D_3mini_1box_1straight,0,,1000,0.0,-1.0
6417,2024-03-04,E_3mini_1set_1straight_prev,0,,1000,0.0,-1.0
6417,2024-03-04,F_5mini_random,0,,1000,0.0,-1.0
6418,2024-03-05,A_5mini_hot,0,,1000,0.0,-1.0
6418,2024-03-05,B_5mini_unseen,0,,1000,0.0,-1.0
6418,2024-03-05,C_4mini_1box_hot,0,,1000,0.0,-1.0
6418,2024-03-05,D_3mini_1box_1straight,0,,1000,0.0,-1.0
6418,2024-03-05,E_3mini_1set_1straight_prev,0,,1000,0.0,-1.0
6418,2024-03-05,F_5mini_random,0,,1000,0.0,-1.0
6419,2024-03-06,A_5mini_hot,0,,1000,0.0,-1.0
6419,2024-03-06,B_5mini_unseen,0,,1000,0.0,-1.0
6419,2024-03-06,C_4mini_1box_hot,0,,1000,0.0,-1.0
6419,2024-03-06,D_3mini_1box_1straight,0,,1000,0.0,-1.0
6419,2024-03-06,E_3mini_1set_1straight_prev,0,,1000,0.0,-1.0
6419,2024-03-06,F_5mini_random,0,,1000,0.0,-1.0
6420,2024-03-07,A_5mini_hot,0,,1000,0.0,-1.0
6420,2024-03-07,B_5mini_unseen,0,,1000,0.0,-1.0
6420,2024-03-07,C_4mini_1box_hot,0,,1000,0.0,-1.0
6420,2024-03-07,D_3mini_1box_1straight,0,,1000,0.0,-1.0
6420,2024-03-07,E_3mini_1set_1straight_prev,0,,1000,0.0,-1.0
6420,2024-03-07,F_5mini_random,0,,1000,0.0,-1.0
6421,2024-03-08,A_5mini_hot,0,,1000,0.0,-1.0
6421,2024-03-08,B_5mini_unseen,0,,1000,0.0,-1.0
6421,2024-03-08,C_4mini_1box_hot,0,,1000,0.0,-1.0
6421,2024-03-08,D_3mini_1box_1straight,0,,1000,0.0,-1.0
6421,2024-03-08,E_3mini_1set_1straight_prev,0,,1000,0.0,-1.0
6421,2024-03-08,F_5mini_random,0,,1000,0.0,-1.0
6422,2024-03-11,A_5mini_hot,0,,1000,0.0,-1.0
6422,2024-03-11,B_5mini_unseen,0,,1000,0.0,-1.0
6422,2024-03-11,C_4mini_1box_hot,0,,1000,0.0,-1.0
6422,2024-03-11,D_3mini_1box_1straight,0,,1000,0.0,-1.0
6422,2024-03-11,E_3mini_1set_1straight_prev,0,,1000,0.0,-1.0
6422,2024-03-11,F_5mini_random,0,,1000,0.0,-1.0
6423,2024-03-12,A_5mini_hot,0,,1000,0.0,-1.0
6423,2024-03-12,B_5mini_unseen,0,,1000,0.0,-1.0
6423,2024-03-12,C_4mini_1box_hot,0,,1000,0.0,-1.0
6423,2024-03-12,D_3mini_1box_1straight,0,,1000,0.0,-1.0
6423,2024-03-12,E_3mini_1set_1straight_prev,0,,1000,0.0,-1.0
6423,2024-03-12,F_5mini_random,1,mini,1000,9000.0,8.0
6424,2024-03-13,A_5mini_hot,0,,1000,0.0,-1.0
6424,2024-03-13,B_5mini_unseen,0,,1000,0.0,-1.0
6424,2024-03-13,C_4mini_1box_hot,0,,1000,0.0,-1.0
6424,2024-03-13,D_3mini_1box_1straight,0,,1000,0.0,-1.0
6424,2024-03-13,E_3mini_1set_1straight_prev,0,,1000,0.0,-1.0
6424,2024-03-13,F_5mini_random,0,,1000,0.0,-1.0
6425,2024-03-14,A_5mini_hot,1,mini,1000,9000.0,8.0
6425,2024-03-14,B_5mini_unseen,0,,1000,0.0,-1.0
6425,2024-03-14,C_4mini_1box_hot,1,mini,1000,9000.0,8.0
6425,2024-03-14,D_3mini_1box_1straight,0,,1000,0.0,-1.0
6425,2024-03-14,E_3mini_1set_1straight_prev,0,,1000,0.0,-1.0
6425,2024-03-14,F_5mini_random,0,,1000,0.0,-1.0
6426,2024-03-15,A_5mini_hot,0,,1000,0.0,-1.0
6426,2024-03-15,B_5mini_unseen,0,,1000,0.0,-1.0
6426,2024-03-15,C_4mini_1box_hot,0,,1000,0.0,-1.0
6426,2024-03-15,D_3mini_1box_1straight,0,,1000,0.0,-1.0
6426,2024-03-15,E_3mini_1set_1straight_prev,0,,1000,0.0,-1.0
6426,2024-03-15,F_5mini_random,0,,1000,0.0,-1.0
6427,2024-03-18,A_5mini_hot,0,,1000,0.0,-1.0
6427,2024-03-18,B_5mini_unseen,0,,1000,0.0,-1.0
6427,2024-03-18,C_4mini_1box_hot,0,,1000,0.0,-1.0
6427,2024-03-18,D_3mini_1box_1straight,0,,1000,0.0,-1.0
6427,2024-03-18,E_3mini_1set_1straight_prev,0,,1000,0.0,-1.0
6427,2024-03-18,F_5mini_random,0,,1000,0.0,-1.0
6428,2024-03-19,A_5mini_hot,1,mini,1000,9000.0,8.0
6428,2024-03-19,B_5mini_unseen,0,,1000,0.0,-1.0
6428,2024-03-19,C_4mini_1box_hot,0,,1000,0.0,-1.0
6428,2024-03-19,D_3mini_1box_1straight,0,,1000,0.0,-1.0
6428,2024-03-19,E_3mini_1set_1straight_prev,0,,1000,0.0,-1.0
6428,2024-03-19,F_5mini_random,0,,1000,0.0,-1.0
6429,2024-03-20,A_5mini_hot,0,,1000,0.0,-1.0
6429,2024-03-20,B_5mini_unseen,0,,1000,0.0,-1.0
6429,2024-03-20,C_4mini_1box_hot,0,,1000,0.0,-1.0
6429,2024-03-20,D_3mini_1box_1straight,0,,1000,0.0,-1.0
6429,2024-03-20,E_3mini_1set_1straight_prev,0,,1000,0.0,-1.0
6429,2024-03-20,F_5mini_random,0,,1000,0.0,-1.0
6430,2024-03-21,A_5mini_hot,0,,1000,0.0,-1.0
6430,2024-03-21,B_5mini_unseen,0,,1000,0.0,-1.0
6430,2024-03-21,C_4mini_1box_hot,0,,1000,0.0,-1.0
6430,2024-03-21,D_3mini_1box_1straight,0,,1000,0.0,-1.0
6430,2024-03-21,E_3mini_1set_1straight_prev,0,,1000,0.0,-1.0
6430,2024-03-21,F_5mini_random,0,,1000,0.0,-1.0
6431,2024-03-22,A_5mini_hot,0,,1000,0.0,-1.0
6431,2024-03-22,B_5mini_unseen,0,,1000,0.0,-1.0
6431,2024-03-22,C_4mini_1box_hot,0,,1000,0.0,-1.0
6431,2024-03-22,D_3mini_1box_1straight,0,,1000,0.0,-1.0
6431,2024-03-22,E_3mini_1set_1straight_prev,0,,1000,0.0,-1.0
6431,2024-03-22,F_5mini_random,0,,1000,0.0,-1.0
6432,2024-03-25,A_5mini_hot,1,mini,1000,9000.0,8.0
6432,2024-03-25,B_5mini_unseen,0,,1000,0.0,-1.0
6432,2024-03-25,C_4mini_1box_hot,1,mini,1000,9000.0,8.0
6432,2024-03-25,D_3mini_1box_1straight,1,mini,1000,9000.0,8.0
6432,2024-03-25,E_3mini_1set_1straight_prev,0,,1000,0.0,-1.0
6432,2024-03-25,F_5mini_random,0,,1000,0.0,-1.0
6433,2024-03-26,A_5mini_hot,0,,1000,0.0,-1.0
6433,2024-03-26,B_5mini_unseen,0,,1000,0.0,-1.0
6433,2024-03-26,C_4mini_1box_hot,0,,1000,0.0,-1.0
6433,2024-03-26,D_3mini_1box_1straight,0,,1000,0.0,-1.0
6433,2024-03-26,E_3mini_1set_1straight_prev,0,,1000,0.0,-1.0
6433,2024-03-26,F_5mini_random,0,,1000,0.0,-1.0
6434,2024-03-27,A_5mini_hot,0,,1000,0.0,-1.0
6434,2024-03-27,B_5mini_unseen,0,,1000,0.0,-1.0
6434,2024-03-27,C_4mini_1box_hot,0,,1000,0.0,-1.0
6434,2024-03-27,D_3mini_1box_1straight,0,,1000,0.0,-1.0
6434,2024-03-27,E_3mini_1set_1straight_prev,0,,1000,0.0,-1.0
6434,2024-03-27,F_5mini_random,0,,1000,0.0,-1.0
6435,2024-03-28,A_5mini_hot,0,,1000,0.0,-1.0
6435,2024-03-28,B_5mini_unseen,0,,1000,0.0,-1.0
6435,2024-03-28,C_4mini_1box_hot,0,,1000,0.0,-1.0
6435,2024-03-28,D_3mini_1box_1straight,0,,1000,0.0,-1.0
6435,2024-03-28,E_3mini_1set_1straight_prev,0,,1000,0.0,-1.0
6435,2024-03-28,F_5mini_random,0,,1000,0.0,-1.0
6436,2024-03-29,A_5mini_hot,0,,1000,0.0,-1.0
6436,2024-03-29,B_5mini_unseen,0,,1000,0.0,-1.0
6436,2024-03-29,C_4mini_1box_hot,0,,1000,0.0,-1.0
6436,2024-03-29,D_3mini_1box_1straight,0,,1000,0.0,-1.0
6436,2024-03-29,E_3mini_1set_1straight_prev,0,,1000,0.0,-1.0
6436,2024-03-29,F_5mini_random,0,,1000,0.0,-1.0
6437,2024-04-01,A_5mini_hot,0,,1000,0.0,-1.0
6437,2024-04-01,B_5mini_unseen,1,mini,1000,9000.0,8.0
6437,2024-04-01,C_4mini_1box_hot,0,,1000,0.0,-1.0
6437,2024-04-01,D_3mini_1box_1straight,0,,1000,0.0,-1.0
6437,2024-04-01,E_3mini_1set_1straight_prev,0,,1000,0.0,-1.0
6437,2024-04-01,F_5mini_random,0,,1000,0.0,-1.0
6438,2024-04-02,A_5mini_hot,0,,1000,0.0,-1.0
6438,2024-04-02,B_5mini_unseen,0,,1000,0.0,-1.0
6438,2024-04-02,C_4mini_1box_hot,0,,1000,0.0,-1.0
6438,2024-04-02,D_3mini_1box_1straight,0,,1000,0.0,-1.0
6438,2024-04-02,E_3mini_1set_1straight_prev,0,,1000,0.0,-1.0
6438,2024-04-02,F_5mini_random,0,,1000,0.0,-1.0
6439,2024-04-03,A_5mini_hot,0,,1000,0.0,-1.0
6439,2024-04-03,B_5mini_unseen,0,,1000,0.0,-1.0
6439,2024-04-03,C_4mini_1box_hot,0,,1000,0.0,-1.0
6439,2024-04-03,D_3mini_1box_1straight,0,,1000,0.0,-1.0
6439,2024-04-03,E_3mini_1set_1straight_prev,0,,1000,0.0,-1.0
6439,2024-04-03,F_5mini_random,0,,1000,0.0,-1.0
6440,2024-04-04,A_5mini_hot,0,,1000,0.0,-1.0
6440,2024-04-04,B_5mini_unseen,0,,1000,0.0,-1.0
6440,2024-04-04,C_4mini_1box_hot,0,,1000,0.0,-1.0
6440,2024-04-04,D_3mini_1box_1straight,0,,1000,0.0,-1.0
6440,2024-04-04,E_3mini_1set_1straight_prev,0,,1000,0.0,-1.0
6440,2024-04-04,F_5mini_random,0,,1000,0.0,-1.0
6441,2024-04-05,A_5mini_hot,0,,1000,0.0,-1.0
6441,2024-04-05,B_5mini_unseen,0,,1000,0.0,-1.0
6441,2024-04-05,C_4mini_1box_hot,0,,1000,0.0,-1.0
6441,2024-04-05,D_3mini_1box_1straight,0,,1000,0.0,-1.0
6441,2024-04-05,E_3mini_1set_1straight_prev,0,,1000,0.0,-1.0
6441,2024-04-05,F_5mini_random,0,,1000,0.0,-1.0
6442,2024-04-08,A_5mini_hot,0,,1000,0.0,-1.0
6442,2024-04-08,B_5mini_unseen,0,,1000,0.0,-1.0
6442,2024-04-08,C_4mini_1box_hot,0,,1000,0.0,-1.0
6442,2024-04-08,D_3mini_1box_1straight,0,,1000,0.0,-1.0
6442,2024-04-08,E_3mini_1set_1straight_prev,0,,1000,0.0,-1.0
6442,2024-04-08,F_5mini_random,0,,1000,0.0,-1.0
6443,2024-04-09,A_5mini_hot,0,,1000,0.0,-1.0
6443,2024-04-09,B_5mini_unseen,0,,1000,0.0,-1.0
6443,2024-04-09,C_4mini_1box_hot,0,,1000,0.0,-1.0
6443,2024-04-09,D_3mini_1box_1straight,0,,1000,0.0,-1.0
6443,2024-04-09,E_3mini_1set_1straight_prev,0,,1000,0.0,-1.0
6443,2024-04-09,F_5mini_random,0,,1000,0.0,-1.0
6444,2024-04-10,A_5mini_hot,0,,1000,0.0,-1.0
6444,2024-04-10,B_5mini_unseen,0,,1000,0.0,-1.0
6444,2024-04-10,C_4mini_1box_hot,0,,1000,0.0,-1.0
6444,2024-04-10,D_3mini_1box_1straight,0,,1000,0.0,-1.0
6444,2024-04-10,E_3mini_1set_1straight_prev,0,,1000,0.0,-1.0
6444,2024-04-10,F_5mini_random,0,,1000,0.0,-1.0
6445,2024-04-11,A_5mini_hot,0,,1000,0.0,-1.0
6445,2024-04-11,B_5mini_unseen,0,,1000,0.0,-1.0
6445,2024-04-11,C_4mini_1box_hot,0,,1000,0.0,-1.0
6445,2024-04-11,D_3mini_1box_1straight,0,,1000,0.0,-1.0
6445,2024-04-11,E_3mini_1set_1straight_prev,0,,1000,0.0,-1.0
6445,2024-04-11,F_5mini_random,0,,1000,0.0,-1.0
6446,2024-04-12,A_5mini_hot,0,,1000,0.0,-1.0
6446,2024-04-12,B_5mini_unseen,0,,1000,0.0,-1.0
6446,2024-04-12,C_4mini_1box_hot,0,,1000,0.0,-1.0
6446,2024-04-12,D_3mini_1box_1straight,0,,1000,0.0,-1.0
6446,2024-04-12,E_3mini_1set_1straight_prev,0,,1000,0.0,-1.0
6446,2024-04-12,F_5mini_random,0,,1000,0.0,-1.0
6447,2024-04-15,A_5mini_hot,0,,1000,0.0,-1.0
6447,2024-04-15,B_5mini_unseen,0,,1000,0.0,-1.0
6447,2024-04-15,C_4mini_1box_hot,0,,1000,0.0,-1.0
6447,2024-04-15,D_3mini_1box_1straight,0,,1000,0.0,-1.0
6447,2024-04-15,E_3mini_1set_1straight_prev,0,,1000,0.0,-1.0
6447,2024-04-15,F_5mini_random,0,,1000,0.0,-1.0
6448,2024-04-16,A_5mini_hot,0,,1000,0.0,-1.0
6448,2024-04-16,B_5mini_unseen,0,,1000,0.0,-1.0
6448,2024-04-16,C_4mini_1box_hot,0,,1000,0.0,-1.0
6448,2024-04-16,D_3mini_1box_1straight,0,,1000,0.0,-1.0
6448,2024-04-16,E_3mini_1set_1straight_prev,0,,1000,0.0,-1.0
6448,2024-04-16,F_5mini_random,0,,1000,0.0,-1.0
6449,2024-04-17,A_5mini_hot,0,,1000,0.0,-1.0
6449,2024-04-17,B_5mini_unseen,0,,1000,0.0,-1.0
6449,2024-04-17,C_4mini_1box_hot,0,,1000,0.0,-1.0
6449,2024-04-17,D_3mini_1box_1straight,0,,1000,0.0,-1.0
6449,2024-04-17,E_3mini_1set_1straight_prev,0,,1000,0.0,-1.0
6449,2024-04-17,F_5mini_random,0,,1000,0.0,-1.0
6450,2024-04-18,A_5mini_hot,0,,1000,0.0,-1.0
6450,2024-04-18,B_5mini_unseen,0,,1000,0.0,-1.0
6450,2024-04-18,C_4mini_1box_hot,0,,1000,0.0,-1.0
6450,2024-04-18,D_3mini_1box_1straight,0,,1000,0.0,-1.0
6450,2024-04-18,E_3mini_1set_1straight_prev,0,,1000,0.0,-1.0
6450,2024-04-18,F_5mini_random,0,,1000,0.0,-1.0
6451,2024-04-19,A_5mini_hot,0,,1000,0.0,-1.0
6451,2024-04-19,B_5mini_unseen,0,,1000,0.0,-1.0
6451,2024-04-19,C_4mini_1box_hot,0,,1000,0.0,-1.0
6451,2024-04-19,D_3mini_1box_1straight,0,,1000,0.0,-1.0
6451,2024-04-19,E_3mini_1set_1straight_prev,0,,1000,0.0,-1.0
6451,2024-04-19,F_5mini_random,1,mini,1000,9000.0,8.0
6452,2024-04-22,A_5mini_hot,0,,1000,0.0,-1.0
6452,2024-04-22,B_5mini_unseen,0,,1000,0.0,-1.0
6452,2024-04-22,C_4mini_1box_hot,0,,1000,0.0,-1.0
6452,2024-04-22,D_3mini_1box_1straight,0,,1000,0.0,-1.0
6452,2024-04-22,E_3mini_1set_1straight_prev,0,,1000,0.0,-1.0
6452,2024-04-22,F_5mini_random,0,,1000,0.0,-1.0
6453,2024-04-23,A_5mini_hot,0,,1000,0.0,-1.0
6453,2024-04-23,B_5mini_unseen,1,mini,1000,9000.0,8.0
6453,2024-04-23,C_4mini_1box_hot,0,,1000,0.0,-1.0
6453,2024-04-23,D_3mini_1box_1straight,0,,1000,0.0,-1.0
6453,2024-04-23,E_3mini_1set_1straight_prev,0,,1000,0.0,-1.0
6453,2024-04-23,F_5mini_random,0,,1000,0.0,-1.0
6454,2024-04-24,A_5mini_hot,0,,1000,0.0,-1.0
6454,2024-04-24,B_5mini_unseen,0,,1000,0.0,-1.0
6454,2024-04-24,C_4mini_1box_hot,0,,1000,0.0,-1.0
6454,2024-04-24,D_3mini_1box_1straight,0,,1000,0.0,-1.0
6454,2024-04-24,E_3mini_1set_1straight_prev,0,,1000,0.0,-1.0
6454,2024-04-24,F_5mini_random,0,,1000,0.0,-1.0
6455,2024-04-25,A_5mini_hot,0,,1000,0.0,-1.0
6455,2024-04-25,B_5mini_unseen,0,,1000,0.0,-1.0
6455,2024-04-25,C_4mini_1box_hot,0,,1000,0.0,-1.0
6455,2024-04-25,D_3mini_1box_1straight,0,,1000,0.0,-1.0
6455,2024-04-25,E_3mini_1set_1straight_prev,0,,1000,0.0,-1.0
6455,2024-04-25,F_5mini_random,0,,1000,0.0,-1.0
6456,2024-04-26,A_5mini_hot,0,,1000,0.0,-1.0
6456,2024-04-26,B_5mini_unseen,0,,1000,0.0,-1.0
6456,2024-04-26,C_4mini_1box_hot,0,,1000,0.0,-1.0
6456,2024-04-26,D_3mini_1box_1straight,0,,1000,0.0,-1.0
6456,2024-04-26,E_3mini_1set_1straight_prev,0,,1000,0.0,-1.0
6456,2024-04-26,F_5mini_random,0,,1000,0.0,-1.0
6457,2024-04-29,A_5mini_hot,0,,1000,0.0,-1.0
6457,2024-04-29,B_5mini_unseen,0,,1000,0.0,-1.0
6457,2024-04-29,C_4mini_1box_hot,0,,1000,0.0,-1.0
6457,2024-04-29,D_3mini_1box_1straight,0,,1000,0.0,-1.0
6457,2024-04-29,E_3mini_1set_1straight_prev,0,,1000,0.0,-1.0
6457,2024-04-29,F_5mini_random,0,,1000,0.0,-1.0
6458,2024-04-30,A_5mini_hot,0,,1000,0.0,-1.0
6458,2024-04-30,B_5mini_unseen,0,,1000,0.0,-1.0
6458,2024-04-30,C_4mini_1box_hot,0,,1000,0.0,-1.0
6458,2024-04-30,D_3mini_1box_1straight,0,,1000,0.0,-1.0
6458,2024-04-30,E_3mini_1set_1straight_prev,0,,1000,0.0,-1.0
6458,2024-04-30,F_5mini_random,0,,1000,0.0,-1.0
6459,2024-05-01,A_5mini_hot,0,,1000,0.0,-1.0
6459,2024-05-01,B_5mini_unseen,1,mini,1000,9000.0,8.0
6459,2024-05-01,C_4mini_1box_hot,0,,1000,0.0,-1.0
6459,2024-05-01,D_3mini_1box_1straight,0,,1000,0.0,-1.0
6459,2024-05-01,E_3mini_1set_1straight_prev,0,,1000,0.0,-1.0
6459,2024-05-01,F_5mini_random,0,,1000,0.0,-1.0
6460,2024-05-02,A_5mini_hot,0,,1000,0.0,-1.0
6460,2024-05-02,B_5mini_unseen,0,,1000,0.0,-1.0
6460,2024-05-02,C_4mini_1box_hot,0,,1000,0.0,-1.0
6460,2024-05-02,D_3mini_1box_1straight,0,,1000,0.0,-1.0
6460,2024-05-02,E_3mini_1set_1straight_prev,0,,1000,0.0,-1.0
6460,2024-05-02,F_5mini_random,0,,1000,0.0,-1.0
6461,2024-05-03,A_5mini_hot,1,mini,1000,9000.0,8.0
6461,2024-05-03,B_5mini_unseen,0,,1000,0.0,-1.0
6461,2024-05-03,C_4mini_1box_hot,1,mini,1000,9000.0,8.0
6461,2024-05-03,D_3mini_1box_1straight,0,,1000,0.0,-1.0
6461,2024-05-03,E_3mini_1set_1straight_prev,0,,1000,0.0,-1.0
6461,2024-05-03,F_5mini_random,0,,1000,0.0,-1.0
6462,2024-05-06,A_5mini_hot,0,,1000,0.0,-1.0
6462,2024-05-06,B_5mini_unseen,0,,1000,0.0,-1.0
6462,2024-05-06,C_4mini_1box_hot,0,,1000,0.0,-1.0
6462,2024-05-06,D_3mini_1box_1straight,0,,1000,0.0,-1.0
6462,2024-05-06,E_3mini_1set_1straight_prev,0,,1000,0.0,-1.0
6462,2024-05-06,F_5mini_random,0,,1000,0.0,-1.0
6463,2024-05-07,A_5mini_hot,0,,1000,0.0,-1.0
6463,2024-05-07,B_5mini_unseen,0,,1000,0.0,-1.0
6463,2024-05-07,C_4mini_1box_hot,0,,1000,0.0,-1.0
6463,2024-05-07,D_3mini_1box_1straight,0,,1000,0.0,-1.0
6463,2024-05-07,E_3mini_1set_1straight_prev,0,,1000,0.0,-1.0
6463,2024-05-07,F_5mini_random,0,,1000,0.0,-1.0
6464,2024-05-08,A_5mini_hot,0,,1000,0.0,-1.0
6464,2024-05-08,B_5mini_unseen,0,,1000,0.0,-1.0
6464,2024-05-08,C_4mini_1box_hot,0,,1000,0.0,-1.0
6464,2024-05-08,D_3mini_1box_1straight,0,,1000,0.0,-1.0
6464,2024-05-08,E_3mini_1set_1straight_prev,0,,1000,0.0,-1.0
6464,2024-05-08,F_5mini_random,0,,1000,0.0,-1.0
6465,2024-05-09,A_5mini_hot,0,,1000,0.0,-1.0
6465,2024-05-09,B_5mini_unseen,0,,1000,0.0,-1.0
6465,2024-05-09,C_4mini_1box_hot,0,,1000,0.0,-1.0
6465,2024-05-09,D_3mini_1box_1straight,0,,1000,0.0,-1.0
6465,2024-05-09,E_3mini_1set_1straight_prev,0,,1000,0.0,-1.0
6465,2024-05-09,F_5mini_random,0,,1000,0.0,-1.0
6466,2024-05-10,A_5mini_hot,0,,1000,0.0,-1.0
6466,2024-05-10,B_5mini_unseen,0,,1000,0.0,-1.0
6466,2024-05-10,C_4mini_1box_hot,0,,1000,0.0,-1.0
6466,2024-05-10,D_3mini_1box_1straight,0,,1000,0.0,-1.0
6466,2024-05-10,E_3mini_1set_1straight_prev,0,,1000,0.0,-1.0
6466,2024-05-10,F_5mini_random,0,,1000,0.0,-1.0
6467,2024-05-13,A_5mini_hot,0,,1000,0.0,-1.0
6467,2024-05-13,B_5mini_unseen,0,,1000,0.0,-1.0
6467,2024-05-13,C_4mini_1box_hot,0,,1000,0.0,-1.0
6467,2024-05-13,D_3mini_1box_1straight,0,,1000,0.0,-1.0
6467,2024-05-13,E_3mini_1set_1straight_prev,0,,1000,0.0,-1.0
6467,2024-05-13,F_5mini_random,0,,1000,0.0,-1.0
6468,2024-05-14,A_5mini_hot,0,,1000,0.0,-1.0
6468,2024-05-14,B_5mini_unseen,0,,1000,0.0,-1.0
6468,2024-05-14,C_4mini_1box_hot,0,,1000,0.0,-1.0
6468,2024-05-14,D_3mini_1box_1straight,0,,1000,0.0,-1.0
6468,2024-05-14,E_3mini_1set_1straight_prev,0,,1000,0.0,-1.0
6468,2024-05-14,F_5mini_random,0,,1000,0.0,-1.0
6469,2024-05-15,A_5mini_hot,0,,1000,0.0,-1.0
6469,2024-05-15,B_5mini_unseen,0,,1000,0.0,-1.0
6469,2024-05-15,C_4mini_1box_hot,0,,1000,0.0,-1.0
6469,2024-05-15,D_3mini_1box_1straight,0,,1000,0.0,-1.0
6469,2024-05-15,E_3mini_1set_1straight_prev,0,,1000,0.0,-1.0
6469,2024-05-15,F_5mini_random,0,,1000,0.0,-1.0
6470,2024-05-16,A_5mini_hot,0,,1000,0.0,-1.0
6470,2024-05-16,B_5mini_unseen,0,,1000,0.0,-1.0
6470,2024-05-16,C_4mini_1box_hot,0,,1000,0.0,-1.0
6470,2024-05-16,D_3mini_1box_1straight,0,,1000,0.0,-1.0
6470,2024-05-16,E_3mini_1set_1straight_prev,0,,1000,0.0,-1.0
6470,2024-05-16,F_5mini_random,0,,1000,0.0,-1.0
6471,2024-05-17,A_5mini_hot,0,,1000,0.0,-1.0
6471,2024-05-17,B_5mini_unseen,0,,1000,0.0,-1.0
6471,2024-05-17,C_4mini_1box_hot,0,,1000,0.0,-1.0
6471,2024-05-17,D_3mini_1box_1straight,0,,1000,0.0,-1.0
6471,2024-05-17,E_3mini_1set_1straight_prev,0,,1000,0.0,-1.0
6471,2024-05-17,F_5mini_random,0,,1000,0.0,-1.0
6472,2024-05-20,A_5mini_hot,0,,1000,0.0,-1.0
6472,2024-05-20,B_5mini_unseen,0,,1000,0.0,-1.0
6472,2024-05-20,C_4mini_1box_hot,0,,1000,0.0,-1.0
6472,2024-05-20,D_3mini_1box_1straight,0,,1000,0.0,-1.0
6472,2024-05-20,E_3mini_1set_1straight_prev,0,,1000,0.0,-1.0
6472,2024-05-20,F_5mini_random,0,,1000,0.0,-1.0
6473,2024-05-21,A_5mini_hot,0,,1000,0.0,-1.0
6473,2024-05-21,B_5mini_unseen,0,,1000,0.0,-1.0
6473,2024-05-21,C_4mini_1box_hot,0,,1000,0.0,-1.0
6473,2024-05-21,D_3mini_1box_1straight,0,,1000,0.0,-1.0
6473,2024-05-21,E_3mini_1set_1straight_prev,0,,1000,0.0,-1.0
6473,2024-05-21,F_5mini_random,0,,1000,0.0,-1.0
6474,2024-05-22,A_5mini_hot,0,,1000,0.0,-1.0
6474,2024-05-22,B_5mini_unseen,0,,1000,0.0,-1.0
6474,2024-05-22,C_4mini_1box_hot,0,,1000,0.0,-1.0
6474,2024-05-22,D_3mini_1box_1straight,0,,1000,0.0,-1.0
6474,2024-05-22,E_3mini_1set_1straight_prev,0,,1000,0.0,-1.0
6474,2024-05-22,F_5mini_random,0,,1000,0.0,-1.0
6475,2024-05-23,A_5mini_hot,0,,1000,0.0,-1.0
6475,2024-05-23,B_5mini_unseen,0,,1000,0.0,-1.0
6475,2024-05-23,C_4mini_1box_hot,0,,1000,0.0,-1.0
6475,2024-05-23,D_3mini_1box_1straight,0,,1000,0.0,-1.0
6475,2024-05-23,E_3mini_1set_1straight_prev,0,,1000,0.0,-1.0
6475,2024-05-23,F_5mini_random,0,,1000,0.0,-1.0
6476,2024-05-24,A_5mini_hot,0,,1000,0.0,-1.0
6476,2024-05-24,B_5mini_unseen,0,,1000,0.0,-1.0
6476,2024-05-24,C_4mini_1box_hot,0,,1000,0.0,-1.0
6476,2024-05-24,D_3mini_1box_1straight,0,,1000,0.0,-1.0
6476,2024-05-24,E_3mini_1set_1straight_prev,0,,1000,0.0,-1.0
6476,2024-05-24,F_5mini_random,0,,1000,0.0,-1.0
6477,2024-05-27,A_5mini_hot,0,,1000,0.0,-1.0
6477,2024-05-27,B_5mini_unseen,0,,1000,0.0,-1.0
6477,2024-05-27,C_4mini_1box_hot,0,,1000,0.0,-1.0
6477,2024-05-27,D_3mini_1box_1straight,0,,1000,0.0,-1.0
6477,2024-05-27,E_3mini_1set_1straight_prev,0,,1000,0.0,-1.0
6477,2024-05-27,F_5mini_random,0,,1000,0.0,-1.0
6478,2024-05-28,A_5mini_hot,0,,1000,0.0,-1.0
6478,2024-05-28,B_5mini_unseen,0,,1000,0.0,-1.0
6478,2024-05-28,C_4mini_1box_hot,0,,1000,0.0,-1.0
6478,2024-05-28,D_3mini_1box_1straight,0,,1000,0.0,-1.0
6478,2024-05-28,E_3mini_1set_1straight_prev,0,,1000,0.0,-1.0
6478,2024-05-28,F_5mini_random,0,,1000,0.0,-1.0
6479,2024-05-29,A_5mini_hot,0,,1000,0.0,-1.0
6479,2024-05-29,B_5mini_unseen,0,,1000,0.0,-1.0
6479,2024-05-29,C_4mini_1box_hot,0,,1000,0.0,-1.0
6479,2024-05-29,D_3mini_1box_1straight,0,,1000,0.0,-1.0
6479,2024-05-29,E_3mini_1set_1straight_prev,0,,1000,0.0,-1.0
6479,2024-05-29,F_5mini_random,0,,1000,0.0,-1.0
6480,2024-05-30,A_5mini_hot,0,,1000,0.0,-1.0
6480,2024-05-30,B_5mini_unseen,0,,1000,0.0,-1.0
6480,2024-05-30,C_4mini_1box_hot,0,,1000,0.0,-1.0
6480,2024-05-30,D_3mini_1box_1straight,0,,1000,0.0,-1.0
6480,2024-05-30,E_3mini_1set_1straight_prev,0,,1000,0.0,-1.0
6480,2024-05-30,F_5mini_random,0,,1000,0.0,-1.0
6481,2024-05-31,A_5mini_hot,0,,1000,0.0,-1.0
6481,2024-05-31,B_5mini_unseen,0,,1000,0.0,-1.0
6481,2024-05-31,C_4mini_1box_hot,0,,1000,0.0,-1.0
6481,2024-05-31,D_3mini_1box_1straight,0,,1000,0.0,-1.0
6481,2024-05-31,E_3mini_1set_1straight_prev,0,,1000,0.0,-1.0
6481,2024-05-31,F_5mini_random,0,,1000,0.0,-1.0
6482,2024-06-03,A_5mini_hot,0,,1000,0.0,-1.0
6482,2024-06-03,B_5mini_unseen,0,,1000,0.0,-1.0
6482,2024-06-03,C_4mini_1box_hot,0,,1000,0.0,-1.0
6482,2024-06-03,D_3mini_1box_1straight,0,,1000,0.0,-1.0
6482,2024-06-03,E_3mini_1set_1straight_prev,0,,1000,0.0,-1.0
6482,2024-06-03,F_5mini_random,0,,1000,0.0,-1.0
6483,2024-06-04,A_5mini_hot,0,,1000,0.0,-1.0
6483,2024-06-04,B_5mini_unseen,0,,1000,0.0,-1.0
6483,2024-06-04,C_4mini_1box_hot,0,,1000,0.0,-1.0
6483,2024-06-04,D_3mini_1box_1straight,0,,1000,0.0,-1.0
6483,2024-06-04,E_3mini_1set_1straight_prev,0,,1000,0.0,-1.0
6483,2024-06-04,F_5mini_random,0,,1000,0.0,-1.0
6484,2024-06-05,A_5mini_hot,0,,1000,0.0,-1.0
6484,2024-06-05,B_5mini_unseen,0,,1000,0.0,-1.0
6484,2024-06-05,C_4mini_1box_hot,0,,1000,0.0,-1.0
6484,2024-06-05,D_3mini_1box_1straight,0,,1000,0.0,-1.0
6484,2024-06-05,E_3mini_1set_1straight_prev,0,,1000,0.0,-1.0
6484,2024-06-05,F_5mini_random,0,,1000,0.0,-1.0
6485,2024-06-06,A_5mini_hot,1,mini,1000,9000.0,8.0
6485,2024-06-06,B_5mini_unseen,0,,1000,0.0,-1.0
6485,2024-06-06,C_4mini_1box_hot,1,mini,1000,9000.0,8.0
6485,2024-06-06,D_3mini_1box_1straight,1,mini,1000,9000.0,8.0
6485,2024-06-06,E_3mini_1set_1straight_prev,1,mini,1000,9000.0,8.0
6485,2024-06-06,F_5mini_random,0,,1000,0.0,-1.0
6486,2024-06-07,A_5mini_hot,0,,1000,0.0,-1.0
6486,2024-06-07,B_5mini_unseen,0,,1000,0.0,-1.0
6486,2024-06-07,C_4mini_1box_hot,0,,1000,0.0,-1.0
6486,2024-06-07,D_3mini_1box_1straight,0,,1000,0.0,-1.0
6486,2024-06-07,E_3mini_1set_1straight_prev,0,,1000,0.0,-1.0
6486,2024-06-07,F_5mini_random,0,,1000,0.0,-1.0
6487,2024-06-10,A_5mini_hot,0,,1000,0.0,-1.0
6487,2024-06-10,B_5mini_unseen,0,,1000,0.0,-1.0
6487,2024-06-10,C_4mini_1box_hot,0,,1000,0.0,-1.0
6487,2024-06-10,D_3mini_1box_1straight,0,,1000,0.0,-1.0
6487,2024-06-10,E_3mini_1set_1straight_prev,0,,1000,0.0,-1.0
6487,2024-06-10,F_5mini_random,1,mini,1000,9000.0,8.0
6488,2024-06-11,A_5mini_hot,0,,1000,0.0,-1.0
6488,2024-06-11,B_5mini_unseen,0,,1000,0.0,-1.0
6488,2024-06-11,C_4mini_1box_hot,0,,1000,0.0,-1.0
6488,2024-06-11,D_3mini_1box_1straight,0,,1000,0.0,-1.0
6488,2024-06-11,E_3mini_1set_1straight_prev,0,,1000,0.0,-1.0
6488,2024-06-11,F_5mini_random,1,mini,1000,9000.0,8.0
6489,2024-06-12,A_5mini_hot,0,,1000,0.0,-1.0
6489,2024-06-12,B_5mini_unseen,0,,1000,0.0,-1.0
6489,2024-06-12,C_4mini_1box_hot,0,,1000,0.0,-1.0
6489,2024-06-12,D_3mini_1box_1straight,0,,1000,0.0,-1.0
6489,2024-06-12,E_3mini_1set_1straight_prev,0,,1000,0.0,-1.0
6489,2024-06-12,F_5mini_random,1,mini,1000,9000.0,8.0
6490,2024-06-13,A_5mini_hot,0,,1000,0.0,-1.0
6490,2024-06-13,B_5mini_unseen,0,,1000,0.0,-1.0
6490,2024-06-13,C_4mini_1box_hot,0,,1000,0.0,-1.0
6490,2024-06-13,D_3mini_1box_1straight,0,,1000,0.0,-1.0
6490,2024-06-13,E_3mini_1set_1straight_prev,0,,1000,0.0,-1.0
6490,2024-06-13,F_5mini_random,0,,1000,0.0,-1.0
6491,2024-06-14,A_5mini_hot,0,,1000,0.0,-1.0
6491,2024-06-14,B_5mini_unseen,0,,1000,0.0,-1.0
6491,2024-06-14,C_4mini_1box_hot,0,,1000,0.0,-1.0
6491,2024-06-14,D_3mini_1box_1straight,0,,1000,0.0,-1.0
6491,2024-06-14,E_3mini_1set_1straight_prev,0,,1000,0.0,-1.0
6491,2024-06-14,F_5mini_random,0,,1000,0.0,-1.0
6492,2024-06-17,A_5mini_hot,0,,1000,0.0,-1.0
6492,2024-06-17,B_5mini_unseen,0,,1000,0.0,-1.0
6492,2024-06-17,C_4mini_1box_hot,0,,1000,0.0,-1.0
6492,2024-06-17,D_3mini_1box_1straight,0,,1000,0.0,-1.0
6492,2024-06-17,E_3mini_1set_1straight_prev,0,,1000,0.0,-1.0
6492,2024-06-17,F_5mini_random,0,,1000,0.0,-1.0
6493,2024-06-18,A_5mini_hot,1,mini,1000,9000.0,8.0
6493,2024-06-18,B_5mini_unseen,0,,1000,0.0,-1.0
6493,2024-06-18,C_4mini_1box_hot,1,mini,1000,9000.0,8.0
6493,2024-06-18,D_3mini_1box_1straight,1,mini,1000,9000.0,8.0
6493,2024-06-18,E_3mini_1set_1straight_prev,0,,1000,0.0,-1.0
6493,2024-06-18,F_5mini_random,0,,1000,0.0,-1.0
6494,2024-06-19,A_5mini_hot,0,,1000,0.0,-1.0
6494,2024-06-19,B_5mini_unseen,0,,1000,0.0,-1.0
6494,2024-06-19,C_4mini_1box_hot,0,,1000,0.0,-1.0
6494,2024-06-19,D_3mini_1box_1straight,0,,1000,0.0,-1.0
6494,2024-06-19,E_3mini_1set_1straight_prev,0,,1000,0.0,-1.0
6494,2024-06-19,F_5mini_random,0,,1000,0.0,-1.0
6495,2024-06-20,A_5mini_hot,0,,1000,0.0,-1.0
6495,2024-06-20,B_5mini_unseen,0,,1000,0.0,-1.0
6495,2024-06-20,C_4mini_1box_hot,0,,1000,0.0,-1.0
6495,2024-06-20,D_3mini_1box_1straight,0,,1000,0.0,-1.0
6495,2024-06-20,E_3mini_1set_1straight_prev,0,,1000,0.0,-1.0
6495,2024-06-20,F_5mini_random,1,mini,1000,9000.0,8.0
6496,2024-06-21,A_5mini_hot,0,,1000,0.0,-1.0
6496,2024-06-21,B_5mini_unseen,0,,1000,0.0,-1.0
6496,2024-06-21,C_4mini_1box_hot,0,,1000,0.0,-1.0
6496,2024-06-21,D_3mini_1box_1straight,0,,1000,0.0,-1.0
6496,2024-06-21,E_3mini_1set_1straight_prev,0,,1000,0.0,-1.0
6496,2024-06-21,F_5mini_random,0,,1000,0.0,-1.0
6497,2024-06-24,A_5mini_hot,0,,1000,0.0,-1.0
6497,2024-06-24,B_5mini_unseen,0,,1000,0.0,-1.0
6497,2024-06-24,C_4mini_1box_hot,0,,1000,0.0,-1.0
6497,2024-06-24,D_3mini_1box_1straight,0,,1000,0.0,-1.0
6497,2024-06-24,E_3mini_1set_1straight_prev,0,,1000,0.0,-1.0
6497,2024-06-24,F_5mini_random,1,mini,1000,9000.0,8.0
6498,2024-06-25,A_5mini_hot,0,,1000,0.0,-1.0
6498,2024-06-25,B_5mini_unseen,0,,1000,0.0,-1.0
6498,2024-06-25,C_4mini_1box_hot,0,,1000,0.0,-1.0
6498,2024-06-25,D_3mini_1box_1straight,0,,1000,0.0,-1.0
6498,2024-06-25,E_3mini_1set_1straight_prev,0,,1000,0.0,-1.0
6498,2024-06-25,F_5mini_random,0,,1000,0.0,-1.0
6499,2024-06-26,A_5mini_hot,0,,1000,0.0,-1.0
6499,2024-06-26,B_5mini_unseen,0,,1000,0.0,-1.0
6499,2024-06-26,C_4mini_1box_hot,0,,1000,0.0,-1.0
6499,2024-06-26,D_3mini_1box_1straight,0,,1000,0.0,-1.0
6499,2024-06-26,E_3mini_1set_1straight_prev,0,,1000,0.0,-1.0
6499,2024-06-26,F_5mini_random,0,,1000,0.0,-1.0
6500,2024-06-27,A_5mini_hot,0,,1000,0.0,-1.0
6500,2024-06-27,B_5mini_unseen,0,,1000,0.0,-1.0
6500,2024-06-27,C_4mini_1box_hot,0,,1000,0.0,-1.0
6500,2024-06-27,D_3mini_1box_1straight,0,,1000,0.0,-1.0
6500,2024-06-27,E_3mini_1set_1straight_prev,0,,1000,0.0,-1.0
6500,2024-06-27,F_5mini_random,0,,1000,0.0,-1.0
6501,2024-06-28,A_5mini_hot,0,,1000,0.0,-1.0
6501,2024-06-28,B_5mini_unseen,0,,1000,0.0,-1.0
6501,2024-06-28,C_4mini_1box_hot,0,,1000,0.0,-1.0
6501,2024-06-28,D_3mini_1box_1straight,0,,1000,0.0,-1.0
6501,2024-06-28,E_3mini_1set_1straight_prev,0,,1000,0.0,-1.0
6501,2024-06-28,F_5mini_random,0,,1000,0.0,-1.0
6502,2024-07-01,A_5mini_hot,0,,1000,0.0,-1.0
6502,2024-07-01,B_5mini_unseen,0,,1000,0.0,-1.0
6502,2024-07-01,C_4mini_1box_hot,0,,1000,0.0,-1.0
6502,2024-07-01,D_3mini_1box_1straight,0,,1000,0.0,-1.0
6502,2024-07-01,E_3mini_1set_1straight_prev,0,,1000,0.0,-1.0
6502,2024-07-01,F_5mini_random,0,,1000,0.0,-1.0
6503,2024-07-02,A_5mini_hot,0,,1000,0.0,-1.0
6503,2024-07-02,B_5mini_unseen,0,,1000,0.0,-1.0
6503,2024-07-02,C_4mini_1box_hot,0,,1000,0.0,-1.0
6503,2024-07-02,D_3mini_1box_1straight,0,,1000,0.0,-1.0
6503,2024-07-02,E_3mini_1set_1straight_prev,0,,1000,0.0,-1.0
6503,2024-07-02,F_5mini_random,0,,1000,0.0,-1.0
6504,2024-07-03,A_5mini_hot,0,,1000,0.0,-1.0
6504,2024-07-03,B_5mini_unseen,0,,1000,0.0,-1.0
6504,2024-07-03,C_4mini_1box_hot,0,,1000,0.0,-1.0
6504,2024-07-03,D_3mini_1box_1straight,0,,1000,0.0,-1.0
6504,2024-07-03,E_3mini_1set_1straight_prev,0,,1000,0.0,-1.0
6504,2024-07-03,F_5mini_random,0,,1000,0.0,-1.0
6505,2024-07-04,A_5mini_hot,0,,1000,0.0,-1.0
6505,2024-07-04,B_5mini_unseen,0,,1000,0.0,-1.0
6505,2024-07-04,C_4mini_1box_hot,0,,1000,0.0,-1.0
6505,2024-07-04,D_3mini_1box_1straight,0,,1000,0.0,-1.0
6505,2024-07-04,E_3mini_1set_1straight_prev,0,,1000,0.0,-1.0
6505,2024-07-04,F_5mini_random,0,,1000,0.0,-1.0
6506,2024-07-05,A_5mini_hot,0,,1000,0.0,-1.0
6506,2024-07-05,B_5mini_unseen,0,,1000,0.0,-1.0
6506,2024-07-05,C_4mini_1box_hot,0,,1000,0.0,-1.0
6506,2024-07-05,D_3mini_1box_1straight,0,,1000,0.0,-1.0
6506,2024-07-05,E_3mini_1set_1straight_prev,0,,1000,0.0,-1.0
6506,2024-07-05,F_5mini_random,0,,1000,0.0,-1.0
6507,2024-07-08,A_5mini_hot,0,,1000,0.0,-1.0
6507,2024-07-08,B_5mini_unseen,0,,1000,0.0,-1.0
6507,2024-07-08,C_4mini_1box_hot,0,,1000,0.0,-1.0
6507,2024-07-08,D_3mini_1box_1straight,0,,1000,0.0,-1.0
6507,2024-07-08,E_3mini_1set_1straight_prev,0,,1000,0.0,-1.0
6507,2024-07-08,F_5mini_random,0,,1000,0.0,-1.0
6508,2024-07-09,A_5mini_hot,0,,1000,0.0,-1.0
6508,2024-07-09,B_5mini_unseen,0,,1000,0.0,-1.0
6508,2024-07-09,C_4mini_1box_hot,0,,1000,0.0,-1.0
6508,2024-07-09,D_3mini_1box_1straight,0,,1000,0.0,-1.0
6508,2024-07-09,E_3mini_1set_1straight_prev,0,,1000,0.0,-1.0
6508,2024-07-09,F_5mini_random,0,,1000,0.0,-1.0
6509,2024-07-10,A_5mini_hot,0,,1000,0.0,-1.0
6509,2024-07-10,B_5mini_unseen,0,,1000,0.0,-1.0
6509,2024-07-10,C_4mini_1box_hot,0,,1000,0.0,-1.0
6509,2024-07-10,D_3mini_1box_1straight,0,,1000,0.0,-1.0
6509,2024-07-10,E_3mini_1set_1straight_prev,0,,1000,0.0,-1.0
6509,2024-07-10,F_5mini_random,0,,1000,0.0,-1.0
6510,2024-07-11,A_5mini_hot,0,,1000,0.0,-1.0
6510,2024-07-11,B_5mini_unseen,0,,1000,0.0,-1.0
6510,2024-07-11,C_4mini_1box_hot,0,,1000,0.0,-1.0
6510,2024-07-11,D_3mini_1box_1straight,0,,1000,0.0,-1.0
6510,2024-07-11,E_3mini_1set_1straight_prev,1,mini,1000,9000.0,8.0
6510,2024-07-11,F_5mini_random,0,,1000,0.0,-1.0
6511,2024-07-12,A_5mini_hot,0,,1000,0.0,-1.0
6511,2024-07-12,B_5mini_unseen,0,,1000,0.0,-1.0
6511,2024-07-12,C_4mini_1box_hot,0,,1000,0.0,-1.0
6511,2024-07-12,D_3mini_1box_1straight,0,,1000,0.0,-1.0
6511,2024-07-12,E_3mini_1set_1straight_prev,0,,1000,0.0,-1.0
6511,2024-07-12,F_5mini_random,0,,1000,0.0,-1.0
6512,2024-07-15,A_5mini_hot,0,,1000,0.0,-1.0
6512,2024-07-15,B_5mini_unseen,0,,1000,0.0,-1.0
6512,2024-07-15,C_4mini_1box_hot,0,,1000,0.0,-1.0
6512,2024-07-15,D_3mini_1box_1straight,0,,1000,0.0,-1.0
6512,2024-07-15,E_3mini_1set_1straight_prev,0,,1000,0.0,-1.0
6512,2024-07-15,F_5mini_random,0,,1000,0.0,-1.0
6513,2024-07-16,A_5mini_hot,0,,1000,0.0,-1.0
6513,2024-07-16,B_5mini_unseen,0,,1000,0.0,-1.0
6513,2024-07-16,C_4mini_1box_hot,0,,1000,0.0,-1.0
6513,2024-07-16,D_3mini_1box_1straight,0,,1000,0.0,-1.0
6513,2024-07-16,E_3mini_1set_1straight_prev,0,,1000,0.0,-1.0
6513,2024-07-16,F_5mini_random,0,,1000,0.0,-1.0
6514,2024-07-17,A_5mini_hot,0,,1000,0.0,-1.0
6514,2024-07-17,B_5mini_unseen,1,mini,1000,9000.0,8.0
6514,2024-07-17,C_4mini_1box_hot,0,,1000,0.0,-1.0
6514,2024-07-17,D_3mini_1box_1straight,0,,1000,0.0,-1.0
6514,2024-07-17,E_3mini_1set_1straight_prev,0,,1000,0.0,-1.0
6514,2024-07-17,F_5mini_random,0,,1000,0.0,-1.0
6515,2024-07-18,A_5mini_hot,0,,1000,0.0,-1.0
6515,2024-07-18,B_5mini_unseen,0,,1000,0.0,-1.0
6515,2024-07-18,C_4mini_1box_hot,0,,1000,0.0,-1.0
6515,2024-07-18,D_3mini_1box_1straight,0,,1000,0.0,-1.0
6515,2024-07-18,E_3mini_1set_1straight_prev,0,,1000,0.0,-1.0
6515,2024-07-18,F_5mini_random,0,,1000,0.0,-1.0
6516,2024-07-19,A_5mini_hot,0,,1000,0.0,-1.0
6516,2024-07-19,B_5mini_unseen,0,,1000,0.0,-1.0
6516,2024-07-19,C_4mini_1box_hot,0,,1000,0.0,-1.0
6516,2024-07-19,D_3mini_1box_1straight,0,,1000,0.0,-1.0
6516,2024-07-19,E_3mini_1set_1straight_prev,0,,1000,0.0,-1.0
6516,2024-07-19,F_5mini_random,0,,1000,0.0,-1.0
6517,2024-07-22,A_5mini_hot,0,,1000,0.0,-1.0
6517,2024-07-22,B_5mini_unseen,0,,1000,0.0,-1.0
6517,2024-07-22,C_4mini_1box_hot,0,,1000,0.0,-1.0
6517,2024-07-22,D_3mini_1box_1straight,0,,1000,0.0,-1.0
6517,2024-07-22,E_3mini_1set_1straight_prev,0,,1000,0.0,-1.0
6517,2024-07-22,F_5mini_random,1,mini,1000,9000.0,8.0
6518,2024-07-23,A_5mini_hot,0,,1000,0.0,-1.0
6518,2024-07-23,B_5mini_unseen,0,,1000,0.0,-1.0
6518,2024-07-23,C_4mini_1box_hot,0,,1000,0.0,-1.0
6518,2024-07-23,D_3mini_1box_1straight,0,,1000,0.0,-1.0
6518,2024-07-23,E_3mini_1set_1straight_prev,0,,1000,0.0,-1.0
6518,2024-07-23,F_5mini_random,0,,1000,0.0,-1.0
6519,2024-07-24,A_5mini_hot,0,,1000,0.0,-1.0
6519,2024-07-24,B_5mini_unseen,0,,1000,0.0,-1.0
6519,2024-07-24,C_4mini_1box_hot,0,,1000,0.0,-1.0
6519,2024-07-24,D_3mini_1box_1straight,0,,1000,0.0,-1.0
6519,2024-07-24,E_3mini_1set_1straight_prev,0,,1000,0.0,-1.0
6519,2024-07-24,F_5mini_random,0,,1000,0.0,-1.0
6520,2024-07-25,A_5mini_hot,0,,1000,0.0,-1.0
6520,2024-07-25,B_5mini_unseen,1,mini,1000,9000.0,8.0
6520,2024-07-25,C_4mini_1box_hot,0,,1000,0.0,-1.0
6520,2024-07-25,D_3mini_1box_1straight,0,,1000,0.0,-1.0
6520,2024-07-25,E_3mini_1set_1straight_prev,0,,1000,0.0,-1.0
6520,2024-07-25,F_5mini_random,0,,1000,0.0,-1.0
6521,2024-07-26,A_5mini_hot,0,,1000,0.0,-1.0
6521,2024-07-26,B_5mini_unseen,0,,1000,0.0,-1.0
6521,2024-07-26,C_4mini_1box_hot,0,,1000,0.0,-1.0
6521,2024-07-26,D_3mini_1box_1straight,0,,1000,0.0,-1.0
6521,2024-07-26,E_3mini_1set_1straight_prev,0,,1000,0.0,-1.0
6521,2024-07-26,F_5mini_random,0,,1000,0.0,-1.0
6522,2024-07-29,A_5mini_hot,0,,1000,0.0,-1.0
6522,2024-07-29,B_5mini_unseen,0,,1000,0.0,-1.0
6522,2024-07-29,C_4mini_1box_hot,0,,1000,0.0,-1.0
6522,2024-07-29,D_3mini_1box_1straight,0,,1000,0.0,-1.0
6522,2024-07-29,E_3mini_1set_1straight_prev,0,,1000,0.0,-1.0
6522,2024-07-29,F_5mini_random,0,,1000,0.0,-1.0
6523,2024-07-30,A_5mini_hot,0,,1000,0.0,-1.0
6523,2024-07-30,B_5mini_unseen,0,,1000,0.0,-1.0
6523,2024-07-30,C_4mini_1box_hot,0,,1000,0.0,-1.0
6523,2024-07-30,D_3mini_1box_1straight,0,,1000,0.0,-1.0
6523,2024-07-30,E_3mini_1set_1straight_prev,0,,1000,0.0,-1.0
6523,2024-07-30,F_5mini_random,0,,1000,0.0,-1.0
6524,2024-07-31,A_5mini_hot,0,,1000,0.0,-1.0
6524,2024-07-31,B_5mini_unseen,0,,1000,0.0,-1.0
6524,2024-07-31,C_4mini_1box_hot,0,,1000,0.0,-1.0
6524,2024-07-31,D_3mini_1box_1straight,0,,1000,0.0,-1.0
6524,2024-07-31,E_3mini_1set_1straight_prev,0,,1000,0.0,-1.0
6524,2024-07-31,F_5mini_random,0,,1000,0.0,-1.0
6525,2024-08-01,A_5mini_hot,0,,1000,0.0,-1.0
6525,2024-08-01,B_5mini_unseen,0,,1000,0.0,-1.0
6525,2024-08-01,C_4mini_1box_hot,0,,1000,0.0,-1.0
6525,2024-08-01,D_3mini_1box_1straight,0,,1000,0.0,-1.0
6525,2024-08-01,E_3mini_1set_1straight_prev,0,,1000,0.0,-1.0
6525,2024-08-01,F_5mini_random,0,,1000,0.0,-1.0
6526,2024-08-02,A_5mini_hot,0,,1000,0.0,-1.0
6526,2024-08-02,B_5mini_unseen,0,,1000,0.0,-1.0
6526,2024-08-02,C_4mini_1box_hot,0,,1000,0.0,-1.0
6526,2024-08-02,D_3mini_1box_1straight,0,,1000,0.0,-1.0
6526,2024-08-02,E_3mini_1set_1straight_prev,0,,1000,0.0,-1.0
6526,2024-08-02,F_5mini_random,0,,1000,0.0,-1.0
6527,2024-08-05,A_5mini_hot,0,,1000,0.0,-1.0
6527,2024-08-05,B_5mini_unseen,0,,1000,0.0,-1.0
6527,2024-08-05,C_4mini_1box_hot,0,,1000,0.0,-1.0
6527,2024-08-05,D_3mini_1box_1straight,0,,1000,0.0,-1.0
6527,2024-08-05,E_3mini_1set_1straight_prev,0,,1000,0.0,-1.0
6527,2024-08-05,F_5mini_random,0,,1000,0.0,-1.0
6528,2024-08-06,A_5mini_hot,0,,1000,0.0,-1.0
6528,2024-08-06,B_5mini_unseen,1,mini,1000,9000.0,8.0
6528,2024-08-06,C_4mini_1box_hot,0,,1000,0.0,-1.0
6528,2024-08-06,D_3mini_1box_1straight,0,,1000,0.0,-1.0
6528,2024-08-06,E_3mini_1set_1straight_prev,0,,1000,0.0,-1.0
6528,2024-08-06,F_5mini_random,0,,1000,0.0,-1.0
6529,2024-08-07,A_5mini_hot,0,,1000,0.0,-1.0
6529,2024-08-07,B_5mini_unseen,0,,1000,0.0,-1.0
6529,2024-08-07,C_4mini_1box_hot,0,,1000,0.0,-1.0
6529,2024-08-07,D_3mini_1box_1straight,0,,1000,0.0,-1.0
6529,2024-08-07,E_3mini_1set_1straight_prev,0,,1000,0.0,-1.0
6529,2024-08-07,F_5mini_random,0,,1000,0.0,-1.0
6530,2024-08-08,A_5mini_hot,0,,1000,0.0,-1.0
6530,2024-08-08,B_5mini_unseen,0,,1000,0.0,-1.0
6530,2024-08-08,C_4mini_1box_hot,0,,1000,0.0,-1.0
6530,2024-08-08,D_3mini_1box_1straight,0,,1000,0.0,-1.0
6530,2024-08-08,E_3mini_1set_1straight_prev,0,,1000,0.0,-1.0
6530,2024-08-08,F_5mini_random,0,,1000,0.0,-1.0
6531,2024-08-09,A_5mini_hot,0,,1000,0.0,-1.0
6531,2024-08-09,B_5mini_unseen,0,,1000,0.0,-1.0
6531,2024-08-09,C_4mini_1box_hot,0,,1000,0.0,-1.0
6531,2024-08-09,D_3mini_1box_1straight,0,,1000,0.0,-1.0
6531,2024-08-09,E_3mini_1set_1straight_prev,0,,1000,0.0,-1.0
6531,2024-08-09,F_5mini_random,0,,1000,0.0,-1.0
6532,2024-08-12,A_5mini_hot,1,mini,1000,9000.0,8.0
6532,2024-08-12,B_5mini_unseen,0,,1000,0.0,-1.0
6532,2024-08-12,C_4mini_1box_hot,0,,1000,0.0,-1.0
6532,2024-08-12,D_3mini_1box_1straight,0,,1000,0.0,-1.0
6532,2024-08-12,E_3mini_1set_1straight_prev,0,,1000,0.0,-1.0
6532,2024-08-12,F_5mini_random,0,,1000,0.0,-1.0
6533,2024-08-13,A_5mini_hot,0,,1000,0.0,-1.0
6533,2024-08-13,B_5mini_unseen,1,mini,1000,9000.0,8.0
6533,2024-08-13,C_4mini_1box_hot,0,,1000,0.0,-1.0
6533,2024-08-13,D_3mini_1box_1straight,0,,1000,0.0,-1.0
6533,2024-08-13,E_3mini_1set_1straight_prev,0,,1000,0.0,-1.0
6533,2024-08-13,F_5mini_random,0,,1000,0.0,-1.0
6534,2024-08-14,A_5mini_hot,0,,1000,0.0,-1.0
6534,2024-08-14,B_5mini_unseen,0,,1000,0.0,-1.0
6534,2024-08-14,C_4mini_1box_hot,0,,1000,0.0,-1.0
6534,2024-08-14,D_3mini_1box_1straight,0,,1000,0.0,-1.0
6534,2024-08-14,E_3mini_1set_1straight_prev,0,,1000,0.0,-1.0
6534,2024-08-14,F_5mini_random,1,mini,1000,9000.0,8.0
6535,2024-08-15,A_5mini_hot,0,,1000,0.0,-1.0
6535,2024-08-15,B_5mini_unseen,0,,1000,0.0,-1.0
6535,2024-08-15,C_4mini_1box_hot,0,,1000,0.0,-1.0
6535,2024-08-15,D_3mini_1box_1straight,0,,1000,0.0,-1.0
6535,2024-08-15,E_3mini_1set_1straight_prev,0,,1000,0.0,-1.0
6535,2024-08-15,F_5mini_random,0,,1000,0.0,-1.0
6536,2024-08-16,A_5mini_hot,0,,1000,0.0,-1.0
6536,2024-08-16,B_5mini_unseen,0,,1000,0.0,-1.0
6536,2024-08-16,C_4mini_1box_hot,0,,1000,0.0,-1.0
6536,2024-08-16,D_3mini_1box_1straight,0,,1000,0.0,-1.0
6536,2024-08-16,E_3mini_1set_1straight_prev,0,,1000,0.0,-1.0
6536,2024-08-16,F_5mini_random,0,,1000,0.0,-1.0
6537,2024-08-19,A_5mini_hot,1,mini,1000,9000.0,8.0
6537,2024-08-19,B_5mini_unseen,0,,1000,0.0,-1.0
6537,2024-08-19,C_4mini_1box_hot,0,,1000,0.0,-1.0
6537,2024-08-19,D_3mini_1box_1straight,0,,1000,0.0,-1.0
6537,2024-08-19,E_3mini_1set_1straight_prev,0,,1000,0.0,-1.0
6537,2024-08-19,F_5mini_random,0,,1000,0.0,-1.0
6538,2024-08-20,A_5mini_hot,0,,1000,0.0,-1.0
6538,2024-08-20,B_5mini_unseen,0,,1000,0.0,-1.0
6538,2024-08-20,C_4mini_1box_hot,0,,1000,0.0,-1.0
6538,2024-08-20,D_3mini_1box_1straight,0,,1000,0.0,-1.0
6538,2024-08-20,E_3mini_1set_1straight_prev,0,,1000,0.0,-1.0
6538,2024-08-20,F_5mini_random,0,,1000,0.0,-1.0
6539,2024-08-21,A_5mini_hot,0,,1000,0.0,-1.0
6539,2024-08-21,B_5mini_unseen,0,,1000,0.0,-1.0
6539,2024-08-21,C_4mini_1box_hot,0,,1000,0.0,-1.0
6539,2024-08-21,D_3mini_1box_1straight,0,,1000,0.0,-1.0
6539,2024-08-21,E_3mini_1set_1straight_prev,0,,1000,0.0,-1.0
6539,2024-08-21,F_5mini_random,0,,1000,0.0,-1.0
6540,2024-08-22,A_5mini_hot,0,,1000,0.0,-1.0
6540,2024-08-22,B_5mini_unseen,0,,1000,0.0,-1.0
6540,2024-08-22,C_4mini_1box_hot,0,,1000,0.0,-1.0
6540,2024-08-22,D_3mini_1box_1straight,0,,1000,0.0,-1.0
6540,2024-08-22,E_3mini_1set_1straight_prev,0,,1000,0.0,-1.0
6540,2024-08-22,F_5mini_random,0,,1000,0.0,-1.0
6541,2024-08-23,A_5mini_hot,0,,1000,0.0,-1.0
6541,2024-08-23,B_5mini_unseen,0,,1000,0.0,-1.0
6541,2024-08-23,C_4mini_1box_hot,0,,1000,0.0,-1.0
6541,2024-08-23,D_3mini_1box_1straight,0,,1000,0.0,-1.0
6541,2024-08-23,E_3mini_1set_1straight_prev,0,,1000,0.0,-1.0
6541,2024-08-23,F_5mini_random,0,,1000,0.0,-1.0
6542,2024-08-26,A_5mini_hot,0,,1000,0.0,-1.0
6542,2024-08-26,B_5mini_unseen,0,,1000,0.0,-1.0
6542,2024-08-26,C_4mini_1box_hot,0,,1000,0.0,-1.0
6542,2024-08-26,D_3mini_1box_1straight,0,,1000,0.0,-1.0
6542,2024-08-26,E_3mini_1set_1straight_prev,0,,1000,0.0,-1.0
6542,2024-08-26,F_5mini_random,0,,1000,0.0,-1.0
6543,2024-08-27,A_5mini_hot,0,,1000,0.0,-1.0
6543,2024-08-27,B_5mini_unseen,0,,1000,0.0,-1.0
6543,2024-08-27,C_4mini_1box_hot,0,,1000,0.0,-1.0
6543,2024-08-27,D_3mini_1box_1straight,0,,1000,0.0,-1.0
6543,2024-08-27,E_3mini_1set_1straight_prev,0,,1000,0.0,-1.0
6543,2024-08-27,F_5mini_random,0,,1000,0.0,-1.0
6544,2024-08-28,A_5mini_hot,0,,1000,0.0,-1.0
6544,2024-08-28,B_5mini_unseen,0,,1000,0.0,-1.0
6544,2024-08-28,C_4mini_1box_hot,0,,1000,0.0,-1.0
6544,2024-08-28,D_3mini_1box_1straight,0,,1000,0.0,-1.0
6544,2024-08-28,E_3mini_1set_1straight_prev,0,,1000,0.0,-1.0
6544,2024-08-28,F_5mini_random,0,,1000,0.0,-1.0
6545,2024-08-29,A_5mini_hot,0,,1000,0.0,-1.0
6545,2024-08-29,B_5mini_unseen,0,,1000,0.0,-1.0
6545,2024-08-29,C_4mini_1box_hot,0,,1000,0.0,-1.0
6545,2024-08-29,D_3mini_1box_1straight,0,,1000,0.0,-1.0
6545,2024-08-29,E_3mini_1set_1straight_prev,0,,1000,0.0,-1.0
6545,2024-08-29,F_5mini_random,0,,1000,0.0,-1.0
6546,2024-08-30,A_5mini_hot,1,mini,1000,9000.0,8.0
6546,2024-08-30,B_5mini_unseen,0,,1000,0.0,-1.0
6546,2024-08-30,C_4mini_1box_hot,1,mini,1000,9000.0,8.0
6546,2024-08-30,D_3mini_1box_1straight,0,,1000,0.0,-1.0
6546,2024-08-30,E_3mini_1set_1straight_prev,0,,1000,0.0,-1.0
6546,2024-08-30,F_5mini_random,0,,1000,0.0,-1.0
6547,2024-09-02,A_5mini_hot,1,mini,1000,9000.0,8.0
6547,2024-09-02,B_5mini_unseen,0,,1000,0.0,-1.0
6547,2024-09-02,C_4mini_1box_hot,1,mini,1000,9000.0,8.0
6547,2024-09-02,D_3mini_1box_1straight,0,,1000,0.0,-1.0
6547,2024-09-02,E_3mini_1set_1straight_prev,0,,1000,0.0,-1.0
6547,2024-09-02,F_5mini_random,0,,1000,0.0,-1.0
6548,2024-09-03,A_5mini_hot,0,,1000,0.0,-1.0
6548,2024-09-03,B_5mini_unseen,0,,1000,0.0,-1.0
6548,2024-09-03,C_4mini_1box_hot,0,,1000,0.0,-1.0
6548,2024-09-03,D_3mini_1box_1straight,0,,1000,0.0,-1.0
6548,2024-09-03,E_3mini_1set_1straight_prev,0,,1000,0.0,-1.0
6548,2024-09-03,F_5mini_random,0,,1000,0.0,-1.0
6549,2024-09-04,A_5mini_hot,0,,1000,0.0,-1.0
6549,2024-09-04,B_5mini_unseen,0,,1000,0.0,-1.0
6549,2024-09-04,C_4mini_1box_hot,0,,1000,0.0,-1.0
6549,2024-09-04,D_3mini_1box_1straight,0,,1000,0.0,-1.0
6549,2024-09-04,E_3mini_1set_1straight_prev,0,,1000,0.0,-1.0
6549,2024-09-04,F_5mini_random,0,,1000,0.0,-1.0
6550,2024-09-05,A_5mini_hot,0,,1000,0.0,-1.0
6550,2024-09-05,B_5mini_unseen,0,,1000,0.0,-1.0
6550,2024-09-05,C_4mini_1box_hot,0,,1000,0.0,-1.0
6550,2024-09-05,D_3mini_1box_1straight,0,,1000,0.0,-1.0
6550,2024-09-05,E_3mini_1set_1straight_prev,0,,1000,0.0,-1.0
6550,2024-09-05,F_5mini_random,0,,1000,0.0,-1.0
6551,2024-09-06,A_5mini_hot,0,,1000,0.0,-1.0
6551,2024-09-06,B_5mini_unseen,0,,1000,0.0,-1.0
6551,2024-09-06,C_4mini_1box_hot,0,,1000,0.0,-1.0
6551,2024-09-06,D_3mini_1box_1straight,0,,1000,0.0,-1.0
6551,2024-09-06,E_3mini_1set_1straight_prev,0,,1000,0.0,-1.0
6551,2024-09-06,F_5mini_random,0,,1000,0.0,-1.0
6552,2024-09-09,A_5mini_hot,1,mini,1000,9000.0,8.0
6552,2024-09-09,B_5mini_unseen,0,,1000,0.0,-1.0
6552,2024-09-09,C_4mini_1box_hot,0,,1000,0.0,-1.0
6552,2024-09-09,D_3mini_1box_1straight,0,,1000,0.0,-1.0
6552,2024-09-09,E_3mini_1set_1straight_prev,0,,1000,0.0,-1.0
6552,2024-09-09,F_5mini_random,0,,1000,0.0,-1.0
6553,2024-09-10,A_5mini_hot,0,,1000,0.0,-1.0
6553,2024-09-10,B_5mini_unseen,0,,1000,0.0,-1.0
6553,2024-09-10,C_4mini_1box_hot,0,,1000,0.0,-1.0
6553,2024-09-10,D_3mini_1box_1straight,0,,1000,0.0,-1.0
6553,2024-09-10,E_3mini_1set_1straight_prev,1,mini,1000,9000.0,8.0
6553,2024-09-10,F_5mini_random,0,,1000,0.0,-1.0
6554,2024-09-11,A_5mini_hot,0,,1000,0.0,-1.0
6554,2024-09-11,B_5mini_unseen,1,mini,1000,9000.0,8.0
6554,2024-09-11,C_4mini_1box_hot,0,,1000,0.0,-1.0
6554,2024-09-11,D_3mini_1box_1straight,0,,1000,0.0,-1.0
6554,2024-09-11,E_3mini_1set_1straight_prev,0,,1000,0.0,-1.0
6554,2024-09-11,F_5mini_random,0,,1000,0.0,-1.0
6555,2024-09-12,A_5mini_hot,0,,1000,0.0,-1.0
6555,2024-09-12,B_5mini_unseen,0,,1000,0.0,-1.0
6555,2024-09-12,C_4mini_1box_hot,0,,1000,0.0,-1.0
6555,2024-09-12,D_3mini_1box_1straight,0,,1000,0.0,-1.0
6555,2024-09-12,E_3mini_1set_1straight_prev,0,,1000,0.0,-1.0
6555,2024-09-12,F_5mini_random,0,,1000,0.0,-1.0
6556,2024-09-13,A_5mini_hot,0,,1000,0.0,-1.0
6556,2024-09-13,B_5mini_unseen,0,,1000,0.0,-1.0
6556,2024-09-13,C_4mini_1box_hot,0,,1000,0.0,-1.0
6556,2024-09-13,D_3mini_1box_1straight,0,,1000,0.0,-1.0
6556,2024-09-13,E_3mini_1set_1straight_prev,0,,1000,0.0,-1.0
6556,2024-09-13,F_5mini_random,0,,1000,0.0,-1.0
6557,2024-09-16,A_5mini_hot,0,,1000,0.0,-1.0
6557,2024-09-16,B_5mini_unseen,0,,1000,0.0,-1.0
6557,2024-09-16,C_4mini_1box_hot,0,,1000,0.0,-1.0
6557,2024-09-16,D_3mini_1box_1straight,0,,1000,0.0,-1.0
6557,2024-09-16,E_3mini_1set_1straight_prev,0,,1000,0.0,-1.0
6557,2024-09-16,F_5mini_random,0,,1000,0.0,-1.0
6558,2024-09-17,A_5mini_hot,0,,1000,0.0,-1.0
6558,2024-09-17,B_5mini_unseen,0,,1000,0.0,-1.0
6558,2024-09-17,C_4mini_1box_hot,0,,1000,0.0,-1.0
6558,2024-09-17,D_3mini_1box_1straight,0,,1000,0.0,-1.0
6558,2024-09-17,E_3mini_1set_1straight_prev,0,,1000,0.0,-1.0
6558,2024-09-17,F_5mini_random,0,,1000,0.0,-1.0
6559,2024-09-18,A_5mini_hot,0,,1000,0.0,-1.0
6559,2024-09-18,B_5mini_unseen,0,,1000,0.0,-1.0
6559,2024-09-18,C_4mini_1box_hot,0,,1000,0.0,-1.0
6559,2024-09-18,D_3mini_1box_1straight,0,,1000,0.0,-1.0
6559,2024-09-18,E_3mini_1set_1straight_prev,0,,1000,0.0,-1.0
6559,2024-09-18,F_5mini_random,0,,1000,0.0,-1.0
6560,2024-09-19,A_5mini_hot,0,,1000,0.0,-1.0
6560,2024-09-19,B_5mini_unseen,0,,1000,0.0,-1.0
6560,2024-09-19,C_4mini_1box_hot,0,,1000,0.0,-1.0
6560,2024-09-19,D_3mini_1box_1straight,0,,1000,0.0,-1.0
6560,2024-09-19,E_3mini_1set_1straight_prev,0,,1000,0.0,-1.0
6560,2024-09-19,F_5mini_random,0,,1000,0.0,-1.0
6561,2024-09-20,A_5mini_hot,0,,1000,0.0,-1.0
6561,2024-09-20,B_5mini_unseen,0,,1000,0.0,-1.0
6561,2024-09-20,C_4mini_1box_hot,0,,1000,0.0,-1.0
6561,2024-09-20,D_3mini_1box_1straight,0,,1000,0.0,-1.0
6561,2024-09-20,E_3mini_1set_1straight_prev,0,,1000,0.0,-1.0
6561,2024-09-20,F_5mini_random,0,,1000,0.0,-1.0
6562,2024-09-23,A_5mini_hot,0,,1000,0.0,-1.0
6562,2024-09-23,B_5mini_unseen,0,,1000,0.0,-1.0
6562,2024-09-23,C_4mini_1box_hot,0,,1000,0.0,-1.0
6562,2024-09-23,D_3mini_1box_1straight,0,,1000,0.0,-1.0
6562,2024-09-23,E_3mini_1set_1straight_prev,0,,1000,0.0,-1.0
6562,2024-09-23,F_5mini_random,0,,1000,0.0,-1.0
6563,2024-09-24,A_5mini_hot,0,,1000,0.0,-1.0
6563,2024-09-24,B_5mini_unseen,0,,1000,0.0,-1.0
6563,2024-09-24,C_4mini_1box_hot,0,,1000,0.0,-1.0
6563,2024-09-24,D_3mini_1box_1straight,0,,1000,0.0,-1.0
6563,2024-09-24,E_3mini_1set_1straight_prev,0,,1000,0.0,-1.0
6563,2024-09-24,F_5mini_random,0,,1000,0.0,-1.0
6564,2024-09-25,A_5mini_hot,0,,1000,0.0,-1.0
6564,2024-09-25,B_5mini_unseen,0,,1000,0.0,-1.0
6564,2024-09-25,C_4mini_1box_hot,0,,1000,0.0,-1.0
6564,2024-09-25,D_3mini_1box_1straight,0,,1000,0.0,-1.0
6564,2024-09-25,E_3mini_1set_1straight_prev,0,,1000,0.0,-1.0
6564,2024-09-25,F_5mini_random,0,,1000,0.0,-1.0
6565,2024-09-26,A_5mini_hot,0,,1000,0.0,-1.0
6565,2024-09-26,B_5mini_unseen,0,,1000,0.0,-1.0
6565,2024-09-26,C_4mini_1box_hot,0,,1000,0.0,-1.0
6565,2024-09-26,D_3mini_1box_1straight,0,,1000,0.0,-1.0
6565,2024-09-26,E_3mini_1set_1straight_prev,0,,1000,0.0,-1.0
6565,2024-09-26,F_5mini_random,0,,1000,0.0,-1.0
6566,2024-09-27,A_5mini_hot,0,,1000,0.0,-1.0
6566,2024-09-27,B_5mini_unseen,0,,1000,0.0,-1.0
6566,2024-09-27,C_4mini_1box_hot,0,,1000,0.0,-1.0
6566,2024-09-27,D_3mini_1box_1straight,0,,1000,0.0,-1.0
6566,2024-09-27,E_3mini_1set_1straight_prev,0,,1000,0.0,-1.0
6566,2024-09-27,F_5mini_random,0,,1000,0.0,-1.0
6567,2024-09-30,A_5mini_hot,0,,1000,0.0,-1.0
6567,2024-09-30,B_5mini_unseen,0,,1000,0.0,-1.0
6567,2024-09-30,C_4mini_1box_hot,0,,1000,0.0,-1.0
6567,2024-09-30,D_3mini_1box_1straight,0,,1000,0.0,-1.0
6567,2024-09-30,E_3mini_1set_1straight_prev,0,,1000,0.0,-1.0
6567,2024-09-30,F_5mini_random,0,,1000,0.0,-1.0
6568,2024-10-01,A_5mini_hot,0,,1000,0.0,-1.0
6568,2024-10-01,B_5mini_unseen,0,,1000,0.0,-1.0
6568,2024-10-01,C_4mini_1box_hot,0,,1000,0.0,-1.0
6568,2024-10-01,D_3mini_1box_1straight,0,,1000,0.0,-1.0
6568,2024-10-01,E_3mini_1set_1straight_prev,0,,1000,0.0,-1.0
6568,2024-10-01,F_5mini_random,0,,1000,0.0,-1.0
6569,2024-10-02,A_5mini_hot,0,,1000,0.0,-1.0
6569,2024-10-02,B_5mini_unseen,0,,1000,0.0,-1.0
6569,2024-10-02,C_4mini_1box_hot,0,,1000,0.0,-1.0
6569,2024-10-02,D_3mini_1box_1straight,0,,1000,0.0,-1.0
6569,2024-10-02,E_3mini_1set_1straight_prev,0,,1000,0.0,-1.0
6569,2024-10-02,F_5mini_random,0,,1000,0.0,-1.0
6570,2024-10-03,A_5mini_hot,0,,1000,0.0,-1.0
6570,2024-10-03,B_5mini_unseen,0,,1000,0.0,-1.0
6570,2024-10-03,C_4mini_1box_hot,0,,1000,0.0,-1.0
6570,2024-10-03,D_3mini_1box_1straight,0,,1000,0.0,-1.0
6570,2024-10-03,E_3mini_1set_1straight_prev,0,,1000,0.0,-1.0
6570,2024-10-03,F_5mini_random,0,,1000,0.0,-1.0
6571,2024-10-04,A_5mini_hot,0,,1000,0.0,-1.0
6571,2024-10-04,B_5mini_unseen,0,,1000,0.0,-1.0
6571,2024-10-04,C_4mini_1box_hot,0,,1000,0.0,-1.0
6571,2024-10-04,D_3mini_1box_1straight,0,,1000,0.0,-1.0
6571,2024-10-04,E_3mini_1set_1straight_prev,0,,1000,0.0,-1.0
6571,2024-10-04,F_5mini_random,0,,1000,0.0,-1.0
6572,2024-10-07,A_5mini_hot,0,,1000,0.0,-1.0
6572,2024-10-07,B_5mini_unseen,0,,1000,0.0,-1.0
6572,2024-10-07,C_4mini_1box_hot,0,,1000,0.0,-1.0
6572,2024-10-07,D_3mini_1box_1straight,0,,1000,0.0,-1.0
6572,2024-10-07,E_3mini_1set_1straight_prev,0,,1000,0.0,-1.0
6572,2024-10-07,F_5mini_random,0,,1000,0.0,-1.0
6573,2024-10-08,A_5mini_hot,0,,1000,0.0,-1.0
6573,2024-10-08,B_5mini_unseen,0,,1000,0.0,-1.0
6573,2024-10-08,C_4mini_1box_hot,0,,1000,0.0,-1.0
6573,2024-10-08,D_3mini_1box_1straight,0,,1000,0.0,-1.0
6573,2024-10-08,E_3mini_1set_1straight_prev,0,,1000,0.0,-1.0
6573,2024-10-08,F_5mini_random,0,,1000,0.0,-1.0
6574,2024-10-09,A_5mini_hot,0,,1000,0.0,-1.0
6574,2024-10-09,B_5mini_unseen,0,,1000,0.0,-1.0
6574,2024-10-09,C_4mini_1box_hot,0,,1000,0.0,-1.0
6574,2024-10-09,D_3mini_1box_1straight,0,,1000,0.0,-1.0
6574,2024-10-09,E_3mini_1set_1straight_prev,0,,1000,0.0,-1.0
6574,2024-10-09,F_5mini_random,0,,1000,0.0,-1.0
6575,2024-10-10,A_5mini_hot,0,,1000,0.0,-1.0
6575,2024-10-10,B_5mini_unseen,0,,1000,0.0,-1.0
6575,2024-10-10,C_4mini_1box_hot,0,,1000,0.0,-1.0
6575,2024-10-10,D_3mini_1box_1straight,0,,1000,0.0,-1.0
6575,2024-10-10,E_3mini_1set_1straight_prev,0,,1000,0.0,-1.0
6575,2024-10-10,F_5mini_random,0,,1000,0.0,-1.0
6576,2024-10-11,A_5mini_hot,0,,1000,0.0,-1.0
6576,2024-10-11,B_5mini_unseen,0,,1000,0.0,-1.0
6576,2024-10-11,C_4mini_1box_hot,0,,1000,0.0,-1.0
6576,2024-10-11,D_3mini_1box_1straight,0,,1000,0.0,-1.0
6576,2024-10-11,E_3mini_1set_1straight_prev,0,,1000,0.0,-1.0
6576,2024-10-11,F_5mini_random,0,,1000,0.0,-1.0
6577,2024-10-14,A_5mini_hot,0,,1000,0.0,-1.0
6577,2024-10-14,B_5mini_unseen,0,,1000,0.0,-1.0
6577,2024-10-14,C_4mini_1box_hot,0,,1000,0.0,-1.0
6577,2024-10-14,D_3mini_1box_1straight,0,,1000,0.0,-1.0
6577,2024-10-14,E_3mini_1set_1straight_prev,0,,1000,0.0,-1.0
6577,2024-10-14,F_5mini_random,0,,1000,0.0,-1.0
6578,2024-10-15,A_5mini_hot,0,,1000,0.0,-1.0
6578,2024-10-15,B_5mini_unseen,0,,1000,0.0,-1.0
6578,2024-10-15,C_4mini_1box_hot,0,,1000,0.0,-1.0
6578,2024-10-15,D_3mini_1box_1straight,0,,1000,0.0,-1.0
6578,2024-10-15,E_3mini_1set_1straight_prev,0,,1000,0.0,-1.0
6578,2024-10-15,F_5mini_random,0,,1000,0.0,-1.0
6579,2024-10-16,A_5mini_hot,0,,1000,0.0,-1.0
6579,2024-10-16,B_5mini_unseen,0,,1000,0.0,-1.0
6579,2024-10-16,C_4mini_1box_hot,0,,1000,0.0,-1.0
6579,2024-10-16,D_3mini_1box_1straight,0,,1000,0.0,-1.0
6579,2024-10-16,E_3mini_1set_1straight_prev,0,,1000,0.0,-1.0
6579,2024-10-16,F_5mini_random,0,,1000,0.0,-1.0
6580,2024-10-17,A_5mini_hot,0,,1000,0.0,-1.0
6580,2024-10-17,B_5mini_unseen,0,,1000,0.0,-1.0
6580,2024-10-17,C_4mini_1box_hot,0,,1000,0.0,-1.0
6580,2024-10-17,D_3mini_1box_1straight,0,,1000,0.0,-1.0
6580,2024-10-17,E_3mini_1set_1straight_prev,0,,1000,0.0,-1.0
6580,2024-10-17,F_5mini_random,0,,1000,0.0,-1.0
6581,2024-10-18,A_5mini_hot,0,,1000,0.0,-1.0
6581,2024-10-18,B_5mini_unseen,0,,1000,0.0,-1.0
6581,2024-10-18,C_4mini_1box_hot,0,,1000,0.0,-1.0
6581,2024-10-18,D_3mini_1box_1straight,0,,1000,0.0,-1.0
6581,2024-10-18,E_3mini_1set_1straight_prev,0,,1000,0.0,-1.0
6581,2024-10-18,F_5mini_random,0,,1000,0.0,-1.0
6582,2024-10-21,A_5mini_hot,0,,1000,0.0,-1.0
6582,2024-10-21,B_5mini_unseen,0,,1000,0.0,-1.0
6582,2024-10-21,C_4mini_1box_hot,0,,1000,0.0,-1.0
6582,2024-10-21,D_3mini_1box_1straight,0,,1000,0.0,-1.0
6582,2024-10-21,E_3mini_1set_1straight_prev,0,,1000,0.0,-1.0
6582,2024-10-21,F_5mini_random,0,,1000,0.0,-1.0
6583,2024-10-22,A_5mini_hot,0,,1000,0.0,-1.0
6583,2024-10-22,B_5mini_unseen,0,,1000,0.0,-1.0
6583,2024-10-22,C_4mini_1box_hot,0,,1000,0.0,-1.0
6583,2024-10-22,D_3mini_1box_1straight,0,,1000,0.0,-1.0
6583,2024-10-22,E_3mini_1set_1straight_prev,0,,1000,0.0,-1.0
6583,2024-10-22,F_5mini_random,0,,1000,0.0,-1.0
6584,2024-10-23,A_5mini_hot,0,,1000,0.0,-1.0
6584,2024-10-23,B_5mini_unseen,0,,1000,0.0,-1.0
6584,2024-10-23,C_4mini_1box_hot,0,,1000,0.0,-1.0
6584,2024-10-23,D_3mini_1box_1straight,0,,1000,0.0,-1.0
6584,2024-10-23,E_3mini_1set_1straight_prev,0,,1000,0.0,-1.0
6584,2024-10-23,F_5mini_random,0,,1000,0.0,-1.0
6585,2024-10-24,A_5mini_hot,0,,1000,0.0,-1.0
6585,2024-10-24,B_5mini_unseen,0,,1000,0.0,-1.0
6585,2024-10-24,C_4mini_1box_hot,0,,1000,0.0,-1.0
6585,2024-10-24,D_3mini_1box_1straight,0,,1000,0.0,-1.0
6585,2024-10-24,E_3mini_1set_1straight_prev,0,,1000,0.0,-1.0
6585,2024-10-24,F_5mini_random,0,,1000,0.0,-1.0
6586,2024-10-25,A_5mini_hot,0,,1000,0.0,-1.0
6586,2024-10-25,B_5mini_unseen,0,,1000,0.0,-1.0
6586,2024-10-25,C_4mini_1box_hot,0,,1000,0.0,-1.0
6586,2024-10-25,D_3mini_1box_1straight,0,,1000,0.0,-1.0
6586,2024-10-25,E_3mini_1set_1straight_prev,0,,1000,0.0,-1.0
6586,2024-10-25,F_5mini_random,0,,1000,0.0,-1.0
6587,2024-10-28,A_5mini_hot,0,,1000,0.0,-1.0
6587,2024-10-28,B_5mini_unseen,0,,1000,0.0,-1.0
6587,2024-10-28,C_4mini_1box_hot,0,,1000,0.0,-1.0
6587,2024-10-28,D_3mini_1box_1straight,0,,1000,0.0,-1.0
6587,2024-10-28,E_3mini_1set_1straight_prev,0,,1000,0.0,-1.0
6587,2024-10-28,F_5mini_random,0,,1000,0.0,-1.0
6588,2024-10-29,A_5mini_hot,0,,1000,0.0,-1.0
6588,2024-10-29,B_5mini_unseen,0,,1000,0.0,-1.0
6588,2024-10-29,C_4mini_1box_hot,0,,1000,0.0,-1.0
6588,2024-10-29,D_3mini_1box_1straight,0,,1000,0.0,-1.0
6588,2024-10-29,E_3mini_1set_1straight_prev,0,,1000,0.0,-1.0
6588,2024-10-29,F_5mini_random,0,,1000,0.0,-1.0
6589,2024-10-30,A_5mini_hot,0,,1000,0.0,-1.0
6589,2024-10-30,B_5mini_unseen,0,,1000,0.0,-1.0
6589,2024-10-30,C_4mini_1box_hot,0,,1000,0.0,-1.0
6589,2024-10-30,D_3mini_1box_1straight,0,,1000,0.0,-1.0
6589,2024-10-30,E_3mini_1set_1straight_prev,0,,1000,0.0,-1.0
6589,2024-10-30,F_5mini_random,0,,1000,0.0,-1.0
6590,2024-10-31,A_5mini_hot,0,,1000,0.0,-1.0
6590,2024-10-31,B_5mini_unseen,0,,1000,0.0,-1.0
6590,2024-10-31,C_4mini_1box_hot,0,,1000,0.0,-1.0
6590,2024-10-31,D_3mini_1box_1straight,0,,1000,0.0,-1.0
6590,2024-10-31,E_3mini_1set_1straight_prev,0,,1000,0.0,-1.0
6590,2024-10-31,F_5mini_random,0,,1000,0.0,-1.0
6591,2024-11-01,A_5mini_hot,0,,1000,0.0,-1.0
6591,2024-11-01,B_5mini_unseen,0,,1000,0.0,-1.0
6591,2024-11-01,C_4mini_1box_hot,0,,1000,0.0,-1.0
6591,2024-11-01,D_3mini_1box_1straight,0,,1000,0.0,-1.0
6591,2024-11-01,E_3mini_1set_1straight_prev,0,,1000,0.0,-1.0
6591,2024-11-01,F_5mini_random,0,,1000,0.0,-1.0
6592,2024-11-04,A_5mini_hot,0,,1000,0.0,-1.0
6592,2024-11-04,B_5mini_unseen,0,,1000,0.0,-1.0
6592,2024-11-04,C_4mini_1box_hot,0,,1000,0.0,-1.0
6592,2024-11-04,D_3mini_1box_1straight,0,,1000,0.0,-1.0
6592,2024-11-04,E_3mini_1set_1straight_prev,0,,1000,0.0,-1.0
6592,2024-11-04,F_5mini_random,0,,1000,0.0,-1.0
6593,2024-11-05,A_5mini_hot,0,,1000,0.0,-1.0
6593,2024-11-05,B_5mini_unseen,0,,1000,0.0,-1.0
6593,2024-11-05,C_4mini_1box_hot,0,,1000,0.0,-1.0
6593,2024-11-05,D_3mini_1box_1straight,0,,1000,0.0,-1.0
6593,2024-11-05,E_3mini_1set_1straight_prev,0,,1000,0.0,-1.0
6593,2024-11-05,F_5mini_random,0,,1000,0.0,-1.0
6594,2024-11-06,A_5mini_hot,0,,1000,0.0,-1.0
6594,2024-11-06,B_5mini_unseen,0,,1000,0.0,-1.0
6594,2024-11-06,C_4mini_1box_hot,0,,1000,0.0,-1.0
6594,2024-11-06,D_3mini_1box_1straight,0,,1000,0.0,-1.0
6594,2024-11-06,E_3mini_1set_1straight_prev,0,,1000,0.0,-1.0
6594,2024-11-06,F_5mini_random,0,,1000,0.0,-1.0
6595,2024-11-07,A_5mini_hot,0,,1000,0.0,-1.0
6595,2024-11-07,B_5mini_unseen,0,,1000,0.0,-1.0
6595,2024-11-07,C_4mini_1box_hot,0,,1000,0.0,-1.0
6595,2024-11-07,D_3mini_1box_1straight,0,,1000,0.0,-1.0
6595,2024-11-07,E_3mini_1set_1straight_prev,0,,1000,0.0,-1.0
6595,2024-11-07,F_5mini_random,0,,1000,0.0,-1.0
6596,2024-11-08,A_5mini_hot,0,,1000,0.0,-1.0
6596,2024-11-08,B_5mini_unseen,0,,1000,0.0,-1.0
6596,2024-11-08,C_4mini_1box_hot,0,,1000,0.0,-1.0
6596,2024-11-08,D_3mini_1box_1straight,0,,1000,0.0,-1.0
6596,2024-11-08,E_3mini_1set_1straight_prev,0,,1000,0.0,-1.0
6596,2024-11-08,F_5mini_random,0,,1000,0.0,-1.0
6597,2024-11-11,A_5mini_hot,1,mini,1000,9000.0,8.0
6597,2024-11-11,B_5mini_unseen,0,,1000,0.0,-1.0
6597,2024-11-11,C_4mini_1box_hot,1,mini,1000,9000.0,8.0
6597,2024-11-11,D_3mini_1box_1straight,0,,1000,0.0,-1.0
6597,2024-11-11,E_3mini_1set_1straight_prev,0,,1000,0.0,-1.0
6597,2024-11-11,F_5mini_random,0,,1000,0.0,-1.0
6598,2024-11-12,A_5mini_hot,0,,1000,0.0,-1.0
6598,2024-11-12,B_5mini_unseen,0,,1000,0.0,-1.0
6598,2024-11-12,C_4mini_1box_hot,0,,1000,0.0,-1.0
6598,2024-11-12,D_3mini_1box_1straight,0,,1000,0.0,-1.0
6598,2024-11-12,E_3mini_1set_1straight_prev,0,,1000,0.0,-1.0
6598,2024-11-12,F_5mini_random,0,,1000,0.0,-1.0
6599,2024-11-13,A_5mini_hot,0,,1000,0.0,-1.0
6599,2024-11-13,B_5mini_unseen,0,,1000,0.0,-1.0
6599,2024-11-13,C_4mini_1box_hot,0,,1000,0.0,-1.0
6599,2024-11-13,D_3mini_1box_1straight,0,,1000,0.0,-1.0
6599,2024-11-13,E_3mini_1set_1straight_prev,0,,1000,0.0,-1.0
6599,2024-11-13,F_5mini_random,0,,1000,0.0,-1.0
6600,2024-11-14,A_5mini_hot,1,mini,1000,9000.0,8.0
6600,2024-11-14,B_5mini_unseen,0,,1000,0.0,-1.0
6600,2024-11-14,C_4mini_1box_hot,1,mini,1000,9000.0,8.0
6600,2024-11-14,D_3mini_1box_1straight,1,mini,1000,9000.0,8.0
6600,2024-11-14,E_3mini_1set_1straight_prev,1,mini,1000,9000.0,8.0
6600,2024-11-14,F_5mini_random,0,,1000,0.0,-1.0
6601,2024-11-15,A_5mini_hot,0,,1000,0.0,-1.0
6601,2024-11-15,B_5mini_unseen,0,,1000,0.0,-1.0
6601,2024-11-15,C_4mini_1box_hot,0,,1000,0.0,-1.0
6601,2024-11-15,D_3mini_1box_1straight,0,,1000,0.0,-1.0
6601,2024-11-15,E_3mini_1set_1straight_prev,0,,1000,0.0,-1.0
6601,2024-11-15,F_5mini_random,0,,1000,0.0,-1.0
6602,2024-11-18,A_5mini_hot,0,,1000,0.0,-1.0
6602,2024-11-18,B_5mini_unseen,0,,1000,0.0,-1.0
6602,2024-11-18,C_4mini_1box_hot,0,,1000,0.0,-1.0
6602,2024-11-18,D_3mini_1box_1straight,0,,1000,0.0,-1.0
6602,2024-11-18,E_3mini_1set_1straight_prev,0,,1000,0.0,-1.0
6602,2024-11-18,F_5mini_random,0,,1000,0.0,-1.0
6603,2024-11-19,A_5mini_hot,0,,1000,0.0,-1.0
6603,2024-11-19,B_5mini_unseen,0,,1000,0.0,-1.0
6603,2024-11-19,C_4mini_1box_hot,0,,1000,0.0,-1.0
6603,2024-11-19,D_3mini_1box_1straight,0,,1000,0.0,-1.0
6603,2024-11-19,E_3mini_1set_1straight_prev,0,,1000,0.0,-1.0
6603,2024-11-19,F_5mini_random,0,,1000,0.0,-1.0
6604,2024-11-20,A_5mini_hot,0,,1000,0.0,-1.0
6604,2024-11-20,B_5mini_unseen,0,,1000,0.0,-1.0
6604,2024-11-20,C_4mini_1box_hot,0,,1000,0.0,-1.0
6604,2024-11-20,D_3mini_1box_1straight,0,,1000,0.0,-1.0
6604,2024-11-20,E_3mini_1set_1straight_prev,0,,1000,0.0,-1.0
6604,2024-11-20,F_5mini_random,0,,1000,0.0,-1.0
6605,2024-11-21,A_5mini_hot,0,,1000,0.0,-1.0
6605,2024-11-21,B_5mini_unseen,0,,1000,0.0,-1.0
6605,2024-11-21,C_4mini_1box_hot,0,,1000,0.0,-1.0
6605,2024-11-21,D_3mini_1box_1straight,0,,1000,0.0,-1.0
6605,2024-11-21,E_3mini_1set_1straight_prev,0,,1000,0.0,-1.0
6605,2024-11-21,F_5mini_random,0,,1000,0.0,-1.0
6606,2024-11-22,A_5mini_hot,0,,1000,0.0,-1.0
6606,2024-11-22,B_5mini_unseen,0,,1000,0.0,-1.0
6606,2024-11-22,C_4mini_1box_hot,0,,1000,0.0,-1.0
6606,2024-11-22,D_3mini_1box_1straight,0,,1000,0.0,-1.0
6606,2024-11-22,E_3mini_1set_1straight_prev,0,,1000,0.0,-1.0
6606,2024-11-22,F_5mini_random,0,,1000,0.0,-1.0
6607,2024-11-25,A_5mini_hot,0,,1000,0.0,-1.0
6607,2024-11-25,B_5mini_unseen,0,,1000,0.0,-1.0
6607,2024-11-25,C_4mini_1box_hot,0,,1000,0.0,-1.0
6607,2024-11-25,D_3mini_1box_1straight,0,,1000,0.0,-1.0
6607,2024-11-25,E_3mini_1set_1straight_prev,0,,1000,0.0,-1.0
6607,2024-11-25,F_5mini_random,1,mini,1000,9000.0,8.0
6608,2024-11-26,A_5mini_hot,0,,1000,0.0,-1.0
6608,2024-11-26,B_5mini_unseen,0,,1000,0.0,-1.0
6608,2024-11-26,C_4mini_1box_hot,0,,1000,0.0,-1.0
6608,2024-11-26,D_3mini_1box_1straight,0,,1000,0.0,-1.0
6608,2024-11-26,E_3mini_1set_1straight_prev,0,,1000,0.0,-1.0
6608,2024-11-26,F_5mini_random,0,,1000,0.0,-1.0
6609,2024-11-27,A_5mini_hot,0,,1000,0.0,-1.0
6609,2024-11-27,B_5mini_unseen,0,,1000,0.0,-1.0
6609,2024-11-27,C_4mini_1box_hot,0,,1000,0.0,-1.0
6609,2024-11-27,D_3mini_1box_1straight,0,,1000,0.0,-1.0
6609,2024-11-27,E_3mini_1set_1straight_prev,0,,1000,0.0,-1.0
6609,2024-11-27,F_5mini_random,0,,1000,0.0,-1.0
6610,2024-11-28,A_5mini_hot,0,,1000,0.0,-1.0
6610,2024-11-28,B_5mini_unseen,0,,1000,0.0,-1.0
6610,2024-11-28,C_4mini_1box_hot,0,,1000,0.0,-1.0
6610,2024-11-28,D_3mini_1box_1straight,0,,1000,0.0,-1.0
6610,2024-11-28,E_3mini_1set_1straight_prev,0,,1000,0.0,-1.0
6610,2024-11-28,F_5mini_random,0,,1000,0.0,-1.0
6611,2024-11-29,A_5mini_hot,0,,1000,0.0,-1.0
6611,2024-11-29,B_5mini_unseen,0,,1000,0.0,-1.0
6611,2024-11-29,C_4mini_1box_hot,0,,1000,0.0,-1.0
6611,2024-11-29,D_3mini_1box_1straight,0,,1000,0.0,-1.0
6611,2024-11-29,E_3mini_1set_1straight_prev,0,,1000,0.0,-1.0
6611,2024-11-29,F_5mini_random,0,,1000,0.0,-1.0
6612,2024-12-02,A_5mini_hot,0,,1000,0.0,-1.0
6612,2024-12-02,B_5mini_unseen,0,,1000,0.0,-1.0
6612,2024-12-02,C_4mini_1box_hot,0,,1000,0.0,-1.0
6612,2024-12-02,D_3mini_1box_1straight,0,,1000,0.0,-1.0
6612,2024-12-02,E_3mini_1set_1straight_prev,0,,1000,0.0,-1.0
6612,2024-12-02,F_5mini_random,1,mini,1000,9000.0,8.0
6613,2024-12-03,A_5mini_hot,0,,1000,0.0,-1.0
6613,2024-12-03,B_5mini_unseen,0,,1000,0.0,-1.0
6613,2024-12-03,C_4mini_1box_hot,0,,1000,0.0,-1.0
6613,2024-12-03,D_3mini_1box_1straight,0,,1000,0.0,-1.0
6613,2024-12-03,E_3mini_1set_1straight_prev,0,,1000,0.0,-1.0
6613,2024-12-03,F_5mini_random,0,,1000,0.0,-1.0
6614,2024-12-04,A_5mini_hot,0,,1000,0.0,-1.0
6614,2024-12-04,B_5mini_unseen,0,,1000,0.0,-1.0
6614,2024-12-04,C_4mini_1box_hot,0,,1000,0.0,-1.0
6614,2024-12-04,D_3mini_1box_1straight,0,,1000,0.0,-1.0
6614,2024-12-04,E_3mini_1set_1straight_prev,0,,1000,0.0,-1.0
6614,2024-12-04,F_5mini_random,0,,1000,0.0,-1.0
6615,2024-12-05,A_5mini_hot,0,,1000,0.0,-1.0
6615,2024-12-05,B_5mini_unseen,0,,1000,0.0,-1.0
6615,2024-12-05,C_4mini_1box_hot,0,,1000,0.0,-1.0
6615,2024-12-05,D_3mini_1box_1straight,0,,1000,0.0,-1.0
6615,2024-12-05,E_3mini_1set_1straight_prev,0,,1000,0.0,-1.0
6615,2024-12-05,F_5mini_random,0,,1000,0.0,-1.0
6616,2024-12-06,A_5mini_hot,0,,1000,0.0,-1.0
6616,2024-12-06,B_5mini_unseen,0,,1000,0.0,-1.0
6616,2024-12-06,C_4mini_1box_hot,0,,1000,0.0,-1.0
6616,2024-12-06,D_3mini_1box_1straight,0,,1000,0.0,-1.0
6616,2024-12-06,E_3mini_1set_1straight_prev,0,,1000,0.0,-1.0
6616,2024-12-06,F_5mini_random,0,,1000,0.0,-1.0
6617,2024-12-09,A_5mini_hot,0,,1000,0.0,-1.0
6617,2024-12-09,B_5mini_unseen,0,,1000,0.0,-1.0
6617,2024-12-09,C_4mini_1box_hot,0,,1000,0.0,-1.0
6617,2024-12-09,D_3mini_1box_1straight,0,,1000,0.0,-1.0
6617,2024-12-09,E_3mini_1set_1straight_prev,1,mini,1000,9000.0,8.0
6617,2024-12-09,F_5mini_random,0,,1000,0.0,-1.0
6618,2024-12-10,A_5mini_hot,0,,1000,0.0,-1.0
6618,2024-12-10,B_5mini_unseen,1,mini,1000,9000.0,8.0
6618,2024-12-10,C_4mini_1box_hot,0,,1000,0.0,-1.0
6618,2024-12-10,D_3mini_1box_1straight,0,,1000,0.0,-1.0
6618,2024-12-10,E_3mini_1set_1straight_prev,0,,1000,0.0,-1.0
6618,2024-12-10,F_5mini_random,0,,1000,0.0,-1.0
6619,2024-12-11,A_5mini_hot,0,,1000,0.0,-1.0
6619,2024-12-11,B_5mini_unseen,0,,1000,0.0,-1.0
6619,2024-12-11,C_4mini_1box_hot,0,,1000,0.0,-1.0
6619,2024-12-11,D_3mini_1box_1straight,0,,1000,0.0,-1.0
6619,2024-12-11,E_3mini_1set_1straight_prev,0,,1000,0.0,-1.0
6619,2024-12-11,F_5mini_random,0,,1000,0.0,-1.0
6620,2024-12-12,A_5mini_hot,0,,1000,0.0,-1.0
6620,2024-12-12,B_5mini_unseen,0,,1000,0.0,-1.0
6620,2024-12-12,C_4mini_1box_hot,0,,1000,0.0,-1.0
6620,2024-12-12,D_3mini_1box_1straight,0,,1000,0.0,-1.0
6620,2024-12-12,E_3mini_1set_1straight_prev,0,,1000,0.0,-1.0
6620,2024-12-12,F_5mini_random,0,,1000,0.0,-1.0
6621,2024-12-13,A_5mini_hot,0,,1000,0.0,-1.0
6621,2024-12-13,B_5mini_unseen,0,,1000,0.0,-1.0
6621,2024-12-13,C_4mini_1box_hot,0,,1000,0.0,-1.0
6621,2024-12-13,D_3mini_1box_1straight,0,,1000,0.0,-1.0
6621,2024-12-13,E_3mini_1set_1straight_prev,0,,1000,0.0,-1.0
6621,2024-12-13,F_5mini_random,0,,1000,0.0,-1.0
6622,2024-12-16,A_5mini_hot,0,,1000,0.0,-1.0
6622,2024-12-16,B_5mini_unseen,0,,1000,0.0,-1.0
6622,2024-12-16,C_4mini_1box_hot,0,,1000,0.0,-1.0
6622,2024-12-16,D_3mini_1box_1straight,0,,1000,0.0,-1.0
6622,2024-12-16,E_3mini_1set_1straight_prev,0,,1000,0.0,-1.0
6622,2024-12-16,F_5mini_random,0,,1000,0.0,-1.0
6623,2024-12-17,A_5mini_hot,0,,1000,0.0,-1.0
6623,2024-12-17,B_5mini_unseen,0,,1000,0.0,-1.0
6623,2024-12-17,C_4mini_1box_hot,0,,1000,0.0,-1.0
6623,2024-12-17,D_3mini_1box_1straight,0,,1000,0.0,-1.0
6623,2024-12-17,E_3mini_1set_1straight_prev,0,,1000,0.0,-1.0
6623,2024-12-17,F_5mini_random,0,,1000,0.0,-1.0
6624,2024-12-18,A_5mini_hot,0,,1000,0.0,-1.0
6624,2024-12-18,B_5mini_unseen,0,,1000,0.0,-1.0
6624,2024-12-18,C_4mini_1box_hot,0,,1000,0.0,-1.0
6624,2024-12-18,D_3mini_1box_1straight,0,,1000,0.0,-1.0
6624,2024-12-18,E_3mini_1set_1straight_prev,0,,1000,0.0,-1.0
6624,2024-12-18,F_5mini_random,0,,1000,0.0,-1.0
6625,2024-12-19,A_5mini_hot,0,,1000,0.0,-1.0
6625,2024-12-19,B_5mini_unseen,0,,1000,0.0,-1.0
6625,2024-12-19,C_4mini_1box_hot,0,,1000,0.0,-1.0
6625,2024-12-19,D_3mini_1box_1straight,0,,1000,0.0,-1.0
6625,2024-12-19,E_3mini_1set_1straight_prev,0,,1000,0.0,-1.0
6625,2024-12-19,F_5mini_random,0,,1000,0.0,-1.0
6626,2024-12-20,A_5mini_hot,0,,1000,0.0,-1.0
6626,2024-12-20,B_5mini_unseen,0,,1000,0.0,-1.0
6626,2024-12-20,C_4mini_1box_hot,0,,1000,0.0,-1.0
6626,2024-12-20,D_3mini_1box_1straight,0,,1000,0.0,-1.0
6626,2024-12-20,E_3mini_1set_1straight_prev,0,,1000,0.0,-1.0
6626,2024-12-20,F_5mini_random,0,,1000,0.0,-1.0
6627,2024-12-23,A_5mini_hot,0,,1000,0.0,-1.0
6627,2024-12-23,B_5mini_unseen,0,,1000,0.0,-1.0
6627,2024-12-23,C_4mini_1box_hot,0,,1000,0.0,-1.0
6627,2024-12-23,D_3mini_1box_1straight,0,,1000,0.0,-1.0
6627,2024-12-23,E_3mini_1set_1straight_prev,0,,1000,0.0,-1.0
6627,2024-12-23,F_5mini_random,0,,1000,0.0,-1.0
6628,2024-12-24,A_5mini_hot,0,,1000,0.0,-1.0
6628,2024-12-24,B_5mini_unseen,0,,1000,0.0,-1.0
6628,2024-12-24,C_4mini_1box_hot,0,,1000,0.0,-1.0
6628,2024-12-24,D_3mini_1box_1straight,0,,1000,0.0,-1.0
6628,2024-12-24,E_3mini_1set_1straight_prev,0,,1000,0.0,-1.0
6628,2024-12-24,F_5mini_random,1,mini,1000,9000.0,8.0
6629,2024-12-25,A_5mini_hot,0,,1000,0.0,-1.0
6629,2024-12-25,B_5mini_unseen,1,mini,1000,9000.0,8.0
6629,2024-12-25,C_4mini_1box_hot,0,,1000,0.0,-1.0
6629,2024-12-25,D_3mini_1box_1straight,0,,1000,0.0,-1.0
6629,2024-12-25,E_3mini_1set_1straight_prev,0,,1000,0.0,-1.0
6629,2024-12-25,F_5mini_random,0,,1000,0.0,-1.0
6630,2024-12-26,A_5mini_hot,0,,1000,0.0,-1.0
6630,2024-12-26,B_5mini_unseen,0,,1000,0.0,-1.0
6630,2024-12-26,C_4mini_1box_hot,0,,1000,0.0,-1.0
6630,2024-12-26,D_3mini_1box_1straight,0,,1000,0.0,-1.0
6630,2024-12-26,E_3mini_1set_1straight_prev,1,mini,1000,9000.0,8.0
6630,2024-12-26,F_5mini_random,0,,1000,0.0,-1.0
6631,2024-12-27,A_5mini_hot,0,,1000,0.0,-1.0
6631,2024-12-27,B_5mini_unseen,0,,1000,0.0,-1.0
6631,2024-12-27,C_4mini_1box_hot,0,,1000,0.0,-1.0
6631,2024-12-27,D_3mini_1box_1straight,0,,1000,0.0,-1.0
6631,2024-12-27,E_3mini_1set_1straight_prev,0,,1000,0.0,-1.0
6631,2024-12-27,F_5mini_random,0,,1000,0.0,-1.0
6632,2024-12-30,A_5mini_hot,0,,1000,0.0,-1.0
6632,2024-12-30,B_5mini_unseen,1,mini,1000,9000.0,8.0
6632,2024-12-30,C_4mini_1box_hot,0,,1000,0.0,-1.0
6632,2024-12-30,D_3mini_1box_1straight,0,,1000,0.0,-1.0
6632,2024-12-30,E_3mini_1set_1straight_prev,0,,1000,0.0,-1.0
6632,2024-12-30,F_5mini_random,0,,1000,0.0,-1.0
6633,2025-01-06,A_5mini_hot,0,,1000,0.0,-1.0
6633,2025-01-06,B_5mini_unseen,0,,1000,0.0,-1.0
6633,2025-01-06,C_4mini_1box_hot,0,,1000,0.0,-1.0
6633,2025-01-06,D_3mini_1box_1straight,0,,1000,0.0,-1.0
6633,2025-01-06,E_3mini_1set_1straight_prev,0,,1000,0.0,-1.0
6633,2025-01-06,F_5mini_random,0,,1000,0.0,-1.0
6634,2025-01-07,A_5mini_hot,1,mini,1000,9000.0,8.0
6634,2025-01-07,B_5mini_unseen,0,,1000,0.0,-1.0
6634,2025-01-07,C_4mini_1box_hot,0,,1000,0.0,-1.0
6634,2025-01-07,D_3mini_1box_1straight,0,,1000,0.0,-1.0
6634,2025-01-07,E_3mini_1set_1straight_prev,0,,1000,0.0,-1.0
6634,2025-01-07,F_5mini_random,0,,1000,0.0,-1.0
6635,2025-01-08,A_5mini_hot,0,,1000,0.0,-1.0
6635,2025-01-08,B_5mini_unseen,0,,1000,0.0,-1.0
6635,2025-01-08,C_4mini_1box_hot,0,,1000,0.0,-1.0
6635,2025-01-08,D_3mini_1box_1straight,0,,1000,0.0,-1.0
6635,2025-01-08,E_3mini_1set_1straight_prev,0,,1000,0.0,-1.0
6635,2025-01-08,F_5mini_random,0,,1000,0.0,-1.0
6636,2025-01-09,A_5mini_hot,0,,1000,0.0,-1.0
6636,2025-01-09,B_5mini_unseen,1,mini,1000,9000.0,8.0
6636,2025-01-09,C_4mini_1box_hot,0,,1000,0.0,-1.0
6636,2025-01-09,D_3mini_1box_1straight,0,,1000,0.0,-1.0
6636,2025-01-09,E_3mini_1set_1straight_prev,0,,1000,0.0,-1.0
6636,2025-01-09,F_5mini_random,0,,1000,0.0,-1.0
6637,2025-01-10,A_5mini_hot,0,,1000,0.0,-1.0
6637,2025-01-10,B_5mini_unseen,0,,1000,0.0,-1.0
6637,2025-01-10,C_4mini_1box_hot,0,,1000,0.0,-1.0
6637,2025-01-10,D_3mini_1box_1straight,0,,1000,0.0,-1.0
6637,2025-01-10,E_3mini_1set_1straight_prev,0,,1000,0.0,-1.0
6637,2025-01-10,F_5mini_random,0,,1000,0.0,-1.0
6638,2025-01-13,A_5mini_hot,0,,1000,0.0,-1.0
6638,2025-01-13,B_5mini_unseen,0,,1000,0.0,-1.0
6638,2025-01-13,C_4mini_1box_hot,0,,1000,0.0,-1.0
6638,2025-01-13,D_3mini_1box_1straight,0,,1000,0.0,-1.0
6638,2025-01-13,E_3mini_1set_1straight_prev,0,,1000,0.0,-1.0
6638,2025-01-13,F_5mini_random,0,,1000,0.0,-1.0
6639,2025-01-14,A_5mini_hot,0,,1000,0.0,-1.0
6639,2025-01-14,B_5mini_unseen,0,,1000,0.0,-1.0
6639,2025-01-14,C_4mini_1box_hot,0,,1000,0.0,-1.0
6639,2025-01-14,D_3mini_1box_1straight,0,,1000,0.0,-1.0
6639,2025-01-14,E_3mini_1set_1straight_prev,0,,1000,0.0,-1.0
6639,2025-01-14,F_5mini_random,0,,1000,0.0,-1.0
6640,2025-01-15,A_5mini_hot,0,,1000,0.0,-1.0
6640,2025-01-15,B_5mini_unseen,0,,1000,0.0,-1.0
6640,2025-01-15,C_4mini_1box_hot,0,,1000,0.0,-1.0
6640,2025-01-15,D_3mini_1box_1straight,0,,1000,0.0,-1.0
6640,2025-01-15,E_3mini_1set_1straight_prev,0,,1000,0.0,-1.0
6640,2025-01-15,F_5mini_random,0,,1000,0.0,-1.0
6641,2025-01-16,A_5mini_hot,0,,1000,0.0,-1.0
6641,2025-01-16,B_5mini_unseen,1,mini,1000,9000.0,8.0
6641,2025-01-16,C_4mini_1box_hot,0,,1000,0.0,-1.0
6641,2025-01-16,D_3mini_1box_1straight,0,,1000,0.0,-1.0
6641,2025-01-16,E_3mini_1set_1straight_prev,0,,1000,0.0,-1.0
6641,2025-01-16,F_5mini_random,0,,1000,0.0,-1.0
6642,2025-01-17,A_5mini_hot,0,,1000,0.0,-1.0
6642,2025-01-17,B_5mini_unseen,0,,1000,0.0,-1.0
6642,2025-01-17,C_4mini_1box_hot,0,,1000,0.0,-1.0
6642,2025-01-17,D_3mini_1box_1straight,0,,1000,0.0,-1.0
6642,2025-01-17,E_3mini_1set_1straight_prev,0,,1000,0.0,-1.0
6642,2025-01-17,F_5mini_random,0,,1000,0.0,-1.0
6643,2025-01-20,A_5mini_hot,0,,1000,0.0,-1.0
6643,2025-01-20,B_5mini_unseen,0,,1000,0.0,-1.0
6643,2025-01-20,C_4mini_1box_hot,0,,1000,0.0,-1.0
6643,2025-01-20,D_3mini_1box_1straight,0,,1000,0.0,-1.0
6643,2025-01-20,E_3mini_1set_1straight_prev,0,,1000,0.0,-1.0
6643,2025-01-20,F_5mini_random,0,,1000,0.0,-1.0
6644,2025-01-21,A_5mini_hot,0,,1000,0.0,-1.0
6644,2025-01-21,B_5mini_unseen,0,,1000,0.0,-1.0
6644,2025-01-21,C_4mini_1box_hot,0,,1000,0.0,-1.0
6644,2025-01-21,D_3mini_1box_1straight,0,,1000,0.0,-1.0
6644,2025-01-21,E_3mini_1set_1straight_prev,0,,1000,0.0,-1.0
6644,2025-01-21,F_5mini_random,0,,1000,0.0,-1.0
6645,2025-01-22,A_5mini_hot,0,,1000,0.0,-1.0
6645,2025-01-22,B_5mini_unseen,0,,1000,0.0,-1.0
6645,2025-01-22,C_4mini_1box_hot,0,,1000,0.0,-1.0
6645,2025-01-22,D_3mini_1box_1straight,0,,1000,0.0,-1.0
6645,2025-01-22,E_3mini_1set_1straight_prev,0,,1000,0.0,-1.0
6645,2025-01-22,F_5mini_random,0,,1000,0.0,-1.0
6646,2025-01-23,A_5mini_hot,0,,1000,0.0,-1.0
6646,2025-01-23,B_5mini_unseen,0,,1000,0.0,-1.0
6646,2025-01-23,C_4mini_1box_hot,0,,1000,0.0,-1.0
6646,2025-01-23,D_3mini_1box_1straight,0,,1000,0.0,-1.0
6646,2025-01-23,E_3mini_1set_1straight_prev,0,,1000,0.0,-1.0
6646,2025-01-23,F_5mini_random,0,,1000,0.0,-1.0
6647,2025-01-24,A_5mini_hot,0,,1000,0.0,-1.0
6647,2025-01-24,B_5mini_unseen,0,,1000,0.0,-1.0
6647,2025-01-24,C_4mini_1box_hot,0,,1000,0.0,-1.0
6647,2025-01-24,D_3mini_1box_1straight,0,,1000,0.0,-1.0
6647,2025-01-24,E_3mini_1set_1straight_prev,0,,1000,0.0,-1.0
6647,2025-01-24,F_5mini_random,0,,1000,0.0,-1.0
6648,2025-01-27,A_5mini_hot,0,,1000,0.0,-1.0
6648,2025-01-27,B_5mini_unseen,0,,1000,0.0,-1.0
6648,2025-01-27,C_4mini_1box_hot,0,,1000,0.0,-1.0
6648,2025-01-27,D_3mini_1box_1straight,0,,1000,0.0,-1.0
6648,2025-01-27,E_3mini_1set_1straight_prev,0,,1000,0.0,-1.0
6648,2025-01-27,F_5mini_random,0,,1000,0.0,-1.0
6649,2025-01-28,A_5mini_hot,0,,1000,0.0,-1.0
6649,2025-01-28,B_5mini_unseen,0,,1000,0.0,-1.0
6649,2025-01-28,C_4mini_1box_hot,0,,1000,0.0,-1.0
6649,2025-01-28,D_3mini_1box_1straight,0,,1000,0.0,-1.0
6649,2025-01-28,E_3mini_1set_1straight_prev,0,,1000,0.0,-1.0
6649,2025-01-28,F_5mini_random,0,,1000,0.0,-1.0
6650,2025-01-29,A_5mini_hot,0,,1000,0.0,-1.0
6650,2025-01-29,B_5mini_unseen,0,,1000,0.0,-1.0
6650,2025-01-29,C_4mini_1box_hot,0,,1000,0.0,-1.0
6650,2025-01-29,D_3mini_1box_1straight,0,,1000,0.0,-1.0
6650,2025-01-29,E_3mini_1set_1straight_prev,0,,1000,0.0,-1.0
6650,2025-01-29,F_5mini_random,0,,1000,0.0,-1.0
6651,2025-01-30,A_5mini_hot,0,,1000,0.0,-1.0
6651,2025-01-30,B_5mini_unseen,0,,1000,0.0,-1.0
6651,2025-01-30,C_4mini_1box_hot,0,,1000,0.0,-1.0
6651,2025-01-30,D_3mini_1box_1straight,0,,1000,0.0,-1.0
6651,2025-01-30,E_3mini_1set_1straight_prev,0,,1000,0.0,-1.0
6651,2025-01-30,F_5mini_random,0,,1000,0.0,-1.0
6652,2025-01-31,A_5mini_hot,0,,1000,0.0,-1.0
6652,2025-01-31,B_5mini_unseen,0,,1000,0.0,-1.0
6652,2025-01-31,C_4mini_1box_hot,0,,1000,0.0,-1.0
6652,2025-01-31,D_3mini_1box_1straight,0,,1000,0.0,-1.0
6652,2025-01-31,E_3mini_1set_1straight_prev,0,,1000,0.0,-1.0
6652,2025-01-31,F_5mini_random,0,,1000,0.0,-1.0
6653,2025-02-03,A_5mini_hot,0,,1000,0.0,-1.0
6653,2025-02-03,B_5mini_unseen,0,,1000,0.0,-1.0
6653,2025-02-03,C_4mini_1box_hot,0,,1000,0.0,-1.0
6653,2025-02-03,D_3mini_1box_1straight,0,,1000,0.0,-1.0
6653,2025-02-03,E_3mini_1set_1straight_prev,0,,1000,0.0,-1.0
6653,2025-02-03,F_5mini_random,0,,1000,0.0,-1.0
6654,2025-02-04,A_5mini_hot,0,,1000,0.0,-1.0
6654,2025-02-04,B_5mini_unseen,0,,1000,0.0,-1.0
6654,2025-02-04,C_4mini_1box_hot,0,,1000,0.0,-1.0
6654,2025-02-04,D_3mini_1box_1straight,0,,1000,0.0,-1.0
6654,2025-02-04,E_3mini_1set_1straight_prev,0,,1000,0.0,-1.0
6654,2025-02-04,F_5mini_random,0,,1000,0.0,-1.0
6655,2025-02-05,A_5mini_hot,0,,1000,0.0,-1.0
6655,2025-02-05,B_5mini_unseen,0,,1000,0.0,-1.0
6655,2025-02-05,C_4mini_1box_hot,0,,1000,0.0,-1.0
6655,2025-02-05,D_3mini_1box_1straight,0,,1000,0.0,-1.0
6655,2025-02-05,E_3mini_1set_1straight_prev,0,,1000,0.0,-1.0
6655,2025-02-05,F_5mini_random,0,,1000,0.0,-1.0
6656,2025-02-06,A_5mini_hot,0,,1000,0.0,-1.0
6656,2025-02-06,B_5mini_unseen,0,,1000,0.0,-1.0
6656,2025-02-06,C_4mini_1box_hot,0,,1000,0.0,-1.0
6656,2025-02-06,D_3mini_1box_1straight,0,,1000,0.0,-1.0
6656,2025-02-06,E_3mini_1set_1straight_prev,0,,1000,0.0,-1.0
6656,2025-02-06,F_5mini_random,0,,1000,0.0,-1.0
6657,2025-02-07,A_5mini_hot,0,,1000,0.0,-1.0
6657,2025-02-07,B_5mini_unseen,0,,1000,0.0,-1.0
6657,2025-02-07,C_4mini_1box_hot,0,,1000,0.0,-1.0
6657,2025-02-07,D_3mini_1box_1straight,0,,1000,0.0,-1.0
6657,2025-02-07,E_3mini_1set_1straight_prev,0,,1000,0.0,-1.0
6657,2025-02-07,F_5mini_random,0,,1000,0.0,-1.0
6658,2025-02-10,A_5mini_hot,0,,1000,0.0,-1.0
6658,2025-02-10,B_5mini_unseen,0,,1000,0.0,-1.0
6658,2025-02-10,C_4mini_1box_hot,0,,1000,0.0,-1.0
6658,2025-02-10,D_3mini_1box_1straight,0,,1000,0.0,-1.0
6658,2025-02-10,E_3mini_1set_1straight_prev,0,,1000,0.0,-1.0
6658,2025-02-10,F_5mini_random,0,,1000,0.0,-1.0
6659,2025-02-11,A_5mini_hot,0,,1000,0.0,-1.0
6659,2025-02-11,B_5mini_unseen,0,,1000,0.0,-1.0
6659,2025-02-11,C_4mini_1box_hot,0,,1000,0.0,-1.0
6659,2025-02-11,D_3mini_1box_1straight,0,,1000,0.0,-1.0
6659,2025-02-11,E_3mini_1set_1straight_prev,0,,1000,0.0,-1.0
6659,2025-02-11,F_5mini_random,0,,1000,0.0,-1.0
6660,2025-02-12,A_5mini_hot,0,,1000,0.0,-1.0
6660,2025-02-12,B_5mini_unseen,0,,1000,0.0,-1.0
6660,2025-02-12,C_4mini_1box_hot,0,,1000,0.0,-1.0
6660,2025-02-12,D_3mini_1box_1straight,0,,1000,0.0,-1.0
6660,2025-02-12,E_3mini_1set_1straight_prev,0,,1000,0.0,-1.0
6660,2025-02-12,F_5mini_random,0,,1000,0.0,-1.0
6661,2025-02-13,A_5mini_hot,0,,1000,0.0,-1.0
6661,2025-02-13,B_5mini_unseen,0,,1000,0.0,-1.0
6661,2025-02-13,C_4mini_1box_hot,0,,1000,0.0,-1.0
6661,2025-02-13,D_3mini_1box_1straight,0,,1000,0.0,-1.0
6661,2025-02-13,E_3mini_1set_1straight_prev,0,,1000,0.0,-1.0
6661,2025-02-13,F_5mini_random,0,,1000,0.0,-1.0
6662,2025-02-14,A_5mini_hot,0,,1000,0.0,-1.0
6662,2025-02-14,B_5mini_unseen,0,,1000,0.0,-1.0
6662,2025-02-14,C_4mini_1box_hot,0,,1000,0.0,-1.0
6662,2025-02-14,D_3mini_1box_1straight,0,,1000,0.0,-1.0
6662,2025-02-14,E_3mini_1set_1straight_prev,0,,1000,0.0,-1.0
6662,2025-02-14,F_5mini_random,0,,1000,0.0,-1.0
6663,2025-02-17,A_5mini_hot,1,mini,1000,9000.0,8.0
6663,2025-02-17,B_5mini_unseen,0,,1000,0.0,-1.0
6663,2025-02-17,C_4mini_1box_hot,1,mini,1000,9000.0,8.0
6663,2025-02-17,D_3mini_1box_1straight,1,mini,1000,9000.0,8.0
6663,2025-02-17,E_3mini_1set_1straight_prev,0,,1000,0.0,-1.0
6663,2025-02-17,F_5mini_random,0,,1000,0.0,-1.0
6664,2025-02-18,A_5mini_hot,0,,1000,0.0,-1.0
6664,2025-02-18,B_5mini_unseen,0,,1000,0.0,-1.0
6664,2025-02-18,C_4mini_1box_hot,0,,1000,0.0,-1.0
6664,2025-02-18,D_3mini_1box_1straight,0,,1000,0.0,-1.0
6664,2025-02-18,E_3mini_1set_1straight_prev,0,,1000,0.0,-1.0
6664,2025-02-18,F_5mini_random,0,,1000,0.0,-1.0
6665,2025-02-19,A_5mini_hot,0,,1000,0.0,-1.0
6665,2025-02-19,B_5mini_unseen,0,,1000,0.0,-1.0
6665,2025-02-19,C_4mini_1box_hot,0,,1000,0.0,-1.0
6665,2025-02-19,D_3mini_1box_1straight,0,,1000,0.0,-1.0
6665,2025-02-19,E_3mini_1set_1straight_prev,0,,1000,0.0,-1.0
6665,2025-02-19,F_5mini_random,0,,1000,0.0,-1.0
6666,2025-02-20,A_5mini_hot,0,,1000,0.0,-1.0
6666,2025-02-20,B_5mini_unseen,0,,1000,0.0,-1.0
6666,2025-02-20,C_4mini_1box_hot,0,,1000,0.0,-1.0
6666,2025-02-20,D_3mini_1box_1straight,0,,1000,0.0,-1.0
6666,2025-02-20,E_3mini_1set_1straight_prev,0,,1000,0.0,-1.0
6666,2025-02-20,F_5mini_random,1,mini,1000,9000.0,8.0
6667,2025-02-21,A_5mini_hot,0,,1000,0.0,-1.0
6667,2025-02-21,B_5mini_unseen,0,,1000,0.0,-1.0
6667,2025-02-21,C_4mini_1box_hot,0,,1000,0.0,-1.0
6667,2025-02-21,D_3mini_1box_1straight,0,,1000,0.0,-1.0
6667,2025-02-21,E_3mini_1set_1straight_prev,0,,1000,0.0,-1.0
6667,2025-02-21,F_5mini_random,0,,1000,0.0,-1.0
6668,2025-02-24,A_5mini_hot,0,,1000,0.0,-1.0
6668,2025-02-24,B_5mini_unseen,0,,1000,0.0,-1.0
6668,2025-02-24,C_4mini_1box_hot,0,,1000,0.0,-1.0
6668,2025-02-24,D_3mini_1box_1straight,0,,1000,0.0,-1.0
6668,2025-02-24,E_3mini_1set_1straight_prev,0,,1000,0.0,-1.0
6668,2025-02-24,F_5mini_random,0,,1000,0.0,-1.0
6669,2025-02-25,A_5mini_hot,0,,1000,0.0,-1.0
6669,2025-02-25,B_5mini_unseen,0,,1000,0.0,-1.0
6669,2025-02-25,C_4mini_1box_hot,0,,1000,0.0,-1.0
6669,2025-02-25,D_3mini_1box_1straight,0,,1000,0.0,-1.0
6669,2025-02-25,E_3mini_1set_1straight_prev,0,,1000,0.0,-1.0
6669,2025-02-25,F_5mini_random,0,,1000,0.0,-1.0
6670,2025-02-26,A_5mini_hot,1,mini,1000,9000.0,8.0
6670,2025-02-26,B_5mini_unseen,0,,1000,0.0,-1.0
6670,2025-02-26,C_4mini_1box_hot,1,mini,1000,9000.0,8.0
6670,2025-02-26,D_3mini_1box_1straight,1,mini,1000,9000.0,8.0
6670,2025-02-26,E_3mini_1set_1straight_prev,1,mini,1000,9000.0,8.0
6670,2025-02-26,F_5mini_random,0,,1000,0.0,-1.0
6671,2025-02-27,A_5mini_hot,0,,1000,0.0,-1.0
6671,2025-02-27,B_5mini_unseen,0,,1000,0.0,-1.0
6671,2025-02-27,C_4mini_1box_hot,0,,1000,0.0,-1.0
6671,2025-02-27,D_3mini_1box_1straight,0,,1000,0.0,-1.0
6671,2025-02-27,E_3mini_1set_1straight_prev,0,,1000,0.0,-1.0
6671,2025-02-27,F_5mini_random,0,,1000,0.0,-1.0
6672,2025-02-28,A_5mini_hot,0,,1000,0.0,-1.0
6672,2025-02-28,B_5mini_unseen,0,,1000,0.0,-1.0
6672,2025-02-28,C_4mini_1box_hot,0,,1000,0.0,-1.0
6672,2025-02-28,D_3mini_1box_1straight,0,,1000,0.0,-1.0
6672,2025-02-28,E_3mini_1set_1straight_prev,0,,1000,0.0,-1.0
6672,2025-02-28,F_5mini_random,0,,1000,0.0,-1.0
6673,2025-03-03,A_5mini_hot,0,,1000,0.0,-1.0
6673,2025-03-03,B_5mini_unseen,0,,1000,0.0,-1.0
6673,2025-03-03,C_4mini_1box_hot,0,,1000,0.0,-1.0
6673,2025-03-03,D_3mini_1box_1straight,0,,1000,0.0,-1.0
6673,2025-03-03,E_3mini_1set_1straight_prev,0,,1000,0.0,-1.0
6673,2025-03-03,F_5mini_random,0,,1000,0.0,-1.0
6674,2025-03-04,A_5mini_hot,0,,1000,0.0,-1.0
6674,2025-03-04,B_5mini_unseen,0,,1000,0.0,-1.0
6674,2025-03-04,C_4mini_1box_hot,0,,1000,0.0,-1.0
6674,2025-03-04,D_3mini_1box_1straight,0,,1000,0.0,-1.0
6674,2025-03-04,E_3mini_1set_1straight_prev,0,,1000,0.0,-1.0
6674,2025-03-04,F_5mini_random,0,,1000,0.0,-1.0
6675,2025-03-05,A_5mini_hot,0,,1000,0.0,-1.0
6675,2025-03-05,B_5mini_unseen,0,,1000,0.0,-1.0
6675,2025-03-05,C_4mini_1box_hot,0,,1000,0.0,-1.0
6675,2025-03-05,D_3mini_1box_1straight,0,,1000,0.0,-1.0
6675,2025-03-05,E_3mini_1set_1straight_prev,0,,1000,0.0,-1.0
6675,2025-03-05,F_5mini_random,0,,1000,0.0,-1.0
6676,2025-03-06,A_5mini_hot,0,,1000,0.0,-1.0
6676,2025-03-06,B_5mini_unseen,0,,1000,0.0,-1.0
6676,2025-03-06,C_4mini_1box_hot,0,,1000,0.0,-1.0
6676,2025-03-06,D_3mini_1box_1straight,0,,1000,0.0,-1.0
6676,2025-03-06,E_3mini_1set_1straight_prev,0,,1000,0.0,-1.0
6676,2025-03-06,F_5mini_random,0,,1000,0.0,-1.0
6677,2025-03-07,A_5mini_hot,0,,1000,0.0,-1.0
6677,2025-03-07,B_5mini_unseen,0,,1000,0.0,-1.0
6677,2025-03-07,C_4mini_1box_hot,0,,1000,0.0,-1.0
6677,2025-03-07,D_3mini_1box_1straight,0,,1000,0.0,-1.0
6677,2025-03-07,E_3mini_1set_1straight_prev,1,mini,1000,9000.0,8.0
6677,2025-03-07,F_5mini_random,0,,1000,0.0,-1.0
6678,2025-03-10,A_5mini_hot,0,,1000,0.0,-1.0
6678,2025-03-10,B_5mini_unseen,0,,1000,0.0,-1.0
6678,2025-03-10,C_4mini_1box_hot,0,,1000,0.0,-1.0
6678,2025-03-10,D_3mini_1box_1straight,0,,1000,0.0,-1.0
6678,2025-03-10,E_3mini_1set_1straight_prev,0,,1000,0.0,-1.0
6678,2025-03-10,F_5mini_random,0,,1000,0.0,-1.0
6679,2025-03-11,A_5mini_hot,0,,1000,0.0,-1.0
6679,2025-03-11,B_5mini_unseen,0,,1000,0.0,-1.0
6679,2025-03-11,C_4mini_1box_hot,0,,1000,0.0,-1.0
6679,2025-03-11,D_3mini_1box_1straight,0,,1000,0.0,-1.0
6679,2025-03-11,E_3mini_1set_1straight_prev,0,,1000,0.0,-1.0
6679,2025-03-11,F_5mini_random,0,,1000,0.0,-1.0
6680,2025-03-12,A_5mini_hot,0,,1000,0.0,-1.0
6680,2025-03-12,B_5mini_unseen,0,,1000,0.0,-1.0
6680,2025-03-12,C_4mini_1box_hot,0,,1000,0.0,-1.0
6680,2025-03-12,D_3mini_1box_1straight,0,,1000,0.0,-1.0
6680,2025-03-12,E_3mini_1set_1straight_prev,0,,1000,0.0,-1.0
6680,2025-03-12,F_5mini_random,0,,1000,0.0,-1.0
6681,2025-03-13,A_5mini_hot,0,,1000,0.0,-1.0
6681,2025-03-13,B_5mini_unseen,0,,1000,0.0,-1.0
6681,2025-03-13,C_4mini_1box_hot,0,,1000,0.0,-1.0
6681,2025-03-13,D_3mini_1box_1straight,0,,1000,0.0,-1.0
6681,2025-03-13,E_3mini_1set_1straight_prev,0,,1000,0.0,-1.0
6681,2025-03-13,F_5mini_random,1,mini,1000,9000.0,8.0
6682,2025-03-14,A_5mini_hot,0,,1000,0.0,-1.0
6682,2025-03-14,B_5mini_unseen,0,,1000,0.0,-1.0
6682,2025-03-14,C_4mini_1box_hot,0,,1000,0.0,-1.0
6682,2025-03-14,D_3mini_1box_1straight,0,,1000,0.0,-1.0
6682,2025-03-14,E_3mini_1set_1straight_prev,0,,1000,0.0,-1.0
6682,2025-03-14,F_5mini_random,0,,1000,0.0,-1.0
6683,2025-03-17,A_5mini_hot,0,,1000,0.0,-1.0
6683,2025-03-17,B_5mini_unseen,0,,1000,0.0,-1.0
6683,2025-03-17,C_4mini_1box_hot,0,,1000,0.0,-1.0
6683,2025-03-17,D_3mini_1box_1straight,0,,1000,0.0,-1.0
6683,2025-03-17,E_3mini_1set_1straight_prev,0,,1000,0.0,-1.0
6683,2025-03-17,F_5mini_random,0,,1000,0.0,-1.0
6684,2025-03-18,A_5mini_hot,0,,1000,0.0,-1.0
6684,2025-03-18,B_5mini_unseen,0,,1000,0.0,-1.0
6684,2025-03-18,C_4mini_1box_hot,0,,1000,0.0,-1.0
6684,2025-03-18,D_3mini_1box_1straight,0,,1000,0.0,-1.0
6684,2025-03-18,E_3mini_1set_1straight_prev,0,,1000,0.0,-1.0
6684,2025-03-18,F_5mini_random,0,,1000,0.0,-1.0
6685,2025-03-19,A_5mini_hot,0,,1000,0.0,-1.0
6685,2025-03-19,B_5mini_unseen,0,,1000,0.0,-1.0
6685,2025-03-19,C_4mini_1box_hot,0,,1000,0.0,-1.0
6685,2025-03-19,D_3mini_1box_1straight,0,,1000,0.0,-1.0
6685,2025-03-19,E_3mini_1set_1straight_prev,0,,1000,0.0,-1.0
6685,2025-03-19,F_5mini_random,0,,1000,0.0,-1.0
6686,2025-03-20,A_5mini_hot,0,,1000,0.0,-1.0
6686,2025-03-20,B_5mini_unseen,0,,1000,0.0,-1.0
6686,2025-03-20,C_4mini_1box_hot,0,,1000,0.0,-1.0
6686,2025-03-20,D_3mini_1box_1straight,0,,1000,0.0,-1.0
6686,2025-03-20,E_3mini_1set_1straight_prev,0,,1000,0.0,-1.0
6686,2025-03-20,F_5mini_random,0,,1000,0.0,-1.0
6687,2025-03-21,A_5mini_hot,0,,1000,0.0,-1.0
6687,2025-03-21,B_5mini_unseen,0,,1000,0.0,-1.0
6687,2025-03-21,C_4mini_1box_hot,0,,1000,0.0,-1.0
6687,2025-03-21,D_3mini_1box_1straight,0,,1000,0.0,-1.0
6687,2025-03-21,E_3mini_1set_1straight_prev,0,,1000,0.0,-1.0
6687,2025-03-21,F_5mini_random,0,,1000,0.0,-1.0
6688,2025-03-24,A_5mini_hot,0,,1000,0.0,-1.0
6688,2025-03-24,B_5mini_unseen,0,,1000,0.0,-1.0
6688,2025-03-24,C_4mini_1box_hot,0,,1000,0.0,-1.0
6688,2025-03-24,D_3mini_1box_1straight,0,,1000,0.0,-1.0
6688,2025-03-24,E_3mini_1set_1straight_prev,0,,1000,0.0,-1.0
6688,2025-03-24,F_5mini_random,0,,1000,0.0,-1.0
6689,2025-03-25,A_5mini_hot,0,,1000,0.0,-1.0
6689,2025-03-25,B_5mini_unseen,0,,1000,0.0,-1.0
6689,2025-03-25,C_4mini_1box_hot,0,,1000,0.0,-1.0
6689,2025-03-25,D_3mini_1box_1straight,0,,1000,0.0,-1.0
6689,2025-03-25,E_3mini_1set_1straight_prev,0,,1000,0.0,-1.0
6689,2025-03-25,F_5mini_random,0,,1000,0.0,-1.0
6690,2025-03-26,A_5mini_hot,0,,1000,0.0,-1.0
6690,2025-03-26,B_5mini_unseen,0,,1000,0.0,-1.0
6690,2025-03-26,C_4mini_1box_hot,0,,1000,0.0,-1.0
6690,2025-03-26,D_3mini_1box_1straight,0,,1000,0.0,-1.0
6690,2025-03-26,E_3mini_1set_1straight_prev,0,,1000,0.0,-1.0
6690,2025-03-26,F_5mini_random,0,,1000,0.0,-1.0
6691,2025-03-27,A_5mini_hot,0,,1000,0.0,-1.0
6691,2025-03-27,B_5mini_unseen,0,,1000,0.0,-1.0
6691,2025-03-27,C_4mini_1box_hot,0,,1000,0.0,-1.0
6691,2025-03-27,D_3mini_1box_1straight,0,,1000,0.0,-1.0
6691,2025-03-27,E_3mini_1set_1straight_prev,0,,1000,0.0,-1.0
6691,2025-03-27,F_5mini_random,0,,1000,0.0,-1.0
6692,2025-03-28,A_5mini_hot,0,,1000,0.0,-1.0
6692,2025-03-28,B_5mini_unseen,0,,1000,0.0,-1.0
6692,2025-03-28,C_4mini_1box_hot,0,,1000,0.0,-1.0
6692,2025-03-28,D_3mini_1box_1straight,0,,1000,0.0,-1.0
6692,2025-03-28,E_3mini_1set_1straight_prev,0,,1000,0.0,-1.0
6692,2025-03-28,F_5mini_random,0,,1000,0.0,-1.0
6693,2025-03-31,A_5mini_hot,0,,1000,0.0,-1.0
6693,2025-03-31,B_5mini_unseen,0,,1000,0.0,-1.0
6693,2025-03-31,C_4mini_1box_hot,0,,1000,0.0,-1.0
6693,2025-03-31,D_3mini_1box_1straight,0,,1000,0.0,-1.0
6693,2025-03-31,E_3mini_1set_1straight_prev,0,,1000,0.0,-1.0
6693,2025-03-31,F_5mini_random,0,,1000,0.0,-1.0
6694,2025-04-01,A_5mini_hot,0,,1000,0.0,-1.0
6694,2025-04-01,B_5mini_unseen,0,,1000,0.0,-1.0
6694,2025-04-01,C_4mini_1box_hot,0,,1000,0.0,-1.0
6694,2025-04-01,D_3mini_1box_1straight,0,,1000,0.0,-1.0
6694,2025-04-01,E_3mini_1set_1straight_prev,0,,1000,0.0,-1.0
6694,2025-04-01,F_5mini_random,0,,1000,0.0,-1.0
6695,2025-04-02,A_5mini_hot,0,,1000,0.0,-1.0
6695,2025-04-02,B_5mini_unseen,0,,1000,0.0,-1.0
6695,2025-04-02,C_4mini_1box_hot,0,,1000,0.0,-1.0
6695,2025-04-02,D_3mini_1box_1straight,0,,1000,0.0,-1.0
6695,2025-04-02,E_3mini_1set_1straight_prev,0,,1000,0.0,-1.0
6695,2025-04-02,F_5mini_random,0,,1000,0.0,-1.0
6696,2025-04-03,A_5mini_hot,0,,1000,0.0,-1.0
6696,2025-04-03,B_5mini_unseen,0,,1000,0.0,-1.0
6696,2025-04-03,C_4mini_1box_hot,0,,1000,0.0,-1.0
6696,2025-04-03,D_3mini_1box_1straight,0,,1000,0.0,-1.0
6696,2025-04-03,E_3mini_1set_1straight_prev,0,,1000,0.0,-1.0
6696,2025-04-03,F_5mini_random,0,,1000,0.0,-1.0
6697,2025-04-04,A_5mini_hot,0,,1000,0.0,-1.0
6697,2025-04-04,B_5mini_unseen,0,,1000,0.0,-1.0
6697,2025-04-04,C_4mini_1box_hot,0,,1000,0.0,-1.0
6697,2025-04-04,D_3mini_1box_1straight,0,,1000,0.0,-1.0
6697,2025-04-04,E_3mini_1set_1straight_prev,0,,1000,0.0,-1.0
6697,2025-04-04,F_5mini_random,0,,1000,0.0,-1.0
6698,2025-04-07,A_5mini_hot,0,,1000,0.0,-1.0
6698,2025-04-07,B_5mini_unseen,0,,1000,0.0,-1.0
6698,2025-04-07,C_4mini_1box_hot,0,,1000,0.0,-1.0
6698,2025-04-07,D_3mini_1box_1straight,0,,1000,0.0,-1.0
6698,2025-04-07,E_3mini_1set_1straight_prev,0,,1000,0.0,-1.0
6698,2025-04-07,F_5mini_random,0,,1000,0.0,-1.0
6699,2025-04-08,A_5mini_hot,0,,1000,0.0,-1.0
6699,2025-04-08,B_5mini_unseen,0,,1000,0.0,-1.0
6699,2025-04-08,C_4mini_1box_hot,0,,1000,0.0,-1.0
6699,2025-04-08,D_3mini_1box_1straight,0,,1000,0.0,-1.0
6699,2025-04-08,E_3mini_1set_1straight_prev,0,,1000,0.0,-1.0
6699,2025-04-08,F_5mini_random,0,,1000,0.0,-1.0
6700,2025-04-09,A_5mini_hot,0,,1000,0.0,-1.0
6700,2025-04-09,B_5mini_unseen,0,,1000,0.0,-1.0
6700,2025-04-09,C_4mini_1box_hot,0,,1000,0.0,-1.0
6700,2025-04-09,D_3mini_1box_1straight,0,,1000,0.0,-1.0
6700,2025-04-09,E_3mini_1set_1straight_prev,0,,1000,0.0,-1.0
6700,2025-04-09,F_5mini_random,0,,1000,0.0,-1.0
6701,2025-04-10,A_5mini_hot,0,,1000,0.0,-1.0
6701,2025-04-10,B_5mini_unseen,0,,1000,0.0,-1.0
6701,2025-04-10,C_4mini_1box_hot,0,,1000,0.0,-1.0
6701,2025-04-10,D_3mini_1box_1straight,0,,1000,0.0,-1.0
6701,2025-04-10,E_3mini_1set_1straight_prev,0,,1000,0.0,-1.0
6701,2025-04-10,F_5mini_random,0,,1000,0.0,-1.0
6702,2025-04-11,A_5mini_hot,0,,1000,0.0,-1.0
6702,2025-04-11,B_5mini_unseen,0,,1000,0.0,-1.0
6702,2025-04-11,C_4mini_1box_hot,0,,1000,0.0,-1.0
6702,2025-04-11,D_3mini_1box_1straight,0,,1000,0.0,-1.0
6702,2025-04-11,E_3mini_1set_1straight_prev,0,,1000,0.0,-1.0
6702,2025-04-11,F_5mini_random,0,,1000,0.0,-1.0
6703,2025-04-14,A_5mini_hot,0,,1000,0.0,-1.0
6703,2025-04-14,B_5mini_unseen,0,,1000,0.0,-1.0
6703,2025-04-14,C_4mini_1box_hot,0,,1000,0.0,-1.0
6703,2025-04-14,D_3mini_1box_1straight,0,,1000,0.0,-1.0
6703,2025-04-14,E_3mini_1set_1straight_prev,0,,1000,0.0,-1.0
6703,2025-04-14,F_5mini_random,1,mini,1000,9000.0,8.0
6704,2025-04-15,A_5mini_hot,0,,1000,0.0,-1.0
6704,2025-04-15,B_5mini_unseen,0,,1000,0.0,-1.0
6704,2025-04-15,C_4mini_1box_hot,0,,1000,0.0,-1.0
6704,2025-04-15,D_3mini_1box_1straight,0,,1000,0.0,-1.0
6704,2025-04-15,E_3mini_1set_1straight_prev,0,,1000,0.0,-1.0
6704,2025-04-15,F_5mini_random,0,,1000,0.0,-1.0
6705,2025-04-16,A_5mini_hot,0,,1000,0.0,-1.0
6705,2025-04-16,B_5mini_unseen,0,,1000,0.0,-1.0
6705,2025-04-16,C_4mini_1box_hot,0,,1000,0.0,-1.0
6705,2025-04-16,D_3mini_1box_1straight,0,,1000,0.0,-1.0
6705,2025-04-16,E_3mini_1set_1straight_prev,0,,1000,0.0,-1.0
6705,2025-04-16,F_5mini_random,0,,1000,0.0,-1.0
6706,2025-04-17,A_5mini_hot,0,,1000,0.0,-1.0
6706,2025-04-17,B_5mini_unseen,0,,1000,0.0,-1.0
6706,2025-04-17,C_4mini_1box_hot,0,,1000,0.0,-1.0
6706,2025-04-17,D_3mini_1box_1straight,0,,1000,0.0,-1.0
6706,2025-04-17,E_3mini_1set_1straight_prev,0,,1000,0.0,-1.0
6706,2025-04-17,F_5mini_random,0,,1000,0.0,-1.0
6707,2025-04-18,A_5mini_hot,0,,1000,0.0,-1.0
6707,2025-04-18,B_5mini_unseen,0,,1000,0.0,-1.0
6707,2025-04-18,C_4mini_1box_hot,0,,1000,0.0,-1.0
6707,2025-04-18,D_3mini_1box_1straight,0,,1000,0.0,-1.0
6707,2025-04-18,E_3mini_1set_1straight_prev,0,,1000,0.0,-1.0
6707,2025-04-18,F_5mini_random,0,,1000,0.0,-1.0
6708,2025-04-21,A_5mini_hot,0,,1000,0.0,-1.0
6708,2025-04-21,B_5mini_unseen,0,,1000,0.0,-1.0
6708,2025-04-21,C_4mini_1box_hot,0,,1000,0.0,-1.0
6708,2025-04-21,D_3mini_1box_1straight,0,,1000,0.0,-1.0
6708,2025-04-21,E_3mini_1set_1straight_prev,0,,1000,0.0,-1.0
6708,2025-04-21,F_5mini_random,0,,1000,0.0,-1.0
6709,2025-04-22,A_5mini_hot,1,mini,1000,9000.0,8.0
6709,2025-04-22,B_5mini_unseen,0,,1000,0.0,-1.0
6709,2025-04-22,C_4mini_1box_hot,1,mini,1000,9000.0,8.0
6709,2025-04-22,D_3mini_1box_1straight,1,mini,1000,9000.0,8.0
6709,2025-04-22,E_3mini_1set_1straight_prev,0,,1000,0.0,-1.0
6709,2025-04-22,F_5mini_random,0,,1000,0.0,-1.0
6710,2025-04-23,A_5mini_hot,1,mini,1000,9000.0,8.0
6710,2025-04-23,B_5mini_unseen,0,,1000,0.0,-1.0
6710,2025-04-23,C_4mini_1box_hot,1,mini,1000,9000.0,8.0
6710,2025-04-23,D_3mini_1box_1straight,0,,1000,0.0,-1.0
6710,2025-04-23,E_3mini_1set_1straight_prev,0,,1000,0.0,-1.0
6710,2025-04-23,F_5mini_random,0,,1000,0.0,-1.0
6711,2025-04-24,A_5mini_hot,0,,1000,0.0,-1.0
6711,2025-04-24,B_5mini_unseen,0,,1000,0.0,-1.0
6711,2025-04-24,C_4mini_1box_hot,0,,1000,0.0,-1.0
6711,2025-04-24,D_3mini_1box_1straight,0,,1000,0.0,-1.0
6711,2025-04-24,E_3mini_1set_1straight_prev,0,,1000,0.0,-1.0
6711,2025-04-24,F_5mini_random,1,mini,1000,9000.0,8.0
6712,2025-04-25,A_5mini_hot,1,mini,1000,9000.0,8.0
6712,2025-04-25,B_5mini_unseen,0,,1000,0.0,-1.0
6712,2025-04-25,C_4mini_1box_hot,1,mini,1000,9000.0,8.0
6712,2025-04-25,D_3mini_1box_1straight,1,mini,1000,9000.0,8.0
6712,2025-04-25,E_3mini_1set_1straight_prev,0,,1000,0.0,-1.0
6712,2025-04-25,F_5mini_random,0,,1000,0.0,-1.0
6713,2025-04-28,A_5mini_hot,0,,1000,0.0,-1.0
6713,2025-04-28,B_5mini_unseen,0,,1000,0.0,-1.0
6713,2025-04-28,C_4mini_1box_hot,0,,1000,0.0,-1.0
6713,2025-04-28,D_3mini_1box_1straight,0,,1000,0.0,-1.0
6713,2025-04-28,E_3mini_1set_1straight_prev,0,,1000,0.0,-1.0
6713,2025-04-28,F_5mini_random,0,,1000,0.0,-1.0
6714,2025-04-29,A_5mini_hot,0,,1000,0.0,-1.0
6714,2025-04-29,B_5mini_unseen,0,,1000,0.0,-1.0
6714,2025-04-29,C_4mini_1box_hot,0,,1000,0.0,-1.0
6714,2025-04-29,D_3mini_1box_1straight,0,,1000,0.0,-1.0
6714,2025-04-29,E_3mini_1set_1straight_prev,0,,1000,0.0,-1.0
6714,2025-04-29,F_5mini_random,0,,1000,0.0,-1.0
6715,2025-04-30,A_5mini_hot,0,,1000,0.0,-1.0
6715,2025-04-30,B_5mini_unseen,0,,1000,0.0,-1.0
6715,2025-04-30,C_4mini_1box_hot,0,,1000,0.0,-1.0
6715,2025-04-30,D_3mini_1box_1straight,0,,1000,0.0,-1.0
6715,2025-04-30,E_3mini_1set_1straight_prev,0,,1000,0.0,-1.0
6715,2025-04-30,F_5mini_random,0,,1000,0.0,-1.0
6716,2025-05-01,A_5mini_hot,0,,1000,0.0,-1.0
6716,2025-05-01,B_5mini_unseen,0,,1000,0.0,-1.0
6716,2025-05-01,C_4mini_1box_hot,0,,1000,0.0,-1.0
6716,2025-05-01,D_3mini_1box_1straight,0,,1000,0.0,-1.0
6716,2025-05-01,E_3mini_1set_1straight_prev,0,,1000,0.0,-1.0
6716,2025-05-01,F_5mini_random,0,,1000,0.0,-1.0
6717,2025-05-02,A_5mini_hot,1,mini,1000,9000.0,8.0
6717,2025-05-02,B_5mini_unseen,0,,1000,0.0,-1.0
6717,2025-05-02,C_4mini_1box_hot,0,,1000,0.0,-1.0
6717,2025-05-02,D_3mini_1box_1straight,0,,1000,0.0,-1.0
6717,2025-05-02,E_3mini_1set_1straight_prev,1,mini,1000,9000.0,8.0
6717,2025-05-02,F_5mini_random,0,,1000,0.0,-1.0
6718,2025-05-05,A_5mini_hot,0,,1000,0.0,-1.0
6718,2025-05-05,B_5mini_unseen,0,,1000,0.0,-1.0
6718,2025-05-05,C_4mini_1box_hot,0,,1000,0.0,-1.0
6718,2025-05-05,D_3mini_1box_1straight,0,,1000,0.0,-1.0
6718,2025-05-05,E_3mini_1set_1straight_prev,0,,1000,0.0,-1.0
6718,2025-05-05,F_5mini_random,0,,1000,0.0,-1.0
6719,2025-05-06,A_5mini_hot,0,,1000,0.0,-1.0
6719,2025-05-06,B_5mini_unseen,0,,1000,0.0,-1.0
6719,2025-05-06,C_4mini_1box_hot,0,,1000,0.0,-1.0
6719,2025-05-06,D_3mini_1box_1straight,0,,1000,0.0,-1.0
6719,2025-05-06,E_3mini_1set_1straight_prev,0,,1000,0.0,-1.0
6719,2025-05-06,F_5mini_random,0,,1000,0.0,-1.0
6720,2025-05-07,A_5mini_hot,0,,1000,0.0,-1.0
6720,2025-05-07,B_5mini_unseen,0,,1000,0.0,-1.0
6720,2025-05-07,C_4mini_1box_hot,0,,1000,0.0,-1.0
6720,2025-05-07,D_3mini_1box_1straight,0,,1000,0.0,-1.0
6720,2025-05-07,E_3mini_1set_1straight_prev,0,,1000,0.0,-1.0
6720,2025-05-07,F_5mini_random,0,,1000,0.0,-1.0
6721,2025-05-08,A_5mini_hot,1,mini,1000,9000.0,8.0
6721,2025-05-08,B_5mini_unseen,0,,1000,0.0,-1.0
6721,2025-05-08,C_4mini_1box_hot,0,,1000,0.0,-1.0
6721,2025-05-08,D_3mini_1box_1straight,0,,1000,0.0,-1.0
6721,2025-05-08,E_3mini_1set_1straight_prev,1,"mini,straight",1000,99000.0,98.0
6721,2025-05-08,F_5mini_random,0,,1000,0.0,-1.0
6722,2025-05-09,A_5mini_hot,1,mini,1000,9000.0,8.0
6722,2025-05-09,B_5mini_unseen,0,,1000,0.0,-1.0
6722,2025-05-09,C_4mini_1box_hot,1,mini,1000,9000.0,8.0
6722,2025-05-09,D_3mini_1box_1straight,1,mini,1000,9000.0,8.0
6722,2025-05-09,E_3mini_1set_1straight_prev,1,mini,1000,9000.0,8.0
6722,2025-05-09,F_5mini_random,0,,1000,0.0,-1.0
6723,2025-05-12,A_5mini_hot,0,,1000,0.0,-1.0
6723,2025-05-12,B_5mini_unseen,1,mini,1000,9000.0,8.0
6723,2025-05-12,C_4mini_1box_hot,0,,1000,0.0,-1.0
6723,2025-05-12,D_3mini_1box_1straight,0,,1000,0.0,-1.0
6723,2025-05-12,E_3mini_1set_1straight_prev,0,,1000,0.0,-1.0
6723,2025-05-12,F_5mini_random,0,,1000,0.0,-1.0
6724,2025-05-13,A_5mini_hot,1,mini,1000,9000.0,8.0
6724,2025-05-13,B_5mini_unseen,0,,1000,0.0,-1.0
6724,2025-05-13,C_4mini_1box_hot,1,mini,1000,9000.0,8.0
6724,2025-05-13,D_3mini_1box_1straight,1,mini,1000,9000.0,8.0
6724,2025-05-13,E_3mini_1set_1straight_prev,0,,1000,0.0,-1.0
6724,2025-05-13,F_5mini_random,0,,1000,0.0,-1.0
6725,2025-05-14,A_5mini_hot,0,,1000,0.0,-1.0
6725,2025-05-14,B_5mini_unseen,0,,1000,0.0,-1.0
6725,2025-05-14,C_4mini_1box_hot,0,,1000,0.0,-1.0
6725,2025-05-14,D_3mini_1box_1straight,0,,1000,0.0,-1.0
6725,2025-05-14,E_3mini_1set_1straight_prev,0,,1000,0.0,-1.0
6725,2025-05-14,F_5mini_random,0,,1000,0.0,-1.0
6726,2025-05-15,A_5mini_hot,0,,1000,0.0,-1.0
6726,2025-05-15,B_5mini_unseen,0,,1000,0.0,-1.0
6726,2025-05-15,C_4mini_1box_hot,0,,1000,0.0,-1.0
6726,2025-05-15,D_3mini_1box_1straight,0,,1000,0.0,-1.0
6726,2025-05-15,E_3mini_1set_1straight_prev,0,,1000,0.0,-1.0
6726,2025-05-15,F_5mini_random,0,,1000,0.0,-1.0
6727,2025-05-16,A_5mini_hot,0,,1000,0.0,-1.0
6727,2025-05-16,B_5mini_unseen,0,,1000,0.0,-1.0
6727,2025-05-16,C_4mini_1box_hot,0,,1000,0.0,-1.0
6727,2025-05-16,D_3mini_1box_1straight,0,,1000,0.0,-1.0
6727,2025-05-16,E_3mini_1set_1straight_prev,0,,1000,0.0,-1.0
6727,2025-05-16,F_5mini_random,0,,1000,0.0,-1.0
6728,2025-05-19,A_5mini_hot,0,,1000,0.0,-1.0
6728,2025-05-19,B_5mini_unseen,0,,1000,0.0,-1.0
6728,2025-05-19,C_4mini_1box_hot,0,,1000,0.0,-1.0
6728,2025-05-19,D_3mini_1box_1straight,0,,1000,0.0,-1.0
6728,2025-05-19,E_3mini_1set_1straight_prev,0,,1000,0.0,-1.0
6728,2025-05-19,F_5mini_random,0,,1000,0.0,-1.0
6729,2025-05-20,A_5mini_hot,0,,1000,0.0,-1.0
6729,2025-05-20,B_5mini_unseen,0,,1000,0.0,-1.0
6729,2025-05-20,C_4mini_1box_hot,0,,1000,0.0,-1.0
6729,2025-05-20,D_3mini_1box_1straight,0,,1000,0.0,-1.0
6729,2025-05-20,E_3mini_1set_1straight_prev,0,,1000,0.0,-1.0
6729,2025-05-20,F_5mini_random,0,,1000,0.0,-1.0
6730,2025-05-21,A_5mini_hot,0,,1000,0.0,-1.0
6730,2025-05-21,B_5mini_unseen,0,,1000,0.0,-1.0
6730,2025-05-21,C_4mini_1box_hot,0,,1000,0.0,-1.0
6730,2025-05-21,D_3mini_1box_1straight,0,,1000,0.0,-1.0
6730,2025-05-21,E_3mini_1set_1straight_prev,0,,1000,0.0,-1.0
6730,2025-05-21,F_5mini_random,0,,1000,0.0,-1.0
6731,2025-05-22,A_5mini_hot,0,,1000,0.0,-1.0
6731,2025-05-22,B_5mini_unseen,0,,1000,0.0,-1.0
6731,2025-05-22,C_4mini_1box_hot,0,,1000,0.0,-1.0
6731,2025-05-22,D_3mini_1box_1straight,0,,1000,0.0,-1.0
6731,2025-05-22,E_3mini_1set_1straight_prev,0,,1000,0.0,-1.0
6731,2025-05-22,F_5mini_random,0,,1000,0.0,-1.0
6732,2025-05-23,A_5mini_hot,1,mini,1000,9000.0,8.0
6732,2025-05-23,B_5mini_unseen,0,,1000,0.0,-1.0
6732,2025-05-23,C_4mini_1box_hot,1,mini,1000,9000.0,8.0
6732,2025-05-23,D_3mini_1box_1straight,0,,1000,0.0,-1.0
6732,2025-05-23,E_3mini_1set_1straight_prev,0,,1000,0.0,-1.0
6732,2025-05-23,F_5mini_random,0,,1000,0.0,-1.0
6733,2025-05-26,A_5mini_hot,0,,1000,0.0,-1.0
6733,2025-05-26,B_5mini_unseen,0,,1000,0.0,-1.0
6733,2025-05-26,C_4mini_1box_hot,0,,1000,0.0,-1.0
6733,2025-05-26,D_3mini_1box_1straight,0,,1000,0.0,-1.0
6733,2025-05-26,E_3mini_1set_1straight_prev,0,,1000,0.0,-1.0
6733,2025-05-26,F_5mini_random,1,mini,1000,9000.0,8.0
6734,2025-05-27,A_5mini_hot,0,,1000,0.0,-1.0
6734,2025-05-27,B_5mini_unseen,0,,1000,0.0,-1.0
6734,2025-05-27,C_4mini_1box_hot,0,,1000,0.0,-1.0
6734,2025-05-27,D_3mini_1box_1straight,0,,1000,0.0,-1.0
6734,2025-05-27,E_3mini_1set_1straight_prev,0,,1000,0.0,-1.0
6734,2025-05-27,F_5mini_random,0,,1000,0.0,-1.0
6735,2025-05-28,A_5mini_hot,0,,1000,0.0,-1.0
6735,2025-05-28,B_5mini_unseen,0,,1000,0.0,-1.0
6735,2025-05-28,C_4mini_1box_hot,0,,1000,0.0,-1.0
6735,2025-05-28,D_3mini_1box_1straight,0,,1000,0.0,-1.0
6735,2025-05-28,E_3mini_1set_1straight_prev,0,,1000,0.0,-1.0
6735,2025-05-28,F_5mini_random,0,,1000,0.0,-1.0
6736,2025-05-29,A_5mini_hot,0,,1000,0.0,-1.0
6736,2025-05-29,B_5mini_unseen,0,,1000,0.0,-1.0
6736,2025-05-29,C_4mini_1box_hot,0,,1000,0.0,-1.0
6736,2025-05-29,D_3mini_1box_1straight,0,,1000,0.0,-1.0
6736,2025-05-29,E_3mini_1set_1straight_prev,0,,1000,0.0,-1.0
6736,2025-05-29,F_5mini_random,0,,1000,0.0,-1.0
6737,2025-05-30,A_5mini_hot,0,,1000,0.0,-1.0
6737,2025-05-30,B_5mini_unseen,0,,1000,0.0,-1.0
6737,2025-05-30,C_4mini_1box_hot,0,,1000,0.0,-1.0
6737,2025-05-30,D_3mini_1box_1straight,0,,1000,0.0,-1.0
6737,2025-05-30,E_3mini_1set_1straight_prev,1,mini,1000,9000.0,8.0
6737,2025-05-30,F_5mini_random,0,,1000,0.0,-1.0
6738,2025-06-02,A_5mini_hot,0,,1000,0.0,-1.0
6738,2025-06-02,B_5mini_unseen,0,,1000,0.0,-1.0
6738,2025-06-02,C_4mini_1box_hot,0,,1000,0.0,-1.0
6738,2025-06-02,D_3mini_1box_1straight,0,,1000,0.0,-1.0
6738,2025-06-02,E_3mini_1set_1straight_prev,0,,1000,0.0,-1.0
6738,2025-06-02,F_5mini_random,0,,1000,0.0,-1.0
6739,2025-06-03,A_5mini_hot,0,,1000,0.0,-1.0
6739,2025-06-03,B_5mini_unseen,1,mini,1000,9000.0,8.0
6739,2025-06-03,C_4mini_1box_hot,0,,1000,0.0,-1.0
6739,2025-06-03,D_3mini_1box_1straight,0,,1000,0.0,-1.0
6739,2025-06-03,E_3mini_1set_1straight_prev,0,,1000,0.0,-1.0
6739,2025-06-03,F_5mini_random,1,mini,1000,9000.0,8.0
6740,2025-06-04,A_5mini_hot,0,,1000,0.0,-1.0
6740,2025-06-04,B_5mini_unseen,0,,1000,0.0,-1.0
6740,2025-06-04,C_4mini_1box_hot,0,,1000,0.0,-1.0
6740,2025-06-04,D_3mini_1box_1straight,0,,1000,0.0,-1.0
6740,2025-06-04,E_3mini_1set_1straight_prev,0,,1000,0.0,-1.0
6740,2025-06-04,F_5mini_random,0,,1000,0.0,-1.0
6741,2025-06-05,A_5mini_hot,0,,1000,0.0,-1.0
6741,2025-06-05,B_5mini_unseen,0,,1000,0.0,-1.0
6741,2025-06-05,C_4mini_1box_hot,0,,1000,0.0,-1.0
6741,2025-06-05,D_3mini_1box_1straight,0,,1000,0.0,-1.0
6741,2025-06-05,E_3mini_1set_1straight_prev,0,,1000,0.0,-1.0
6741,2025-06-05,F_5mini_random,0,,1000,0.0,-1.0
6742,2025-06-06,A_5mini_hot,0,,1000,0.0,-1.0
6742,2025-06-06,B_5mini_unseen,0,,1000,0.0,-1.0
6742,2025-06-06,C_4mini_1box_hot,0,,1000,0.0,-1.0
6742,2025-06-06,D_3mini_1box_1straight,0,,1000,0.0,-1.0
6742,2025-06-06,E_3mini_1set_1straight_prev,0,,1000,0.0,-1.0
6742,2025-06-06,F_5mini_random,0,,1000,0.0,-1.0
6743,2025-06-09,A_5mini_hot,1,mini,1000,9000.0,8.0
6743,2025-06-09,B_5mini_unseen,0,,1000,0.0,-1.0
6743,2025-06-09,C_4mini_1box_hot,1,mini,1000,9000.0,8.0
6743,2025-06-09,D_3mini_1box_1straight,1,mini,1000,9000.0,8.0
6743,2025-06-09,E_3mini_1set_1straight_prev,0,,1000,0.0,-1.0
6743,2025-06-09,F_5mini_random,0,,1000,0.0,-1.0
6744,2025-06-10,A_5mini_hot,0,,1000,0.0,-1.0
6744,2025-06-10,B_5mini_unseen,0,,1000,0.0,-1.0
6744,2025-06-10,C_4mini_1box_hot,0,,1000,0.0,-1.0
6744,2025-06-10,D_3mini_1box_1straight,0,,1000,0.0,-1.0
6744,2025-06-10,E_3mini_1set_1straight_prev,0,,1000,0.0,-1.0
6744,2025-06-10,F_5mini_random,0,,1000,0.0,-1.0
6745,2025-06-11,A_5mini_hot,0,,1000,0.0,-1.0
6745,2025-06-11,B_5mini_unseen,0,,1000,0.0,-1.0
6745,2025-06-11,C_4mini_1box_hot,0,,1000,0.0,-1.0
6745,2025-06-11,D_3mini_1box_1straight,0,,1000,0.0,-1.0
6745,2025-06-11,E_3mini_1set_1straight_prev,0,,1000,0.0,-1.0
6745,2025-06-11,F_5mini_random,0,,1000,0.0,-1.0
6746,2025-06-12,A_5mini_hot,0,,1000,0.0,-1.0
6746,2025-06-12,B_5mini_unseen,0,,1000,0.0,-1.0
6746,2025-06-12,C_4mini_1box_hot,0,,1000,0.0,-1.0
6746,2025-06-12,D_3mini_1box_1straight,0,,1000,0.0,-1.0
6746,2025-06-12,E_3mini_1set_1straight_prev,0,,1000,0.0,-1.0
6746,2025-06-12,F_5mini_random,0,,1000,0.0,-1.0
6747,2025-06-13,A_5mini_hot,0,,1000,0.0,-1.0
6747,2025-06-13,B_5mini_unseen,0,,1000,0.0,-1.0
6747,2025-06-13,C_4mini_1box_hot,0,,1000,0.0,-1.0
6747,2025-06-13,D_3mini_1box_1straight,0,,1000,0.0,-1.0
6747,2025-06-13,E_3mini_1set_1straight_prev,0,,1000,0.0,-1.0
6747,2025-06-13,F_5mini_random,0,,1000,0.0,-1.0
6748,2025-06-16,A_5mini_hot,0,,1000,0.0,-1.0
6748,2025-06-16,B_5mini_unseen,0,,1000,0.0,-1.0
6748,2025-06-16,C_4mini_1box_hot,0,,1000,0.0,-1.0
6748,2025-06-16,D_3mini_1box_1straight,0,,1000,0.0,-1.0
6748,2025-06-16,E_3mini_1set_1straight_prev,0,,1000,0.0,-1.0
6748,2025-06-16,F_5mini_random,0,,1000,0.0,-1.0
6749,2025-06-17,A_5mini_hot,0,,1000,0.0,-1.0
6749,2025-06-17,B_5mini_unseen,0,,1000,0.0,-1.0
6749,2025-06-17,C_4mini_1box_hot,0,,1000,0.0,-1.0
6749,2025-06-17,D_3mini_1box_1straight,0,,1000,0.0,-1.0
6749,2025-06-17,E_3mini_1set_1straight_prev,0,,1000,0.0,-1.0
6749,2025-06-17,F_5mini_random,0,,1000,0.0,-1.0
6750,2025-06-18,A_5mini_hot,0,,1000,0.0,-1.0
6750,2025-06-18,B_5mini_unseen,0,,1000,0.0,-1.0
6750,2025-06-18,C_4mini_1box_hot,0,,1000,0.0,-1.0
6750,2025-06-18,D_3mini_1box_1straight,0,,1000,0.0,-1.0
6750,2025-06-18,E_3mini_1set_1straight_prev,0,,1000,0.0,-1.0
6750,2025-06-18,F_5mini_random,0,,1000,0.0,-1.0
6751,2025-06-19,A_5mini_hot,0,,1000,0.0,-1.0
6751,2025-06-19,B_5mini_unseen,0,,1000,0.0,-1.0
6751,2025-06-19,C_4mini_1box_hot,0,,1000,0.0,-1.0
6751,2025-06-19,D_3mini_1box_1straight,0,,1000,0.0,-1.0
6751,2025-06-19,E_3mini_1set_1straight_prev,0,,1000,0.0,-1.0
6751,2025-06-19,F_5mini_random,0,,1000,0.0,-1.0
6752,2025-06-20,A_5mini_hot,0,,1000,0.0,-1.0
6752,2025-06-20,B_5mini_unseen,0,,1000,0.0,-1.0
6752,2025-06-20,C_4mini_1box_hot,0,,1000,0.0,-1.0
6752,2025-06-20,D_3mini_1box_1straight,0,,1000,0.0,-1.0
6752,2025-06-20,E_3mini_1set_1straight_prev,0,,1000,0.0,-1.0
6752,2025-06-20,F_5mini_random,0,,1000,0.0,-1.0
6753,2025-06-23,A_5mini_hot,0,,1000,0.0,-1.0
6753,2025-06-23,B_5mini_unseen,0,,1000,0.0,-1.0
6753,2025-06-23,C_4mini_1box_hot,0,,1000,0.0,-1.0
6753,2025-06-23,D_3mini_1box_1straight,0,,1000,0.0,-1.0
6753,2025-06-23,E_3mini_1set_1straight_prev,0,,1000,0.0,-1.0
6753,2025-06-23,F_5mini_random,0,,1000,0.0,-1.0
6754,2025-06-24,A_5mini_hot,1,mini,1000,9000.0,8.0
6754,2025-06-24,B_5mini_unseen,0,,1000,0.0,-1.0
6754,2025-06-24,C_4mini_1box_hot,1,mini,1000,9000.0,8.0
6754,2025-06-24,D_3mini_1box_1straight,1,mini,1000,9000.0,8.0
6754,2025-06-24,E_3mini_1set_1straight_prev,1,mini,1000,9000.0,8.0
6754,2025-06-24,F_5mini_random,1,mini,1000,9000.0,8.0
6755,2025-06-25,A_5mini_hot,0,,1000,0.0,-1.0
6755,2025-06-25,B_5mini_unseen,1,mini,1000,9000.0,8.0
6755,2025-06-25,C_4mini_1box_hot,0,,1000,0.0,-1.0
6755,2025-06-25,D_3mini_1box_1straight,0,,1000,0.0,-1.0
6755,2025-06-25,E_3mini_1set_1straight_prev,0,,1000,0.0,-1.0
6755,2025-06-25,F_5mini_random,0,,1000,0.0,-1.0
6756,2025-06-26,A_5mini_hot,0,,1000,0.0,-1.0
6756,2025-06-26,B_5mini_unseen,0,,1000,0.0,-1.0
6756,2025-06-26,C_4mini_1box_hot,0,,1000,0.0,-1.0
6756,2025-06-26,D_3mini_1box_1straight,0,,1000,0.0,-1.0
6756,2025-06-26,E_3mini_1set_1straight_prev,0,,1000,0.0,-1.0
6756,2025-06-26,F_5mini_random,0,,1000,0.0,-1.0
6757,2025-06-27,A_5mini_hot,0,,1000,0.0,-1.0
6757,2025-06-27,B_5mini_unseen,0,,1000,0.0,-1.0
6757,2025-06-27,C_4mini_1box_hot,0,,1000,0.0,-1.0
6757,2025-06-27,D_3mini_1box_1straight,0,,1000,0.0,-1.0
6757,2025-06-27,E_3mini_1set_1straight_prev,0,,1000,0.0,-1.0
6757,2025-06-27,F_5mini_random,0,,1000,0.0,-1.0
6758,2025-06-30,A_5mini_hot,0,,1000,0.0,-1.0
6758,2025-06-30,B_5mini_unseen,0,,1000,0.0,-1.0
6758,2025-06-30,C_4mini_1box_hot,0,,1000,0.0,-1.0
6758,2025-06-30,D_3mini_1box_1straight,0,,1000,0.0,-1.0
6758,2025-06-30,E_3mini_1set_1straight_prev,0,,1000,0.0,-1.0
6758,2025-06-30,F_5mini_random,1,mini,1000,9000.0,8.0
6759,2025-07-01,A_5mini_hot,0,,1000,0.0,-1.0
6759,2025-07-01,B_5mini_unseen,1,mini,1000,9000.0,8.0
6759,2025-07-01,C_4mini_1box_hot,0,,1000,0.0,-1.0
6759,2025-07-01,D_3mini_1box_1straight,0,,1000,0.0,-1.0
6759,2025-07-01,E_3mini_1set_1straight_prev,0,,1000,0.0,-1.0
6759,2025-07-01,F_5mini_random,0,,1000,0.0,-1.0
6760,2025-07-02,A_5mini_hot,0,,1000,0.0,-1.0
6760,2025-07-02,B_5mini_unseen,0,,1000,0.0,-1.0
6760,2025-07-02,C_4mini_1box_hot,0,,1000,0.0,-1.0
6760,2025-07-02,D_3mini_1box_1straight,0,,1000,0.0,-1.0
6760,2025-07-02,E_3mini_1set_1straight_prev,0,,1000,0.0,-1.0
6760,2025-07-02,F_5mini_random,0,,1000,0.0,-1.0
6761,2025-07-03,A_5mini_hot,0,,1000,0.0,-1.0
6761,2025-07-03,B_5mini_unseen,1,mini,1000,9000.0,8.0
6761,2025-07-03,C_4mini_1box_hot,0,,1000,0.0,-1.0
6761,2025-07-03,D_3mini_1box_1straight,0,,1000,0.0,-1.0
6761,2025-07-03,E_3mini_1set_1straight_prev,1,mini,1000,9000.0,8.0
6761,2025-07-03,F_5mini_random,0,,1000,0.0,-1.0
6762,2025-07-04,A_5mini_hot,0,,1000,0.0,-1.0
6762,2025-07-04,B_5mini_unseen,0,,1000,0.0,-1.0
6762,2025-07-04,C_4mini_1box_hot,0,,1000,0.0,-1.0
6762,2025-07-04,D_3mini_1box_1straight,0,,1000,0.0,-1.0
6762,2025-07-04,E_3mini_1set_1straight_prev,0,,1000,0.0,-1.0
6762,2025-07-04,F_5mini_random,0,,1000,0.0,-1.0
6763,2025-07-07,A_5mini_hot,1,mini,1000,9000.0,8.0
6763,2025-07-07,B_5mini_unseen,0,,1000,0.0,-1.0
6763,2025-07-07,C_4mini_1box_hot,1,mini,1000,9000.0,8.0
6763,2025-07-07,D_3mini_1box_1straight,1,mini,1000,9000.0,8.0
6763,2025-07-07,E_3mini_1set_1straight_prev,0,,1000,0.0,-1.0
6763,2025-07-07,F_5mini_random,0,,1000,0.0,-1.0
6764,2025-07-08,A_5mini_hot,0,,1000,0.0,-1.0
6764,2025-07-08,B_5mini_unseen,0,,1000,0.0,-1.0
6764,2025-07-08,C_4mini_1box_hot,0,,1000,0.0,-1.0
6764,2025-07-08,D_3mini_1box_1straight,0,,1000,0.0,-1.0
6764,2025-07-08,E_3mini_1set_1straight_prev,0,,1000,0.0,-1.0
6764,2025-07-08,F_5mini_random,0,,1000,0.0,-1.0
6765,2025-07-09,A_5mini_hot,0,,1000,0.0,-1.0
6765,2025-07-09,B_5mini_unseen,0,,1000,0.0,-1.0
6765,2025-07-09,C_4mini_1box_hot,0,,1000,0.0,-1.0
6765,2025-07-09,D_3mini_1box_1straight,0,,1000,0.0,-1.0
6765,2025-07-09,E_3mini_1set_1straight_prev,0,,1000,0.0,-1.0
6765,2025-07-09,F_5mini_random,0,,1000,0.0,-1.0
6766,2025-07-10,A_5mini_hot,0,,1000,0.0,-1.0
6766,2025-07-10,B_5mini_unseen,0,,1000,0.0,-1.0
6766,2025-07-10,C_4mini_1box_hot,0,,1000,0.0,-1.0
6766,2025-07-10,D_3mini_1box_1straight,0,,1000,0.0,-1.0
6766,2025-07-10,E_3mini_1set_1straight_prev,0,,1000,0.0,-1.0
6766,2025-07-10,F_5mini_random,0,,1000,0.0,-1.0
6767,2025-07-11,A_5mini_hot,0,,1000,0.0,-1.0
6767,2025-07-11,B_5mini_unseen,0,,1000,0.0,-1.0
6767,2025-07-11,C_4mini_1box_hot,0,,1000,0.0,-1.0
6767,2025-07-11,D_3mini_1box_1straight,0,,1000,0.0,-1.0
6767,2025-07-11,E_3mini_1set_1straight_prev,0,,1000,0.0,-1.0
6767,2025-07-11,F_5mini_random,0,,1000,0.0,-1.0
6768,2025-07-14,A_5mini_hot,0,,1000,0.0,-1.0
6768,2025-07-14,B_5mini_unseen,0,,1000,0.0,-1.0
6768,2025-07-14,C_4mini_1box_hot,0,,1000,0.0,-1.0
6768,2025-07-14,D_3mini_1box_1straight,0,,1000,0.0,-1.0
6768,2025-07-14,E_3mini_1set_1straight_prev,0,,1000,0.0,-1.0
6768,2025-07-14,F_5mini_random,0,,1000,0.0,-1.0
6769,2025-07-15,A_5mini_hot,0,,1000,0.0,-1.0
6769,2025-07-15,B_5mini_unseen,0,,1000,0.0,-1.0
6769,2025-07-15,C_4mini_1box_hot,0,,1000,0.0,-1.0
6769,2025-07-15,D_3mini_1box_1straight,0,,1000,0.0,-1.0
6769,2025-07-15,E_3mini_1set_1straight_prev,0,,1000,0.0,-1.0
6769,2025-07-15,F_5mini_random,0,,1000,0.0,-1.0
6770,2025-07-16,A_5mini_hot,0,,1000,0.0,-1.0
6770,2025-07-16,B_5mini_unseen,0,,1000,0.0,-1.0
6770,2025-07-16,C_4mini_1box_hot,0,,1000,0.0,-1.0
6770,2025-07-16,D_3mini_1box_1straight,0,,1000,0.0,-1.0
6770,2025-07-16,E_3mini_1set_1straight_prev,0,,1000,0.0,-1.0
6770,2025-07-16,F_5mini_random,0,,1000,0.0,-1.0
6771,2025-07-17,A_5mini_hot,0,,1000,0.0,-1.0
6771,2025-07-17,B_5mini_unseen,0,,1000,0.0,-1.0
6771,2025-07-17,C_4mini_1box_hot,0,,1000,0.0,-1.0
6771,2025-07-17,D_3mini_1box_1straight,0,,1000,0.0,-1.0
6771,2025-07-17,E_3mini_1set_1straight_prev,0,,1000,0.0,-1.0
6771,2025-07-17,F_5mini_random,0,,1000,0.0,-1.0
6772,2025-07-18,A_5mini_hot,0,,1000,0.0,-1.0
6772,2025-07-18,B_5mini_unseen,1,mini,1000,9000.0,8.0
6772,2025-07-18,C_4mini_1box_hot,0,,1000,0.0,-1.0
6772,2025-07-18,D_3mini_1box_1straight,0,,1000,0.0,-1.0
6772,2025-07-18,E_3mini_1set_1straight_prev,0,,1000,0.0,-1.0
6772,2025-07-18,F_5mini_random,0,,1000,0.0,-1.0
6773,2025-07-21,A_5mini_hot,0,,1000,0.0,-1.0
6773,2025-07-21,B_5mini_unseen,0,,1000,0.0,-1.0
6773,2025-07-21,C_4mini_1box_hot,0,,1000,0.0,-1.0
6773,2025-07-21,D_3mini_1box_1straight,0,,1000,0.0,-1.0
6773,2025-07-21,E_3mini_1set_1straight_prev,0,,1000,0.0,-1.0
6773,2025-07-21,F_5mini_random,0,,1000,0.0,-1.0
6774,2025-07-22,A_5mini_hot,0,,1000,0.0,-1.0
6774,2025-07-22,B_5mini_unseen,0,,1000,0.0,-1.0
6774,2025-07-22,C_4mini_1box_hot,0,,1000,0.0,-1.0
6774,2025-07-22,D_3mini_1box_1straight,0,,1000,0.0,-1.0
6774,2025-07-22,E_3mini_1set_1straight_prev,0,,1000,0.0,-1.0
6774,2025-07-22,F_5mini_random,0,,1000,0.0,-1.0
6775,2025-07-23,A_5mini_hot,0,,1000,0.0,-1.0
6775,2025-07-23,B_5mini_unseen,0,,1000,0.0,-1.0
6775,2025-07-23,C_4mini_1box_hot,0,,1000,0.0,-1.0
6775,2025-07-23,D_3mini_1box_1straight,0,,1000,0.0,-1.0
6775,2025-07-23,E_3mini_1set_1straight_prev,0,,1000,0.0,-1.0
6775,2025-07-23,F_5mini_random,0,,1000,0.0,-1.0
6776,2025-07-24,A_5mini_hot,0,,1000,0.0,-1.0
6776,2025-07-24,B_5mini_unseen,0,,1000,0.0,-1.0
6776,2025-07-24,C_4mini_1box_hot,0,,1000,0.0,-1.0
6776,2025-07-24,D_3mini_1box_1straight,0,,1000,0.0,-1.0
6776,2025-07-24,E_3mini_1set_1straight_prev,0,,1000,0.0,-1.0
6776,2025-07-24,F_5mini_random,0,,1000,0.0,-1.0
6777,2025-07-25,A_5mini_hot,0,,1000,0.0,-1.0
6777,2025-07-25,B_5mini_unseen,0,,1000,0.0,-1.0
6777,2025-07-25,C_4mini_1box_hot,0,,1000,0.0,-1.0
6777,2025-07-25,D_3mini_1box_1straight,0,,1000,0.0,-1.0
6777,2025-07-25,E_3mini_1set_1straight_prev,0,,1000,0.0,-1.0
6777,2025-07-25,F_5mini_random,0,,1000,0.0,-1.0
6778,2025-07-28,A_5mini_hot,0,,1000,0.0,-1.0
6778,2025-07-28,B_5mini_unseen,0,,1000,0.0,-1.0
6778,2025-07-28,C_4mini_1box_hot,0,,1000,0.0,-1.0
6778,2025-07-28,D_3mini_1box_1straight,0,,1000,0.0,-1.0
6778,2025-07-28,E_3mini_1set_1straight_prev,0,,1000,0.0,-1.0
6778,2025-07-28,F_5mini_random,0,,1000,0.0,-1.0
6779,2025-07-29,A_5mini_hot,0,,1000,0.0,-1.0
6779,2025-07-29,B_5mini_unseen,0,,1000,0.0,-1.0
6779,2025-07-29,C_4mini_1box_hot,0,,1000,0.0,-1.0
6779,2025-07-29,D_3mini_1box_1straight,0,,1000,0.0,-1.0
6779,2025-07-29,E_3mini_1set_1straight_prev,0,,1000,0.0,-1.0
6779,2025-07-29,F_5mini_random,0,,1000,0.0,-1.0
6780,2025-07-30,A_5mini_hot,0,,1000,0.0,-1.0
6780,2025-07-30,B_5mini_unseen,0,,1000,0.0,-1.0
6780,2025-07-30,C_4mini_1box_hot,0,,1000,0.0,-1.0
6780,2025-07-30,D_3mini_1box_1straight,0,,1000,0.0,-1.0
6780,2025-07-30,E_3mini_1set_1straight_prev,0,,1000,0.0,-1.0
6780,2025-07-30,F_5mini_random,0,,1000,0.0,-1.0
6781,2025-07-31,A_5mini_hot,0,,1000,0.0,-1.0
6781,2025-07-31,B_5mini_unseen,0,,1000,0.0,-1.0
6781,2025-07-31,C_4mini_1box_hot,0,,1000,0.0,-1.0
6781,2025-07-31,D_3mini_1box_1straight,0,,1000,0.0,-1.0
6781,2025-07-31,E_3mini_1set_1straight_prev,0,,1000,0.0,-1.0
6781,2025-07-31,F_5mini_random,0,,1000,0.0,-1.0
6782,2025-08-01,A_5mini_hot,0,,1000,0.0,-1.0
6782,2025-08-01,B_5mini_unseen,0,,1000,0.0,-1.0
6782,2025-08-01,C_4mini_1box_hot,0,,1000,0.0,-1.0
6782,2025-08-01,D_3mini_1box_1straight,0,,1000,0.0,-1.0
6782,2025-08-01,E_3mini_1set_1straight_prev,0,,1000,0.0,-1.0
6782,2025-08-01,F_5mini_random,0,,1000,0.0,-1.0
6783,2025-08-04,A_5mini_hot,0,,1000,0.0,-1.0
6783,2025-08-04,B_5mini_unseen,0,,1000,0.0,-1.0
6783,2025-08-04,C_4mini_1box_hot,0,,1000,0.0,-1.0
6783,2025-08-04,D_3mini_1box_1straight,0,,1000,0.0,-1.0
6783,2025-08-04,E_3mini_1set_1straight_prev,0,,1000,0.0,-1.0
6783,2025-08-04,F_5mini_random,0,,1000,0.0,-1.0
6784,2025-08-05,A_5mini_hot,0,,1000,0.0,-1.0
6784,2025-08-05,B_5mini_unseen,0,,1000,0.0,-1.0
6784,2025-08-05,C_4mini_1box_hot,0,,1000,0.0,-1.0
6784,2025-08-05,D_3mini_1box_1straight,0,,1000,0.0,-1.0
6784,2025-08-05,E_3mini_1set_1straight_prev,0,,1000,0.0,-1.0
6784,2025-08-05,F_5mini_random,0,,1000,0.0,-1.0
6785,2025-08-06,A_5mini_hot,0,,1000,0.0,-1.0
6785,2025-08-06,B_5mini_unseen,0,,1000,0.0,-1.0
6785,2025-08-06,C_4mini_1box_hot,0,,1000,0.0,-1.0
6785,2025-08-06,D_3mini_1box_1straight,0,,1000,0.0,-1.0
6785,2025-08-06,E_3mini_1set_1straight_prev,0,,1000,0.0,-1.0
6785,2025-08-06,F_5mini_random,0,,1000,0.0,-1.0
6786,2025-08-07,A_5mini_hot,1,mini,1000,9000.0,8.0
6786,2025-08-07,B_5mini_unseen,0,,1000,0.0,-1.0
6786,2025-08-07,C_4mini_1box_hot,0,,1000,0.0,-1.0
6786,2025-08-07,D_3mini_1box_1straight,0,,1000,0.0,-1.0
6786,2025-08-07,E_3mini_1set_1straight_prev,0,,1000,0.0,-1.0
6786,2025-08-07,F_5mini_random,0,,1000,0.0,-1.0
6787,2025-08-08,A_5mini_hot,0,,1000,0.0,-1.0
6787,2025-08-08,B_5mini_unseen,0,,1000,0.0,-1.0
6787,2025-08-08,C_4mini_1box_hot,0,,1000,0.0,-1.0
6787,2025-08-08,D_3mini_1box_1straight,0,,1000,0.0,-1.0
6787,2025-08-08,E_3mini_1set_1straight_prev,0,,1000,0.0,-1.0
6787,2025-08-08,F_5mini_random,0,,1000,0.0,-1.0
6788,2025-08-11,A_5mini_hot,1,mini,1000,9000.0,8.0
6788,2025-08-11,B_5mini_unseen,0,,1000,0.0,-1.0
6788,2025-08-11,C_4mini_1box_hot,1,mini,1000,9000.0,8.0
6788,2025-08-11,D_3mini_1box_1straight,0,,1000,0.0,-1.0
6788,2025-08-11,E_3mini_1set_1straight_prev,0,,1000,0.0,-1.0
6788,2025-08-11,F_5mini_random,0,,1000,0.0,-1.0
6789,2025-08-12,A_5mini_hot,0,,1000,0.0,-1.0
6789,2025-08-12,B_5mini_unseen,0,,1000,0.0,-1.0
6789,2025-08-12,C_4mini_1box_hot,0,,1000,0.0,-1.0
6789,2025-08-12,D_3mini_1box_1straight,0,,1000,0.0,-1.0
6789,2025-08-12,E_3mini_1set_1straight_prev,0,,1000,0.0,-1.0
6789,2025-08-12,F_5mini_random,0,,1000,0.0,-1.0
6790,2025-08-13,A_5mini_hot,0,,1000,0.0,-1.0
6790,2025-08-13,B_5mini_unseen,0,,1000,0.0,-1.0
6790,2025-08-13,C_4mini_1box_hot,0,,1000,0.0,-1.0
6790,2025-08-13,D_3mini_1box_1straight,0,,1000,0.0,-1.0
6790,2025-08-13,E_3mini_1set_1straight_prev,0,,1000,0.0,-1.0
6790,2025-08-13,F_5mini_random,0,,1000,0.0,-1.0
6791,2025-08-14,A_5mini_hot,0,,1000,0.0,-1.0
6791,2025-08-14,B_5mini_unseen,0,,1000,0.0,-1.0
6791,2025-08-14,C_4mini_1box_hot,0,,1000,0.0,-1.0
6791,2025-08-14,D_3mini_1box_1straight,0,,1000,0.0,-1.0
6791,2025-08-14,E_3mini_1set_1straight_prev,0,,1000,0.0,-1.0
6791,2025-08-14,F_5mini_random,1,mini,1000,9000.0,8.0
6792,2025-08-15,A_5mini_hot,0,,1000,0.0,-1.0
6792,2025-08-15,B_5mini_unseen,0,,1000,0.0,-1.0
6792,2025-08-15,C_4mini_1box_hot,0,,1000,0.0,-1.0
6792,2025-08-15,D_3mini_1box_1straight,0,,1000,0.0,-1.0
6792,2025-08-15,E_3mini_1set_1straight_prev,0,,1000,0.0,-1.0
6792,2025-08-15,F_5mini_random,0,,1000,0.0,-1.0
6793,2025-08-18,A_5mini_hot,0,,1000,0.0,-1.0
6793,2025-08-18,B_5mini_unseen,0,,1000,0.0,-1.0
6793,2025-08-18,C_4mini_1box_hot,0,,1000,0.0,-1.0
6793,2025-08-18,D_3mini_1box_1straight,0,,1000,0.0,-1.0
6793,2025-08-18,E_3mini_1set_1straight_prev,0,,1000,0.0,-1.0
6793,2025-08-18,F_5mini_random,0,,1000,0.0,-1.0
6794,2025-08-19,A_5mini_hot,0,,1000,0.0,-1.0
6794,2025-08-19,B_5mini_unseen,0,,1000,0.0,-1.0
6794,2025-08-19,C_4mini_1box_hot,0,,1000,0.0,-1.0
6794,2025-08-19,D_3mini_1box_1straight,0,,1000,0.0,-1.0
6794,2025-08-19,E_3mini_1set_1straight_prev,0,,1000,0.0,-1.0
6794,2025-08-19,F_5mini_random,0,,1000,0.0,-1.0
6795,2025-08-20,A_5mini_hot,0,,1000,0.0,-1.0
6795,2025-08-20,B_5mini_unseen,0,,1000,0.0,-1.0
6795,2025-08-20,C_4mini_1box_hot,0,,1000,0.0,-1.0
6795,2025-08-20,D_3mini_1box_1straight,0,,1000,0.0,-1.0
6795,2025-08-20,E_3mini_1set_1straight_prev,0,,1000,0.0,-1.0
6795,2025-08-20,F_5mini_random,0,,1000,0.0,-1.0
6796,2025-08-21,A_5mini_hot,0,,1000,0.0,-1.0
6796,2025-08-21,B_5mini_unseen,0,,1000,0.0,-1.0
6796,2025-08-21,C_4mini_1box_hot,0,,1000,0.0,-1.0
6796,2025-08-21,D_3mini_1box_1straight,0,,1000,0.0,-1.0
6796,2025-08-21,E_3mini_1set_1straight_prev,0,,1000,0.0,-1.0
6796,2025-08-21,F_5mini_random,0,,1000,0.0,-1.0
6797,2025-08-22,A_5mini_hot,0,,1000,0.0,-1.0
6797,2025-08-22,B_5mini_unseen,0,,1000,0.0,-1.0
6797,2025-08-22,C_4mini_1box_hot,0,,1000,0.0,-1.0
6797,2025-08-22,D_3mini_1box_1straight,0,,1000,0.0,-1.0
6797,2025-08-22,E_3mini_1set_1straight_prev,0,,1000,0.0,-1.0
6797,2025-08-22,F_5mini_random,0,,1000,0.0,-1.0
6798,2025-08-25,A_5mini_hot,0,,1000,0.0,-1.0
6798,2025-08-25,B_5mini_unseen,0,,1000,0.0,-1.0
6798,2025-08-25,C_4mini_1box_hot,0,,1000,0.0,-1.0
6798,2025-08-25,D_3mini_1box_1straight,0,,1000,0.0,-1.0
6798,2025-08-25,E_3mini_1set_1straight_prev,0,,1000,0.0,-1.0
6798,2025-08-25,F_5mini_random,0,,1000,0.0,-1.0
6799,2025-08-26,A_5mini_hot,0,,1000,0.0,-1.0
6799,2025-08-26,B_5mini_unseen,0,,1000,0.0,-1.0
6799,2025-08-26,C_4mini_1box_hot,0,,1000,0.0,-1.0
6799,2025-08-26,D_3mini_1box_1straight,0,,1000,0.0,-1.0
6799,2025-08-26,E_3mini_1set_1straight_prev,0,,1000,0.0,-1.0
6799,2025-08-26,F_5mini_random,0,,1000,0.0,-1.0
6800,2025-08-27,A_5mini_hot,0,,1000,0.0,-1.0
6800,2025-08-27,B_5mini_unseen,0,,1000,0.0,-1.0
6800,2025-08-27,C_4mini_1box_hot,0,,1000,0.0,-1.0
6800,2025-08-27,D_3mini_1box_1straight,0,,1000,0.0,-1.0
6800,2025-08-27,E_3mini_1set_1straight_prev,0,,1000,0.0,-1.0
6800,2025-08-27,F_5mini_random,0,,1000,0.0,-1.0
6801,2025-08-28,A_5mini_hot,0,,1000,0.0,-1.0
6801,2025-08-28,B_5mini_unseen,0,,1000,0.0,-1.0
6801,2025-08-28,C_4mini_1box_hot,0,,1000,0.0,-1.0
6801,2025-08-28,D_3mini_1box_1straight,0,,1000,0.0,-1.0
6801,2025-08-28,E_3mini_1set_1straight_prev,0,,1000,0.0,-1.0
6801,2025-08-28,F_5mini_random,0,,1000,0.0,-1.0
6802,2025-08-29,A_5mini_hot,0,,1000,0.0,-1.0
6802,2025-08-29,B_5mini_unseen,1,mini,1000,9000.0,8.0
6802,2025-08-29,C_4mini_1box_hot,0,,1000,0.0,-1.0
6802,2025-08-29,D_3mini_1box_1straight,0,,1000,0.0,-1.0
6802,2025-08-29,E_3mini_1set_1straight_prev,0,,1000,0.0,-1.0
6802,2025-08-29,F_5mini_random,0,,1000,0.0,-1.0
6803,2025-09-01,A_5mini_hot,0,,1000,0.0,-1.0
6803,2025-09-01,B_5mini_unseen,0,,1000,0.0,-1.0
6803,2025-09-01,C_4mini_1box_hot,0,,1000,0.0,-1.0
6803,2025-09-01,D_3mini_1box_1straight,0,,1000,0.0,-1.0
6803,2025-09-01,E_3mini_1set_1straight_prev,0,,1000,0.0,-1.0
6803,2025-09-01,F_5mini_random,0,,1000,0.0,-1.0
6804,2025-09-02,A_5mini_hot,0,,1000,0.0,-1.0
6804,2025-09-02,B_5mini_unseen,0,,1000,0.0,-1.0
6804,2025-09-02,C_4mini_1box_hot,0,,1000,0.0,-1.0
6804,2025-09-02,D_3mini_1box_1straight,0,,1000,0.0,-1.0
6804,2025-09-02,E_3mini_1set_1straight_prev,0,,1000,0.0,-1.0
6804,2025-09-02,F_5mini_random,0,,1000,0.0,-1.0
6805,2025-09-03,A_5mini_hot,0,,1000,0.0,-1.0
6805,2025-09-03,B_5mini_unseen,0,,1000,0.0,-1.0
6805,2025-09-03,C_4mini_1box_hot,1,box,1000,15000.0,14.0
6805,2025-09-03,D_3mini_1box_1straight,1,box,1000,15000.0,14.0
6805,2025-09-03,E_3mini_1set_1straight_prev,1,set_box,1000,7500.0,6.5
6805,2025-09-03,F_5mini_random,0,,1000,0.0,-1.0
6806,2025-09-04,A_5mini_hot,0,,1000,0.0,-1.0
6806,2025-09-04,B_5mini_unseen,0,,1000,0.0,-1.0
6806,2025-09-04,C_4mini_1box_hot,0,,1000,0.0,-1.0
6806,2025-09-04,D_3mini_1box_1straight,0,,1000,0.0,-1.0
6806,2025-09-04,E_3mini_1set_1straight_prev,0,,1000,0.0,-1.0
6806,2025-09-04,F_5mini_random,0,,1000,0.0,-1.0
6807,2025-09-05,A_5mini_hot,0,,1000,0.0,-1.0
6807,2025-09-05,B_5mini_unseen,0,,1000,0.0,-1.0
6807,2025-09-05,C_4mini_1box_hot,0,,1000,0.0,-1.0
6807,2025-09-05,D_3mini_1box_1straight,0,,1000,0.0,-1.0
6807,2025-09-05,E_3mini_1set_1straight_prev,0,,1000,0.0,-1.0
6807,2025-09-05,F_5mini_random,0,,1000,0.0,-1.0
6808,2025-09-08,A_5mini_hot,0,,1000,0.0,-1.0
6808,2025-09-08,B_5mini_unseen,0,,1000,0.0,-1.0
6808,2025-09-08,C_4mini_1box_hot,0,,1000,0.0,-1.0
6808,2025-09-08,D_3mini_1box_1straight,0,,1000,0.0,-1.0
6808,2025-09-08,E_3mini_1set_1straight_prev,0,,1000,0.0,-1.0
6808,2025-09-08,F_5mini_random,0,,1000,0.0,-1.0
6809,2025-09-09,A_5mini_hot,0,,1000,0.0,-1.0
6809,2025-09-09,B_5mini_unseen,0,,1000,0.0,-1.0
6809,2025-09-09,C_4mini_1box_hot,0,,1000,0.0,-1.0
6809,2025-09-09,D_3mini_1box_1straight,0,,1000,0.0,-1.0
6809,2025-09-09,E_3mini_1set_1straight_prev,0,,1000,0.0,-1.0
6809,2025-09-09,F_5mini_random,0,,1000,0.0,-1.0
6810,2025-09-10,A_5mini_hot,0,,1000,0.0,-1.0
6810,2025-09-10,B_5mini_unseen,0,,1000,0.0,-1.0
6810,2025-09-10,C_4mini_1box_hot,0,,1000,0.0,-1.0
6810,2025-09-10,D_3mini_1box_1straight,0,,1000,0.0,-1.0
6810,2025-09-10,E_3mini_1set_1straight_prev,0,,1000,0.0,-1.0
6810,2025-09-10,F_5mini_random,0,,1000,0.0,-1.0
6811,2025-09-11,A_5mini_hot,0,,1000,0.0,-1.0
6811,2025-09-11,B_5mini_unseen,0,,1000,0.0,-1.0
6811,2025-09-11,C_4mini_1box_hot,0,,1000,0.0,-1.0
6811,2025-09-11,D_3mini_1box_1straight,0,,1000,0.0,-1.0
6811,2025-09-11,E_3mini_1set_1straight_prev,0,,1000,0.0,-1.0
6811,2025-09-11,F_5mini_random,0,,1000,0.0,-1.0
6812,2025-09-12,A_5mini_hot,0,,1000,0.0,-1.0
6812,2025-09-12,B_5mini_unseen,0,,1000,0.0,-1.0
6812,2025-09-12,C_4mini_1box_hot,0,,1000,0.0,-1.0
6812,2025-09-12,D_3mini_1box_1straight,0,,1000,0.0,-1.0
6812,2025-09-12,E_3mini_1set_1straight_prev,0,,1000,0.0,-1.0
6812,2025-09-12,F_5mini_random,0,,1000,0.0,-1.0
6813,2025-09-15,A_5mini_hot,0,,1000,0.0,-1.0
6813,2025-09-15,B_5mini_unseen,0,,1000,0.0,-1.0
6813,2025-09-15,C_4mini_1box_hot,0,,1000,0.0,-1.0
6813,2025-09-15,D_3mini_1box_1straight,0,,1000,0.0,-1.0
6813,2025-09-15,E_3mini_1set_1straight_prev,0,,1000,0.0,-1.0
6813,2025-09-15,F_5mini_random,0,,1000,0.0,-1.0
6814,2025-09-16,A_5mini_hot,0,,1000,0.0,-1.0
6814,2025-09-16,B_5mini_unseen,0,,1000,0.0,-1.0
6814,2025-09-16,C_4mini_1box_hot,0,,1000,0.0,-1.0
6814,2025-09-16,D_3mini_1box_1straight,0,,1000,0.0,-1.0
6814,2025-09-16,E_3mini_1set_1straight_prev,0,,1000,0.0,-1.0
6814,2025-09-16,F_5mini_random,0,,1000,0.0,-1.0
6815,2025-09-17,A_5mini_hot,0,,1000,0.0,-1.0
6815,2025-09-17,B_5mini_unseen,0,,1000,0.0,-1.0
6815,2025-09-17,C_4mini_1box_hot,0,,1000,0.0,-1.0
6815,2025-09-17,D_3mini_1box_1straight,0,,1000,0.0,-1.0
6815,2025-09-17,E_3mini_1set_1straight_prev,0,,1000,0.0,-1.0
6815,2025-09-17,F_5mini_random,0,,1000,0.0,-1.0
6816,2025-09-18,A_5mini_hot,0,,1000,0.0,-1.0
6816,2025-09-18,B_5mini_unseen,0,,1000,0.0,-1.0
6816,2025-09-18,C_4mini_1box_hot,0,,1000,0.0,-1.0
6816,2025-09-18,D_3mini_1box_1straight,0,,1000,0.0,-1.0
6816,2025-09-18,E_3mini_1set_1straight_prev,0,,1000,0.0,-1.0
6816,2025-09-18,F_5mini_random,0,,1000,0.0,-1.0
6817,2025-09-19,A_5mini_hot,0,,1000,0.0,-1.0
6817,2025-09-19,B_5mini_unseen,0,,1000,0.0,-1.0
6817,2025-09-19,C_4mini_1box_hot,0,,1000,0.0,-1.0
6817,2025-09-19,D_3mini_1box_1straight,0,,1000,0.0,-1.0
6817,2025-09-19,E_3mini_1set_1straight_prev,0,,1000,0.0,-1.0
6817,2025-09-19,F_5mini_random,0,,1000,0.0,-1.0
6818,2025-09-22,A_5mini_hot,0,,1000,0.0,-1.0
6818,2025-09-22,B_5mini_unseen,0,,1000,0.0,-1.0
6818,2025-09-22,C_4mini_1box_hot,0,,1000,0.0,-1.0
6818,2025-09-22,D_3mini_1box_1straight,0,,1000,0.0,-1.0
6818,2025-09-22,E_3mini_1set_1straight_prev,0,,1000,0.0,-1.0
6818,2025-09-22,F_5mini_random,0,,1000,0.0,-1.0
6819,2025-09-23,A_5mini_hot,0,,1000,0.0,-1.0
6819,2025-09-23,B_5mini_unseen,0,,1000,0.0,-1.0
6819,2025-09-23,C_4mini_1box_hot,0,,1000,0.0,-1.0
6819,2025-09-23,D_3mini_1box_1straight,0,,1000,0.0,-1.0
6819,2025-09-23,E_3mini_1set_1straight_prev,0,,1000,0.0,-1.0
6819,2025-09-23,F_5mini_random,0,,1000,0.0,-1.0
6820,2025-09-24,A_5mini_hot,0,,1000,0.0,-1.0
6820,2025-09-24,B_5mini_unseen,0,,1000,0.0,-1.0
6820,2025-09-24,C_4mini_1box_hot,0,,1000,0.0,-1.0
6820,2025-09-24,D_3mini_1box_1straight,0,,1000,0.0,-1.0
6820,2025-09-24,E_3mini_1set_1straight_prev,0,,1000,0.0,-1.0
6820,2025-09-24,F_5mini_random,0,,1000,0.0,-1.0
6821,2025-09-25,A_5mini_hot,0,,1000,0.0,-1.0
6821,2025-09-25,B_5mini_unseen,0,,1000,0.0,-1.0
6821,2025-09-25,C_4mini_1box_hot,0,,1000,0.0,-1.0
6821,2025-09-25,D_3mini_1box_1straight,0,,1000,0.0,-1.0
6821,2025-09-25,E_3mini_1set_1straight_prev,0,,1000,0.0,-1.0
6821,2025-09-25,F_5mini_random,0,,1000,0.0,-1.0
6822,2025-09-26,A_5mini_hot,0,,1000,0.0,-1.0
6822,2025-09-26,B_5mini_unseen,0,,1000,0.0,-1.0
6822,2025-09-26,C_4mini_1box_hot,0,,1000,0.0,-1.0
6822,2025-09-26,D_3mini_1box_1straight,0,,1000,0.0,-1.0
6822,2025-09-26,E_3mini_1set_1straight_prev,0,,1000,0.0,-1.0
6822,2025-09-26,F_5mini_random,0,,1000,0.0,-1.0
6823,2025-09-29,A_5mini_hot,0,,1000,0.0,-1.0
6823,2025-09-29,B_5mini_unseen,0,,1000,0.0,-1.0
6823,2025-09-29,C_4mini_1box_hot,0,,1000,0.0,-1.0
6823,2025-09-29,D_3mini_1box_1straight,0,,1000,0.0,-1.0
6823,2025-09-29,E_3mini_1set_1straight_prev,0,,1000,0.0,-1.0
6823,2025-09-29,F_5mini_random,0,,1000,0.0,-1.0
6824,2025-09-30,A_5mini_hot,0,,1000,0.0,-1.0
6824,2025-09-30,B_5mini_unseen,0,,1000,0.0,-1.0
6824,2025-09-30,C_4mini_1box_hot,0,,1000,0.0,-1.0
6824,2025-09-30,D_3mini_1box_1straight,0,,1000,0.0,-1.0
6824,2025-09-30,E_3mini_1set_1straight_prev,0,,1000,0.0,-1.0
6824,2025-09-30,F_5mini_random,0,,1000,0.0,-1.0
6825,2025-10-01,A_5mini_hot,0,,1000,0.0,-1.0
6825,2025-10-01,B_5mini_unseen,0,,1000,0.0,-1.0
6825,2025-10-01,C_4mini_1box_hot,0,,1000,0.0,-1.0
6825,2025-10-01,D_3mini_1box_1straight,0,,1000,0.0,-1.0
6825,2025-10-01,E_3mini_1set_1straight_prev,0,,1000,0.0,-1.0
6825,2025-10-01,F_5mini_random,0,,1000,0.0,-1.0
6826,2025-10-02,A_5mini_hot,0,,1000,0.0,-1.0
6826,2025-10-02,B_5mini_unseen,0,,1000,0.0,-1.0
6826,2025-10-02,C_4mini_1box_hot,0,,1000,0.0,-1.0
6826,2025-10-02,D_3mini_1box_1straight,0,,1000,0.0,-1.0
6826,2025-10-02,E_3mini_1set_1straight_prev,0,,1000,0.0,-1.0
6826,2025-10-02,F_5mini_random,0,,1000,0.0,-1.0
6827,2025-10-03,A_5mini_hot,0,,1000,0.0,-1.0
6827,2025-10-03,B_5mini_unseen,0,,1000,0.0,-1.0
6827,2025-10-03,C_4mini_1box_hot,0,,1000,0.0,-1.0
6827,2025-10-03,D_3mini_1box_1straight,0,,1000,0.0,-1.0
6827,2025-10-03,E_3mini_1set_1straight_prev,0,,1000,0.0,-1.0
6827,2025-10-03,F_5mini_random,0,,1000,0.0,-1.0
6828,2025-10-06,A_5mini_hot,0,,1000,0.0,-1.0
6828,2025-10-06,B_5mini_unseen,0,,1000,0.0,-1.0
6828,2025-10-06,C_4mini_1box_hot,0,,1000,0.0,-1.0
6828,2025-10-06,D_3mini_1box_1straight,0,,1000,0.0,-1.0
6828,2025-10-06,E_3mini_1set_1straight_prev,0,,1000,0.0,-1.0
6828,2025-10-06,F_5mini_random,0,,1000,0.0,-1.0
6829,2025-10-07,A_5mini_hot,0,,1000,0.0,-1.0
6829,2025-10-07,B_5mini_unseen,0,,1000,0.0,-1.0
6829,2025-10-07,C_4mini_1box_hot,0,,1000,0.0,-1.0
6829,2025-10-07,D_3mini_1box_1straight,0,,1000,0.0,-1.0
6829,2025-10-07,E_3mini_1set_1straight_prev,0,,1000,0.0,-1.0
6829,2025-10-07,F_5mini_random,0,,1000,0.0,-1.0
6830,2025-10-08,A_5mini_hot,0,,1000,0.0,-1.0
6830,2025-10-08,B_5mini_unseen,1,mini,1000,9000.0,8.0
6830,2025-10-08,C_4mini_1box_hot,0,,1000,0.0,-1.0
6830,2025-10-08,D_3mini_1box_1straight,0,,1000,0.0,-1.0
6830,2025-10-08,E_3mini_1set_1straight_prev,0,,1000,0.0,-1.0
6830,2025-10-08,F_5mini_random,0,,1000,0.0,-1.0
6831,2025-10-09,A_5mini_hot,0,,1000,0.0,-1.0
6831,2025-10-09,B_5mini_unseen,0,,1000,0.0,-1.0
6831,2025-10-09,C_4mini_1box_hot,0,,1000,0.0,-1.0
6831,2025-10-09,D_3mini_1box_1straight,0,,1000,0.0,-1.0
6831,2025-10-09,E_3mini_1set_1straight_prev,0,,1000,0.0,-1.0
6831,2025-10-09,F_5mini_random,0,,1000,0.0,-1.0
6832,2025-10-10,A_5mini_hot,0,,1000,0.0,-1.0
6832,2025-10-10,B_5mini_unseen,0,,1000,0.0,-1.0
6832,2025-10-10,C_4mini_1box_hot,0,,1000,0.0,-1.0
6832,2025-10-10,D_3mini_1box_1straight,0,,1000,0.0,-1.0
6832,2025-10-10,E_3mini_1set_1straight_prev,0,,1000,0.0,-1.0
6832,2025-10-10,F_5mini_random,0,,1000,0.0,-1.0
6833,2025-10-13,A_5mini_hot,0,,1000,0.0,-1.0
6833,2025-10-13,B_5mini_unseen,0,,1000,0.0,-1.0
6833,2025-10-13,C_4mini_1box_hot,0,,1000,0.0,-1.0
6833,2025-10-13,D_3mini_1box_1straight,0,,1000,0.0,-1.0
6833,2025-10-13,E_3mini_1set_1straight_prev,0,,1000,0.0,-1.0
6833,2025-10-13,F_5mini_random,0,,1000,0.0,-1.0
6834,2025-10-14,A_5mini_hot,0,,1000,0.0,-1.0
6834,2025-10-14,B_5mini_unseen,0,,1000,0.0,-1.0
6834,2025-10-14,C_4mini_1box_hot,0,,1000,0.0,-1.0
6834,2025-10-14,D_3mini_1box_1straight,0,,1000,0.0,-1.0
6834,2025-10-14,E_3mini_1set_1straight_prev,0,,1000,0.0,-1.0
6834,2025-10-14,F_5mini_random,0,,1000,0.0,-1.0
6835,2025-10-15,A_5mini_hot,0,,1000,0.0,-1.0
6835,2025-10-15,B_5mini_unseen,0,,1000,0.0,-1.0
6835,2025-10-15,C_4mini_1box_hot,0,,1000,0.0,-1.0
6835,2025-10-15,D_3mini_1box_1straight,0,,1000,0.0,-1.0
6835,2025-10-15,E_3mini_1set_1straight_prev,0,,1000,0.0,-1.0
6835,2025-10-15,F_5mini_random,0,,1000,0.0,-1.0
6836,2025-10-16,A_5mini_hot,0,,1000,0.0,-1.0
6836,2025-10-16,B_5mini_unseen,0,,1000,0.0,-1.0
6836,2025-10-16,C_4mini_1box_hot,0,,1000,0.0,-1.0
6836,2025-10-16,D_3mini_1box_1straight,0,,1000,0.0,-1.0
6836,2025-10-16,E_3mini_1set_1straight_prev,0,,1000,0.0,-1.0
6836,2025-10-16,F_5mini_random,0,,1000,0.0,-1.0
6837,2025-10-17,A_5mini_hot,0,,1000,0.0,-1.0
6837,2025-10-17,B_5mini_unseen,0,,1000,0.0,-1.0
6837,2025-10-17,C_4mini_1box_hot,0,,1000,0.0,-1.0
6837,2025-10-17,D_3mini_1box_1straight,0,,1000,0.0,-1.0
6837,2025-10-17,E_3mini_1set_1straight_prev,0,,1000,0.0,-1.0
6837,2025-10-17,F_5mini_random,0,,1000,0.0,-1.0
6838,2025-10-20,A_5mini_hot,0,,1000,0.0,-1.0
6838,2025-10-20,B_5mini_unseen,0,,1000,0.0,-1.0
6838,2025-10-20,C_4mini_1box_hot,0,,1000,0.0,-1.0
6838,2025-10-20,D_3mini_1box_1straight,0,,1000,0.0,-1.0
6838,2025-10-20,E_3mini_1set_1straight_prev,0,,1000,0.0,-1.0
6838,2025-10-20,F_5mini_random,0,,1000,0.0,-1.0
6839,2025-10-21,A_5mini_hot,0,,1000,0.0,-1.0
6839,2025-10-21,B_5mini_unseen,0,,1000,0.0,-1.0
6839,2025-10-21,C_4mini_1box_hot,0,,1000,0.0,-1.0
6839,2025-10-21,D_3mini_1box_1straight,0,,1000,0.0,-1.0
6839,2025-10-21,E_3mini_1set_1straight_prev,0,,1000,0.0,-1.0
6839,2025-10-21,F_5mini_random,0,,1000,0.0,-1.0
6840,2025-10-22,A_5mini_hot,0,,1000,0.0,-1.0
6840,2025-10-22,B_5mini_unseen,0,,1000,0.0,-1.0
6840,2025-10-22,C_4mini_1box_hot,0,,1000,0.0,-1.0
6840,2025-10-22,D_3mini_1box_1straight,0,,1000,0.0,-1.0
6840,2025-10-22,E_3mini_1set_1straight_prev,0,,1000,0.0,-1.0
6840,2025-10-22,F_5mini_random,0,,1000,0.0,-1.0
6841,2025-10-23,A_5mini_hot,0,,1000,0.0,-1.0
6841,2025-10-23,B_5mini_unseen,0,,1000,0.0,-1.0
6841,2025-10-23,C_4mini_1box_hot,0,,1000,0.0,-1.0
6841,2025-10-23,D_3mini_1box_1straight,0,,1000,0.0,-1.0
6841,2025-10-23,E_3mini_1set_1straight_prev,0,,1000,0.0,-1.0
6841,2025-10-23,F_5mini_random,0,,1000,0.0,-1.0
6842,2025-10-24,A_5mini_hot,1,mini,1000,9000.0,8.0
6842,2025-10-24,B_5mini_unseen,0,,1000,0.0,-1.0
6842,2025-10-24,C_4mini_1box_hot,1,mini,1000,9000.0,8.0
6842,2025-10-24,D_3mini_1box_1straight,1,mini,1000,9000.0,8.0
6842,2025-10-24,E_3mini_1set_1straight_prev,1,mini,1000,9000.0,8.0
6842,2025-10-24,F_5mini_random,0,,1000,0.0,-1.0
6843,2025-10-27,A_5mini_hot,1,mini,1000,9000.0,8.0
6843,2025-10-27,B_5mini_unseen,0,,1000,0.0,-1.0
6843,2025-10-27,C_4mini_1box_hot,1,mini,1000,9000.0,8.0
6843,2025-10-27,D_3mini_1box_1straight,1,mini,1000,9000.0,8.0
6843,2025-10-27,E_3mini_1set_1straight_prev,0,,1000,0.0,-1.0
6843,2025-10-27,F_5mini_random,0,,1000,0.0,-1.0
6844,2025-10-28,A_5mini_hot,0,,1000,0.0,-1.0
6844,2025-10-28,B_5mini_unseen,0,,1000,0.0,-1.0
6844,2025-10-28,C_4mini_1box_hot,0,,1000,0.0,-1.0
6844,2025-10-28,D_3mini_1box_1straight,0,,1000,0.0,-1.0
6844,2025-10-28,E_3mini_1set_1straight_prev,0,,1000,0.0,-1.0
6844,2025-10-28,F_5mini_random,0,,1000,0.0,-1.0
6845,2025-10-29,A_5mini_hot,0,,1000,0.0,-1.0
6845,2025-10-29,B_5mini_unseen,0,,1000,0.0,-1.0
6845,2025-10-29,C_4mini_1box_hot,0,,1000,0.0,-1.0
6845,2025-10-29,D_3mini_1box_1straight,0,,1000,0.0,-1.0
6845,2025-10-29,E_3mini_1set_1straight_prev,0,,1000,0.0,-1.0
6845,2025-10-29,F_5mini_random,0,,1000,0.0,-1.0
6846,2025-10-30,A_5mini_hot,1,mini,1000,9000.0,8.0
6846,2025-10-30,B_5mini_unseen,0,,1000,0.0,-1.0
6846,2025-10-30,C_4mini_1box_hot,1,mini,1000,9000.0,8.0
6846,2025-10-30,D_3mini_1box_1straight,1,mini,1000,9000.0,8.0
6846,2025-10-30,E_3mini_1set_1straight_prev,0,,1000,0.0,-1.0
6846,2025-10-30,F_5mini_random,0,,1000,0.0,-1.0
6847,2025-10-31,A_5mini_hot,0,,1000,0.0,-1.0
6847,2025-10-31,B_5mini_unseen,0,,1000,0.0,-1.0
6847,2025-10-31,C_4mini_1box_hot,0,,1000,0.0,-1.0
6847,2025-10-31,D_3mini_1box_1straight,0,,1000,0.0,-1.0
6847,2025-10-31,E_3mini_1set_1straight_prev,0,,1000,0.0,-1.0
6847,2025-10-31,F_5mini_random,0,,1000,0.0,-1.0
6848,2025-11-03,A_5mini_hot,0,,1000,0.0,-1.0
6848,2025-11-03,B_5mini_unseen,0,,1000,0.0,-1.0
6848,2025-11-03,C_4mini_1box_hot,0,,1000,0.0,-1.0
6848,2025-11-03,D_3mini_1box_1straight,0,,1000,0.0,-1.0
6848,2025-11-03,E_3mini_1set_1straight_prev,0,,1000,0.0,-1.0
6848,2025-11-03,F_5mini_random,0,,1000,0.0,-1.0
6849,2025-11-04,A_5mini_hot,0,,1000,0.0,-1.0
6849,2025-11-04,B_5mini_unseen,0,,1000,0.0,-1.0
6849,2025-11-04,C_4mini_1box_hot,0,,1000,0.0,-1.0
6849,2025-11-04,D_3mini_1box_1straight,0,,1000,0.0,-1.0
6849,2025-11-04,E_3mini_1set_1straight_prev,0,,1000,0.0,-1.0
6849,2025-11-04,F_5mini_random,0,,1000,0.0,-1.0
6850,2025-11-05,A_5mini_hot,0,,1000,0.0,-1.0
6850,2025-11-05,B_5mini_unseen,0,,1000,0.0,-1.0
6850,2025-11-05,C_4mini_1box_hot,0,,1000,0.0,-1.0
6850,2025-11-05,D_3mini_1box_1straight,0,,1000,0.0,-1.0
6850,2025-11-05,E_3mini_1set_1straight_prev,0,,1000,0.0,-1.0
6850,2025-11-05,F_5mini_random,0,,1000,0.0,-1.0
6851,2025-11-06,A_5mini_hot,0,,1000,0.0,-1.0
6851,2025-11-06,B_5mini_unseen,0,,1000,0.0,-1.0
6851,2025-11-06,C_4mini_1box_hot,0,,1000,0.0,-1.0
6851,2025-11-06,D_3mini_1box_1straight,0,,1000,0.0,-1.0
6851,2025-11-06,E_3mini_1set_1straight_prev,0,,1000,0.0,-1.0
6851,2025-11-06,F_5mini_random,0,,1000,0.0,-1.0
6852,2025-11-07,A_5mini_hot,0,,1000,0.0,-1.0
6852,2025-11-07,B_5mini_unseen,0,,1000,0.0,-1.0
6852,2025-11-07,C_4mini_1box_hot,0,,1000,0.0,-1.0
6852,2025-11-07,D_3mini_1box_1straight,0,,1000,0.0,-1.0
6852,2025-11-07,E_3mini_1set_1straight_prev,0,,1000,0.0,-1.0
6852,2025-11-07,F_5mini_random,0,,1000,0.0,-1.0
6853,2025-11-10,A_5mini_hot,1,mini,1000,9000.0,8.0
6853,2025-11-10,B_5mini_unseen,0,,1000,0.0,-1.0
6853,2025-11-10,C_4mini_1box_hot,0,,1000,0.0,-1.0
6853,2025-11-10,D_3mini_1box_1straight,0,,1000,0.0,-1.0
6853,2025-11-10,E_3mini_1set_1straight_prev,0,,1000,0.0,-1.0
6853,2025-11-10,F_5mini_random,0,,1000,0.0,-1.0
6854,2025-11-11,A_5mini_hot,0,,1000,0.0,-1.0
6854,2025-11-11,B_5mini_unseen,0,,1000,0.0,-1.0
6854,2025-11-11,C_4mini_1box_hot,0,,1000,0.0,-1.0
6854,2025-11-11,D_3mini_1box_1straight,0,,1000,0.0,-1.0
6854,2025-11-11,E_3mini_1set_1straight_prev,0,,1000,0.0,-1.0
6854,2025-11-11,F_5mini_random,0,,1000,0.0,-1.0
6855,2025-11-12,A_5mini_hot,0,,1000,0.0,-1.0
6855,2025-11-12,B_5mini_unseen,0,,1000,0.0,-1.0
6855,2025-11-12,C_4mini_1box_hot,0,,1000,0.0,-1.0
6855,2025-11-12,D_3mini_1box_1straight,0,,1000,0.0,-1.0
6855,2025-11-12,E_3mini_1set_1straight_prev,0,,1000,0.0,-1.0
6855,2025-11-12,F_5mini_random,0,,1000,0.0,-1.0
6856,2025-11-13,A_5mini_hot,0,,1000,0.0,-1.0
6856,2025-11-13,B_5mini_unseen,0,,1000,0.0,-1.0
6856,2025-11-13,C_4mini_1box_hot,0,,1000,0.0,-1.0
6856,2025-11-13,D_3mini_1box_1straight,0,,1000,0.0,-1.0
6856,2025-11-13,E_3mini_1set_1straight_prev,0,,1000,0.0,-1.0
6856,2025-11-13,F_5mini_random,0,,1000,0.0,-1.0
6857,2025-11-14,A_5mini_hot,0,,1000,0.0,-1.0
6857,2025-11-14,B_5mini_unseen,0,,1000,0.0,-1.0
6857,2025-11-14,C_4mini_1box_hot,0,,1000,0.0,-1.0
6857,2025-11-14,D_3mini_1box_1straight,0,,1000,0.0,-1.0
6857,2025-11-14,E_3mini_1set_1straight_prev,0,,1000,0.0,-1.0
6857,2025-11-14,F_5mini_random,0,,1000,0.0,-1.0
6858,2025-11-17,A_5mini_hot,0,,1000,0.0,-1.0
6858,2025-11-17,B_5mini_unseen,0,,1000,0.0,-1.0
6858,2025-11-17,C_4mini_1box_hot,0,,1000,0.0,-1.0
6858,2025-11-17,D_3mini_1box_1straight,0,,1000,0.0,-1.0
6858,2025-11-17,E_3mini_1set_1straight_prev,0,,1000,0.0,-1.0
6858,2025-11-17,F_5mini_random,0,,1000,0.0,-1.0
6859,2025-11-18,A_5mini_hot,0,,1000,0.0,-1.0
6859,2025-11-18,B_5mini_unseen,0,,1000,0.0,-1.0
6859,2025-11-18,C_4mini_1box_hot,0,,1000,0.0,-1.0
6859,2025-11-18,D_3mini_1box_1straight,0,,1000,0.0,-1.0
6859,2025-11-18,E_3mini_1set_1straight_prev,0,,1000,0.0,-1.0
6859,2025-11-18,F_5mini_random,0,,1000,0.0,-1.0
6860,2025-11-19,A_5mini_hot,0,,1000,0.0,-1.0
6860,2025-11-19,B_5mini_unseen,0,,1000,0.0,-1.0
6860,2025-11-19,C_4mini_1box_hot,0,,1000,0.0,-1.0
6860,2025-11-19,D_3mini_1box_1straight,0,,1000,0.0,-1.0
6860,2025-11-19,E_3mini_1set_1straight_prev,0,,1000,0.0,-1.0
6860,2025-11-19,F_5mini_random,0,,1000,0.0,-1.0
6861,2025-11-20,A_5mini_hot,0,,1000,0.0,-1.0
6861,2025-11-20,B_5mini_unseen,0,,1000,0.0,-1.0
6861,2025-11-20,C_4mini_1box_hot,0,,1000,0.0,-1.0
6861,2025-11-20,D_3mini_1box_1straight,0,,1000,0.0,-1.0
6861,2025-11-20,E_3mini_1set_1straight_prev,0,,1000,0.0,-1.0
6861,2025-11-20,F_5mini_random,0,,1000,0.0,-1.0
6862,2025-11-21,A_5mini_hot,0,,1000,0.0,-1.0
6862,2025-11-21,B_5mini_unseen,0,,1000,0.0,-1.0
6862,2025-11-21,C_4mini_1box_hot,0,,1000,0.0,-1.0
6862,2025-11-21,D_3mini_1box_1straight,0,,1000,0.0,-1.0
6862,2025-11-21,E_3mini_1set_1straight_prev,0,,1000,0.0,-1.0
6862,2025-11-21,F_5mini_random,0,,1000,0.0,-1.0
6863,2025-11-24,A_5mini_hot,0,,1000,0.0,-1.0
6863,2025-11-24,B_5mini_unseen,0,,1000,0.0,-1.0
6863,2025-11-24,C_4mini_1box_hot,0,,1000,0.0,-1.0
6863,2025-11-24,D_3mini_1box_1straight,0,,1000,0.0,-1.0
6863,2025-11-24,E_3mini_1set_1straight_prev,0,,1000,0.0,-1.0
6863,2025-11-24,F_5mini_random,0,,1000,0.0,-1.0
6864,2025-11-25,A_5mini_hot,0,,1000,0.0,-1.0
6864,2025-11-25,B_5mini_unseen,0,,1000,0.0,-1.0
6864,2025-11-25,C_4mini_1box_hot,0,,1000,0.0,-1.0
6864,2025-11-25,D_3mini_1box_1straight,0,,1000,0.0,-1.0
6864,2025-11-25,E_3mini_1set_1straight_prev,0,,1000,0.0,-1.0
6864,2025-11-25,F_5mini_random,0,,1000,0.0,-1.0
6865,2025-11-26,A_5mini_hot,0,,1000,0.0,-1.0
6865,2025-11-26,B_5mini_unseen,0,,1000,0.0,-1.0
6865,2025-11-26,C_4mini_1box_hot,0,,1000,0.0,-1.0
6865,2025-11-26,D_3mini_1box_1straight,0,,1000,0.0,-1.0
6865,2025-11-26,E_3mini_1set_1straight_prev,0,,1000,0.0,-1.0
6865,2025-11-26,F_5mini_random,0,,1000,0.0,-1.0
6866,2025-11-27,A_5mini_hot,0,,1000,0.0,-1.0
6866,2025-11-27,B_5mini_unseen,0,,1000,0.0,-1.0
6866,2025-11-27,C_4mini_1box_hot,0,,1000,0.0,-1.0
6866,2025-11-27,D_3mini_1box_1straight,0,,1000,0.0,-1.0
6866,2025-11-27,E_3mini_1set_1straight_prev,0,,1000,0.0,-1.0
6866,2025-11-27,F_5mini_random,0,,1000,0.0,-1.0
6867,2025-11-28,A_5mini_hot,0,,1000,0.0,-1.0
6867,2025-11-28,B_5mini_unseen,0,,1000,0.0,-1.0
6867,2025-11-28,C_4mini_1box_hot,0,,1000,0.0,-1.0
6867,2025-11-28,D_3mini_1box_1straight,0,,1000,0.0,-1.0
6867,2025-11-28,E_3mini_1set_1straight_prev,0,,1000,0.0,-1.0
6867,2025-11-28,F_5mini_random,0,,1000,0.0,-1.0
6868,2025-12-01,A_5mini_hot,0,,1000,0.0,-1.0
6868,2025-12-01,B_5mini_unseen,0,,1000,0.0,-1.0
6868,2025-12-01,C_4mini_1box_hot,0,,1000,0.0,-1.0
6868,2025-12-01,D_3mini_1box_1straight,0,,1000,0.0,-1.0
6868,2025-12-01,E_3mini_1set_1straight_prev,0,,1000,0.0,-1.0
6868,2025-12-01,F_5mini_random,0,,1000,0.0,-1.0
6869,2025-12-02,A_5mini_hot,0,,1000,0.0,-1.0
6869,2025-12-02,B_5mini_unseen,0,,1000,0.0,-1.0
6869,2025-12-02,C_4mini_1box_hot,0,,1000,0.0,-1.0
6869,2025-12-02,D_3mini_1box_1straight,0,,1000,0.0,-1.0
6869,2025-12-02,E_3mini_1set_1straight_prev,0,,1000,0.0,-1.0
6869,2025-12-02,F_5mini_random,1,mini,1000,9000.0,8.0
6870,2025-12-03,A_5mini_hot,1,mini,1000,9000.0,8.0
6870,2025-12-03,B_5mini_unseen,0,,1000,0.0,-1.0
6870,2025-12-03,C_4mini_1box_hot,1,mini,1000,9000.0,8.0
6870,2025-12-03,D_3mini_1box_1straight,1,mini,1000,9000.0,8.0
6870,2025-12-03,E_3mini_1set_1straight_prev,0,,1000,0.0,-1.0
6870,2025-12-03,F_5mini_random,0,,1000,0.0,-1.0
6871,2025-12-04,A_5mini_hot,0,,1000,0.0,-1.0
6871,2025-12-04,B_5mini_unseen,0,,1000,0.0,-1.0
6871,2025-12-04,C_4mini_1box_hot,0,,1000,0.0,-1.0
6871,2025-12-04,D_3mini_1box_1straight,0,,1000,0.0,-1.0
6871,2025-12-04,E_3mini_1set_1straight_prev,0,,1000,0.0,-1.0
6871,2025-12-04,F_5mini_random,0,,1000,0.0,-1.0
6872,2025-12-05,A_5mini_hot,0,,1000,0.0,-1.0
6872,2025-12-05,B_5mini_unseen,0,,1000,0.0,-1.0
6872,2025-12-05,C_4mini_1box_hot,0,,1000,0.0,-1.0
6872,2025-12-05,D_3mini_1box_1straight,0,,1000,0.0,-1.0
6872,2025-12-05,E_3mini_1set_1straight_prev,0,,1000,0.0,-1.0
6872,2025-12-05,F_5mini_random,0,,1000,0.0,-1.0
6873,2025-12-08,A_5mini_hot,0,,1000,0.0,-1.0
6873,2025-12-08,B_5mini_unseen,0,,1000,0.0,-1.0
6873,2025-12-08,C_4mini_1box_hot,0,,1000,0.0,-1.0
6873,2025-12-08,D_3mini_1box_1straight,0,,1000,0.0,-1.0
6873,2025-12-08,E_3mini_1set_1straight_prev,0,,1000,0.0,-1.0
6873,2025-12-08,F_5mini_random,0,,1000,0.0,-1.0
6874,2025-12-09,A_5mini_hot,0,,1000,0.0,-1.0
6874,2025-12-09,B_5mini_unseen,0,,1000,0.0,-1.0
6874,2025-12-09,C_4mini_1box_hot,0,,1000,0.0,-1.0
6874,2025-12-09,D_3mini_1box_1straight,0,,1000,0.0,-1.0
6874,2025-12-09,E_3mini_1set_1straight_prev,0,,1000,0.0,-1.0
6874,2025-12-09,F_5mini_random,0,,1000,0.0,-1.0
6875,2025-12-10,A_5mini_hot,0,,1000,0.0,-1.0
6875,2025-12-10,B_5mini_unseen,0,,1000,0.0,-1.0
6875,2025-12-10,C_4mini_1box_hot,0,,1000,0.0,-1.0
6875,2025-12-10,D_3mini_1box_1straight,0,,1000,0.0,-1.0
6875,2025-12-10,E_3mini_1set_1straight_prev,0,,1000,0.0,-1.0
6875,2025-12-10,F_5mini_random,0,,1000,0.0,-1.0
6876,2025-12-11,A_5mini_hot,0,,1000,0.0,-1.0
6876,2025-12-11,B_5mini_unseen,0,,1000,0.0,-1.0
6876,2025-12-11,C_4mini_1box_hot,0,,1000,0.0,-1.0
6876,2025-12-11,D_3mini_1box_1straight,0,,1000,0.0,-1.0
6876,2025-12-11,E_3mini_1set_1straight_prev,0,,1000,0.0,-1.0
6876,2025-12-11,F_5mini_random,1,mini,1000,9000.0,8.0
6877,2025-12-12,A_5mini_hot,0,,1000,0.0,-1.0
6877,2025-12-12,B_5mini_unseen,0,,1000,0.0,-1.0
6877,2025-12-12,C_4mini_1box_hot,0,,1000,0.0,-1.0
6877,2025-12-12,D_3mini_1box_1straight,0,,1000,0.0,-1.0
6877,2025-12-12,E_3mini_1set_1straight_prev,0,,1000,0.0,-1.0
6877,2025-12-12,F_5mini_random,0,,1000,0.0,-1.0
6878,2025-12-15,A_5mini_hot,0,,1000,0.0,-1.0
6878,2025-12-15,B_5mini_unseen,0,,1000,0.0,-1.0
6878,2025-12-15,C_4mini_1box_hot,0,,1000,0.0,-1.0
6878,2025-12-15,D_3mini_1box_1straight,0,,1000,0.0,-1.0
6878,2025-12-15,E_3mini_1set_1straight_prev,0,,1000,0.0,-1.0
6878,2025-12-15,F_5mini_random,0,,1000,0.0,-1.0
6879,2025-12-16,A_5mini_hot,0,,1000,0.0,-1.0
6879,2025-12-16,B_5mini_unseen,1,mini,1000,9000.0,8.0
6879,2025-12-16,C_4mini_1box_hot,0,,1000,0.0,-1.0
6879,2025-12-16,D_3mini_1box_1straight,0,,1000,0.0,-1.0
6879,2025-12-16,E_3mini_1set_1straight_prev,0,,1000,0.0,-1.0
6879,2025-12-16,F_5mini_random,0,,1000,0.0,-1.0
6880,2025-12-17,A_5mini_hot,0,,1000,0.0,-1.0
6880,2025-12-17,B_5mini_unseen,0,,1000,0.0,-1.0
6880,2025-12-17,C_4mini_1box_hot,0,,1000,0.0,-1.0
6880,2025-12-17,D_3mini_1box_1straight,0,,1000,0.0,-1.0
6880,2025-12-17,E_3mini_1set_1straight_prev,0,,1000,0.0,-1.0
6880,2025-12-17,F_5mini_random,0,,1000,0.0,-1.0
6881,2025-12-18,A_5mini_hot,0,,1000,0.0,-1.0
6881,2025-12-18,B_5mini_unseen,0,,1000,0.0,-1.0
6881,2025-12-18,C_4mini_1box_hot,0,,1000,0.0,-1.0
6881,2025-12-18,D_3mini_1box_1straight,0,,1000,0.0,-1.0
6881,2025-12-18,E_3mini_1set_1straight_prev,0,,1000,0.0,-1.0
6881,2025-12-18,F_5mini_random,0,,1000,0.0,-1.0
6882,2025-12-19,A_5mini_hot,0,,1000,0.0,-1.0
6882,2025-12-19,B_5mini_unseen,0,,1000,0.0,-1.0
6882,2025-12-19,C_4mini_1box_hot,0,,1000,0.0,-1.0
6882,2025-12-19,D_3mini_1box_1straight,0,,1000,0.0,-1.0
6882,2025-12-19,E_3mini_1set_1straight_prev,0,,1000,0.0,-1.0
6882,2025-12-19,F_5mini_random,0,,1000,0.0,-1.0
6883,2025-12-22,A_5mini_hot,0,,1000,0.0,-1.0
6883,2025-12-22,B_5mini_unseen,0,,1000,0.0,-1.0
6883,2025-12-22,C_4mini_1box_hot,0,,1000,0.0,-1.0
6883,2025-12-22,D_3mini_1box_1straight,0,,1000,0.0,-1.0
6883,2025-12-22,E_3mini_1set_1straight_prev,0,,1000,0.0,-1.0
6883,2025-12-22,F_5mini_random,0,,1000,0.0,-1.0
6884,2025-12-23,A_5mini_hot,0,,1000,0.0,-1.0
6884,2025-12-23,B_5mini_unseen,0,,1000,0.0,-1.0
6884,2025-12-23,C_4mini_1box_hot,0,,1000,0.0,-1.0
6884,2025-12-23,D_3mini_1box_1straight,0,,1000,0.0,-1.0
6884,2025-12-23,E_3mini_1set_1straight_prev,0,,1000,0.0,-1.0
6884,2025-12-23,F_5mini_random,0,,1000,0.0,-1.0
6885,2025-12-24,A_5mini_hot,0,,1000,0.0,-1.0
6885,2025-12-24,B_5mini_unseen,0,,1000,0.0,-1.0
6885,2025-12-24,C_4mini_1box_hot,0,,1000,0.0,-1.0
6885,2025-12-24,D_3mini_1box_1straight,0,,1000,0.0,-1.0
6885,2025-12-24,E_3mini_1set_1straight_prev,0,,1000,0.0,-1.0
6885,2025-12-24,F_5mini_random,0,,1000,0.0,-1.0
6886,2025-12-25,A_5mini_hot,0,,1000,0.0,-1.0
6886,2025-12-25,B_5mini_unseen,0,,1000,0.0,-1.0
6886,2025-12-25,C_4mini_1box_hot,0,,1000,0.0,-1.0
6886,2025-12-25,D_3mini_1box_1straight,0,,1000,0.0,-1.0
6886,2025-12-25,E_3mini_1set_1straight_prev,0,,1000,0.0,-1.0
6886,2025-12-25,F_5mini_random,0,,1000,0.0,-1.0
6887,2025-12-26,A_5mini_hot,0,,1000,0.0,-1.0
6887,2025-12-26,B_5mini_unseen,0,,1000,0.0,-1.0
6887,2025-12-26,C_4mini_1box_hot,0,,1000,0.0,-1.0
6887,2025-12-26,D_3mini_1box_1straight,0,,1000,0.0,-1.0
6887,2025-12-26,E_3mini_1set_1straight_prev,0,,1000,0.0,-1.0
6887,2025-12-26,F_5mini_random,0,,1000,0.0,-1.0
6888,2025-12-29,A_5mini_hot,0,,1000,0.0,-1.0
6888,2025-12-29,B_5mini_unseen,0,,1000,0.0,-1.0
6888,2025-12-29,C_4mini_1box_hot,0,,1000,0.0,-1.0
6888,2025-12-29,D_3mini_1box_1straight,0,,1000,0.0,-1.0
6888,2025-12-29,E_3mini_1set_1straight_prev,0,,1000,0.0,-1.0
6888,2025-12-29,F_5mini_random,0,,1000,0.0,-1.0
6889,2025-12-30,A_5mini_hot,0,,1000,0.0,-1.0
6889,2025-12-30,B_5mini_unseen,0,,1000,0.0,-1.0
6889,2025-12-30,C_4mini_1box_hot,0,,1000,0.0,-1.0
6889,2025-12-30,D_3mini_1box_1straight,0,,1000,0.0,-1.0
6889,2025-12-30,E_3mini_1set_1straight_prev,0,,1000,0.0,-1.0
6889,2025-12-30,F_5mini_random,0,,1000,0.0,-1.0
6890,2026-01-05,A_5mini_hot,0,,1000,0.0,-1.0
6890,2026-01-05,B_5mini_unseen,0,,1000,0.0,-1.0
6890,2026-01-05,C_4mini_1box_hot,0,,1000,0.0,-1.0
6890,2026-01-05,D_3mini_1box_1straight,0,,1000,0.0,-1.0
6890,2026-01-05,E_3mini_1set_1straight_prev,0,,1000,0.0,-1.0
6890,2026-01-05,F_5mini_random,0,,1000,0.0,-1.0
6891,2026-01-06,A_5mini_hot,0,,1000,0.0,-1.0
6891,2026-01-06,B_5mini_unseen,0,,1000,0.0,-1.0
6891,2026-01-06,C_4mini_1box_hot,0,,1000,0.0,-1.0
6891,2026-01-06,D_3mini_1box_1straight,0,,1000,0.0,-1.0
6891,2026-01-06,E_3mini_1set_1straight_prev,0,,1000,0.0,-1.0
6891,2026-01-06,F_5mini_random,0,,1000,0.0,-1.0
6892,2026-01-07,A_5mini_hot,0,,1000,0.0,-1.0
6892,2026-01-07,B_5mini_unseen,0,,1000,0.0,-1.0
6892,2026-01-07,C_4mini_1box_hot,0,,1000,0.0,-1.0
6892,2026-01-07,D_3mini_1box_1straight,0,,1000,0.0,-1.0
6892,2026-01-07,E_3mini_1set_1straight_prev,0,,1000,0.0,-1.0
6892,2026-01-07,F_5mini_random,0,,1000,0.0,-1.0
6893,2026-01-08,A_5mini_hot,0,,1000,0.0,-1.0
6893,2026-01-08,B_5mini_unseen,0,,1000,0.0,-1.0
6893,2026-01-08,C_4mini_1box_hot,0,,1000,0.0,-1.0
6893,2026-01-08,D_3mini_1box_1straight,0,,1000,0.0,-1.0
6893,2026-01-08,E_3mini_1set_1straight_prev,0,,1000,0.0,-1.0
6893,2026-01-08,F_5mini_random,0,,1000,0.0,-1.0
6894,2026-01-09,A_5mini_hot,0,,1000,0.0,-1.0
6894,2026-01-09,B_5mini_unseen,0,,1000,0.0,-1.0
6894,2026-01-09,C_4mini_1box_hot,0,,1000,0.0,-1.0
6894,2026-01-09,D_3mini_1box_1straight,0,,1000,0.0,-1.0
6894,2026-01-09,E_3mini_1set_1straight_prev,0,,1000,0.0,-1.0
6894,2026-01-09,F_5mini_random,0,,1000,0.0,-1.0
6895,2026-01-12,A_5mini_hot,0,,1000,0.0,-1.0
6895,2026-01-12,B_5mini_unseen,0,,1000,0.0,-1.0
6895,2026-01-12,C_4mini_1box_hot,0,,1000,0.0,-1.0
6895,2026-01-12,D_3mini_1box_1straight,0,,1000,0.0,-1.0
6895,2026-01-12,E_3mini_1set_1straight_prev,0,,1000,0.0,-1.0
6895,2026-01-12,F_5mini_random,0,,1000,0.0,-1.0
6896,2026-01-13,A_5mini_hot,1,mini,1000,9000.0,8.0
6896,2026-01-13,B_5mini_unseen,0,,1000,0.0,-1.0
6896,2026-01-13,C_4mini_1box_hot,0,,1000,0.0,-1.0
6896,2026-01-13,D_3mini_1box_1straight,0,,1000,0.0,-1.0
6896,2026-01-13,E_3mini_1set_1straight_prev,0,,1000,0.0,-1.0
6896,2026-01-13,F_5mini_random,0,,1000,0.0,-1.0
6897,2026-01-14,A_5mini_hot,0,,1000,0.0,-1.0
6897,2026-01-14,B_5mini_unseen,0,,1000,0.0,-1.0
6897,2026-01-14,C_4mini_1box_hot,0,,1000,0.0,-1.0
6897,2026-01-14,D_3mini_1box_1straight,0,,1000,0.0,-1.0
6897,2026-01-14,E_3mini_1set_1straight_prev,0,,1000,0.0,-1.0
6897,2026-01-14,F_5mini_random,0,,1000,0.0,-1.0
6898,2026-01-15,A_5mini_hot,0,,1000,0.0,-1.0
6898,2026-01-15,B_5mini_unseen,0,,1000,0.0,-1.0
6898,2026-01-15,C_4mini_1box_hot,0,,1000,0.0,-1.0
6898,2026-01-15,D_3mini_1box_1straight,0,,1000,0.0,-1.0
6898,2026-01-15,E_3mini_1set_1straight_prev,0,,1000,0.0,-1.0
6898,2026-01-15,F_5mini_random,0,,1000,0.0,-1.0
6899,2026-01-16,A_5mini_hot,0,,1000,0.0,-1.0
6899,2026-01-16,B_5mini_unseen,0,,1000,0.0,-1.0
6899,2026-01-16,C_4mini_1box_hot,0,,1000,0.0,-1.0
6899,2026-01-16,D_3mini_1box_1straight,0,,1000,0.0,-1.0
6899,2026-01-16,E_3mini_1set_1straight_prev,0,,1000,0.0,-1.0
6899,2026-01-16,F_5mini_random,0,,1000,0.0,-1.0
6900,2026-01-19,A_5mini_hot,0,,1000,0.0,-1.0
6900,2026-01-19,B_5mini_unseen,0,,1000,0.0,-1.0
6900,2026-01-19,C_4mini_1box_hot,0,,1000,0.0,-1.0
6900,2026-01-19,D_3mini_1box_1straight,0,,1000,0.0,-1.0
6900,2026-01-19,E_3mini_1set_1straight_prev,0,,1000,0.0,-1.0
6900,2026-01-19,F_5mini_random,0,,1000,0.0,-1.0
6901,2026-01-20,A_5mini_hot,0,,1000,0.0,-1.0
6901,2026-01-20,B_5mini_unseen,0,,1000,0.0,-1.0
6901,2026-01-20,C_4mini_1box_hot,0,,1000,0.0,-1.0
6901,2026-01-20,D_3mini_1box_1straight,0,,1000,0.0,-1.0
6901,2026-01-20,E_3mini_1set_1straight_prev,0,,1000,0.0,-1.0
6901,2026-01-20,F_5mini_random,0,,1000,0.0,-1.0
6902,2026-01-21,A_5mini_hot,0,,1000,0.0,-1.0
6902,2026-01-21,B_5mini_unseen,0,,1000,0.0,-1.0
6902,2026-01-21,C_4mini_1box_hot,0,,1000,0.0,-1.0
6902,2026-01-21,D_3mini_1box_1straight,0,,1000,0.0,-1.0
6902,2026-01-21,E_3mini_1set_1straight_prev,0,,1000,0.0,-1.0
6902,2026-01-21,F_5mini_random,0,,1000,0.0,-1.0
6903,2026-01-22,A_5mini_hot,0,,1000,0.0,-1.0
6903,2026-01-22,B_5mini_unseen,0,,1000,0.0,-1.0
6903,2026-01-22,C_4mini_1box_hot,0,,1000,0.0,-1.0
6903,2026-01-22,D_3mini_1box_1straight,0,,1000,0.0,-1.0
6903,2026-01-22,E_3mini_1set_1straight_prev,0,,1000,0.0,-1.0
6903,2026-01-22,F_5mini_random,0,,1000,0.0,-1.0
6904,2026-01-23,A_5mini_hot,0,,1000,0.0,-1.0
6904,2026-01-23,B_5mini_unseen,0,,1000,0.0,-1.0
6904,2026-01-23,C_4mini_1box_hot,0,,1000,0.0,-1.0
6904,2026-01-23,D_3mini_1box_1straight,0,,1000,0.0,-1.0
6904,2026-01-23,E_3mini_1set_1straight_prev,0,,1000,0.0,-1.0
6904,2026-01-23,F_5mini_random,0,,1000,0.0,-1.0
6905,2026-01-26,A_5mini_hot,0,,1000,0.0,-1.0
6905,2026-01-26,B_5mini_unseen,0,,1000,0.0,-1.0
6905,2026-01-26,C_4mini_1box_hot,0,,1000,0.0,-1.0
6905,2026-01-26,D_3mini_1box_1straight,0,,1000,0.0,-1.0
6905,2026-01-26,E_3mini_1set_1straight_prev,1,mini,1000,9000.0,8.0
6905,2026-01-26,F_5mini_random,0,,1000,0.0,-1.0
6906,2026-01-27,A_5mini_hot,1,mini,1000,9000.0,8.0
6906,2026-01-27,B_5mini_unseen,0,,1000,0.0,-1.0
6906,2026-01-27,C_4mini_1box_hot,1,mini,1000,9000.0,8.0
6906,2026-01-27,D_3mini_1box_1straight,1,mini,1000,9000.0,8.0
6906,2026-01-27,E_3mini_1set_1straight_prev,0,,1000,0.0,-1.0
6906,2026-01-27,F_5mini_random,0,,1000,0.0,-1.0
6907,2026-01-28,A_5mini_hot,0,,1000,0.0,-1.0
6907,2026-01-28,B_5mini_unseen,0,,1000,0.0,-1.0
6907,2026-01-28,C_4mini_1box_hot,0,,1000,0.0,-1.0
6907,2026-01-28,D_3mini_1box_1straight,0,,1000,0.0,-1.0
6907,2026-01-28,E_3mini_1set_1straight_prev,0,,1000,0.0,-1.0
6907,2026-01-28,F_5mini_random,0,,1000,0.0,-1.0
6908,2026-01-29,A_5mini_hot,0,,1000,0.0,-1.0
6908,2026-01-29,B_5mini_unseen,0,,1000,0.0,-1.0
6908,2026-01-29,C_4mini_1box_hot,0,,1000,0.0,-1.0
6908,2026-01-29,D_3mini_1box_1straight,0,,1000,0.0,-1.0
6908,2026-01-29,E_3mini_1set_1straight_prev,0,,1000,0.0,-1.0
6908,2026-01-29,F_5mini_random,1,mini,1000,9000.0,8.0
6909,2026-01-30,A_5mini_hot,0,,1000,0.0,-1.0
6909,2026-01-30,B_5mini_unseen,0,,1000,0.0,-1.0
6909,2026-01-30,C_4mini_1box_hot,0,,1000,0.0,-1.0
6909,2026-01-30,D_3mini_1box_1straight,0,,1000,0.0,-1.0
6909,2026-01-30,E_3mini_1set_1straight_prev,0,,1000,0.0,-1.0
6909,2026-01-30,F_5mini_random,0,,1000,0.0,-1.0
6910,2026-02-02,A_5mini_hot,0,,1000,0.0,-1.0
6910,2026-02-02,B_5mini_unseen,0,,1000,0.0,-1.0
6910,2026-02-02,C_4mini_1box_hot,0,,1000,0.0,-1.0
6910,2026-02-02,D_3mini_1box_1straight,0,,1000,0.0,-1.0
6910,2026-02-02,E_3mini_1set_1straight_prev,0,,1000,0.0,-1.0
6910,2026-02-02,F_5mini_random,0,,1000,0.0,-1.0
6911,2026-02-03,A_5mini_hot,0,,1000,0.0,-1.0
6911,2026-02-03,B_5mini_unseen,1,mini,1000,9000.0,8.0
6911,2026-02-03,C_4mini_1box_hot,0,,1000,0.0,-1.0
6911,2026-02-03,D_3mini_1box_1straight,0,,1000,0.0,-1.0
6911,2026-02-03,E_3mini_1set_1straight_prev,0,,1000,0.0,-1.0
6911,2026-02-03,F_5mini_random,0,,1000,0.0,-1.0
6912,2026-02-04,A_5mini_hot,0,,1000,0.0,-1.0
6912,2026-02-04,B_5mini_unseen,0,,1000,0.0,-1.0
6912,2026-02-04,C_4mini_1box_hot,0,,1000,0.0,-1.0
6912,2026-02-04,D_3mini_1box_1straight,0,,1000,0.0,-1.0
6912,2026-02-04,E_3mini_1set_1straight_prev,0,,1000,0.0,-1.0
6912,2026-02-04,F_5mini_random,0,,1000,0.0,-1.0
6913,2026-02-05,A_5mini_hot,0,,1000,0.0,-1.0
6913,2026-02-05,B_5mini_unseen,0,,1000,0.0,-1.0
6913,2026-02-05,C_4mini_1box_hot,0,,1000,0.0,-1.0
6913,2026-02-05,D_3mini_1box_1straight,0,,1000,0.0,-1.0
6913,2026-02-05,E_3mini_1set_1straight_prev,0,,1000,0.0,-1.0
6913,2026-02-05,F_5mini_random,0,,1000,0.0,-1.0
6914,2026-02-06,A_5mini_hot,0,,1000,0.0,-1.0
6914,2026-02-06,B_5mini_unseen,0,,1000,0.0,-1.0
6914,2026-02-06,C_4mini_1box_hot,0,,1000,0.0,-1.0
6914,2026-02-06,D_3mini_1box_1straight,0,,1000,0.0,-1.0
6914,2026-02-06,E_3mini_1set_1straight_prev,0,,1000,0.0,-1.0
6914,2026-02-06,F_5mini_random,0,,1000,0.0,-1.0
6915,2026-02-09,A_5mini_hot,0,,1000,0.0,-1.0
6915,2026-02-09,B_5mini_unseen,0,,1000,0.0,-1.0
6915,2026-02-09,C_4mini_1box_hot,0,,1000,0.0,-1.0
6915,2026-02-09,D_3mini_1box_1straight,0,,1000,0.0,-1.0
6915,2026-02-09,E_3mini_1set_1straight_prev,0,,1000,0.0,-1.0
6915,2026-02-09,F_5mini_random,0,,1000,0.0,-1.0
6916,2026-02-10,A_5mini_hot,0,,1000,0.0,-1.0
6916,2026-02-10,B_5mini_unseen,0,,1000,0.0,-1.0
6916,2026-02-10,C_4mini_1box_hot,0,,1000,0.0,-1.0
6916,2026-02-10,D_3mini_1box_1straight,0,,1000,0.0,-1.0
6916,2026-02-10,E_3mini_1set_1straight_prev,0,,1000,0.0,-1.0
6916,2026-02-10,F_5mini_random,0,,1000,0.0,-1.0
6917,2026-02-11,A_5mini_hot,0,,1000,0.0,-1.0
6917,2026-02-11,B_5mini_unseen,0,,1000,0.0,-1.0
6917,2026-02-11,C_4mini_1box_hot,0,,1000,0.0,-1.0
6917,2026-02-11,D_3mini_1box_1straight,0,,1000,0.0,-1.0
6917,2026-02-11,E_3mini_1set_1straight_prev,0,,1000,0.0,-1.0
6917,2026-02-11,F_5mini_random,0,,1000,0.0,-1.0
6918,2026-02-12,A_5mini_hot,0,,1000,0.0,-1.0
6918,2026-02-12,B_5mini_unseen,0,,1000,0.0,-1.0
6918,2026-02-12,C_4mini_1box_hot,0,,1000,0.0,-1.0
6918,2026-02-12,D_3mini_1box_1straight,0,,1000,0.0,-1.0
6918,2026-02-12,E_3mini_1set_1straight_prev,0,,1000,0.0,-1.0
6918,2026-02-12,F_5mini_random,0,,1000,0.0,-1.0
6919,2026-02-13,A_5mini_hot,0,,1000,0.0,-1.0
6919,2026-02-13,B_5mini_unseen,0,,1000,0.0,-1.0
6919,2026-02-13,C_4mini_1box_hot,0,,1000,0.0,-1.0
6919,2026-02-13,D_3mini_1box_1straight,0,,1000,0.0,-1.0
6919,2026-02-13,E_3mini_1set_1straight_prev,0,,1000,0.0,-1.0
6919,2026-02-13,F_5mini_random,0,,1000,0.0,-1.0
6920,2026-02-16,A_5mini_hot,0,,1000,0.0,-1.0
6920,2026-02-16,B_5mini_unseen,0,,1000,0.0,-1.0
6920,2026-02-16,C_4mini_1box_hot,0,,1000,0.0,-1.0
6920,2026-02-16,D_3mini_1box_1straight,0,,1000,0.0,-1.0
6920,2026-02-16,E_3mini_1set_1straight_prev,0,,1000,0.0,-1.0
6920,2026-02-16,F_5mini_random,0,,1000,0.0,-1.0
6921,2026-02-17,A_5mini_hot,0,,1000,0.0,-1.0
6921,2026-02-17,B_5mini_unseen,0,,1000,0.0,-1.0
6921,2026-02-17,C_4mini_1box_hot,0,,1000,0.0,-1.0
6921,2026-02-17,D_3mini_1box_1straight,0,,1000,0.0,-1.0
6921,2026-02-17,E_3mini_1set_1straight_prev,1,mini,1000,9000.0,8.0
6921,2026-02-17,F_5mini_random,0,,1000,0.0,-1.0
6922,2026-02-18,A_5mini_hot,0,,1000,0.0,-1.0
6922,2026-02-18,B_5mini_unseen,0,,1000,0.0,-1.0
6922,2026-02-18,C_4mini_1box_hot,0,,1000,0.0,-1.0
6922,2026-02-18,D_3mini_1box_1straight,0,,1000,0.0,-1.0
6922,2026-02-18,E_3mini_1set_1straight_prev,0,,1000,0.0,-1.0
6922,2026-02-18,F_5mini_random,0,,1000,0.0,-1.0
6923,2026-02-19,A_5mini_hot,0,,1000,0.0,-1.0
6923,2026-02-19,B_5mini_unseen,0,,1000,0.0,-1.0
6923,2026-02-19,C_4mini_1box_hot,0,,1000,0.0,-1.0
6923,2026-02-19,D_3mini_1box_1straight,0,,1000,0.0,-1.0
6923,2026-02-19,E_3mini_1set_1straight_prev,0,,1000,0.0,-1.0
6923,2026-02-19,F_5mini_random,0,,1000,0.0,-1.0
6924,2026-02-20,A_5mini_hot,0,,1000,0.0,-1.0
6924,2026-02-20,B_5mini_unseen,0,,1000,0.0,-1.0
6924,2026-02-20,C_4mini_1box_hot,0,,1000,0.0,-1.0
6924,2026-02-20,D_3mini_1box_1straight,0,,1000,0.0,-1.0
6924,2026-02-20,E_3mini_1set_1straight_prev,0,,1000,0.0,-1.0
6924,2026-02-20,F_5mini_random,0,,1000,0.0,-1.0
6925,2026-02-23,A_5mini_hot,0,,1000,0.0,-1.0
6925,2026-02-23,B_5mini_unseen,0,,1000,0.0,-1.0
6925,2026-02-23,C_4mini_1box_hot,0,,1000,0.0,-1.0
6925,2026-02-23,D_3mini_1box_1straight,0,,1000,0.0,-1.0
6925,2026-02-23,E_3mini_1set_1straight_prev,0,,1000,0.0,-1.0
6925,2026-02-23,F_5mini_random,0,,1000,0.0,-1.0
6926,2026-02-24,A_5mini_hot,0,,1000,0.0,-1.0
6926,2026-02-24,B_5mini_unseen,0,,1000,0.0,-1.0
6926,2026-02-24,C_4mini_1box_hot,0,,1000,0.0,-1.0
6926,2026-02-24,D_3mini_1box_1straight,0,,1000,0.0,-1.0
6926,2026-02-24,E_3mini_1set_1straight_prev,0,,1000,0.0,-1.0
6926,2026-02-24,F_5mini_random,0,,1000,0.0,-1.0
6927,2026-02-25,A_5mini_hot,0,,1000,0.0,-1.0
6927,2026-02-25,B_5mini_unseen,0,,1000,0.0,-1.0
6927,2026-02-25,C_4mini_1box_hot,0,,1000,0.0,-1.0
6927,2026-02-25,D_3mini_1box_1straight,0,,1000,0.0,-1.0
6927,2026-02-25,E_3mini_1set_1straight_prev,0,,1000,0.0,-1.0
6927,2026-02-25,F_5mini_random,0,,1000,0.0,-1.0
6928,2026-02-26,A_5mini_hot,0,,1000,0.0,-1.0
6928,2026-02-26,B_5mini_unseen,0,,1000,0.0,-1.0
6928,2026-02-26,C_4mini_1box_hot,0,,1000,0.0,-1.0
6928,2026-02-26,D_3mini_1box_1straight,0,,1000,0.0,-1.0
6928,2026-02-26,E_3mini_1set_1straight_prev,0,,1000,0.0,-1.0
6928,2026-02-26,F_5mini_random,0,,1000,0.0,-1.0
6929,2026-02-27,A_5mini_hot,0,,1000,0.0,-1.0
6929,2026-02-27,B_5mini_unseen,0,,1000,0.0,-1.0
6929,2026-02-27,C_4mini_1box_hot,0,,1000,0.0,-1.0
6929,2026-02-27,D_3mini_1box_1straight,0,,1000,0.0,-1.0
6929,2026-02-27,E_3mini_1set_1straight_prev,0,,1000,0.0,-1.0
6929,2026-02-27,F_5mini_random,0,,1000,0.0,-1.0
6930,2026-03-02,A_5mini_hot,0,,1000,0.0,-1.0
6930,2026-03-02,B_5mini_unseen,0,,1000,0.0,-1.0
6930,2026-03-02,C_4mini_1box_hot,0,,1000,0.0,-1.0
6930,2026-03-02,D_3mini_1box_1straight,0,,1000,0.0,-1.0
6930,2026-03-02,E_3mini_1set_1straight_prev,0,,1000,0.0,-1.0
6930,2026-03-02,F_5mini_random,0,,1000,0.0,-1.0
6931,2026-03-03,A_5mini_hot,0,,1000,0.0,-1.0
6931,2026-03-03,B_5mini_unseen,0,,1000,0.0,-1.0
6931,2026-03-03,C_4mini_1box_hot,0,,1000,0.0,-1.0
6931,2026-03-03,D_3mini_1box_1straight,0,,1000,0.0,-1.0
6931,2026-03-03,E_3mini_1set_1straight_prev,0,,1000,0.0,-1.0
6931,2026-03-03,F_5mini_random,1,mini,1000,9000.0,8.0
6932,2026-03-04,A_5mini_hot,0,,1000,0.0,-1.0
6932,2026-03-04,B_5mini_unseen,0,,1000,0.0,-1.0
6932,2026-03-04,C_4mini_1box_hot,0,,1000,0.0,-1.0
6932,2026-03-04,D_3mini_1box_1straight,0,,1000,0.0,-1.0
6932,2026-03-04,E_3mini_1set_1straight_prev,0,,1000,0.0,-1.0
6932,2026-03-04,F_5mini_random,1,mini,1000,9000.0,8.0
6933,2026-03-05,A_5mini_hot,0,,1000,0.0,-1.0
6933,2026-03-05,B_5mini_unseen,1,mini,1000,9000.0,8.0
6933,2026-03-05,C_4mini_1box_hot,0,,1000,0.0,-1.0
6933,2026-03-05,D_3mini_1box_1straight,0,,1000,0.0,-1.0
6933,2026-03-05,E_3mini_1set_1straight_prev,0,,1000,0.0,-1.0
6933,2026-03-05,F_5mini_random,0,,1000,0.0,-1.0
6934,2026-03-06,A_5mini_hot,0,,1000,0.0,-1.0
6934,2026-03-06,B_5mini_unseen,0,,1000,0.0,-1.0
6934,2026-03-06,C_4mini_1box_hot,0,,1000,0.0,-1.0
6934,2026-03-06,D_3mini_1box_1straight,0,,1000,0.0,-1.0
6934,2026-03-06,E_3mini_1set_1straight_prev,1,mini,1000,9000.0,8.0
6934,2026-03-06,F_5mini_random,0,,1000,0.0,-1.0
6935,2026-03-09,A_5mini_hot,0,,1000,0.0,-1.0
6935,2026-03-09,B_5mini_unseen,0,,1000,0.0,-1.0
6935,2026-03-09,C_4mini_1box_hot,0,,1000,0.0,-1.0
6935,2026-03-09,D_3mini_1box_1straight,0,,1000,0.0,-1.0
6935,2026-03-09,E_3mini_1set_1straight_prev,0,,1000,0.0,-1.0
6935,2026-03-09,F_5mini_random,0,,1000,0.0,-1.0
6936,2026-03-10,A_5mini_hot,0,,1000,0.0,-1.0
6936,2026-03-10,B_5mini_unseen,0,,1000,0.0,-1.0
6936,2026-03-10,C_4mini_1box_hot,0,,1000,0.0,-1.0
6936,2026-03-10,D_3mini_1box_1straight,0,,1000,0.0,-1.0
6936,2026-03-10,E_3mini_1set_1straight_prev,0,,1000,0.0,-1.0
6936,2026-03-10,F_5mini_random,0,,1000,0.0,-1.0
6937,2026-03-11,A_5mini_hot,0,,1000,0.0,-1.0
6937,2026-03-11,B_5mini_unseen,0,,1000,0.0,-1.0
6937,2026-03-11,C_4mini_1box_hot,0,,1000,0.0,-1.0
6937,2026-03-11,D_3mini_1box_1straight,0,,1000,0.0,-1.0
6937,2026-03-11,E_3mini_1set_1straight_prev,0,,1000,0.0,-1.0
6937,2026-03-11,F_5mini_random,0,,1000,0.0,-1.0
6938,2026-03-12,A_5mini_hot,0,,1000,0.0,-1.0
6938,2026-03-12,B_5mini_unseen,0,,1000,0.0,-1.0
6938,2026-03-12,C_4mini_1box_hot,0,,1000,0.0,-1.0
6938,2026-03-12,D_3mini_1box_1straight,0,,1000,0.0,-1.0
6938,2026-03-12,E_3mini_1set_1straight_prev,0,,1000,0.0,-1.0
6938,2026-03-12,F_5mini_random,0,,1000,0.0,-1.0
6939,2026-03-13,A_5mini_hot,0,,1000,0.0,-1.0
6939,2026-03-13,B_5mini_unseen,0,,1000,0.0,-1.0
6939,2026-03-13,C_4mini_1box_hot,0,,1000,0.0,-1.0
6939,2026-03-13,D_3mini_1box_1straight,0,,1000,0.0,-1.0
6939,2026-03-13,E_3mini_1set_1straight_prev,0,,1000,0.0,-1.0
6939,2026-03-13,F_5mini_random,0,,1000,0.0,-1.0
6940,2026-03-16,A_5mini_hot,0,,1000,0.0,-1.0
6940,2026-03-16,B_5mini_unseen,0,,1000,0.0,-1.0
6940,2026-03-16,C_4mini_1box_hot,0,,1000,0.0,-1.0
6940,2026-03-16,D_3mini_1box_1straight,0,,1000,0.0,-1.0
6940,2026-03-16,E_3mini_1set_1straight_prev,0,,1000,0.0,-1.0
6940,2026-03-16,F_5mini_random,0,,1000,0.0,-1.0
6941,2026-03-17,A_5mini_hot,0,,1000,0.0,-1.0
6941,2026-03-17,B_5mini_unseen,0,,1000,0.0,-1.0
6941,2026-03-17,C_4mini_1box_hot,0,,1000,0.0,-1.0
6941,2026-03-17,D_3mini_1box_1straight,0,,1000,0.0,-1.0
6941,2026-03-17,E_3mini_1set_1straight_prev,1,mini,1000,9000.0,8.0
6941,2026-03-17,F_5mini_random,0,,1000,0.0,-1.0
6942,2026-03-18,A_5mini_hot,0,,1000,0.0,-1.0
6942,2026-03-18,B_5mini_unseen,0,,1000,0.0,-1.0
6942,2026-03-18,C_4mini_1box_hot,0,,1000,0.0,-1.0
6942,2026-03-18,D_3mini_1box_1straight,0,,1000,0.0,-1.0
6942,2026-03-18,E_3mini_1set_1straight_prev,0,,1000,0.0,-1.0
6942,2026-03-18,F_5mini_random,0,,1000,0.0,-1.0
6943,2026-03-19,A_5mini_hot,1,mini,1000,9000.0,8.0
6943,2026-03-19,B_5mini_unseen,0,,1000,0.0,-1.0
6943,2026-03-19,C_4mini_1box_hot,0,,1000,0.0,-1.0
6943,2026-03-19,D_3mini_1box_1straight,0,,1000,0.0,-1.0
6943,2026-03-19,E_3mini_1set_1straight_prev,0,,1000,0.0,-1.0
6943,2026-03-19,F_5mini_random,0,,1000,0.0,-1.0
6944,2026-03-20,A_5mini_hot,0,,1000,0.0,-1.0
6944,2026-03-20,B_5mini_unseen,0,,1000,0.0,-1.0
6944,2026-03-20,C_4mini_1box_hot,0,,1000,0.0,-1.0
6944,2026-03-20,D_3mini_1box_1straight,0,,1000,0.0,-1.0
6944,2026-03-20,E_3mini_1set_1straight_prev,0,,1000,0.0,-1.0
6944,2026-03-20,F_5mini_random,0,,1000,0.0,-1.0
6945,2026-03-23,A_5mini_hot,0,,1000,0.0,-1.0
6945,2026-03-23,B_5mini_unseen,0,,1000,0.0,-1.0
6945,2026-03-23,C_4mini_1box_hot,0,,1000,0.0,-1.0
6945,2026-03-23,D_3mini_1box_1straight,0,,1000,0.0,-1.0
6945,2026-03-23,E_3mini_1set_1straight_prev,0,,1000,0.0,-1.0
6945,2026-03-23,F_5mini_random,0,,1000,0.0,-1.0
6946,2026-03-24,A_5mini_hot,0,,1000,0.0,-1.0
6946,2026-03-24,B_5mini_unseen,0,,1000,0.0,-1.0
6946,2026-03-24,C_4mini_1box_hot,0,,1000,0.0,-1.0
6946,2026-03-24,D_3mini_1box_1straight,0,,1000,0.0,-1.0
6946,2026-03-24,E_3mini_1set_1straight_prev,0,,1000,0.0,-1.0
6946,2026-03-24,F_5mini_random,0,,1000,0.0,-1.0
6947,2026-03-25,A_5mini_hot,0,,1000,0.0,-1.0
6947,2026-03-25,B_5mini_unseen,0,,1000,0.0,-1.0
6947,2026-03-25,C_4mini_1box_hot,0,,1000,0.0,-1.0
6947,2026-03-25,D_3mini_1box_1straight,0,,1000,0.0,-1.0
6947,2026-03-25,E_3mini_1set_1straight_prev,0,,1000,0.0,-1.0
6947,2026-03-25,F_5mini_random,0,,1000,0.0,-1.0
6948,2026-03-26,A_5mini_hot,0,,1000,0.0,-1.0
6948,2026-03-26,B_5mini_unseen,0,,1000,0.0,-1.0
6948,2026-03-26,C_4mini_1box_hot,0,,1000,0.0,-1.0
6948,2026-03-26,D_3mini_1box_1straight,0,,1000,0.0,-1.0
6948,2026-03-26,E_3mini_1set_1straight_prev,0,,1000,0.0,-1.0
6948,2026-03-26,F_5mini_random,0,,1000,0.0,-1.0
6949,2026-03-27,A_5mini_hot,0,,1000,0.0,-1.0
6949,2026-03-27,B_5mini_unseen,0,,1000,0.0,-1.0
6949,2026-03-27,C_4mini_1box_hot,0,,1000,0.0,-1.0
6949,2026-03-27,D_3mini_1box_1straight,0,,1000,0.0,-1.0
6949,2026-03-27,E_3mini_1set_1straight_prev,0,,1000,0.0,-1.0
6949,2026-03-27,F_5mini_random,0,,1000,0.0,-1.0
6950,2026-03-30,A_5mini_hot,0,,1000,0.0,-1.0
6950,2026-03-30,B_5mini_unseen,0,,1000,0.0,-1.0
6950,2026-03-30,C_4mini_1box_hot,0,,1000,0.0,-1.0
6950,2026-03-30,D_3mini_1box_1straight,0,,1000,0.0,-1.0
6950,2026-03-30,E_3mini_1set_1straight_prev,0,,1000,0.0,-1.0
6950,2026-03-30,F_5mini_random,0,,1000,0.0,-1.0
6951,2026-03-31,A_5mini_hot,0,,1000,0.0,-1.0
6951,2026-03-31,B_5mini_unseen,0,,1000,0.0,-1.0
6951,2026-03-31,C_4mini_1box_hot,0,,1000,0.0,-1.0
6951,2026-03-31,D_3mini_1box_1straight,0,,1000,0.0,-1.0
6951,2026-03-31,E_3mini_1set_1straight_prev,0,,1000,0.0,-1.0
6951,2026-03-31,F_5mini_random,0,,1000,0.0,-1.0
6952,2026-04-01,A_5mini_hot,0,,1000,0.0,-1.0
6952,2026-04-01,B_5mini_unseen,0,,1000,0.0,-1.0
6952,2026-04-01,C_4mini_1box_hot,0,,1000,0.0,-1.0
6952,2026-04-01,D_3mini_1box_1straight,0,,1000,0.0,-1.0
6952,2026-04-01,E_3mini_1set_1straight_prev,0,,1000,0.0,-1.0
6952,2026-04-01,F_5mini_random,0,,1000,0.0,-1.0
6953,2026-04-02,A_5mini_hot,0,,1000,0.0,-1.0
6953,2026-04-02,B_5mini_unseen,0,,1000,0.0,-1.0
6953,2026-04-02,C_4mini_1box_hot,0,,1000,0.0,-1.0
6953,2026-04-02,D_3mini_1box_1straight,0,,1000,0.0,-1.0
6953,2026-04-02,E_3mini_1set_1straight_prev,0,,1000,0.0,-1.0
6953,2026-04-02,F_5mini_random,0,,1000,0.0,-1.0
6954,2026-04-03,A_5mini_hot,0,,1000,0.0,-1.0
6954,2026-04-03,B_5mini_unseen,0,,1000,0.0,-1.0
6954,2026-04-03,C_4mini_1box_hot,0,,1000,0.0,-1.0
6954,2026-04-03,D_3mini_1box_1straight,0,,1000,0.0,-1.0
6954,2026-04-03,E_3mini_1set_1straight_prev,0,,1000,0.0,-1.0
6954,2026-04-03,F_5mini_random,0,,1000,0.0,-1.0
6955,2026-04-06,A_5mini_hot,0,,1000,0.0,-1.0
6955,2026-04-06,B_5mini_unseen,0,,1000,0.0,-1.0
6955,2026-04-06,C_4mini_1box_hot,0,,1000,0.0,-1.0
6955,2026-04-06,D_3mini_1box_1straight,0,,1000,0.0,-1.0
6955,2026-04-06,E_3mini_1set_1straight_prev,0,,1000,0.0,-1.0
6955,2026-04-06,F_5mini_random,0,,1000,0.0,-1.0
6956,2026-04-07,A_5mini_hot,0,,1000,0.0,-1.0
6956,2026-04-07,B_5mini_unseen,0,,1000,0.0,-1.0
6956,2026-04-07,C_4mini_1box_hot,0,,1000,0.0,-1.0
6956,2026-04-07,D_3mini_1box_1straight,0,,1000,0.0,-1.0
6956,2026-04-07,E_3mini_1set_1straight_prev,0,,1000,0.0,-1.0
6956,2026-04-07,F_5mini_random,0,,1000,0.0,-1.0
6957,2026-04-08,A_5mini_hot,0,,1000,0.0,-1.0
6957,2026-04-08,B_5mini_unseen,0,,1000,0.0,-1.0
6957,2026-04-08,C_4mini_1box_hot,0,,1000,0.0,-1.0
6957,2026-04-08,D_3mini_1box_1straight,0,,1000,0.0,-1.0
6957,2026-04-08,E_3mini_1set_1straight_prev,0,,1000,0.0,-1.0
6957,2026-04-08,F_5mini_random,0,,1000,0.0,-1.0
6958,2026-04-09,A_5mini_hot,0,,1000,0.0,-1.0
6958,2026-04-09,B_5mini_unseen,0,,1000,0.0,-1.0
6958,2026-04-09,C_4mini_1box_hot,0,,1000,0.0,-1.0
6958,2026-04-09,D_3mini_1box_1straight,0,,1000,0.0,-1.0
6958,2026-04-09,E_3mini_1set_1straight_prev,0,,1000,0.0,-1.0
6958,2026-04-09,F_5mini_random,0,,1000,0.0,-1.0
6959,2026-04-10,A_5mini_hot,0,,1000,0.0,-1.0
6959,2026-04-10,B_5mini_unseen,0,,1000,0.0,-1.0
6959,2026-04-10,C_4mini_1box_hot,0,,1000,0.0,-1.0
6959,2026-04-10,D_3mini_1box_1straight,0,,1000,0.0,-1.0
6959,2026-04-10,E_3mini_1set_1straight_prev,0,,1000,0.0,-1.0
6959,2026-04-10,F_5mini_random,0,,1000,0.0,-1.0
6960,2026-04-13,A_5mini_hot,0,,1000,0.0,-1.0
6960,2026-04-13,B_5mini_unseen,0,,1000,0.0,-1.0
6960,2026-04-13,C_4mini_1box_hot,0,,1000,0.0,-1.0
6960,2026-04-13,D_3mini_1box_1straight,0,,1000,0.0,-1.0
6960,2026-04-13,E_3mini_1set_1straight_prev,0,,1000,0.0,-1.0
6960,2026-04-13,F_5mini_random,0,,1000,0.0,-1.0
6961,2026-04-14,A_5mini_hot,0,,1000,0.0,-1.0
6961,2026-04-14,B_5mini_unseen,0,,1000,0.0,-1.0
6961,2026-04-14,C_4mini_1box_hot,0,,1000,0.0,-1.0
6961,2026-04-14,D_3mini_1box_1straight,0,,1000,0.0,-1.0
6961,2026-04-14,E_3mini_1set_1straight_prev,0,,1000,0.0,-1.0
6961,2026-04-14,F_5mini_random,0,,1000,0.0,-1.0
6962,2026-04-15,A_5mini_hot,0,,1000,0.0,-1.0
6962,2026-04-15,B_5mini_unseen,0,,1000,0.0,-1.0
6962,2026-04-15,C_4mini_1box_hot,0,,1000,0.0,-1.0
6962,2026-04-15,D_3mini_1box_1straight,0,,1000,0.0,-1.0
6962,2026-04-15,E_3mini_1set_1straight_prev,0,,1000,0.0,-1.0
6962,2026-04-15,F_5mini_random,1,mini,1000,9000.0,8.0
6963,2026-04-16,A_5mini_hot,0,,1000,0.0,-1.0
6963,2026-04-16,B_5mini_unseen,0,,1000,0.0,-1.0
6963,2026-04-16,C_4mini_1box_hot,0,,1000,0.0,-1.0
6963,2026-04-16,D_3mini_1box_1straight,0,,1000,0.0,-1.0
6963,2026-04-16,E_3mini_1set_1straight_prev,0,,1000,0.0,-1.0
6963,2026-04-16,F_5mini_random,0,,1000,0.0,-1.0
6964,2026-04-17,A_5mini_hot,0,,1000,0.0,-1.0
6964,2026-04-17,B_5mini_unseen,0,,1000,0.0,-1.0
6964,2026-04-17,C_4mini_1box_hot,0,,1000,0.0,-1.0
6964,2026-04-17,D_3mini_1box_1straight,0,,1000,0.0,-1.0
6964,2026-04-17,E_3mini_1set_1straight_prev,0,,1000,0.0,-1.0
6964,2026-04-17,F_5mini_random,0,,1000,0.0,-1.0
6965,2026-04-20,A_5mini_hot,0,,1000,0.0,-1.0
6965,2026-04-20,B_5mini_unseen,0,,1000,0.0,-1.0
6965,2026-04-20,C_4mini_1box_hot,0,,1000,0.0,-1.0
6965,2026-04-20,D_3mini_1box_1straight,0,,1000,0.0,-1.0
6965,2026-04-20,E_3mini_1set_1straight_prev,0,,1000,0.0,-1.0
6965,2026-04-20,F_5mini_random,0,,1000,0.0,-1.0
6966,2026-04-21,A_5mini_hot,0,,1000,0.0,-1.0
6966,2026-04-21,B_5mini_unseen,1,mini,1000,9000.0,8.0
6966,2026-04-21,C_4mini_1box_hot,0,,1000,0.0,-1.0
6966,2026-04-21,D_3mini_1box_1straight,0,,1000,0.0,-1.0
6966,2026-04-21,E_3mini_1set_1straight_prev,0,,1000,0.0,-1.0
6966,2026-04-21,F_5mini_random,1,mini,1000,9000.0,8.0
6967,2026-04-22,A_5mini_hot,0,,1000,0.0,-1.0
6967,2026-04-22,B_5mini_unseen,1,mini,1000,9000.0,8.0
6967,2026-04-22,C_4mini_1box_hot,0,,1000,0.0,-1.0
6967,2026-04-22,D_3mini_1box_1straight,0,,1000,0.0,-1.0
6967,2026-04-22,E_3mini_1set_1straight_prev,0,,1000,0.0,-1.0
6967,2026-04-22,F_5mini_random,0,,1000,0.0,-1.0
6968,2026-04-23,A_5mini_hot,0,,1000,0.0,-1.0
6968,2026-04-23,B_5mini_unseen,0,,1000,0.0,-1.0
6968,2026-04-23,C_4mini_1box_hot,0,,1000,0.0,-1.0
6968,2026-04-23,D_3mini_1box_1straight,0,,1000,0.0,-1.0
6968,2026-04-23,E_3mini_1set_1straight_prev,0,,1000,0.0,-1.0
6968,2026-04-23,F_5mini_random,0,,1000,0.0,-1.0
6969,2026-04-24,A_5mini_hot,0,,1000,0.0,-1.0
6969,2026-04-24,B_5mini_unseen,0,,1000,0.0,-1.0
6969,2026-04-24,C_4mini_1box_hot,0,,1000,0.0,-1.0
6969,2026-04-24,D_3mini_1box_1straight,0,,1000,0.0,-1.0
6969,2026-04-24,E_3mini_1set_1straight_prev,0,,1000,0.0,-1.0
6969,2026-04-24,F_5mini_random,0,,1000,0.0,-1.0
6970,2026-04-27,A_5mini_hot,0,,1000,0.0,-1.0
6970,2026-04-27,B_5mini_unseen,0,,1000,0.0,-1.0
6970,2026-04-27,C_4mini_1box_hot,0,,1000,0.0,-1.0
6970,2026-04-27,D_3mini_1box_1straight,0,,1000,0.0,-1.0
6970,2026-04-27,E_3mini_1set_1straight_prev,0,,1000,0.0,-1.0
6970,2026-04-27,F_5mini_random,0,,1000,0.0,-1.0
6971,2026-04-28,A_5mini_hot,0,,1000,0.0,-1.0
6971,2026-04-28,B_5mini_unseen,0,,1000,0.0,-1.0
6971,2026-04-28,C_4mini_1box_hot,0,,1000,0.0,-1.0
6971,2026-04-28,D_3mini_1box_1straight,0,,1000,0.0,-1.0
6971,2026-04-28,E_3mini_1set_1straight_prev,0,,1000,0.0,-1.0
6971,2026-04-28,F_5mini_random,0,,1000,0.0,-1.0
6972,2026-04-29,A_5mini_hot,0,,1000,0.0,-1.0
6972,2026-04-29,B_5mini_unseen,0,,1000,0.0,-1.0
6972,2026-04-29,C_4mini_1box_hot,0,,1000,0.0,-1.0
6972,2026-04-29,D_3mini_1box_1straight,0,,1000,0.0,-1.0
6972,2026-04-29,E_3mini_1set_1straight_prev,0,,1000,0.0,-1.0
6972,2026-04-29,F_5mini_random,0,,1000,0.0,-1.0
6973,2026-04-30,A_5mini_hot,0,,1000,0.0,-1.0
6973,2026-04-30,B_5mini_unseen,0,,1000,0.0,-1.0
6973,2026-04-30,C_4mini_1box_hot,0,,1000,0.0,-1.0
6973,2026-04-30,D_3mini_1box_1straight,0,,1000,0.0,-1.0
6973,2026-04-30,E_3mini_1set_1straight_prev,0,,1000,0.0,-1.0
6973,2026-04-30,F_5mini_random,1,mini,1000,9000.0,8.0
6974,2026-05-01,A_5mini_hot,0,,1000,0.0,-1.0
6974,2026-05-01,B_5mini_unseen,1,mini,1000,9000.0,8.0
6974,2026-05-01,C_4mini_1box_hot,0,,1000,0.0,-1.0
6974,2026-05-01,D_3mini_1box_1straight,0,,1000,0.0,-1.0
6974,2026-05-01,E_3mini_1set_1straight_prev,0,,1000,0.0,-1.0
6974,2026-05-01,F_5mini_random,0,,1000,0.0,-1.0
6975,2026-05-04,A_5mini_hot,0,,1000,0.0,-1.0
6975,2026-05-04,B_5mini_unseen,0,,1000,0.0,-1.0
6975,2026-05-04,C_4mini_1box_hot,0,,1000,0.0,-1.0
6975,2026-05-04,D_3mini_1box_1straight,0,,1000,0.0,-1.0
6975,2026-05-04,E_3mini_1set_1straight_prev,0,,1000,0.0,-1.0
6975,2026-05-04,F_5mini_random,0,,1000,0.0,-1.0
6976,2026-05-05,A_5mini_hot,0,,1000,0.0,-1.0
6976,2026-05-05,B_5mini_unseen,0,,1000,0.0,-1.0
6976,2026-05-05,C_4mini_1box_hot,0,,1000,0.0,-1.0
6976,2026-05-05,D_3mini_1box_1straight,0,,1000,0.0,-1.0
6976,2026-05-05,E_3mini_1set_1straight_prev,0,,1000,0.0,-1.0
6976,2026-05-05,F_5mini_random,0,,1000,0.0,-1.0
6977,2026-05-06,A_5mini_hot,0,,1000,0.0,-1.0
6977,2026-05-06,B_5mini_unseen,0,,1000,0.0,-1.0
6977,2026-05-06,C_4mini_1box_hot,0,,1000,0.0,-1.0
6977,2026-05-06,D_3mini_1box_1straight,0,,1000,0.0,-1.0
6977,2026-05-06,E_3mini_1set_1straight_prev,0,,1000,0.0,-1.0
6977,2026-05-06,F_5mini_random,0,,1000,0.0,-1.0
6978,2026-05-07,A_5mini_hot,0,,1000,0.0,-1.0
6978,2026-05-07,B_5mini_unseen,0,,1000,0.0,-1.0
6978,2026-05-07,C_4mini_1box_hot,0,,1000,0.0,-1.0
6978,2026-05-07,D_3mini_1box_1straight,0,,1000,0.0,-1.0
6978,2026-05-07,E_3mini_1set_1straight_prev,0,,1000,0.0,-1.0
6978,2026-05-07,F_5mini_random,1,mini,1000,9000.0,8.0
6979,2026-05-08,A_5mini_hot,0,,1000,0.0,-1.0
6979,2026-05-08,B_5mini_unseen,0,,1000,0.0,-1.0
6979,2026-05-08,C_4mini_1box_hot,0,,1000,0.0,-1.0
6979,2026-05-08,D_3mini_1box_1straight,0,,1000,0.0,-1.0
6979,2026-05-08,E_3mini_1set_1straight_prev,0,,1000,0.0,-1.0
6979,2026-05-08,F_5mini_random,0,,1000,0.0,-1.0
6980,2026-05-11,A_5mini_hot,0,,1000,0.0,-1.0
6980,2026-05-11,B_5mini_unseen,0,,1000,0.0,-1.0
6980,2026-05-11,C_4mini_1box_hot,0,,1000,0.0,-1.0
6980,2026-05-11,D_3mini_1box_1straight,0,,1000,0.0,-1.0
6980,2026-05-11,E_3mini_1set_1straight_prev,0,,1000,0.0,-1.0
6980,2026-05-11,F_5mini_random,0,,1000,0.0,-1.0
6981,2026-05-12,A_5mini_hot,0,,1000,0.0,-1.0
6981,2026-05-12,B_5mini_unseen,0,,1000,0.0,-1.0
6981,2026-05-12,C_4mini_1box_hot,0,,1000,0.0,-1.0
6981,2026-05-12,D_3mini_1box_1straight,0,,1000,0.0,-1.0
6981,2026-05-12,E_3mini_1set_1straight_prev,0,,1000,0.0,-1.0
6981,2026-05-12,F_5mini_random,0,,1000,0.0,-1.0
6982,2026-05-13,A_5mini_hot,0,,1000,0.0,-1.0
6982,2026-05-13,B_5mini_unseen,0,,1000,0.0,-1.0
6982,2026-05-13,C_4mini_1box_hot,0,,1000,0.0,-1.0
6982,2026-05-13,D_3mini_1box_1straight,0,,1000,0.0,-1.0
6982,2026-05-13,E_3mini_1set_1straight_prev,0,,1000,0.0,-1.0
6982,2026-05-13,F_5mini_random,0,,1000,0.0,-1.0
6983,2026-05-14,A_5mini_hot,0,,1000,0.0,-1.0
6983,2026-05-14,B_5mini_unseen,0,,1000,0.0,-1.0
6983,2026-05-14,C_4mini_1box_hot,0,,1000,0.0,-1.0
6983,2026-05-14,D_3mini_1box_1straight,0,,1000,0.0,-1.0
6983,2026-05-14,E_3mini_1set_1straight_prev,0,,1000,0.0,-1.0
6983,2026-05-14,F_5mini_random,0,,1000,0.0,-1.0
6984,2026-05-15,A_5mini_hot,0,,1000,0.0,-1.0
6984,2026-05-15,B_5mini_unseen,0,,1000,0.0,-1.0
6984,2026-05-15,C_4mini_1box_hot,0,,1000,0.0,-1.0
6984,2026-05-15,D_3mini_1box_1straight,0,,1000,0.0,-1.0
6984,2026-05-15,E_3mini_1set_1straight_prev,1,mini,1000,9000.0,8.0
6984,2026-05-15,F_5mini_random,0,,1000,0.0,-1.0
6985,2026-05-18,A_5mini_hot,0,,1000,0.0,-1.0
6985,2026-05-18,B_5mini_unseen,0,,1000,0.0,-1.0
6985,2026-05-18,C_4mini_1box_hot,0,,1000,0.0,-1.0
6985,2026-05-18,D_3mini_1box_1straight,0,,1000,0.0,-1.0
6985,2026-05-18,E_3mini_1set_1straight_prev,0,,1000,0.0,-1.0
6985,2026-05-18,F_5mini_random,0,,1000,0.0,-1.0
6986,2026-05-19,A_5mini_hot,0,,1000,0.0,-1.0
6986,2026-05-19,B_5mini_unseen,0,,1000,0.0,-1.0
6986,2026-05-19,C_4mini_1box_hot,0,,1000,0.0,-1.0
6986,2026-05-19,D_3mini_1box_1straight,0,,1000,0.0,-1.0
6986,2026-05-19,E_3mini_1set_1straight_prev,0,,1000,0.0,-1.0
6986,2026-05-19,F_5mini_random,0,,1000,0.0,-1.0
6987,2026-05-20,A_5mini_hot,0,,1000,0.0,-1.0
6987,2026-05-20,B_5mini_unseen,0,,1000,0.0,-1.0
6987,2026-05-20,C_4mini_1box_hot,0,,1000,0.0,-1.0
6987,2026-05-20,D_3mini_1box_1straight,0,,1000,0.0,-1.0
6987,2026-05-20,E_3mini_1set_1straight_prev,0,,1000,0.0,-1.0
6987,2026-05-20,F_5mini_random,0,,1000,0.0,-1.0
6988,2026-05-21,A_5mini_hot,0,,1000,0.0,-1.0
6988,2026-05-21,B_5mini_unseen,0,,1000,0.0,-1.0
6988,2026-05-21,C_4mini_1box_hot,0,,1000,0.0,-1.0
6988,2026-05-21,D_3mini_1box_1straight,0,,1000,0.0,-1.0
6988,2026-05-21,E_3mini_1set_1straight_prev,0,,1000,0.0,-1.0
6988,2026-05-21,F_5mini_random,0,,1000,0.0,-1.0
6989,2026-05-22,A_5mini_hot,0,,1000,0.0,-1.0
6989,2026-05-22,B_5mini_unseen,0,,1000,0.0,-1.0
6989,2026-05-22,C_4mini_1box_hot,0,,1000,0.0,-1.0
6989,2026-05-22,D_3mini_1box_1straight,0,,1000,0.0,-1.0
6989,2026-05-22,E_3mini_1set_1straight_prev,0,,1000,0.0,-1.0
6989,2026-05-22,F_5mini_random,0,,1000,0.0,-1.0
6990,2026-05-25,A_5mini_hot,0,,1000,0.0,-1.0
6990,2026-05-25,B_5mini_unseen,0,,1000,0.0,-1.0
6990,2026-05-25,C_4mini_1box_hot,0,,1000,0.0,-1.0
6990,2026-05-25,D_3mini_1box_1straight,0,,1000,0.0,-1.0
6990,2026-05-25,E_3mini_1set_1straight_prev,0,,1000,0.0,-1.0
6990,2026-05-25,F_5mini_random,0,,1000,0.0,-1.0
6991,2026-05-26,A_5mini_hot,0,,1000,0.0,-1.0
6991,2026-05-26,B_5mini_unseen,0,,1000,0.0,-1.0
6991,2026-05-26,C_4mini_1box_hot,0,,1000,0.0,-1.0
6991,2026-05-26,D_3mini_1box_1straight,0,,1000,0.0,-1.0
6991,2026-05-26,E_3mini_1set_1straight_prev,0,,1000,0.0,-1.0
6991,2026-05-26,F_5mini_random,0,,1000,0.0,-1.0
6992,2026-05-27,A_5mini_hot,0,,1000,0.0,-1.0
6992,2026-05-27,B_5mini_unseen,0,,1000,0.0,-1.0
6992,2026-05-27,C_4mini_1box_hot,0,,1000,0.0,-1.0
6992,2026-05-27,D_3mini_1box_1straight,0,,1000,0.0,-1.0
6992,2026-05-27,E_3mini_1set_1straight_prev,0,,1000,0.0,-1.0
6992,2026-05-27,F_5mini_random,0,,1000,0.0,-1.0
6993,2026-05-28,A_5mini_hot,0,,1000,0.0,-1.0
6993,2026-05-28,B_5mini_unseen,0,,1000,0.0,-1.0
6993,2026-05-28,C_4mini_1box_hot,0,,1000,0.0,-1.0
6993,2026-05-28,D_3mini_1box_1straight,0,,1000,0.0,-1.0
6993,2026-05-28,E_3mini_1set_1straight_prev,0,,1000,0.0,-1.0
6993,2026-05-28,F_5mini_random,0,,1000,0.0,-1.0
6994,2026-05-29,A_5mini_hot,0,,1000,0.0,-1.0
6994,2026-05-29,B_5mini_unseen,0,,1000,0.0,-1.0
6994,2026-05-29,C_4mini_1box_hot,0,,1000,0.0,-1.0
6994,2026-05-29,D_3mini_1box_1straight,0,,1000,0.0,-1.0
6994,2026-05-29,E_3mini_1set_1straight_prev,0,,1000,0.0,-1.0
6994,2026-05-29,F_5mini_random,0,,1000,0.0,-1.0
6995,2026-06-01,A_5mini_hot,0,,1000,0.0,-1.0
6995,2026-06-01,B_5mini_unseen,0,,1000,0.0,-1.0
6995,2026-06-01,C_4mini_1box_hot,0,,1000,0.0,-1.0
6995,2026-06-01,D_3mini_1box_1straight,0,,1000,0.0,-1.0
6995,2026-06-01,E_3mini_1set_1straight_prev,0,,1000,0.0,-1.0
6995,2026-06-01,F_5mini_random,0,,1000,0.0,-1.0
6996,2026-06-02,A_5mini_hot,0,,1000,0.0,-1.0
6996,2026-06-02,B_5mini_unseen,0,,1000,0.0,-1.0
6996,2026-06-02,C_4mini_1box_hot,0,,1000,0.0,-1.0
6996,2026-06-02,D_3mini_1box_1straight,0,,1000,0.0,-1.0
6996,2026-06-02,E_3mini_1set_1straight_prev,0,,1000,0.0,-1.0
6996,2026-06-02,F_5mini_random,0,,1000,0.0,-1.0
6997,2026-06-03,A_5mini_hot,1,mini,1000,9000.0,8.0
6997,2026-06-03,B_5mini_unseen,0,,1000,0.0,-1.0
6997,2026-06-03,C_4mini_1box_hot,1,mini,1000,9000.0,8.0
6997,2026-06-03,D_3mini_1box_1straight,1,mini,1000,9000.0,8.0
6997,2026-06-03,E_3mini_1set_1straight_prev,1,mini,1000,9000.0,8.0
6997,2026-06-03,F_5mini_random,1,mini,1000,9000.0,8.0
6998,2026-06-04,A_5mini_hot,0,,1000,0.0,-1.0
6998,2026-06-04,B_5mini_unseen,0,,1000,0.0,-1.0
6998,2026-06-04,C_4mini_1box_hot,0,,1000,0.0,-1.0
6998,2026-06-04,D_3mini_1box_1straight,0,,1000,0.0,-1.0
6998,2026-06-04,E_3mini_1set_1straight_prev,0,,1000,0.0,-1.0
6998,2026-06-04,F_5mini_random,0,,1000,0.0,-1.0
6999,2026-06-05,A_5mini_hot,1,mini,1000,9000.0,8.0
6999,2026-06-05,B_5mini_unseen,0,,1000,0.0,-1.0
6999,2026-06-05,C_4mini_1box_hot,1,mini,1000,9000.0,8.0
6999,2026-06-05,D_3mini_1box_1straight,1,mini,1000,9000.0,8.0
6999,2026-06-05,E_3mini_1set_1straight_prev,0,,1000,0.0,-1.0
6999,2026-06-05,F_5mini_random,1,mini,1000,9000.0,8.0
7000,2026-06-08,A_5mini_hot,0,,1000,0.0,-1.0
7000,2026-06-08,B_5mini_unseen,0,,1000,0.0,-1.0
7000,2026-06-08,C_4mini_1box_hot,0,,1000,0.0,-1.0
7000,2026-06-08,D_3mini_1box_1straight,0,,1000,0.0,-1.0
7000,2026-06-08,E_3mini_1set_1straight_prev,0,,1000,0.0,-1.0
7000,2026-06-08,F_5mini_random,0,,1000,0.0,-1.0
7001,2026-06-09,A_5mini_hot,0,,1000,0.0,-1.0
7001,2026-06-09,B_5mini_unseen,0,,1000,0.0,-1.0
7001,2026-06-09,C_4mini_1box_hot,0,,1000,0.0,-1.0
7001,2026-06-09,D_3mini_1box_1straight,0,,1000,0.0,-1.0
7001,2026-06-09,E_3mini_1set_1straight_prev,0,,1000,0.0,-1.0
7001,2026-06-09,F_5mini_random,0,,1000,0.0,-1.0
7002,2026-06-10,A_5mini_hot,0,,1000,0.0,-1.0
7002,2026-06-10,B_5mini_unseen,0,,1000,0.0,-1.0
7002,2026-06-10,C_4mini_1box_hot,0,,1000,0.0,-1.0
7002,2026-06-10,D_3mini_1box_1straight,0,,1000,0.0,-1.0
7002,2026-06-10,E_3mini_1set_1straight_prev,0,,1000,0.0,-1.0
7002,2026-06-10,F_5mini_random,0,,1000,0.0,-1.0
7003,2026-06-11,A_5mini_hot,0,,1000,0.0,-1.0
7003,2026-06-11,B_5mini_unseen,1,mini,1000,9000.0,8.0
7003,2026-06-11,C_4mini_1box_hot,0,,1000,0.0,-1.0
7003,2026-06-11,D_3mini_1box_1straight,0,,1000,0.0,-1.0
7003,2026-06-11,E_3mini_1set_1straight_prev,0,,1000,0.0,-1.0
7003,2026-06-11,F_5mini_random,0,,1000,0.0,-1.0
7004,2026-06-12,A_5mini_hot,0,,1000,0.0,-1.0
7004,2026-06-12,B_5mini_unseen,1,mini,1000,9000.0,8.0
7004,2026-06-12,C_4mini_1box_hot,0,,1000,0.0,-1.0
7004,2026-06-12,D_3mini_1box_1straight,0,,1000,0.0,-1.0
7004,2026-06-12,E_3mini_1set_1straight_prev,0,,1000,0.0,-1.0
7004,2026-06-12,F_5mini_random,0,,1000,0.0,-1.0
7005,2026-06-15,A_5mini_hot,0,,1000,0.0,-1.0
7005,2026-06-15,B_5mini_unseen,0,,1000,0.0,-1.0
7005,2026-06-15,C_4mini_1box_hot,0,,1000,0.0,-1.0
7005,2026-06-15,D_3mini_1box_1straight,0,,1000,0.0,-1.0
7005,2026-06-15,E_3mini_1set_1straight_prev,0,,1000,0.0,-1.0
7005,2026-06-15,F_5mini_random,0,,1000,0.0,-1.0
7006,2026-06-16,A_5mini_hot,0,,1000,0.0,-1.0
7006,2026-06-16,B_5mini_unseen,0,,1000,0.0,-1.0
7006,2026-06-16,C_4mini_1box_hot,0,,1000,0.0,-1.0
7006,2026-06-16,D_3mini_1box_1straight,0,,1000,0.0,-1.0
7006,2026-06-16,E_3mini_1set_1straight_prev,0,,1000,0.0,-1.0
7006,2026-06-16,F_5mini_random,0,,1000,0.0,-1.0
7007,2026-06-17,A_5mini_hot,0,,1000,0.0,-1.0
7007,2026-06-17,B_5mini_unseen,0,,1000,0.0,-1.0
7007,2026-06-17,C_4mini_1box_hot,0,,1000,0.0,-1.0
7007,2026-06-17,D_3mini_1box_1straight,0,,1000,0.0,-1.0
7007,2026-06-17,E_3mini_1set_1straight_prev,0,,1000,0.0,-1.0
7007,2026-06-17,F_5mini_random,0,,1000,0.0,-1.0
7008,2026-06-18,A_5mini_hot,0,,1000,0.0,-1.0
7008,2026-06-18,B_5mini_unseen,0,,1000,0.0,-1.0
7008,2026-06-18,C_4mini_1box_hot,0,,1000,0.0,-1.0
7008,2026-06-18,D_3mini_1box_1straight,0,,1000,0.0,-1.0
7008,2026-06-18,E_3mini_1set_1straight_prev,0,,1000,0.0,-1.0
7008,2026-06-18,F_5mini_random,0,,1000,0.0,-1.0
7009,2026-06-19,A_5mini_hot,0,,1000,0.0,-1.0
7009,2026-06-19,B_5mini_unseen,0,,1000,0.0,-1.0
7009,2026-06-19,C_4mini_1box_hot,0,,1000,0.0,-1.0
7009,2026-06-19,D_3mini_1box_1straight,0,,1000,0.0,-1.0
7009,2026-06-19,E_3mini_1set_1straight_prev,0,,1000,0.0,-1.0
7009,2026-06-19,F_5mini_random,0,,1000,0.0,-1.0
7010,2026-06-22,A_5mini_hot,0,,1000,0.0,-1.0
7010,2026-06-22,B_5mini_unseen,0,,1000,0.0,-1.0
7010,2026-06-22,C_4mini_1box_hot,0,,1000,0.0,-1.0
7010,2026-06-22,D_3mini_1box_1straight,0,,1000,0.0,-1.0
7010,2026-06-22,E_3mini_1set_1straight_prev,0,,1000,0.0,-1.0
7010,2026-06-22,F_5mini_random,0,,1000,0.0,-1.0
7011,2026-06-23,A_5mini_hot,0,,1000,0.0,-1.0
7011,2026-06-23,B_5mini_unseen,0,,1000,0.0,-1.0
7011,2026-06-23,C_4mini_1box_hot,0,,1000,0.0,-1.0
7011,2026-06-23,D_3mini_1box_1straight,0,,1000,0.0,-1.0
7011,2026-06-23,E_3mini_1set_1straight_prev,0,,1000,0.0,-1.0
7011,2026-06-23,F_5mini_random,0,,1000,0.0,-1.0
7012,2026-06-24,A_5mini_hot,0,,1000,0.0,-1.0
7012,2026-06-24,B_5mini_unseen,0,,1000,0.0,-1.0
7012,2026-06-24,C_4mini_1box_hot,0,,1000,0.0,-1.0
7012,2026-06-24,D_3mini_1box_1straight,0,,1000,0.0,-1.0
7012,2026-06-24,E_3mini_1set_1straight_prev,0,,1000,0.0,-1.0
7012,2026-06-24,F_5mini_random,0,,1000,0.0,-1.0
7013,2026-06-25,A_5mini_hot,0,,1000,0.0,-1.0
7013,2026-06-25,B_5mini_unseen,0,,1000,0.0,-1.0
7013,2026-06-25,C_4mini_1box_hot,0,,1000,0.0,-1.0
7013,2026-06-25,D_3mini_1box_1straight,0,,1000,0.0,-1.0
7013,2026-06-25,E_3mini_1set_1straight_prev,0,,1000,0.0,-1.0
7013,2026-06-25,F_5mini_random,0,,1000,0.0,-1.0
7014,2026-06-26,A_5mini_hot,0,,1000,0.0,-1.0
7014,2026-06-26,B_5mini_unseen,0,,1000,0.0,-1.0
7014,2026-06-26,C_4mini_1box_hot,0,,1000,0.0,-1.0
7014,2026-06-26,D_3mini_1box_1straight,0,,1000,0.0,-1.0
7014,2026-06-26,E_3mini_1set_1straight_prev,0,,1000,0.0,-1.0
7014,2026-06-26,F_5mini_random,0,,1000,0.0,-1.0
7015,2026-06-29,A_5mini_hot,0,,1000,0.0,-1.0
7015,2026-06-29,B_5mini_unseen,0,,1000,0.0,-1.0
7015,2026-06-29,C_4mini_1box_hot,0,,1000,0.0,-1.0
7015,2026-06-29,D_3mini_1box_1straight,0,,1000,0.0,-1.0
7015,2026-06-29,E_3mini_1set_1straight_prev,0,,1000,0.0,-1.0
7015,2026-06-29,F_5mini_random,0,,1000,0.0,-1.0
7016,2026-06-30,A_5mini_hot,0,,1000,0.0,-1.0
7016,2026-06-30,B_5mini_unseen,0,,1000,0.0,-1.0
7016,2026-06-30,C_4mini_1box_hot,0,,1000,0.0,-1.0
7016,2026-06-30,D_3mini_1box_1straight,0,,1000,0.0,-1.0
7016,2026-06-30,E_3mini_1set_1straight_prev,0,,1000,0.0,-1.0
7016,2026-06-30,F_5mini_random,0,,1000,0.0,-1.0
7017,2026-07-01,A_5mini_hot,0,,1000,0.0,-1.0
7017,2026-07-01,B_5mini_unseen,0,,1000,0.0,-1.0
7017,2026-07-01,C_4mini_1box_hot,0,,1000,0.0,-1.0
7017,2026-07-01,D_3mini_1box_1straight,0,,1000,0.0,-1.0
7017,2026-07-01,E_3mini_1set_1straight_prev,0,,1000,0.0,-1.0
7017,2026-07-01,F_5mini_random,0,,1000,0.0,-1.0
7018,2026-07-02,A_5mini_hot,0,,1000,0.0,-1.0
7018,2026-07-02,B_5mini_unseen,0,,1000,0.0,-1.0
7018,2026-07-02,C_4mini_1box_hot,0,,1000,0.0,-1.0
7018,2026-07-02,D_3mini_1box_1straight,0,,1000,0.0,-1.0
7018,2026-07-02,E_3mini_1set_1straight_prev,0,,1000,0.0,-1.0
7018,2026-07-02,F_5mini_random,0,,1000,0.0,-1.0
7019,2026-07-03,A_5mini_hot,0,,1000,0.0,-1.0
7019,2026-07-03,B_5mini_unseen,1,mini,1000,9000.0,8.0
7019,2026-07-03,C_4mini_1box_hot,0,,1000,0.0,-1.0
7019,2026-07-03,D_3mini_1box_1straight,0,,1000,0.0,-1.0
7019,2026-07-03,E_3mini_1set_1straight_prev,0,,1000,0.0,-1.0
7019,2026-07-03,F_5mini_random,0,,1000,0.0,-1.0
7020,2026-07-06,A_5mini_hot,0,,1000,0.0,-1.0
7020,2026-07-06,B_5mini_unseen,0,,1000,0.0,-1.0
7020,2026-07-06,C_4mini_1box_hot,0,,1000,0.0,-1.0
7020,2026-07-06,D_3mini_1box_1straight,0,,1000,0.0,-1.0
7020,2026-07-06,E_3mini_1set_1straight_prev,0,,1000,0.0,-1.0
7020,2026-07-06,F_5mini_random,0,,1000,0.0,-1.0
7021,2026-07-07,A_5mini_hot,0,,1000,0.0,-1.0
7021,2026-07-07,B_5mini_unseen,0,,1000,0.0,-1.0
7021,2026-07-07,C_4mini_1box_hot,0,,1000,0.0,-1.0
7021,2026-07-07,D_3mini_1box_1straight,0,,1000,0.0,-1.0
7021,2026-07-07,E_3mini_1set_1straight_prev,0,,1000,0.0,-1.0
7021,2026-07-07,F_5mini_random,0,,1000,0.0,-1.0
7022,2026-07-08,A_5mini_hot,0,,1000,0.0,-1.0
7022,2026-07-08,B_5mini_unseen,0,,1000,0.0,-1.0
7022,2026-07-08,C_4mini_1box_hot,0,,1000,0.0,-1.0
7022,2026-07-08,D_3mini_1box_1straight,0,,1000,0.0,-1.0
7022,2026-07-08,E_3mini_1set_1straight_prev,0,,1000,0.0,-1.0
7022,2026-07-08,F_5mini_random,0,,1000,0.0,-1.0
7023,2026-07-09,A_5mini_hot,0,,1000,0.0,-1.0
7023,2026-07-09,B_5mini_unseen,0,,1000,0.0,-1.0
7023,2026-07-09,C_4mini_1box_hot,0,,1000,0.0,-1.0
7023,2026-07-09,D_3mini_1box_1straight,0,,1000,0.0,-1.0
7023,2026-07-09,E_3mini_1set_1straight_prev,0,,1000,0.0,-1.0
7023,2026-07-09,F_5mini_random,0,,1000,0.0,-1.0
7024,2026-07-10,A_5mini_hot,0,,1000,0.0,-1.0
7024,2026-07-10,B_5mini_unseen,0,,1000,0.0,-1.0
7024,2026-07-10,C_4mini_1box_hot,0,,1000,0.0,-1.0
7024,2026-07-10,D_3mini_1box_1straight,0,,1000,0.0,-1.0
7024,2026-07-10,E_3mini_1set_1straight_prev,0,,1000,0.0,-1.0
7024,2026-07-10,F_5mini_random,0,,1000,0.0,-1.0
7025,2026-07-13,A_5mini_hot,0,,1000,0.0,-1.0
7025,2026-07-13,B_5mini_unseen,0,,1000,0.0,-1.0
7025,2026-07-13,C_4mini_1box_hot,0,,1000,0.0,-1.0
7025,2026-07-13,D_3mini_1box_1straight,0,,1000,0.0,-1.0
7025,2026-07-13,E_3mini_1set_1straight_prev,0,,1000,0.0,-1.0
7025,2026-07-13,F_5mini_random,0,,1000,0.0,-1.0
7026,2026-07-14,A_5mini_hot,0,,1000,0.0,-1.0
7026,2026-07-14,B_5mini_unseen,0,,1000,0.0,-1.0
7026,2026-07-14,C_4mini_1box_hot,0,,1000,0.0,-1.0
7026,2026-07-14,D_3mini_1box_1straight,0,,1000,0.0,-1.0
7026,2026-07-14,E_3mini_1set_1straight_prev,0,,1000,0.0,-1.0
7026,2026-07-14,F_5mini_random,0,,1000,0.0,-1.0
7027,2026-07-15,A_5mini_hot,0,,1000,0.0,-1.0
7027,2026-07-15,B_5mini_unseen,0,,1000,0.0,-1.0
7027,2026-07-15,C_4mini_1box_hot,0,,1000,0.0,-1.0
7027,2026-07-15,D_3mini_1box_1straight,0,,1000,0.0,-1.0
7027,2026-07-15,E_3mini_1set_1straight_prev,0,,1000,0.0,-1.0
7027,2026-07-15,F_5mini_random,1,mini,1000,9000.0,8.0
7028,2026-07-16,A_5mini_hot,0,,1000,0.0,-1.0
7028,2026-07-16,B_5mini_unseen,0,,1000,0.0,-1.0
7028,2026-07-16,C_4mini_1box_hot,0,,1000,0.0,-1.0
7028,2026-07-16,D_3mini_1box_1straight,0,,1000,0.0,-1.0
7028,2026-07-16,E_3mini_1set_1straight_prev,0,,1000,0.0,-1.0
7028,2026-07-16,F_5mini_random,0,,1000,0.0,-1.0
7029,2026-07-17,A_5mini_hot,0,,1000,0.0,-1.0
7029,2026-07-17,B_5mini_unseen,0,,1000,0.0,-1.0
7029,2026-07-17,C_4mini_1box_hot,0,,1000,0.0,-1.0
7029,2026-07-17,D_3mini_1box_1straight,0,,1000,0.0,-1.0
7029,2026-07-17,E_3mini_1set_1straight_prev,0,,1000,0.0,-1.0
7029,2026-07-17,F_5mini_random,0,,1000,0.0,-1.0
7030,2026-07-20,A_5mini_hot,0,,1000,0.0,-1.0
7030,2026-07-20,B_5mini_unseen,0,,1000,0.0,-1.0
7030,2026-07-20,C_4mini_1box_hot,0,,1000,0.0,-1.0
7030,2026-07-20,D_3mini_1box_1straight,0,,1000,0.0,-1.0
7030,2026-07-20,E_3mini_1set_1straight_prev,0,,1000,0.0,-1.0
7030,2026-07-20,F_5mini_random,0,,1000,0.0,-1.0
7031,2026-07-21,A_5mini_hot,0,,1000,0.0,-1.0
7031,2026-07-21,B_5mini_unseen,0,,1000,0.0,-1.0
7031,2026-07-21,C_4mini_1box_hot,0,,1000,0.0,-1.0
7031,2026-07-21,D_3mini_1box_1straight,0,,1000,0.0,-1.0
7031,2026-07-21,E_3mini_1set_1straight_prev,0,,1000,0.0,-1.0
7031,2026-07-21,F_5mini_random,0,,1000,0.0,-1.0
7032,2026-07-22,A_5mini_hot,0,,1000,0.0,-1.0
7032,2026-07-22,B_5mini_unseen,0,,1000,0.0,-1.0
7032,2026-07-22,C_4mini_1box_hot,0,,1000,0.0,-1.0
7032,2026-07-22,D_3mini_1box_1straight,0,,1000,0.0,-1.0
7032,2026-07-22,E_3mini_1set_1straight_prev,0,,1000,0.0,-1.0
7032,2026-07-22,F_5mini_random,0,,1000,0.0,-1.0
7033,2026-07-23,A_5mini_hot,0,,1000,0.0,-1.0
7033,2026-07-23,B_5mini_unseen,0,,1000,0.0,-1.0
7033,2026-07-23,C_4mini_1box_hot,0,,1000,0.0,-1.0
7033,2026-07-23,D_3mini_1box_1straight,0,,1000,0.0,-1.0
7033,2026-07-23,E_3mini_1set_1straight_prev,0,,1000,0.0,-1.0
7033,2026-07-23,F_5mini_random,0,,1000,0.0,-1.0
7034,2026-07-24,A_5mini_hot,0,,1000,0.0,-1.0
7034,2026-07-24,B_5mini_unseen,0,,1000,0.0,-1.0
7034,2026-07-24,C_4mini_1box_hot,0,,1000,0.0,-1.0
7034,2026-07-24,D_3mini_1box_1straight,0,,1000,0.0,-1.0
7034,2026-07-24,E_3mini_1set_1straight_prev,0,,1000,0.0,-1.0
7034,2026-07-24,F_5mini_random,1,mini,1000,9000.0,8.0
7035,2026-07-27,A_5mini_hot,0,,1000,0.0,-1.0
7035,2026-07-27,B_5mini_unseen,0,,1000,0.0,-1.0
7035,2026-07-27,C_4mini_1box_hot,0,,1000,0.0,-1.0
7035,2026-07-27,D_3mini_1box_1straight,0,,1000,0.0,-1.0
7035,2026-07-27,E_3mini_1set_1straight_prev,0,,1000,0.0,-1.0
7035,2026-07-27,F_5mini_random,0,,1000,0.0,-1.0
7036,2026-07-28,A_5mini_hot,0,,1000,0.0,-1.0
7036,2026-07-28,B_5mini_unseen,0,,1000,0.0,-1.0
7036,2026-07-28,C_4mini_1box_hot,0,,1000,0.0,-1.0
7036,2026-07-28,D_3mini_1box_1straight,0,,1000,0.0,-1.0
7036,2026-07-28,E_3mini_1set_1straight_prev,0,,1000,0.0,-1.0
7036,2026-07-28,F_5mini_random,0,,1000,0.0,-1.0
7037,2026-07-29,A_5mini_hot,0,,1000,0.0,-1.0
7037,2026-07-29,B_5mini_unseen,0,,1000,0.0,-1.0
7037,2026-07-29,C_4mini_1box_hot,0,,1000,0.0,-1.0
7037,2026-07-29,D_3mini_1box_1straight,0,,1000,0.0,-1.0
7037,2026-07-29,E_3mini_1set_1straight_prev,0,,1000,0.0,-1.0
7037,2026-07-29,F_5mini_random,0,,1000,0.0,-1.0
7038,2026-07-30,A_5mini_hot,0,,1000,0.0,-1.0
7038,2026-07-30,B_5mini_unseen,0,,1000,0.0,-1.0
7038,2026-07-30,C_4mini_1box_hot,0,,1000,0.0,-1.0
7038,2026-07-30,D_3mini_1box_1straight,0,,1000,0.0,-1.0
7038,2026-07-30,E_3mini_1set_1straight_prev,0,,1000,0.0,-1.0
7038,2026-07-30,F_5mini_random,0,,1000,0.0,-1.0
7039,2026-07-31,A_5mini_hot,0,,1000,0.0,-1.0
7039,2026-07-31,B_5mini_unseen,0,,1000,0.0,-1.0
7039,2026-07-31,C_4mini_1box_hot,0,,1000,0.0,-1.0
7039,2026-07-31,D_3mini_1box_1straight,0,,1000,0.0,-1.0
7039,2026-07-31,E_3mini_1set_1straight_prev,0,,1000,0.0,-1.0
7039,2026-07-31,F_5mini_random,0,,1000,0.0,-1.0
7040,2026-08-03,A_5mini_hot,0,,1000,0.0,-1.0
7040,2026-08-03,B_5mini_unseen,0,,1000,0.0,-1.0
7040,2026-08-03,C_4mini_1box_hot,0,,1000,0.0,-1.0
7040,2026-08-03,D_3mini_1box_1straight,0,,1000,0.0,-1.0
7040,2026-08-03,E_3mini_1set_1straight_prev,0,,1000,0.0,-1.0
7040,2026-08-03,F_5mini_random,0,,1000,0.0,-1.0
7041,2026-08-04,A_5mini_hot,0,,1000,0.0,-1.0
7041,2026-08-04,B_5mini_unseen,0,,1000,0.0,-1.0
7041,2026-08-04,C_4mini_1box_hot,0,,1000,0.0,-1.0
7041,2026-08-04,D_3mini_1box_1straight,0,,1000,0.0,-1.0
7041,2026-08-04,E_3mini_1set_1straight_prev,0,,1000,0.0,-1.0
7041,2026-08-04,F_5mini_random,0,,1000,0.0,-1.0
7042,2026-08-05,A_5mini_hot,0,,1000,0.0,-1.0
7042,2026-08-05,B_5mini_unseen,0,,1000,0.0,-1.0
7042,2026-08-05,C_4mini_1box_hot,0,,1000,0.0,-1.0
7042,2026-08-05,D_3mini_1box_1straight,0,,1000,0.0,-1.0
7042,2026-08-05,E_3mini_1set_1straight_prev,0,,1000,0.0,-1.0
7042,2026-08-05,F_5mini_random,0,,1000,0.0,-1.0
7043,2026-08-06,A_5mini_hot,0,,1000,0.0,-1.0
7043,2026-08-06,B_5mini_unseen,0,,1000,0.0,-1.0
7043,2026-08-06,C_4mini_1box_hot,0,,1000,0.0,-1.0
7043,2026-08-06,D_3mini_1box_1straight,0,,1000,0.0,-1.0
7043,2026-08-06,E_3mini_1set_1straight_prev,0,,1000,0.0,-1.0
7043,2026-08-06,F_5mini_random,0,,1000,0.0,-1.0
7044,2026-08-07,A_5mini_hot,0,,1000,0.0,-1.0
7044,2026-08-07,B_5mini_unseen,0,,1000,0.0,-1.0
7044,2026-08-07,C_4mini_1box_hot,0,,1000,0.0,-1.0
7044,2026-08-07,D_3mini_1box_1straight,0,,1000,0.0,-1.0
7044,2026-08-07,E_3mini_1set_1straight_prev,0,,1000,0.0,-1.0
7044,2026-08-07,F_5mini_random,0,,1000,0.0,-1.0
7045,2026-08-10,A_5mini_hot,0,,1000,0.0,-1.0
7045,2026-08-10,B_5mini_unseen,0,,1000,0.0,-1.0
7045,2026-08-10,C_4mini_1box_hot,0,,1000,0.0,-1.0
7045,2026-08-10,D_3mini_1box_1straight,0,,1000,0.0,-1.0
7045,2026-08-10,E_3mini_1set_1straight_prev,0,,1000,0.0,-1.0
7045,2026-08-10,F_5mini_random,0,,1000,0.0,-1.0
7046,2026-08-11,A_5mini_hot,0,,1000,0.0,-1.0
7046,2026-08-11,B_5mini_unseen,0,,1000,0.0,-1.0
7046,2026-08-11,C_4mini_1box_hot,0,,1000,0.0,-1.0
7046,2026-08-11,D_3mini_1box_1straight,0,,1000,0.0,-1.0
7046,2026-08-11,E_3mini_1set_1straight_prev,0,,1000,0.0,-1.0
7046,2026-08-11,F_5mini_random,1,mini,1000,9000.0,8.0
7047,2026-08-12,A_5mini_hot,0,,1000,0.0,-1.0
7047,2026-08-12,B_5mini_unseen,0,,1000,0.0,-1.0
7047,2026-08-12,C_4mini_1box_hot,0,,1000,0.0,-1.0
7047,2026-08-12,D_3mini_1box_1straight,0,,1000,0.0,-1.0
7047,2026-08-12,E_3mini_1set_1straight_prev,0,,1000,0.0,-1.0
7047,2026-08-12,F_5mini_random,1,mini,1000,9000.0,8.0
7048,2026-08-13,A_5mini_hot,0,,1000,0.0,-1.0
7048,2026-08-13,B_5mini_unseen,0,,1000,0.0,-1.0
7048,2026-08-13,C_4mini_1box_hot,0,,1000,0.0,-1.0
7048,2026-08-13,D_3mini_1box_1straight,0,,1000,0.0,-1.0
7048,2026-08-13,E_3mini_1set_1straight_prev,0,,1000,0.0,-1.0
7048,2026-08-13,F_5mini_random,0,,1000,0.0,-1.0
7049,2026-08-14,A_5mini_hot,0,,1000,0.0,-1.0
7049,2026-08-14,B_5mini_unseen,0,,1000,0.0,-1.0
7049,2026-08-14,C_4mini_1box_hot,0,,1000,0.0,-1.0
7049,2026-08-14,D_3mini_1box_1straight,0,,1000,0.0,-1.0
7049,2026-08-14,E_3mini_1set_1straight_prev,0,,1000,0.0,-1.0
7049,2026-08-14,F_5mini_random,0,,1000,0.0,-1.0
