draw_no,strategy,hit,hit_yen,spent_yen,mean_pred_prize,mean_pred_winners,pred_ev_5tickets
3916,avoid_crowd_top5,0,0.0,1000,126463.88765129978,77.74673017298619,-367.68056174350113
3916,chase_crowd_top5,0,0.0,1000,57441.15379438347,779.1671656751195,-712.7942310280827
3916,max_pred_prize_top5,0,0.0,1000,131259.63751563834,84.39474890872751,-343.7018124218083
3916,random_5,0,0.0,1000,89635.01932981412,128.93254417695002,-551.8249033509294
3916,no_triple_random5,0,0.0,1000,89167.75405011067,137.60424264632042,-554.1612297494466
3921,avoid_crowd_top5,0,0.0,1000,125670.30991621522,77.7028331504364,-371.64845041892386
3921,chase_crowd_top5,0,0.0,1000,57436.93019817884,778.4096133019781,-712.8153490091058
3921,max_pred_prize_top5,0,0.0,1000,131230.1529637696,84.40946921262861,-343.84923518115204
3921,random_5,0,0.0,1000,91904.74638575483,137.63313357623974,-540.4762680712258
3921,no_triple_random5,0,0.0,1000,99649.45914141346,119.26735494581212,-501.75270429293266
3926,avoid_crowd_top5,0,0.0,1000,125617.88834115132,77.6379097742902,-371.9105582942434
3926,chase_crowd_top5,0,0.0,1000,57413.80974127513,778.108359696535,-712.9309512936243
3926,max_pred_prize_top5,0,0.0,1000,131185.54815316576,84.39513404614776,-344.07225923417116
3926,random_5,0,0.0,1000,94176.19347682355,119.25270233491969,-529.1190326158822
3926,no_triple_random5,0,0.0,1000,93218.27450784089,122.9780317909705,-533.9086274607955
3931,avoid_crowd_top5,0,0.0,1000,125613.34690552154,77.61393366301247,-371.93326547239224
3931,chase_crowd_top5,0,0.0,1000,57410.492489215874,778.751715689246,-712.9475375539206
3931,max_pred_prize_top5,0,0.0,1000,131184.8117008796,84.40978766531148,-344.075941495602
3931,random_5,0,0.0,1000,89065.49574941494,154.15601320459376,-554.6725212529252
3931,no_triple_random5,0,0.0,1000,109849.06378836275,101.1042746609497,-450.7546810581863
3936,avoid_crowd_top5,0,0.0,1000,125809.72906989264,77.53180398556958,-370.9513546505368
3936,chase_crowd_top5,0,0.0,1000,57406.81931410792,779.1608262650085,-712.9659034294605
3936,max_pred_prize_top5,0,0.0,1000,131151.48949507598,84.36940497601377,-344.2425525246201
3936,random_5,0,0.0,1000,92925.2444646286,116.00015190147641,-535.373777676857
3936,no_triple_random5,0,0.0,1000,85217.49574908867,135.87625099530777,-573.9125212545566
3941,avoid_crowd_top5,0,0.0,1000,125684.85212271621,77.49472042740868,-371.57573938641895
3941,chase_crowd_top5,0,0.0,1000,57408.01935551591,779.4593880575904,-712.9599032224205
3941,max_pred_prize_top5,0,0.0,1000,131062.03041022155,84.38047207117297,-344.6898479488923
3941,random_5,0,0.0,1000,87976.53945650051,134.82112023270525,-560.1173027174974
3941,no_triple_random5,0,0.0,1000,85646.47212716809,131.17542568854097,-571.7676393641595
3946,avoid_crowd_top5,0,0.0,1000,125705.04928252993,77.29503751762007,-371.4747535873504
3946,chase_crowd_top5,0,0.0,1000,57414.43387981595,779.8487472206399,-712.9278306009203
3946,max_pred_prize_top5,0,0.0,1000,131147.6042636552,84.08935424100335,-344.26197868172403
3946,random_5,0,0.0,1000,94698.70364758332,121.86520438268482,-526.5064817620835
3946,no_triple_random5,0,0.0,1000,88823.71393169744,130.90460060718164,-555.8814303415129
3951,avoid_crowd_top5,0,0.0,1000,126254.24726885665,77.13026035417653,-368.72876365571676
3951,chase_crowd_top5,0,0.0,1000,57429.582731316936,778.7581268053628,-712.8520863434153
3951,max_pred_prize_top5,0,0.0,1000,131183.31440433543,83.80723754854385,-344.0834279783229
3951,random_5,0,0.0,1000,93802.97358524497,124.3923020303127,-530.9851320737752
3951,no_triple_random5,0,0.0,1000,95614.27837679218,113.92870139892462,-521.9286081160391
3956,avoid_crowd_top5,0,0.0,1000,126283.97909374969,77.16687950164766,-368.58010453125155
3956,chase_crowd_top5,0,0.0,1000,57428.6703288561,777.9145048063318,-712.8566483557195
3956,max_pred_prize_top5,0,0.0,1000,131223.9560371595,83.83276439427179,-343.8802198142024
3956,random_5,0,0.0,1000,96280.70165416301,115.65332609155061,-518.5964917291849
3956,no_triple_random5,0,0.0,1000,107844.41360099563,106.86274556675491,-460.77793199502185
3961,avoid_crowd_top5,0,0.0,1000,126322.85677391454,77.08501284720737,-368.38571613042734
3961,chase_crowd_top5,0,0.0,1000,57435.191091923836,777.9743303691794,-712.8240445403808
3961,max_pred_prize_top5,0,0.0,1000,131257.2662513238,83.79823125924875,-343.71366874338094
3961,random_5,0,0.0,1000,99608.6907531851,106.14889513043083,-501.9565462340745
3961,no_triple_random5,0,0.0,1000,92308.02921503877,126.7850222914357,-538.4598539248061
3966,avoid_crowd_top5,0,0.0,1000,126325.12344806358,77.09552047380802,-368.37438275968213
3966,chase_crowd_top5,0,0.0,1000,57453.80416437894,777.0911406313866,-712.7309791781054
3966,max_pred_prize_top5,0,0.0,1000,131233.63113086842,83.88444026634347,-343.8318443456578
3966,random_5,0,0.0,1000,88210.25001645254,131.21500127821128,-558.9487499177374
3966,no_triple_random5,0,0.0,1000,97956.69707434245,118.74661107333618,-510.21651462828777
3971,avoid_crowd_top5,0,0.0,1000,126317.41851955722,76.99035319532682,-368.41290740221393
3971,chase_crowd_top5,0,0.0,1000,57455.01653072298,777.2487345095,-712.7249173463852
3971,max_pred_prize_top5,0,0.0,1000,131224.0032736996,83.80264328119557,-343.879983631502
3971,random_5,0,0.0,1000,94583.44015241666,122.08789969065529,-527.0827992379167
3971,no_triple_random5,0,0.0,1000,97259.88752885353,113.39643206241901,-513.7005623557322
3976,avoid_crowd_top5,0,0.0,1000,126342.50026501862,77.00132291955924,-368.28749867490683
3976,chase_crowd_top5,0,0.0,1000,57439.485673921205,778.597973139272,-712.8025716303939
3976,max_pred_prize_top5,0,0.0,1000,131309.7462290841,83.689698385759,-343.45126885457955
3976,random_5,0,0.0,1000,92392.87330026603,123.27257528995673,-538.0356334986698
3976,no_triple_random5,1,73000.0,1000,88148.60910097577,134.75629529533228,-559.2569544951211
3981,avoid_crowd_top5,0,0.0,1000,126344.00157088127,77.01826181818859,-368.2799921455936
3981,chase_crowd_top5,0,0.0,1000,57455.218183056066,778.4765368266114,-712.7239090847197
3981,max_pred_prize_top5,0,0.0,1000,131323.77660071963,83.74263226302887,-343.38111699640183
3981,random_5,0,0.0,1000,94131.34632892635,131.26004776769858,-529.3432683553683
3981,no_triple_random5,0,0.0,1000,91230.81836114092,121.28781150302662,-543.8459081942954
3986,avoid_crowd_top5,0,0.0,1000,126159.94231286338,77.18663384616639,-369.2002884356831
3986,chase_crowd_top5,0,0.0,1000,57467.3286434466,777.671384196273,-712.663356782767
3986,max_pred_prize_top5,0,0.0,1000,130950.9038973157,84.03349137977324,-345.2454805134215
3986,random_5,0,0.0,1000,91304.71023401339,129.60250021604966,-543.4764488299331
3986,no_triple_random5,0,0.0,1000,93386.71898396188,121.76774401933685,-533.0664050801906
3991,avoid_crowd_top5,0,0.0,1000,126025.27337553984,77.08225525299136,-369.8736331223008
3991,chase_crowd_top5,0,0.0,1000,57477.00146762631,777.6896815740158,-712.6149926618684
3991,max_pred_prize_top5,0,0.0,1000,130802.41787626846,83.93270412265704,-345.9879106186577
3991,random_5,1,84200.0,1000,89946.97841443433,134.42871126041797,-550.2651079278284
3991,no_triple_random5,0,0.0,1000,85508.09611693743,129.48729760225336,-572.4595194153128
3996,avoid_crowd_top5,0,0.0,1000,126006.16096582913,77.08348875583559,-369.9691951708544
3996,chase_crowd_top5,0,0.0,1000,57493.14087684567,777.6447126564135,-712.5342956157717
3996,max_pred_prize_top5,0,0.0,1000,130798.50992980546,83.91883583909105,-346.0074503509727
3996,random_5,0,0.0,1000,90880.9045681399,132.34811381653412,-545.5954771593006
3996,no_triple_random5,0,0.0,1000,98602.6241380112,118.79240765066383,-506.98687930994396
4001,avoid_crowd_top5,0,0.0,1000,125835.15866172597,77.08867099097043,-370.82420669137014
4001,chase_crowd_top5,0,0.0,1000,57516.3207675616,777.701670192475,-712.418396162192
4001,max_pred_prize_top5,0,0.0,1000,130686.4338206219,83.89912930930669,-346.56783089689054
4001,random_5,0,0.0,1000,95099.11741936252,133.2968192269746,-524.5044129031874
4001,no_triple_random5,0,0.0,1000,89167.99545673237,118.9763829549847,-554.1600227163381
4006,avoid_crowd_top5,0,0.0,1000,125811.95294132603,77.08408016021754,-370.9402352933698
4006,chase_crowd_top5,0,0.0,1000,58290.62315759548,764.0486522111122,-708.5468842120226
4006,max_pred_prize_top5,0,0.0,1000,130742.53827916221,83.75585351907378,-346.287308604189
4006,random_5,0,0.0,1000,81714.90177435052,157.5449723894002,-591.4254911282474
4006,no_triple_random5,0,0.0,1000,98142.45297791161,118.71717235103479,-509.28773511044193
4011,avoid_crowd_top5,0,0.0,1000,125307.80693452623,76.94061602711102,-373.46096532736885
4011,chase_crowd_top5,0,0.0,1000,58282.03188055255,764.2447651268262,-708.5898405972373
4011,max_pred_prize_top5,0,0.0,1000,130878.15249096203,83.40221495133088,-345.6092375451898
4011,random_5,0,0.0,1000,98656.31216414864,115.14354673056332,-506.7184391792568
4011,no_triple_random5,0,0.0,1000,96980.16346280782,127.4064395357743,-515.0991826859608
4016,avoid_crowd_top5,0,0.0,1000,125819.48052379116,76.88690989619317,-370.9025973810442
4016,chase_crowd_top5,0,0.0,1000,58227.131987729284,764.2265183583816,-708.8643400613536
4016,max_pred_prize_top5,0,0.0,1000,130777.79650357102,83.24924009391587,-346.1110174821449
4016,random_5,0,0.0,1000,97774.74990279523,116.24930737971609,-511.1262504860238
4016,no_triple_random5,0,0.0,1000,105741.80693320632,109.7984447823134,-471.2909653339684
4021,avoid_crowd_top5,0,0.0,1000,125950.70660760145,76.85962515693979,-370.2464669619927
4021,chase_crowd_top5,0,0.0,1000,58200.02291431031,764.195949421887,-708.9998854284484
4021,max_pred_prize_top5,0,0.0,1000,130800.6703916406,83.22657860345107,-345.996648041797
4021,random_5,0,0.0,1000,102120.44898303183,112.5465179266018,-489.3977550848408
4021,no_triple_random5,0,0.0,1000,89414.0931780401,126.60995974484986,-552.9295341097995
4026,avoid_crowd_top5,0,0.0,1000,125258.14712347218,76.890840028285,-373.70926438263905
4026,chase_crowd_top5,0,0.0,1000,59023.20905634541,742.3113178131359,-704.8839547182729
4026,max_pred_prize_top5,0,0.0,1000,130621.95912231621,83.32475286260926,-346.89020438841897
4026,random_5,0,0.0,1000,89531.87104741423,126.19643327417029,-552.3406447629288
4026,no_triple_random5,0,0.0,1000,99624.65667704445,106.3673423672116,-501.87671661477776
4031,avoid_crowd_top5,0,0.0,1000,125584.27576236313,76.84557920795686,-372.07862118818434
4031,chase_crowd_top5,0,0.0,1000,59050.344387204175,741.9516679448824,-704.7482780639791
4031,max_pred_prize_top5,0,0.0,1000,130427.92335867793,83.357560594682,-347.8603832066103
4031,random_5,0,0.0,1000,86391.68151077293,135.57490253258976,-568.0415924461354
4031,no_triple_random5,0,0.0,1000,89932.27463033606,123.56060335592383,-550.3386268483197
4036,avoid_crowd_top5,0,0.0,1000,125625.04142013262,76.73843965584655,-371.87479289933685
4036,chase_crowd_top5,0,0.0,1000,59041.70975670125,742.3412156728308,-704.7914512164937
4036,max_pred_prize_top5,0,0.0,1000,130473.68405292626,83.27565081882004,-347.63157973536875
4036,random_5,0,0.0,1000,96974.16377054056,121.63237952632146,-515.1291811472972
4036,no_triple_random5,0,0.0,1000,98086.64378063775,114.8386773856254,-509.5667810968112
4041,avoid_crowd_top5,0,0.0,1000,125644.18615481374,76.69884703753496,-371.77906922593127
4041,chase_crowd_top5,0,0.0,1000,59054.7591082967,742.4840745481409,-704.7262044585166
4041,max_pred_prize_top5,0,0.0,1000,130472.24473776482,83.2150700482435,-347.6387763111759
4041,random_5,0,0.0,1000,92018.5193951952,122.93756837430695,-539.907403024024
4041,no_triple_random5,0,0.0,1000,96412.90279884508,117.14396367346322,-517.9354860057746
4046,avoid_crowd_top5,0,0.0,1000,125483.83292344632,76.67773429321892,-372.58083538276844
4046,chase_crowd_top5,0,0.0,1000,59006.94416470651,742.9666142516974,-704.9652791764674
4046,max_pred_prize_top5,0,0.0,1000,130273.06515106568,83.25021673572587,-348.6346742446716
4046,random_5,0,0.0,1000,104964.75698510688,107.89300687674935,-475.1762150744655
4046,no_triple_random5,0,0.0,1000,97356.83730943062,108.15409161745364,-513.215813452847
4051,avoid_crowd_top5,0,0.0,1000,125523.72642258501,76.70937567933946,-372.38136788707493
4051,chase_crowd_top5,0,0.0,1000,59012.90200351833,742.8540005368271,-704.9354899824084
4051,max_pred_prize_top5,0,0.0,1000,130312.97331234669,83.30651471053332,-348.4351334382666
4051,random_5,0,0.0,1000,96636.77954285461,113.89081853105574,-516.816102285727
4051,no_triple_random5,0,0.0,1000,98222.71541517155,113.37343803217087,-508.8864229241422
4056,avoid_crowd_top5,0,0.0,1000,125486.4588126434,76.7445299795792,-372.567705936783
4056,chase_crowd_top5,0,0.0,1000,59018.62476121221,742.0590847601261,-704.906876193939
4056,max_pred_prize_top5,0,0.0,1000,130272.9475315039,83.3993214329909,-348.6352623424805
4056,random_5,0,0.0,1000,92273.44314956921,126.9474256973103,-538.6327842521539
4056,no_triple_random5,0,0.0,1000,88594.65421970836,120.48215429031157,-557.0267289014582
4061,avoid_crowd_top5,0,0.0,1000,125488.8462186761,76.76486293102445,-372.5557689066195
4061,chase_crowd_top5,1,59700.0,1000,59020.04382507363,741.9358694843783,-704.8997808746318
4061,max_pred_prize_top5,0,0.0,1000,130293.56586748362,83.45049250762372,-348.53217066258196
4061,random_5,0,0.0,1000,102313.72355220604,107.55062677277684,-488.43138223896983
4061,no_triple_random5,0,0.0,1000,97427.45889222738,121.70331102785708,-512.8627055388631
4066,avoid_crowd_top5,0,0.0,1000,125465.21543982718,76.74726371899925,-372.67392280086403
4066,chase_crowd_top5,0,0.0,1000,59184.80809482682,737.8026131482789,-704.075959525866
4066,max_pred_prize_top5,0,0.0,1000,130282.91202960994,83.38427775220052,-348.58543985195024
4066,random_5,0,0.0,1000,91794.96375276215,115.56914423045218,-541.0251812361892
4066,no_triple_random5,0,0.0,1000,89960.83468582682,128.72827558280915,-550.1958265708658
4071,avoid_crowd_top5,0,0.0,1000,125541.30890927906,76.61173601078868,-372.2934554536047
4071,chase_crowd_top5,0,0.0,1000,59193.366676820035,737.7002212044787,-704.0331666158997
4071,max_pred_prize_top5,0,0.0,1000,130347.23677248563,83.12591576358622,-348.2638161375718
4071,random_5,0,0.0,1000,97105.45885296288,112.11578812026445,-514.4727057351856
4071,no_triple_random5,0,0.0,1000,96730.96709878591,118.24616277606808,-516.3451645060704
4076,avoid_crowd_top5,0,0.0,1000,125523.06895249721,76.41251306924576,-372.3846552375139
4076,chase_crowd_top5,0,0.0,1000,59188.2484796481,738.2839119120947,-704.0587576017595
4076,max_pred_prize_top5,0,0.0,1000,130317.84547573375,83.06483708342854,-348.41077262133126
4076,random_5,0,0.0,1000,100400.78783834225,104.86698381114829,-497.99606080828875
4076,no_triple_random5,0,0.0,1000,85022.12060744947,141.16125326990235,-574.8893969627527
4081,avoid_crowd_top5,0,0.0,1000,125506.9577159191,76.405137093176,-372.46521142040456
4081,chase_crowd_top5,0,0.0,1000,59181.70244743743,738.2332378514851,-704.0914877628129
4081,max_pred_prize_top5,0,0.0,1000,130382.72611259304,82.95319486557256,-348.0863694370348
4081,random_5,0,0.0,1000,95579.51195612659,118.7737311530346,-522.102440219367
4081,no_triple_random5,0,0.0,1000,93013.7066384779,119.00020736354172,-534.9314668076105
4086,avoid_crowd_top5,0,0.0,1000,125512.11716746833,76.38587768467532,-372.4394141626583
4086,chase_crowd_top5,0,0.0,1000,59180.82263546095,738.2513511768872,-704.0958868226953
4086,max_pred_prize_top5,0,0.0,1000,130395.98452576352,82.9512383209487,-348.0200773711824
4086,random_5,0,0.0,1000,92101.61392851658,114.7196093646844,-539.491930357417
4086,no_triple_random5,0,0.0,1000,83565.55332246554,132.79714934416305,-582.1722333876723
4091,avoid_crowd_top5,0,0.0,1000,125546.17459802903,76.33837660865652,-372.26912700985486
4091,chase_crowd_top5,0,0.0,1000,59172.38095244723,738.0856392026492,-704.1380952377638
4091,max_pred_prize_top5,0,0.0,1000,130401.47060918184,82.94256019127714,-347.9926469540908
4091,random_5,0,0.0,1000,90951.5142519434,122.3699762069194,-545.242428740283
4091,no_triple_random5,0,0.0,1000,92261.02095915584,119.04443257728845,-538.6948952042208
4096,avoid_crowd_top5,0,0.0,1000,125558.50703126402,76.31400268825732,-372.2074648436799
4096,chase_crowd_top5,0,0.0,1000,59174.731660310514,737.4758593185209,-704.1263416984475
4096,max_pred_prize_top5,0,0.0,1000,130389.0212867731,82.93882528450321,-348.0548935661345
4096,random_5,0,0.0,1000,101167.33100671635,116.74793521792303,-494.1633449664182
4096,no_triple_random5,0,0.0,1000,100802.11402614473,121.31271174721198,-495.98942986927636
4101,avoid_crowd_top5,0,0.0,1000,125575.33791500962,76.37923275022638,-372.1233104249519
4101,chase_crowd_top5,0,0.0,1000,59192.896466787715,737.7446077551294,-704.0355176660614
4101,max_pred_prize_top5,0,0.0,1000,130422.7367988346,82.93917972866657,-347.886316005827
4101,random_5,0,0.0,1000,101469.36331161304,114.99121390699233,-492.6531834419348
4101,no_triple_random5,0,0.0,1000,84396.49500103696,131.98824285795158,-578.0175249948152
4106,avoid_crowd_top5,0,0.0,1000,125549.37412879236,76.32014500780474,-372.25312935603813
4106,chase_crowd_top5,0,0.0,1000,59185.31208245903,737.8414064452156,-704.0734395877048
4106,max_pred_prize_top5,0,0.0,1000,130352.37116062827,82.77847004087799,-348.23814419685857
4106,random_5,0,0.0,1000,89398.20647099317,135.30397457668445,-553.0089676450341
4106,no_triple_random5,0,0.0,1000,87869.65314137335,116.32683130541008,-560.6517342931332
4111,avoid_crowd_top5,0,0.0,1000,125567.25105148752,76.36096060252514,-372.16374474256236
4111,chase_crowd_top5,0,0.0,1000,59192.71019636686,738.0679456128976,-704.0364490181657
4111,max_pred_prize_top5,0,0.0,1000,130380.9085625631,82.83657372202428,-348.0954571871845
4111,random_5,0,0.0,1000,93655.102850198,120.19543817939272,-531.72448574901
4111,no_triple_random5,0,0.0,1000,95153.21630210427,129.35929447040934,-524.2339184894786
4116,avoid_crowd_top5,0,0.0,1000,125555.48101793812,76.41178466876391,-372.22259491030945
4116,chase_crowd_top5,0,0.0,1000,59204.29095336758,737.5796374522981,-703.9785452331621
4116,max_pred_prize_top5,0,0.0,1000,130395.11548515948,82.70540321316923,-348.0244225742026
4116,random_5,0,0.0,1000,90031.9685379279,128.20022591745467,-549.8401573103605
4116,no_triple_random5,0,0.0,1000,86850.38819758882,123.8313181336016,-565.7480590120558
4121,avoid_crowd_top5,0,0.0,1000,125531.61182626072,76.47432023643145,-372.3419408686964
4121,chase_crowd_top5,0,0.0,1000,59232.36983006601,738.1849571245275,-703.83815084967
4121,max_pred_prize_top5,0,0.0,1000,130332.95631855671,82.76800841476407,-348.3352184072164
4121,random_5,0,0.0,1000,101885.4501042997,102.7946210944965,-490.57274947850146
4121,no_triple_random5,0,0.0,1000,88845.19842575125,125.19403776782784,-555.7740078712437
4126,avoid_crowd_top5,0,0.0,1000,125532.7182711127,76.45905694634067,-372.33640864443646
4126,chase_crowd_top5,0,0.0,1000,59224.56157976722,739.050181649291,-703.8771921011639
4126,max_pred_prize_top5,0,0.0,1000,130412.78856299953,82.66511460998564,-347.93605718500237
4126,random_5,0,0.0,1000,97682.64601400352,128.64570578326874,-511.5867699299824
4126,no_triple_random5,0,0.0,1000,91732.21713942285,120.11125424369311,-541.3389143028858
4131,avoid_crowd_top5,0,0.0,1000,124715.1922296073,76.42091461591002,-376.4240388519635
4131,chase_crowd_top5,0,0.0,1000,59488.02580328111,727.1294408240952,-702.5598709835945
4131,max_pred_prize_top5,0,0.0,1000,130366.0885395689,82.67105703372943,-348.16955730215545
4131,random_5,0,0.0,1000,100983.77268449179,109.44515185933577,-495.08113657754103
4131,no_triple_random5,0,0.0,1000,86923.02700468233,126.59286680778409,-565.3848649765883
4136,avoid_crowd_top5,0,0.0,1000,124660.49411101623,76.32484539880015,-376.6975294449188
4136,chase_crowd_top5,0,0.0,1000,59539.719850357695,728.700685529903,-702.3014007482116
4136,max_pred_prize_top5,0,0.0,1000,130290.55789626246,82.65824521888783,-348.54721051868773
4136,random_5,0,0.0,1000,94071.93332059072,115.19258599960783,-529.6403333970463
4136,no_triple_random5,0,0.0,1000,96155.10851324703,120.38219081758868,-519.2244574337649
4141,avoid_crowd_top5,0,0.0,1000,125422.90749397564,76.15922468103898,-372.8854625301218
4141,chase_crowd_top5,0,0.0,1000,59528.81851956501,729.2952353967869,-702.355907402175
4141,max_pred_prize_top5,0,0.0,1000,130149.99525628088,82.55031698681478,-349.25002371859557
4141,random_5,0,0.0,1000,85457.4659274946,136.29186384209962,-572.712670362527
4141,no_triple_random5,0,0.0,1000,93271.3935392817,126.43234518082667,-533.6430323035916
4146,avoid_crowd_top5,0,0.0,1000,125468.18189213514,76.03166769992289,-372.6590905393243
4146,chase_crowd_top5,0,0.0,1000,59538.142697114985,729.2525844966382,-702.3092865144251
4146,max_pred_prize_top5,0,0.0,1000,130162.51501794893,82.40982196777755,-349.18742491025534
4146,random_5,0,0.0,1000,98805.63398412587,107.13796803978354,-505.9718300793706
4146,no_triple_random5,0,0.0,1000,94111.19530413937,121.24856418343158,-529.4440234793032
4151,avoid_crowd_top5,0,0.0,1000,125455.35573449483,75.92126639293383,-372.72322132752583
4151,chase_crowd_top5,0,0.0,1000,59546.209193433264,729.4662762594306,-702.2689540328337
4151,max_pred_prize_top5,0,0.0,1000,130117.97985933295,82.28616764743362,-349.4101007033353
4151,random_5,0,0.0,1000,84518.82484534122,133.62056578141488,-577.4058757732939
4151,no_triple_random5,0,0.0,1000,89525.46854283227,118.85909288528327,-552.3726572858386
4156,avoid_crowd_top5,0,0.0,1000,125487.9359656861,75.84368795563422,-372.5603201715695
4156,chase_crowd_top5,0,0.0,1000,59558.15298303729,729.0839497320852,-702.2092350848136
4156,max_pred_prize_top5,0,0.0,1000,130129.27452471989,82.1202585782685,-349.3536273764005
4156,random_5,0,0.0,1000,81653.51223133071,443.26350016786637,-591.7324388433465
4156,no_triple_random5,0,0.0,1000,84524.47308935224,131.58059063110858,-577.3776345532387
4161,avoid_crowd_top5,0,0.0,1000,125502.00642565098,75.85474642644661,-372.4899678717451
4161,chase_crowd_top5,0,0.0,1000,59557.064145978286,728.9844161632448,-702.2146792701085
4161,max_pred_prize_top5,0,0.0,1000,130125.57970599725,82.16824324960619,-349.3721014700137
4161,random_5,0,0.0,1000,97698.32372497044,111.28586235750876,-511.5083813751478
4161,no_triple_random5,0,0.0,1000,95578.68174194652,113.45846041458174,-522.1065912902674
4166,avoid_crowd_top5,1,113200.0,1000,125472.8515758443,75.84138271395332,-372.63574212077856
4166,chase_crowd_top5,0,0.0,1000,59571.39630369605,728.7918651930646,-702.1430184815197
4166,max_pred_prize_top5,0,0.0,1000,130115.94973061397,82.11621558980535,-349.4202513469302
4166,random_5,0,0.0,1000,96907.77046815418,110.7828941263856,-515.461147659229
4166,no_triple_random5,0,0.0,1000,82096.67345112174,138.16374682701348,-589.5166327443912
4171,avoid_crowd_top5,0,0.0,1000,125450.39450855639,75.85116209677477,-372.7480274572181
4171,chase_crowd_top5,0,0.0,1000,59559.62954987219,728.3829102399794,-702.201852250639
4171,max_pred_prize_top5,1,107600.0,1000,130111.07254371583,82.15328910788472,-349.4446372814209
4171,random_5,0,0.0,1000,91346.15118992557,113.56614766968828,-543.2692440503722
4171,no_triple_random5,0,0.0,1000,95711.8136426199,123.72315163756232,-521.4409317869005
4176,avoid_crowd_top5,0,0.0,1000,125382.7553003291,75.71167411948716,-373.08622349835446
4176,chase_crowd_top5,0,0.0,1000,59559.53818158376,728.5301700724494,-702.2023090920811
4176,max_pred_prize_top5,0,0.0,1000,130005.37584819959,81.9943062825336,-349.9731207590021
4176,random_5,0,0.0,1000,94039.2400616922,116.73896015557625,-529.8037996915391
4176,no_triple_random5,0,0.0,1000,91532.58849864433,117.63724159905182,-542.3370575067784
4181,avoid_crowd_top5,0,0.0,1000,125333.49261966844,75.70946209207898,-373.3325369016578
4181,chase_crowd_top5,0,0.0,1000,59561.36241893123,728.5244839589316,-702.1931879053438
4181,max_pred_prize_top5,0,0.0,1000,129980.72722347127,81.94221553308648,-350.0963638826436
4181,random_5,0,0.0,1000,88494.26736131904,123.01965505142157,-557.5286631934048
4181,no_triple_random5,0,0.0,1000,97695.3005706203,114.29132312637527,-511.52349714689853
4186,avoid_crowd_top5,0,0.0,1000,125249.69712329314,75.48095734052103,-373.7515143835343
4186,chase_crowd_top5,0,0.0,1000,59539.23393046008,728.4315504409637,-702.3038303476997
4186,max_pred_prize_top5,0,0.0,1000,129940.17398167211,81.7663695153179,-350.2991300916394
4186,random_5,0,0.0,1000,96290.23720247902,120.27870984360604,-518.548813987605
4186,no_triple_random5,0,0.0,1000,85172.1037384236,129.79700490402115,-574.1394813078821
4191,avoid_crowd_top5,0,0.0,1000,125273.36092624083,75.48904443264327,-373.6331953687959
4191,chase_crowd_top5,0,0.0,1000,59544.05536292922,728.2448477712433,-702.2797231853539
4191,max_pred_prize_top5,0,0.0,1000,129931.71632309444,81.77205394228376,-350.34141838452774
4191,random_5,0,0.0,1000,97124.7984565929,197.72139737022798,-514.3760077170355
4191,no_triple_random5,0,0.0,1000,94870.40170225994,120.78058006357932,-525.6479914887002
4196,avoid_crowd_top5,0,0.0,1000,125341.76600594302,75.46602067703154,-373.29116997028484
4196,chase_crowd_top5,0,0.0,1000,59569.33503844311,728.2408518768517,-702.1533248077844
4196,max_pred_prize_top5,0,0.0,1000,129949.42752654031,81.71172311944198,-350.25286236729846
4196,random_5,0,0.0,1000,95749.11762308756,124.30059832303296,-521.2544118845622
4196,no_triple_random5,0,0.0,1000,104581.23424943714,102.29760417379016,-477.09382875281426
4201,avoid_crowd_top5,0,0.0,1000,125410.10593941135,75.32174909696671,-372.94947030294327
4201,chase_crowd_top5,0,0.0,1000,59569.17210726319,728.6117537580764,-702.154139463684
4201,max_pred_prize_top5,0,0.0,1000,129977.75606818013,81.50882419904288,-350.11121965909933
4201,random_5,0,0.0,1000,88045.63148028136,125.93247112741355,-559.7718425985931
4201,no_triple_random5,0,0.0,1000,101033.4532477856,120.13129999715628,-494.832733761072
4206,avoid_crowd_top5,0,0.0,1000,125434.85818473212,75.29397907372257,-372.8257090763394
4206,chase_crowd_top5,0,0.0,1000,59564.443351339396,728.9643695691109,-702.177783243303
4206,max_pred_prize_top5,0,0.0,1000,130003.54068835804,81.48395467988794,-349.9822965582098
4206,random_5,0,0.0,1000,90232.58678139614,115.98115760305704,-548.8370660930193
4206,no_triple_random5,0,0.0,1000,93413.02441532572,125.60080583185979,-532.9348779233715
4211,avoid_crowd_top5,0,0.0,1000,125411.56705584696,75.37444659048421,-372.94216472076516
4211,chase_crowd_top5,0,0.0,1000,59580.195744843004,729.5157806896243,-702.0990212757849
4211,max_pred_prize_top5,0,0.0,1000,129988.57895960096,81.58374464470201,-350.0571052019952
4211,random_5,0,0.0,1000,89829.94021383782,202.3514732606542,-550.8502989308108
4211,no_triple_random5,0,0.0,1000,97603.4490718279,111.51578564989242,-511.9827546408605
4216,avoid_crowd_top5,0,0.0,1000,125339.23467866382,75.41115877719054,-373.3038266066809
4216,chase_crowd_top5,0,0.0,1000,59588.9973126802,729.6811106719372,-702.055013436599
4216,max_pred_prize_top5,0,0.0,1000,129925.25731419565,81.69970079369753,-350.3737134290217
4216,random_5,0,0.0,1000,83734.3975012059,213.4916992192954,-581.3280124939705
4216,no_triple_random5,0,0.0,1000,90853.39225392882,132.30888629126247,-545.7330387303559
4221,avoid_crowd_top5,0,0.0,1000,124475.2095435386,75.40037747211291,-377.62395228230696
4221,chase_crowd_top5,0,0.0,1000,59568.17910743649,730.182525564566,-702.1591044628176
4221,max_pred_prize_top5,0,0.0,1000,129925.45455572735,81.64666927825427,-350.3727272213632
4221,random_5,0,0.0,1000,91948.43850488766,126.25257258380375,-540.2578074755618
4221,no_triple_random5,0,0.0,1000,90476.25867031263,124.06273275897942,-547.6187066484368
4226,avoid_crowd_top5,0,0.0,1000,125070.27182054342,75.38500096149015,-374.6486408972829
4226,chase_crowd_top5,0,0.0,1000,59570.03584286355,730.7879249396477,-702.1498207856822
4226,max_pred_prize_top5,0,0.0,1000,129706.51897327784,81.57144769147126,-351.4674051336108
4226,random_5,0,0.0,1000,90888.50307556536,117.76129764768271,-545.5574846221732
4226,no_triple_random5,0,0.0,1000,98597.88251428003,104.00203687744417,-507.0105874285998
4231,avoid_crowd_top5,0,0.0,1000,125092.06482480916,75.417469691811,-374.53967587595423
4231,chase_crowd_top5,0,0.0,1000,59566.88655812371,731.7111488433973,-702.1655672093814
4231,max_pred_prize_top5,0,0.0,1000,129706.30623757816,81.66928240314694,-351.4684688121092
4231,random_5,0,0.0,1000,95554.10204210269,110.14396504611723,-522.2294897894865
4231,no_triple_random5,0,0.0,1000,96832.42032117737,112.28773216256818,-515.8378983941132
4236,avoid_crowd_top5,0,0.0,1000,125149.78473446099,75.3505781566013,-374.25107632769505
4236,chase_crowd_top5,0,0.0,1000,59542.96970876269,731.7125798992524,-702.2851514561866
4236,max_pred_prize_top5,0,0.0,1000,129670.88612573892,81.71228422293521,-351.6455693713053
4236,random_5,0,0.0,1000,82779.7528696139,138.72051132874486,-586.1012356519304
4236,no_triple_random5,0,0.0,1000,104589.4299092378,100.04471497712278,-477.05285045381095
4241,avoid_crowd_top5,0,0.0,1000,124212.9887062476,75.47474975587139,-378.935056468762
4241,chase_crowd_top5,0,0.0,1000,59570.909389804074,731.5373877934874,-702.1454530509795
4241,max_pred_prize_top5,0,0.0,1000,129599.37041231783,81.77926927161096,-352.00314793841085
4241,random_5,0,0.0,1000,91999.52642413664,112.28321409911807,-540.0023678793168
4241,no_triple_random5,0,0.0,1000,95872.13906702488,113.47280226573245,-520.6393046648756
4246,avoid_crowd_top5,0,0.0,1000,124316.88367694539,75.29997686907494,-378.415581615273
4246,chase_crowd_top5,0,0.0,1000,59579.30824575251,731.193524613321,-702.1034587712375
4246,max_pred_prize_top5,0,0.0,1000,129679.1310393041,81.68597894680377,-351.6043448034794
4246,random_5,0,0.0,1000,97564.68272826276,108.02238325128367,-512.1765863586861
4246,no_triple_random5,0,0.0,1000,94389.9007227674,126.07301159609779,-528.050496386163
4251,avoid_crowd_top5,0,0.0,1000,124285.55254621078,75.43821418203615,-378.5722372689461
4251,chase_crowd_top5,0,0.0,1000,59590.30949479153,730.7900258634951,-702.0484525260424
4251,max_pred_prize_top5,0,0.0,1000,129603.60389149445,81.93683555654948,-351.9819805425277
4251,random_5,0,0.0,1000,86377.14430855605,136.68236847915495,-568.1142784572198
4251,no_triple_random5,0,0.0,1000,99045.64041329085,112.9439447517049,-504.7717979335457
4256,avoid_crowd_top5,0,0.0,1000,124284.40062399003,75.48567955475693,-378.5779968800498
4256,chase_crowd_top5,0,0.0,1000,59582.67705846559,730.3138103233966,-702.086614707672
4256,max_pred_prize_top5,0,0.0,1000,129641.36134592402,81.83212070604193,-351.7931932703799
4256,random_5,0,0.0,1000,92934.11732447613,113.59247659075984,-535.3294133776194
4256,no_triple_random5,0,0.0,1000,106455.96149039408,107.78354753842707,-467.72019254802956
4261,avoid_crowd_top5,0,0.0,1000,124237.6233100296,75.47312521631679,-378.81188344985196
4261,chase_crowd_top5,0,0.0,1000,59595.00328597415,730.360476744193,-702.0249835701293
4261,max_pred_prize_top5,0,0.0,1000,129627.84709766027,81.82687521417952,-351.8607645116987
4261,random_5,0,0.0,1000,98189.94726372717,115.82388237030632,-509.05026368136413
4261,no_triple_random5,0,0.0,1000,83842.01918718996,132.21930279949078,-580.7899040640502
4266,avoid_crowd_top5,0,0.0,1000,124321.77413909575,75.27123869336734,-378.3911293045212
4266,chase_crowd_top5,0,0.0,1000,59571.52192665277,731.1252861195071,-702.1423903667362
4266,max_pred_prize_top5,0,0.0,1000,129652.05222111517,81.696955912678,-351.73973889442414
4266,random_5,0,0.0,1000,91123.87947683153,138.25409737086122,-544.3806026158423
4266,no_triple_random5,0,0.0,1000,94916.13785662621,116.47893221938402,-525.419310716869
4271,avoid_crowd_top5,0,0.0,1000,124317.30890100198,75.1733174625794,-378.4134554949901
4271,chase_crowd_top5,0,0.0,1000,59566.177109146745,730.952608583051,-702.1691144542663
4271,max_pred_prize_top5,0,0.0,1000,129639.4238540522,81.67333541631297,-351.80288072973894
4271,random_5,0,0.0,1000,85928.67569724958,124.12923348197691,-570.3566215137521
4271,no_triple_random5,0,0.0,1000,93488.75738838373,112.59580924805479,-532.5562130580813
4276,avoid_crowd_top5,0,0.0,1000,124333.1339004355,75.07232534190365,-378.3343304978225
4276,chase_crowd_top5,0,0.0,1000,59556.5924687427,731.3944891525506,-702.2170376562865
4276,max_pred_prize_top5,0,0.0,1000,129620.57540857543,81.63617354211608,-351.89712295712286
4276,random_5,0,0.0,1000,86115.56318244983,119.20882020771974,-569.4221840877508
4276,no_triple_random5,0,0.0,1000,105380.57407389923,98.88599368766037,-473.0971296305038
4281,avoid_crowd_top5,0,0.0,1000,124293.31153874137,75.13844984627033,-378.5334423062932
4281,chase_crowd_top5,0,0.0,1000,59535.43783937108,731.2757832189803,-702.3228108031446
4281,max_pred_prize_top5,0,0.0,1000,129619.88487211356,81.66698869572701,-351.9005756394322
4281,random_5,0,0.0,1000,89045.62387908212,127.70540518510515,-554.7718806045893
4281,no_triple_random5,0,0.0,1000,97312.72552907828,112.42406723706048,-513.4363723546086
4286,avoid_crowd_top5,0,0.0,1000,124282.76981568907,75.04183564688012,-378.5861509215547
4286,chase_crowd_top5,0,0.0,1000,59544.0208368101,731.3085544608327,-702.2798958159494
4286,max_pred_prize_top5,0,0.0,1000,129614.39799649191,81.68663053814072,-351.9280100175404
4286,random_5,0,0.0,1000,88060.02775924173,113.09504539333238,-559.6998612037914
4286,no_triple_random5,0,0.0,1000,93895.57603176564,123.83291220725769,-530.5221198411718
4291,avoid_crowd_top5,0,0.0,1000,124221.58304662257,75.0261291203492,-378.89208476688714
4291,chase_crowd_top5,0,0.0,1000,58941.06415431653,734.7845616417468,-705.2946792284174
4291,max_pred_prize_top5,0,0.0,1000,129578.43208432375,81.69307698267595,-352.10783957838123
4291,random_5,0,0.0,1000,82452.15829069023,142.7014310329098,-587.7392085465488
4291,no_triple_random5,0,0.0,1000,92900.83377502221,115.02310511366314,-535.4958311248889
4296,avoid_crowd_top5,0,0.0,1000,124249.47747382386,75.07271104054257,-378.75261263088066
4296,chase_crowd_top5,0,0.0,1000,58947.625336384655,734.5612264717818,-705.2618733180767
4296,max_pred_prize_top5,0,0.0,1000,129601.852855171,81.67887341768343,-351.990735724145
4296,random_5,0,0.0,1000,94876.62465537692,111.10089029166765,-525.6168767231154
4296,no_triple_random5,0,0.0,1000,96179.35739810133,113.68419057145472,-519.1032130094934
4301,avoid_crowd_top5,0,0.0,1000,124273.27603134765,75.01076409930798,-378.6336198432617
4301,chase_crowd_top5,0,0.0,1000,58942.703069334246,734.6749534047699,-705.2864846533288
4301,max_pred_prize_top5,0,0.0,1000,129643.26762459081,81.56606465902857,-351.7836618770459
4301,random_5,0,0.0,1000,88036.65077382917,135.61829580567408,-559.8167461308542
4301,no_triple_random5,0,0.0,1000,93725.69581389068,124.83036445404343,-531.3715209305466
4306,avoid_crowd_top5,0,0.0,1000,124238.2047258277,75.08378352573371,-378.8089763708615
4306,chase_crowd_top5,0,0.0,1000,58950.83746953467,734.4928563881607,-705.2458126523265
4306,max_pred_prize_top5,0,0.0,1000,129693.36592623596,81.4993338089879,-351.53317036882015
4306,random_5,0,0.0,1000,92523.74291099467,126.33036144235011,-537.3812854450266
4306,no_triple_random5,0,0.0,1000,89730.35024133067,125.80088096364338,-551.3482487933466
4311,avoid_crowd_top5,0,0.0,1000,124178.29928925126,75.12775132551572,-379.10850355374373
4311,chase_crowd_top5,0,0.0,1000,58983.21322098926,734.750604403838,-705.0839338950536
4311,max_pred_prize_top5,0,0.0,1000,129589.44720516323,81.56530826542553,-352.0527639741838
4311,random_5,0,0.0,1000,89784.97009868876,126.02663704139086,-551.0751495065562
4311,no_triple_random5,0,0.0,1000,92378.23055340981,114.64547848347028,-538.1088472329509
4316,avoid_crowd_top5,0,0.0,1000,124181.56666743921,75.04664846856906,-379.09216666280395
4316,chase_crowd_top5,0,0.0,1000,59007.176677566604,735.2997785967545,-704.9641166121669
4316,max_pred_prize_top5,0,0.0,1000,129581.68567015303,81.51725003568885,-352.09157164923477
4316,random_5,0,0.0,1000,96508.02813075844,114.49180769652958,-517.4598593462078
4316,no_triple_random5,0,0.0,1000,99001.26720490342,107.64014364523348,-504.9936639754829
4321,avoid_crowd_top5,0,0.0,1000,124203.38496000777,74.82055868045228,-378.98307519996115
4321,chase_crowd_top5,0,0.0,1000,59009.98538354414,735.4157548564071,-704.9500730822792
4321,max_pred_prize_top5,0,0.0,1000,129574.20674961428,81.35961335593294,-352.12896625192855
4321,random_5,0,0.0,1000,94656.58839323375,125.30641174095479,-526.7170580338313
4321,no_triple_random5,0,0.0,1000,86047.26188871945,131.5654900092854,-569.7636905564027
4326,avoid_crowd_top5,0,0.0,1000,124271.9866117404,74.78902830363711,-378.64006694129796
4326,chase_crowd_top5,0,0.0,1000,59027.54197439549,734.5335825354487,-704.8622901280226
4326,max_pred_prize_top5,0,0.0,1000,129663.16198485324,81.36319765412838,-351.6841900757338
4326,random_5,0,0.0,1000,94399.6624026658,118.93790090790347,-528.001687986671
4326,no_triple_random5,0,0.0,1000,104617.80592592788,104.83274717303593,-476.9109703703606
4331,avoid_crowd_top5,0,0.0,1000,124318.09479014893,74.69180099642753,-378.4095260492553
4331,chase_crowd_top5,0,0.0,1000,59018.83617093437,735.1251307217135,-704.9058191453281
4331,max_pred_prize_top5,0,0.0,1000,129679.48608327126,81.35386790561965,-351.6025695836437
4331,random_5,0,0.0,1000,96692.52833326701,110.25728274156673,-516.537358333665
4331,no_triple_random5,0,0.0,1000,95347.81391338685,106.18971438694894,-523.2609304330657
4336,avoid_crowd_top5,0,0.0,1000,124283.48374049047,74.76616257914174,-378.5825812975477
4336,chase_crowd_top5,0,0.0,1000,59019.43437222906,734.6505450609,-704.9028281388547
4336,max_pred_prize_top5,0,0.0,1000,129670.79380357265,81.39514679242217,-351.6460309821367
4336,random_5,0,0.0,1000,92629.04181794224,127.64816071098585,-536.8547909102888
4336,no_triple_random5,0,0.0,1000,94453.9708708805,109.83662907997427,-527.7301456455975
4341,avoid_crowd_top5,0,0.0,1000,124316.73238359662,74.7741092771475,-378.41633808201686
4341,chase_crowd_top5,0,0.0,1000,59026.33703481148,734.1183497189658,-704.8683148259427
4341,max_pred_prize_top5,0,0.0,1000,129702.27577746981,81.42364550909477,-351.4886211126509
4341,random_5,0,0.0,1000,91594.34470789321,123.35797442213402,-542.028276460534
4341,no_triple_random5,0,0.0,1000,90580.1855897503,125.10269822979467,-547.0990720512485
4346,avoid_crowd_top5,0,0.0,1000,124271.51674102084,74.68338526023533,-378.64241629489584
4346,chase_crowd_top5,0,0.0,1000,59032.99782361703,734.0498466780879,-704.8350108819149
4346,max_pred_prize_top5,0,0.0,1000,129678.4610324493,81.27686805076009,-351.60769483775346
4346,random_5,0,0.0,1000,89766.32287376499,124.64348814838165,-551.168385631175
4346,no_triple_random5,0,0.0,1000,91274.41516751322,120.93354406580629,-543.6279241624338
4351,avoid_crowd_top5,0,0.0,1000,124309.51515661746,74.54658574656436,-378.45242421691273
4351,chase_crowd_top5,0,0.0,1000,59035.32543461213,735.2720439733482,-704.8233728269392
4351,max_pred_prize_top5,0,0.0,1000,129654.44148364982,81.06292807277944,-351.7277925817509
4351,random_5,0,0.0,1000,90481.01634760087,132.85442037346286,-547.5949182619956
4351,no_triple_random5,0,0.0,1000,96526.27634490308,113.51875119900289,-517.3686182754846
4356,avoid_crowd_top5,0,0.0,1000,124303.39149821119,74.53843086818503,-378.4830425089441
4356,chase_crowd_top5,0,0.0,1000,59058.80312541671,735.5606306718249,-704.7059843729164
4356,max_pred_prize_top5,0,0.0,1000,129637.9397852758,81.0819934759644,-351.81030107362096
4356,random_5,0,0.0,1000,87301.0489318108,127.91249730039586,-563.494755340946
4356,no_triple_random5,0,0.0,1000,97399.54703277556,115.94661368317313,-513.0022648361222
4361,avoid_crowd_top5,0,0.0,1000,124334.6238172721,74.56625732444698,-378.32688091363946
4361,chase_crowd_top5,0,0.0,1000,59070.34141281132,735.4603406272752,-704.6482929359433
4361,max_pred_prize_top5,0,0.0,1000,129654.20751247209,81.05787335109626,-351.72896243763955
4361,random_5,0,0.0,1000,98208.25483224745,105.8780754395295,-508.95872583876275
4361,no_triple_random5,0,0.0,1000,87157.23057964515,118.94859616969856,-564.2138471017743
4366,avoid_crowd_top5,0,0.0,1000,124303.45902669625,74.64962203125206,-378.4827048665187
4366,chase_crowd_top5,0,0.0,1000,59069.598913197566,735.1381330257966,-704.6520054340122
4366,max_pred_prize_top5,0,0.0,1000,129589.39149616763,81.21389903089371,-352.05304251916186
4366,random_5,0,0.0,1000,94083.85056213793,115.07495130570146,-529.5807471893104
4366,no_triple_random5,0,0.0,1000,93629.60953341742,116.83138482134302,-531.8519523329129
4371,avoid_crowd_top5,0,0.0,1000,124300.1751484782,74.65708063812335,-378.49912425760897
4371,chase_crowd_top5,0,0.0,1000,59071.33032357284,734.7176088858979,-704.6433483821359
4371,max_pred_prize_top5,0,0.0,1000,129577.80508555549,81.16448106849035,-352.1109745722225
4371,random_5,0,0.0,1000,85229.99338048397,133.02552485907142,-573.8500330975801
4371,no_triple_random5,0,0.0,1000,84636.25696153569,126.18057539372612,-576.8187151923215
4376,avoid_crowd_top5,0,0.0,1000,124323.56225798551,74.6197604321884,-378.38218871007246
4376,chase_crowd_top5,0,0.0,1000,59050.10098604148,734.9667746737625,-704.7494950697926
4376,max_pred_prize_top5,0,0.0,1000,129595.30852741681,81.11544711106531,-352.0234573629159
4376,random_5,0,0.0,1000,98632.45355371581,109.8934830986968,-506.83773223142094
4376,no_triple_random5,0,0.0,1000,99436.05097794249,103.68120162596355,-502.81974511028756
4381,avoid_crowd_top5,0,0.0,1000,124331.46179755754,74.54321469408532,-378.3426910122123
4381,chase_crowd_top5,0,0.0,1000,59060.20350569017,734.9511880706683,-704.6989824715491
4381,max_pred_prize_top5,0,0.0,1000,129596.29832898134,80.96140749623433,-352.01850835509333
4381,random_5,0,0.0,1000,80958.1748757486,131.10796969956053,-595.209125621257
4381,no_triple_random5,0,0.0,1000,103642.58114315299,107.72402268231522,-481.7870942842351
4386,avoid_crowd_top5,0,0.0,1000,124324.18218443643,74.44915173807784,-378.37908907781787
4386,chase_crowd_top5,0,0.0,1000,59063.768219446545,734.4993176681553,-704.6811589027673
4386,max_pred_prize_top5,1,69200.0,1000,129589.98082569722,80.88842678534853,-352.0500958715139
4386,random_5,0,0.0,1000,106429.71409303257,99.18602853107326,-467.85142953483717
4386,no_triple_random5,0,0.0,1000,87748.91607531712,131.40784729921725,-561.2554196234144
4391,avoid_crowd_top5,0,0.0,1000,124002.16078425222,74.53662819500438,-379.9891960787389
4391,chase_crowd_top5,0,0.0,1000,59067.743341646,734.5480307858774,-704.66128329177
4391,max_pred_prize_top5,0,0.0,1000,129085.65407149184,81.06925498954124,-354.57172964254084
4391,random_5,0,0.0,1000,94447.83196813945,109.33138555823193,-527.7608401593027
4391,no_triple_random5,0,0.0,1000,98330.91941122136,108.03938935259355,-508.3454029438932
4396,avoid_crowd_top5,0,0.0,1000,124059.68879423838,74.38820620879768,-379.7015560288081
4396,chase_crowd_top5,0,0.0,1000,59058.53182090489,734.3507261638763,-704.7073408954755
4396,max_pred_prize_top5,0,0.0,1000,129136.18233074923,80.98603669076762,-354.3190883462538
4396,random_5,0,0.0,1000,98974.56669127679,117.62119921832627,-505.12716654361606
4396,no_triple_random5,0,0.0,1000,101711.41494196889,103.94160588488288,-491.44292529015553
4401,avoid_crowd_top5,0,0.0,1000,124173.20248892307,74.19990714759174,-379.1339875553847
4401,chase_crowd_top5,0,0.0,1000,59056.53524221148,734.4043573695909,-704.7173237889426
4401,max_pred_prize_top5,0,0.0,1000,129264.1371023331,80.67315913816053,-353.6793144883345
4401,random_5,0,0.0,1000,91268.31052621276,128.1209109261533,-543.6584473689361
4401,no_triple_random5,0,0.0,1000,99287.80180613356,111.02688698310264,-503.5609909693322
4406,avoid_crowd_top5,0,0.0,1000,124188.81209917436,74.16647115122092,-379.0559395041282
4406,chase_crowd_top5,0,0.0,1000,59021.52732509711,734.8699335462943,-704.8923633745144
4406,max_pred_prize_top5,0,0.0,1000,129199.14608449585,80.62331059434015,-354.00426957752074
4406,random_5,0,0.0,1000,87187.96463325247,192.33444405980103,-564.0601768337376
4406,no_triple_random5,0,0.0,1000,90485.53578082511,111.61985139317429,-547.5723210958745
4411,avoid_crowd_top5,0,0.0,1000,123981.01094878504,74.13414493949554,-380.09494525607477
4411,chase_crowd_top5,0,0.0,1000,59028.22759180072,734.9131246449581,-704.8588620409964
4411,max_pred_prize_top5,0,0.0,1000,129051.20924895753,80.51364658460434,-354.7439537552124
4411,random_5,0,0.0,1000,96298.43786700326,111.16153297156916,-518.5078106649837
4411,no_triple_random5,0,0.0,1000,85652.12786172764,130.81935199920744,-571.7393606913618
4416,avoid_crowd_top5,0,0.0,1000,123901.93979910933,74.16399517462725,-380.4903010044534
4416,chase_crowd_top5,0,0.0,1000,59034.84660921707,734.7562235384131,-704.8257669539146
4416,max_pred_prize_top5,0,0.0,1000,129006.13108249982,80.61323873292937,-354.9693445875009
4416,random_5,0,0.0,1000,87362.68933851748,121.77468424199446,-563.1865533074126
4416,no_triple_random5,0,0.0,1000,87775.91596909749,118.70632775418713,-561.1204201545125
4421,avoid_crowd_top5,0,0.0,1000,123921.09197731623,74.13907628653347,-380.3945401134189
4421,chase_crowd_top5,0,0.0,1000,59035.447723881734,734.9336987482544,-704.8227613805914
4421,max_pred_prize_top5,0,0.0,1000,129017.74252795328,80.59969551461855,-354.9112873602336
4421,random_5,0,0.0,1000,97944.73500892324,117.31240457864654,-510.2763249553838
4421,no_triple_random5,0,0.0,1000,85710.25222330331,123.16525874506462,-571.4487388834834
4426,avoid_crowd_top5,0,0.0,1000,123875.46715329157,74.20247320155579,-380.6226642335422
4426,chase_crowd_top5,0,0.0,1000,59069.9146145712,733.9355678847407,-704.650426927144
4426,max_pred_prize_top5,0,0.0,1000,129045.0212578727,80.56041371329152,-354.77489371063655
4426,random_5,0,0.0,1000,89685.30022214883,127.50826760255248,-551.5734988892559
4426,no_triple_random5,0,0.0,1000,87802.07199661506,139.76848688979197,-560.9896400169247
4431,avoid_crowd_top5,0,0.0,1000,123849.37283589835,74.1353856797494,-380.7531358205082
4431,chase_crowd_top5,0,0.0,1000,59064.88774391521,733.7162505240595,-704.675561280424
4431,max_pred_prize_top5,0,0.0,1000,129039.034349964,80.5322292103665,-354.80482825018
4431,random_5,0,0.0,1000,88048.05414397155,114.52110047391825,-559.7597292801422
4431,no_triple_random5,0,0.0,1000,87697.49909165109,124.80798081002311,-561.5125045417445
4436,avoid_crowd_top5,0,0.0,1000,123656.94002341715,74.1566487492274,-381.7152998829142
4436,chase_crowd_top5,0,0.0,1000,59069.90570439771,734.0060462722895,-704.6504714780115
4436,max_pred_prize_top5,0,0.0,1000,128690.6965165657,80.6650839481788,-356.54651741717146
4436,random_5,0,0.0,1000,105364.6472050896,105.06625270959312,-473.17676397455205
4436,no_triple_random5,0,0.0,1000,92522.06658675456,117.31322500786632,-537.3896670662272
4441,avoid_crowd_top5,0,0.0,1000,123708.85032917927,74.15777149376666,-381.45574835410366
4441,chase_crowd_top5,0,0.0,1000,59062.91803607401,734.4828412746768,-704.68540981963
4441,max_pred_prize_top5,0,0.0,1000,128744.02900733596,80.69137956638878,-356.2798549633202
4441,random_5,0,0.0,1000,87268.75374419554,124.8046548866328,-563.6562312790223
4441,no_triple_random5,0,0.0,1000,98042.24680277515,115.66569656281806,-509.78876598612425
4446,avoid_crowd_top5,0,0.0,1000,123704.79425439684,74.1684867129471,-381.47602872801576
4446,chase_crowd_top5,0,0.0,1000,59061.184077646234,734.1162048644079,-704.6940796117688
4446,max_pred_prize_top5,0,0.0,1000,128784.50302589001,80.5959178710541,-356.07748487054994
4446,random_5,0,0.0,1000,98759.9672889867,100.22288054943445,-506.20016355506647
4446,no_triple_random5,0,0.0,1000,92662.8066897288,117.57585551037664,-536.685966551356
4451,avoid_crowd_top5,0,0.0,1000,123697.58173047255,74.04316065278209,-381.51209134763724
4451,chase_crowd_top5,0,0.0,1000,59043.19469447808,734.4279287924453,-704.7840265276095
4451,max_pred_prize_top5,0,0.0,1000,128787.59798123552,80.53980495250774,-356.0620100938223
4451,random_5,0,0.0,1000,92358.19175041217,122.0178463685531,-538.2090412479392
4451,no_triple_random5,0,0.0,1000,92048.3097670471,126.58147232374525,-539.7584511647644
4456,avoid_crowd_top5,0,0.0,1000,123670.6466752529,73.98060484800958,-381.6467666237355
4456,chase_crowd_top5,0,0.0,1000,59046.63658292052,734.0187972021952,-704.7668170853974
4456,max_pred_prize_top5,0,0.0,1000,128764.26895486892,80.51514206008588,-356.17865522565535
4456,random_5,0,0.0,1000,83545.62663593605,132.61397426657874,-582.2718668203197
4456,no_triple_random5,0,0.0,1000,96692.21181624368,109.98936334650098,-516.5389409187816
4461,avoid_crowd_top5,0,0.0,1000,123685.80127657799,73.88712940573403,-381.57099361711005
4461,chase_crowd_top5,0,0.0,1000,59051.383374248166,733.9165320268771,-704.7430831287592
4461,max_pred_prize_top5,0,0.0,1000,128767.56139542299,80.45836181551236,-356.16219302288505
4461,random_5,0,0.0,1000,98443.40845329857,105.75876061103142,-507.78295773350715
4461,no_triple_random5,0,0.0,1000,96168.03161664351,106.71572940831788,-519.1598419167824
4466,avoid_crowd_top5,0,0.0,1000,123673.74373119281,73.89047865814655,-381.631281344036
4466,chase_crowd_top5,0,0.0,1000,59026.07382246361,734.0946105519524,-704.869630887682
4466,max_pred_prize_top5,0,0.0,1000,128757.06727083222,80.42205869177894,-356.21466364583887
4466,random_5,0,0.0,1000,92118.7233823821,113.79411187070787,-539.4063830880896
4466,no_triple_random5,0,0.0,1000,90666.17650966547,123.63507035306482,-546.6691174516727
4471,avoid_crowd_top5,0,0.0,1000,123617.93821478414,73.87159548227925,-381.9103089260793
4471,chase_crowd_top5,0,0.0,1000,59003.53454666315,734.3635040996314,-704.9823272666843
4471,max_pred_prize_top5,0,0.0,1000,128630.92127016035,80.39788106176064,-356.8453936491982
4471,random_5,0,0.0,1000,86742.44771717726,269.1134296417348,-566.2877614141137
4471,no_triple_random5,0,0.0,1000,94318.15219163896,104.56058137377072,-528.4092390418052
4476,avoid_crowd_top5,0,0.0,1000,123542.46594085265,73.97106653198979,-382.2876702957367
4476,chase_crowd_top5,0,0.0,1000,58967.291452752346,735.242048852009,-705.1635427362382
4476,max_pred_prize_top5,0,0.0,1000,128596.23599572526,81.33379000360523,-357.0188200213737
4476,random_5,0,0.0,1000,92659.70974728557,110.92913211214636,-536.7014512635722
4476,no_triple_random5,0,0.0,1000,88310.98595638484,120.53122541425387,-558.4450702180758
4481,avoid_crowd_top5,0,0.0,1000,123655.69435159051,73.93159080401264,-381.7215282420474
4481,chase_crowd_top5,0,0.0,1000,59669.14940482164,718.9047745871723,-701.6542529758917
4481,max_pred_prize_top5,0,0.0,1000,128605.21899116694,80.54959230546596,-356.97390504416524
4481,random_5,0,0.0,1000,94896.72132489052,115.29063837924255,-525.5163933755474
4481,no_triple_random5,0,0.0,1000,93037.00212676018,115.3700295156161,-534.8149893661991
4486,avoid_crowd_top5,0,0.0,1000,123667.7884199807,73.8465504416668,-381.66105790009647
4486,chase_crowd_top5,0,0.0,1000,59662.986931725565,719.0156600496699,-701.6850653413721
4486,max_pred_prize_top5,0,0.0,1000,128588.7662598594,80.55577352237046,-357.056168700703
4486,random_5,0,0.0,1000,97396.4113061007,106.6309568526132,-513.0179434694965
4486,no_triple_random5,0,0.0,1000,94320.69575299519,106.10948400274262,-528.396521235024
4491,avoid_crowd_top5,0,0.0,1000,123640.532999564,73.95824183533946,-381.7973350021799
4491,chase_crowd_top5,0,0.0,1000,59680.58346366091,719.3241406082836,-701.5970826816954
4491,max_pred_prize_top5,0,0.0,1000,128565.56879598854,80.65168962744374,-357.1721560200573
4491,random_5,0,0.0,1000,93233.93854781904,124.37167722160567,-533.8303072609049
4491,no_triple_random5,0,0.0,1000,95631.09955204556,113.62351971027597,-521.8445022397722
4496,avoid_crowd_top5,0,0.0,1000,123618.48387522071,73.86135936141636,-381.90758062389637
4496,chase_crowd_top5,0,0.0,1000,59685.2198721567,719.3167994323403,-701.5739006392165
4496,max_pred_prize_top5,0,0.0,1000,128562.8330504025,80.55936005475822,-357.1858347479874
4496,random_5,0,0.0,1000,95233.25550093224,119.41808310271752,-523.8337224953389
4496,no_triple_random5,0,0.0,1000,89406.73357095408,119.26634369341647,-552.9663321452297
4501,avoid_crowd_top5,0,0.0,1000,123593.94782503348,73.96058376926939,-382.0302608748326
4501,chase_crowd_top5,0,0.0,1000,59687.57700619658,718.7254720691008,-701.5621149690171
4501,max_pred_prize_top5,0,0.0,1000,128539.97726504039,80.6464179762097,-357.300113674798
4501,random_5,0,0.0,1000,92298.52885210243,113.11587430859882,-538.5073557394878
4501,no_triple_random5,0,0.0,1000,93838.41692613994,119.33517021161667,-530.8079153693003
4506,avoid_crowd_top5,0,0.0,1000,123566.96998708432,74.01839121259738,-382.16515006457837
4506,chase_crowd_top5,0,0.0,1000,59690.929007403975,718.531607574157,-701.5453549629801
4506,max_pred_prize_top5,0,0.0,1000,128516.66166445256,80.74966522447862,-357.41669167773716
4506,random_5,0,0.0,1000,88199.71049355024,123.37886873148723,-559.0014475322488
4506,no_triple_random5,0,0.0,1000,96492.36426705957,117.86545752821885,-517.5381786647022
4511,avoid_crowd_top5,0,0.0,1000,123644.65878466456,73.92376878861596,-381.7767060766772
4511,chase_crowd_top5,0,0.0,1000,59701.098795562706,718.2318978198984,-701.4945060221864
4511,max_pred_prize_top5,0,0.0,1000,128559.86741536824,80.6810736387265,-357.2006629231588
4511,random_5,0,0.0,1000,86831.63034324329,124.92700707397194,-565.8418482837835
4511,no_triple_random5,0,0.0,1000,95061.52766676068,117.76237614362014,-524.6923616661966
4516,avoid_crowd_top5,0,0.0,1000,123698.65617270535,73.77921100425405,-381.5067191364733
4516,chase_crowd_top5,0,0.0,1000,59696.44627481012,718.7313969808432,-701.5177686259494
4516,max_pred_prize_top5,0,0.0,1000,128656.67580949557,80.57559099448794,-356.71662095252213
4516,random_5,0,0.0,1000,96243.79084976789,112.86421925876266,-518.7810457511605
4516,no_triple_random5,0,0.0,1000,97428.73304746792,114.09305741308216,-512.8563347626605
4521,avoid_crowd_top5,0,0.0,1000,123580.16091739759,73.69872878545462,-382.099195413012
4521,chase_crowd_top5,0,0.0,1000,60733.727163448035,697.2894401489636,-696.3313641827599
4521,max_pred_prize_top5,0,0.0,1000,128567.71380590214,80.55233836187377,-357.1614309704893
4521,random_5,0,0.0,1000,92611.3745900823,113.09264486133493,-536.9431270495885
4521,no_triple_random5,0,0.0,1000,93040.83004939475,113.92189672422828,-534.7958497530262
4526,avoid_crowd_top5,0,0.0,1000,123437.53427285166,73.64887151574212,-382.81232863574166
4526,chase_crowd_top5,0,0.0,1000,60756.45892001172,697.2449463020155,-696.2177053999415
4526,max_pred_prize_top5,0,0.0,1000,128483.20507708658,80.51959438855053,-357.58397461456707
4526,random_5,0,0.0,1000,88659.33898537172,206.03846311208562,-556.7033050731413
4526,no_triple_random5,0,0.0,1000,99609.12879493393,106.07099832096337,-501.95435602533036
4531,avoid_crowd_top5,0,0.0,1000,123511.70036845708,73.42787957593966,-382.4414981577146
4531,chase_crowd_top5,0,0.0,1000,60737.08243369604,697.5880684697934,-696.3145878315197
4531,max_pred_prize_top5,0,0.0,1000,128558.94035702843,80.29903153064183,-357.20529821485786
4531,random_5,0,0.0,1000,97973.7425200486,107.3380064849407,-510.13128739975696
4531,no_triple_random5,0,0.0,1000,92405.78211243174,117.51823774798535,-537.9710894378413
4536,avoid_crowd_top5,0,0.0,1000,123512.44799723828,73.46374412881549,-382.43776001380854
4536,chase_crowd_top5,0,0.0,1000,60722.2423423338,698.6005235144698,-696.3887882883309
4536,max_pred_prize_top5,0,0.0,1000,128546.70150697487,80.38860133446855,-357.26649246512557
4536,random_5,0,0.0,1000,90088.55671399133,116.0668661156795,-549.5572164300434
4536,no_triple_random5,0,0.0,1000,91554.21466227318,115.81643430402679,-542.2289266886341
4541,avoid_crowd_top5,0,0.0,1000,123486.71101043615,73.40831413986345,-382.56644494781926
4541,chase_crowd_top5,0,0.0,1000,60735.182860017776,699.2607326094809,-696.3240856999112
4541,max_pred_prize_top5,0,0.0,1000,128524.38049168212,80.32587495314448,-357.37809754158934
4541,random_5,0,0.0,1000,102367.05927536445,108.11708940243463,-488.1647036231778
4541,no_triple_random5,0,0.0,1000,91411.35719512482,115.16916231781416,-542.943214024376
4546,avoid_crowd_top5,0,0.0,1000,123359.78104672217,73.46068088279561,-383.20109476638913
4546,chase_crowd_top5,0,0.0,1000,60746.5014596576,699.4985174857618,-696.267492701712
4546,max_pred_prize_top5,0,0.0,1000,128470.05587833034,80.39843770855789,-357.6497206083483
4546,random_5,0,0.0,1000,102701.59894456872,118.17854752439641,-486.4920052771564
4546,no_triple_random5,0,0.0,1000,93739.75247829912,116.50908871958043,-531.3012376085044
4551,avoid_crowd_top5,0,0.0,1000,123366.30519269232,73.47553534615864,-383.1684740365383
4551,chase_crowd_top5,0,0.0,1000,60748.597339934415,699.6486968268744,-696.2570133003279
4551,max_pred_prize_top5,0,0.0,1000,128435.19266231963,80.4078183410783,-357.82403668840186
4551,random_5,0,0.0,1000,92216.16163111813,204.03694543276453,-538.9191918444094
4551,no_triple_random5,0,0.0,1000,94476.97344106485,105.12162443377376,-527.6151327946757
4556,avoid_crowd_top5,0,0.0,1000,123376.46368583082,73.45907257025576,-383.1176815708459
4556,chase_crowd_top5,0,0.0,1000,60754.84730162604,699.4300807372912,-696.2257634918698
4556,max_pred_prize_top5,0,0.0,1000,128430.3006323942,80.42738607249953,-357.84849683802906
4556,random_5,0,0.0,1000,100041.00959522663,100.5132756678633,-499.79495202386687
4556,no_triple_random5,0,0.0,1000,92055.11645406314,118.16153950478959,-539.7244177296843
4561,avoid_crowd_top5,0,0.0,1000,123404.43339200919,73.44484872103129,-382.977833039954
4561,chase_crowd_top5,0,0.0,1000,60754.60764236217,699.3566077896911,-696.2269617881891
4561,max_pred_prize_top5,0,0.0,1000,128447.12125071794,80.45168096943749,-357.7643937464103
4561,random_5,0,0.0,1000,95596.91207675643,106.14580968828957,-522.0154396162179
4561,no_triple_random5,0,0.0,1000,100272.06800828691,107.09718617010603,-498.63965995856546
4566,avoid_crowd_top5,0,0.0,1000,123380.86591207903,73.37623244867564,-383.0956704396049
4566,chase_crowd_top5,0,0.0,1000,60766.50727929881,698.7696278839582,-696.1674636035059
4566,max_pred_prize_top5,0,0.0,1000,128370.00100273956,80.5683946833982,-358.1499949863022
4566,random_5,0,0.0,1000,96496.58431072067,107.2969859631817,-517.5170784463967
4566,no_triple_random5,0,0.0,1000,99451.20998936924,109.31725155301388,-502.7439500531538
4571,avoid_crowd_top5,0,0.0,1000,123363.77071941577,73.35831659914814,-383.1811464029212
4571,chase_crowd_top5,0,0.0,1000,60764.88397778287,699.1961619013779,-696.1755801110857
4571,max_pred_prize_top5,0,0.0,1000,128376.5920603254,80.44776743593408,-358.117039698373
4571,random_5,0,0.0,1000,98075.18415243513,116.73858661792505,-509.62407923782433
4571,no_triple_random5,0,0.0,1000,96243.73764388551,112.49770843823862,-518.7813117805724
4576,avoid_crowd_top5,0,0.0,1000,123322.07583778678,73.37216145153693,-383.38962081106615
4576,chase_crowd_top5,0,0.0,1000,60770.96408809696,698.970670845089,-696.1451795595152
4576,max_pred_prize_top5,0,0.0,1000,128382.60279745748,80.38012942627094,-358.0869860127126
4576,random_5,0,0.0,1000,95616.62626215562,107.98630212696466,-521.9168686892219
4576,no_triple_random5,0,0.0,1000,98840.18206816653,109.38768619251184,-505.79908965916735
4581,avoid_crowd_top5,0,0.0,1000,123351.07205808147,73.38034135617053,-383.24463970959266
4581,chase_crowd_top5,0,0.0,1000,60790.01362297607,699.1332150439742,-696.0499318851196
4581,max_pred_prize_top5,0,0.0,1000,128444.4831752859,80.39134218001098,-357.7775841235705
4581,random_5,0,0.0,1000,95178.68854111774,111.72319795655103,-524.1065572944112
4581,no_triple_random5,0,0.0,1000,98709.07879991908,99.36488467307822,-506.45460600040457
4586,avoid_crowd_top5,0,0.0,1000,123349.03172377302,73.40237894731077,-383.25484138113484
4586,chase_crowd_top5,0,0.0,1000,60797.359399720175,698.9611931361492,-696.0132030013991
4586,max_pred_prize_top5,0,0.0,1000,128461.88767163704,80.37278943168528,-357.6905616418147
4586,random_5,0,0.0,1000,103996.35772088381,101.01664889413077,-480.0182113955809
4586,no_triple_random5,0,0.0,1000,90851.31556039743,120.61444279960922,-545.7434221980129
4591,avoid_crowd_top5,0,0.0,1000,123267.56270164724,73.50491035034149,-383.6621864917638
4591,chase_crowd_top5,0,0.0,1000,60794.60898127258,698.9856993221027,-696.0269550936371
4591,max_pred_prize_top5,0,0.0,1000,128345.54891852182,80.62818197551515,-358.27225540739084
4591,random_5,0,0.0,1000,91328.91240942598,118.13988571245235,-543.35543795287
4591,no_triple_random5,0,0.0,1000,89328.51008071323,119.76418832545725,-553.3574495964339
4596,avoid_crowd_top5,0,0.0,1000,123315.89755888791,73.46676573919483,-383.4205122055604
4596,chase_crowd_top5,0,0.0,1000,60791.49287715944,699.1913041353545,-696.0425356142027
4596,max_pred_prize_top5,0,0.0,1000,128364.95609252318,80.67379303391186,-358.1752195373841
4596,random_5,0,0.0,1000,97544.23569061492,106.41606808046144,-512.2788215469254
4596,no_triple_random5,0,0.0,1000,87272.09463829243,124.93273119315214,-563.6395268085378
4601,avoid_crowd_top5,0,0.0,1000,123320.95976398198,73.3494827664296,-383.3952011800901
4601,chase_crowd_top5,0,0.0,1000,60807.189374095426,699.4292137149508,-695.9640531295229
4601,max_pred_prize_top5,0,0.0,1000,128342.04029152318,80.55098168412452,-358.2897985423841
4601,random_5,0,0.0,1000,87885.90427944079,127.93123881020108,-560.5704786027961
4601,no_triple_random5,0,0.0,1000,89363.77770247424,110.88999016638616,-553.1811114876289
4606,avoid_crowd_top5,0,0.0,1000,123344.70903980825,73.18173223448251,-383.27645480095873
4606,chase_crowd_top5,0,0.0,1000,60819.81422862987,699.2650372007388,-695.9009288568507
4606,max_pred_prize_top5,0,0.0,1000,128371.06173752742,80.30029477722873,-358.14469131236285
4606,random_5,0,0.0,1000,82971.95606977628,136.84771841026594,-585.1402196511185
4606,no_triple_random5,0,0.0,1000,91303.20966407345,117.63941389594845,-543.4839516796328
4611,avoid_crowd_top5,0,0.0,1000,123369.06855327454,73.20152637806478,-383.1546572336273
4611,chase_crowd_top5,1,58200.0,1000,60822.513469637444,699.4889979154302,-695.8874326518128
4611,max_pred_prize_top5,0,0.0,1000,128450.03263666652,80.19857943104813,-357.7498368166673
4611,random_5,0,0.0,1000,87861.8077573035,121.9085048553014,-560.6909612134825
4611,no_triple_random5,0,0.0,1000,87190.37050482642,124.46902822498865,-564.0481474758678
4616,avoid_crowd_top5,0,0.0,1000,123363.96703760962,73.14666807663579,-383.18016481195184
4616,chase_crowd_top5,0,0.0,1000,61022.51969651661,693.9887141543685,-694.887401517417
4616,max_pred_prize_top5,0,0.0,1000,128426.57771190474,80.1532751869853,-357.86711144047626
4616,random_5,0,0.0,1000,98474.91174083829,110.3729836529538,-507.62544129580857
4616,no_triple_random5,0,0.0,1000,94196.99484518947,103.8857675925379,-529.0150257740527
4621,avoid_crowd_top5,0,0.0,1000,123385.17228097885,73.17688107467826,-383.07413859510575
4621,chase_crowd_top5,0,0.0,1000,61055.3127986912,694.1787791275453,-694.723436006544
4621,max_pred_prize_top5,0,0.0,1000,128453.59550077694,80.18921908891417,-357.7320224961153
4621,random_5,0,0.0,1000,101644.13214699402,100.429661159849,-491.77933926502993
4621,no_triple_random5,0,0.0,1000,92954.40380312766,110.23288811289774,-535.2279809843617
4626,avoid_crowd_top5,0,0.0,1000,123462.19240588062,73.02234193176844,-382.6890379705969
4626,chase_crowd_top5,0,0.0,1000,61052.98779828411,694.3558982554347,-694.7350610085794
4626,max_pred_prize_top5,0,0.0,1000,128513.55358873188,80.07366045808786,-357.4322320563406
4626,random_5,0,0.0,1000,103654.68905646619,92.31844991902263,-481.72655471766905
4626,no_triple_random5,0,0.0,1000,87737.03406094818,126.61076343268522,-561.314829695259
4632,avoid_crowd_top5,0,0.0,1000,123499.68557577589,73.00227656808782,-382.5015721211205
4632,chase_crowd_top5,0,0.0,1000,61048.07743087413,694.0041838010525,-694.7596128456294
4632,max_pred_prize_top5,0,0.0,1000,128538.93828971533,80.05778551399274,-357.3053085514233
4632,random_5,0,0.0,1000,96269.83648345225,112.99402782455977,-518.6508175827387
4632,no_triple_random5,0,0.0,1000,95111.2102627299,108.3980629671843,-524.4439486863505
4637,avoid_crowd_top5,0,0.0,1000,123480.01752153719,72.96788924562497,-382.5999123923141
4637,chase_crowd_top5,0,0.0,1000,61024.13361435458,694.5868713870066,-694.8793319282271
4637,max_pred_prize_top5,0,0.0,1000,128474.45023794367,80.11451156344447,-357.62774881028156
4637,random_5,0,0.0,1000,99523.64852210719,100.00550708250235,-502.38175738946404
4637,no_triple_random5,0,0.0,1000,81791.64845214217,132.63390121233414,-591.0417577392891
4642,avoid_crowd_top5,0,0.0,1000,123485.54351732598,72.90812666328209,-382.5722824133701
4642,chase_crowd_top5,0,0.0,1000,61037.82781398042,693.7039955758561,-694.810860930098
4642,max_pred_prize_top5,0,0.0,1000,128473.56659961984,80.05007809535354,-357.6321670019008
4642,random_5,0,0.0,1000,94461.17860506997,188.25082428939294,-527.6941069746501
4642,no_triple_random5,0,0.0,1000,91905.58075125478,116.7439131335203,-540.4720962437261
4647,avoid_crowd_top5,0,0.0,1000,123461.8731392697,72.86693097141266,-382.69063430365156
4647,chase_crowd_top5,0,0.0,1000,61065.7297541258,693.014016737399,-694.671351229371
4647,max_pred_prize_top5,0,0.0,1000,128547.52076003581,79.90639059832543,-357.26239619982096
4647,random_5,0,0.0,1000,84525.22627543734,124.30067216704575,-577.3738686228132
4647,no_triple_random5,0,0.0,1000,86525.18967725479,125.57125115100841,-567.374051613726
4652,avoid_crowd_top5,0,0.0,1000,123428.22122235635,72.86884047369881,-382.8588938882182
4652,chase_crowd_top5,0,0.0,1000,61066.23723255303,693.6726644242148,-694.6688138372349
4652,max_pred_prize_top5,0,0.0,1000,128474.75686060998,79.95587215049345,-357.6262156969501
4652,random_5,0,0.0,1000,93771.66932698399,112.37300371591716,-531.1416533650801
4652,no_triple_random5,0,0.0,1000,91544.20513291853,120.50555110052471,-542.2789743354074
4657,avoid_crowd_top5,0,0.0,1000,123440.85484507827,72.8199255423368,-382.7957257746086
4657,chase_crowd_top5,0,0.0,1000,61055.26842979186,694.1692819912026,-694.7236578510407
4657,max_pred_prize_top5,0,0.0,1000,128484.27100591027,79.89978926082911,-357.57864497044864
4657,random_5,0,0.0,1000,104116.37893818768,98.15416691571083,-479.4181053090616
4657,no_triple_random5,0,0.0,1000,108829.81661441215,86.09026524447525,-455.85091692793924
4662,avoid_crowd_top5,0,0.0,1000,123471.7565701009,72.77734785654252,-382.64121714949545
4662,chase_crowd_top5,0,0.0,1000,61057.70893850492,694.6508993022481,-694.7114553074754
4662,max_pred_prize_top5,0,0.0,1000,128533.63215979857,79.7996335518707,-357.33183920100714
4662,random_5,0,0.0,1000,98944.84895639983,115.37008437369016,-505.2757552180008
4662,no_triple_random5,0,0.0,1000,95673.0383352321,108.68626460692512,-521.6348083238395
4667,avoid_crowd_top5,0,0.0,1000,123513.88777763683,72.6930755968489,-382.4305611118158
4667,chase_crowd_top5,0,0.0,1000,61054.75393514802,695.0929704362319,-694.7262303242599
4667,max_pred_prize_top5,0,0.0,1000,128576.35583737024,79.76565910354864,-357.1182208131488
4667,random_5,0,0.0,1000,90383.49159233125,118.57967791681745,-548.0825420383437
4667,no_triple_random5,0,0.0,1000,92457.74028496127,110.84112048023599,-537.7112985751937
4672,avoid_crowd_top5,1,99400.0,1000,123524.51190013663,72.57990021279628,-382.3774404993169
4672,chase_crowd_top5,0,0.0,1000,61064.95547494751,694.8414037602603,-694.6752226252624
4672,max_pred_prize_top5,1,99400.0,1000,128574.0995451089,79.68600949093688,-357.1295022744555
4672,random_5,0,0.0,1000,95750.55939758076,108.45454268452798,-521.2472030120962
4672,no_triple_random5,0,0.0,1000,90923.42306335802,117.79787372793649,-545.3828846832099
4677,avoid_crowd_top5,0,0.0,1000,123350.90103381193,72.5525310679574,-383.2454948309404
4677,chase_crowd_top5,0,0.0,1000,61078.11774726416,694.177891412143,-694.6094112636792
4677,max_pred_prize_top5,0,0.0,1000,128342.35181924017,79.66541983490296,-358.2882409037992
4677,random_5,0,0.0,1000,95239.55688390753,107.1168673956702,-523.8022155804624
4677,no_triple_random5,0,0.0,1000,86351.2597198627,130.00854768584728,-568.2437014006864
4682,avoid_crowd_top5,0,0.0,1000,123318.16321116628,72.50229129677055,-383.4091839441686
4682,chase_crowd_top5,0,0.0,1000,61103.54705472846,694.1548957844773,-694.4822647263577
4682,max_pred_prize_top5,0,0.0,1000,128356.76293084715,79.5673075839901,-358.2161853457642
4682,random_5,0,0.0,1000,85204.46079499078,123.28851430293867,-573.977696025046
4682,no_triple_random5,0,0.0,1000,91908.9602141214,126.08731372747229,-540.455198929393
4687,avoid_crowd_top5,0,0.0,1000,123291.7272392078,72.4519196524253,-383.54136380396096
4687,chase_crowd_top5,0,0.0,1000,61104.282054307594,693.8419501106357,-694.478589728462
4687,max_pred_prize_top5,0,0.0,1000,128383.7276231854,79.50279703571884,-358.081361884073
4687,random_5,0,0.0,1000,92822.96329756555,112.11772678250846,-535.8851835121723
4687,no_triple_random5,0,0.0,1000,97364.78822098825,114.20920565712959,-513.1760588950588
4692,avoid_crowd_top5,0,0.0,1000,123314.67719738689,72.41699140739343,-383.42661401306555
4692,chase_crowd_top5,0,0.0,1000,61113.05917227499,692.8168272956891,-694.434704138625
4692,max_pred_prize_top5,0,0.0,1000,128468.30928636692,79.3827338392628,-357.65845356816544
4692,random_5,0,0.0,1000,88047.54484814582,124.27608452790719,-559.7622757592709
4692,no_triple_random5,0,0.0,1000,92090.30187870724,125.3939876493254,-539.5484906064638
4697,avoid_crowd_top5,0,0.0,1000,123272.44572468323,72.43198480101096,-383.6377713765838
4697,chase_crowd_top5,0,0.0,1000,61114.98133858638,692.4337972772024,-694.4250933070681
4697,max_pred_prize_top5,0,0.0,1000,128468.07671530354,79.39836898503968,-357.65961642348225
4697,random_5,0,0.0,1000,89990.18465821138,115.08943547953523,-550.0490767089432
4697,no_triple_random5,0,0.0,1000,99305.58887152377,106.82009696999967,-503.4720556423812
4702,avoid_crowd_top5,0,0.0,1000,123232.97279042965,72.52577285834971,-383.83513604785173
4702,chase_crowd_top5,0,0.0,1000,61101.999291764085,692.6634706450873,-694.4900035411796
4702,max_pred_prize_top5,0,0.0,1000,128418.10141667277,79.93148640829057,-357.90949291663617
4702,random_5,0,0.0,1000,98935.84757674923,108.07888552028002,-505.32076211625383
4702,no_triple_random5,0,0.0,1000,96824.17931608755,105.39983986788931,-515.8791034195622
4707,avoid_crowd_top5,0,0.0,1000,123270.62234594647,72.48689611233908,-383.6468882702676
4707,chase_crowd_top5,0,0.0,1000,61146.07889925125,692.2597428109706,-694.2696055037437
4707,max_pred_prize_top5,0,0.0,1000,128494.6901616877,79.37361825039928,-357.52654919156146
4707,random_5,0,0.0,1000,91108.12498898862,118.88489096130192,-544.4593750550569
4707,no_triple_random5,0,0.0,1000,100992.92472715126,104.2692654672637,-495.0353763642437
4712,avoid_crowd_top5,0,0.0,1000,123172.87530580554,72.46048307679912,-384.1356234709723
4712,chase_crowd_top5,0,0.0,1000,61154.269589097436,691.9097778819871,-694.2286520545128
4712,max_pred_prize_top5,0,0.0,1000,128462.83709603145,79.11040255389,-357.6858145198428
4712,random_5,0,0.0,1000,98190.38003023813,102.6570926201501,-509.04809984880933
4712,no_triple_random5,0,0.0,1000,94452.5866657943,111.77681942493,-527.7370666710285
4717,avoid_crowd_top5,0,0.0,1000,123192.69845564102,72.34425295920066,-384.0365077217949
4717,chase_crowd_top5,0,0.0,1000,61180.962371042566,692.3587823453635,-694.0951881447872
4717,max_pred_prize_top5,0,0.0,1000,128480.30593926534,78.99110042705983,-357.59847030367325
4717,random_5,0,0.0,1000,100832.52955476874,102.17598263992872,-495.83735222615627
4717,no_triple_random5,0,0.0,1000,75617.34489292763,147.14682594175244,-621.9132755353619
4722,avoid_crowd_top5,0,0.0,1000,123262.24213791832,72.21407380126224,-383.6887893104084
4722,chase_crowd_top5,0,0.0,1000,61179.49939574457,692.179062747098,-694.1025030212771
4722,max_pred_prize_top5,0,0.0,1000,128527.12746355771,78.8954888632813,-357.36436268221144
4722,random_5,0,0.0,1000,85843.60831905666,216.30630001272561,-570.7819584047168
4722,no_triple_random5,0,0.0,1000,102404.64812219431,105.44701131966221,-487.9767593890284
4727,avoid_crowd_top5,0,0.0,1000,123209.48263100177,72.09204371665103,-383.9525868449912
4727,chase_crowd_top5,0,0.0,1000,61187.13902161697,692.1218409037278,-694.0643048919151
4727,max_pred_prize_top5,0,0.0,1000,128531.3366593322,78.71224355161146,-357.34331670333904
4727,random_5,0,0.0,1000,99440.67254181262,113.61153133589963,-502.7966372909369
4727,no_triple_random5,0,0.0,1000,98252.60499313191,105.36771926418771,-508.73697503434045
4732,avoid_crowd_top5,0,0.0,1000,123159.34577287466,72.06224714608624,-384.20327113562666
4732,chase_crowd_top5,0,0.0,1000,61181.39963986925,691.8623326335191,-694.0930018006538
4732,max_pred_prize_top5,0,0.0,1000,128478.54154357023,78.68350487816853,-357.6072922821488
4732,random_5,0,0.0,1000,93474.2780957957,106.75244137094812,-532.6286095210214
4732,no_triple_random5,0,0.0,1000,86872.51197599484,121.54035315654512,-565.6374401200258
4737,avoid_crowd_top5,0,0.0,1000,123165.91495518196,72.02346887537703,-384.1704252240902
4737,chase_crowd_top5,0,0.0,1000,61209.9841026177,690.937353550605,-693.9500794869115
4737,max_pred_prize_top5,0,0.0,1000,128513.31975637222,78.58854847925204,-357.4334012181389
4737,random_5,0,0.0,1000,90892.81822106065,118.28633171207142,-545.5359088946968
4737,no_triple_random5,0,0.0,1000,92672.1368037757,110.9262296116575,-536.6393159811214
4742,avoid_crowd_top5,0,0.0,1000,123157.75100502938,71.97074102045953,-384.2112449748531
4742,chase_crowd_top5,0,0.0,1000,61214.784834521335,690.6148266301241,-693.9260758273933
4742,max_pred_prize_top5,0,0.0,1000,128511.74929252572,78.50806026575863,-357.4412535373714
4742,random_5,0,0.0,1000,96307.63082260778,107.37973677376927,-518.4618458869611
4742,no_triple_random5,0,0.0,1000,94998.23285324548,111.26355534517207,-525.0088357337726
4747,avoid_crowd_top5,0,0.0,1000,123092.72786451387,71.9474183384877,-384.5363606774306
4747,chase_crowd_top5,0,0.0,1000,61213.62229295443,690.7369957574906,-693.9318885352278
4747,max_pred_prize_top5,0,0.0,1000,128476.51711402876,78.47479792842817,-357.61741442985624
4747,random_5,0,0.0,1000,101412.0050038338,101.33884468156411,-492.93997498083104
4747,no_triple_random5,0,0.0,1000,92514.48071805951,113.68332636924706,-537.4275964097025
4752,avoid_crowd_top5,0,0.0,1000,123066.20971968726,72.03728993489078,-384.6689514015636
4752,chase_crowd_top5,0,0.0,1000,61227.89234351233,690.6311968152902,-693.8605382824384
4752,max_pred_prize_top5,0,0.0,1000,128437.59226206243,78.62209954720176,-357.8120386896878
4752,random_5,0,0.0,1000,92998.76173941781,115.9929009361554,-535.006191302911
4752,no_triple_random5,0,0.0,1000,99822.56233266371,102.36518661997313,-500.8871883366814
4757,avoid_crowd_top5,0,0.0,1000,123090.58786144343,71.9883644463243,-384.5470606927828
4757,chase_crowd_top5,0,0.0,1000,61164.29681136112,683.5618843854461,-694.1785159431944
4757,max_pred_prize_top5,0,0.0,1000,128478.47129224923,78.57450590953279,-357.6076435387538
4757,random_5,0,0.0,1000,93481.44369063,118.3800599144457,-532.59278154685
4757,no_triple_random5,0,0.0,1000,97550.32941254515,106.227770115473,-512.2483529372743
4762,avoid_crowd_top5,0,0.0,1000,123077.26188349733,72.06185721955691,-384.6136905825134
4762,chase_crowd_top5,0,0.0,1000,61159.485163596095,683.2249290378008,-694.2025741820196
4762,max_pred_prize_top5,0,0.0,1000,128481.63292284694,78.63049414953747,-357.5918353857653
4762,random_5,0,0.0,1000,90431.1580930295,220.79457588839273,-547.8442095348526
4762,no_triple_random5,0,0.0,1000,95110.8947841513,112.00327627918993,-524.4455260792436
4767,avoid_crowd_top5,0,0.0,1000,123094.60030594617,72.01149213896929,-384.5269984702692
4767,chase_crowd_top5,0,0.0,1000,61160.90116659459,683.429670058616,-694.195494167027
4767,max_pred_prize_top5,0,0.0,1000,128536.48848372683,78.54658880155029,-357.3175575813658
4767,random_5,0,0.0,1000,88332.59970041123,116.23401297515557,-558.3370014979439
4767,no_triple_random5,0,0.0,1000,90961.5907574485,117.96299080935144,-545.1920462127575
4772,avoid_crowd_top5,0,0.0,1000,123136.77211973871,71.89454611641045,-384.3161394013064
4772,chase_crowd_top5,0,0.0,1000,61161.802945329124,683.2313537518536,-694.1909852733544
4772,max_pred_prize_top5,0,0.0,1000,128568.50742637482,78.39353527546916,-357.1574628681259
4772,random_5,0,0.0,1000,93604.10917756721,108.31199834272672,-531.9794541121639
4772,no_triple_random5,0,0.0,1000,93649.80201640047,108.15663532058224,-531.7509899179977
4777,avoid_crowd_top5,0,0.0,1000,123139.15970874186,71.88420121114409,-384.3042014562907
4777,chase_crowd_top5,0,0.0,1000,61154.94529190134,683.3651329842197,-694.2252735404933
4777,max_pred_prize_top5,0,0.0,1000,128537.70915848584,78.44412538686781,-357.3114542075708
4777,random_5,0,0.0,1000,91367.91459173981,116.20473792661392,-543.1604270413009
4777,no_triple_random5,0,0.0,1000,94779.57290970802,110.15814577168689,-526.1021354514598
4782,avoid_crowd_top5,0,0.0,1000,123060.1620483246,71.86440490634548,-384.699189758377
4782,chase_crowd_top5,0,0.0,1000,61154.462580939544,683.269470028616,-694.2276870953023
4782,max_pred_prize_top5,0,0.0,1000,128500.94206663803,78.42759533802698,-357.49528966680987
4782,random_5,0,0.0,1000,97953.49285832047,107.33073220541458,-510.2325357083976
4782,no_triple_random5,0,0.0,1000,94873.86390794395,113.36553972794442,-525.6306804602802
4787,avoid_crowd_top5,0,0.0,1000,123067.0337237184,71.82200350608211,-384.664831381408
4787,chase_crowd_top5,0,0.0,1000,61156.963963152026,683.2021340129476,-694.2151801842399
4787,max_pred_prize_top5,0,0.0,1000,128509.20193759729,78.39584182864319,-357.4539903120135
4787,random_5,0,0.0,1000,96389.75092873514,111.3293012075309,-518.0512453563242
4787,no_triple_random5,0,0.0,1000,92709.34845407498,121.21562762732101,-536.4532577296251
4792,avoid_crowd_top5,0,0.0,1000,123094.59692373553,71.78289951537562,-384.52701538132237
4792,chase_crowd_top5,0,0.0,1000,61149.68492087522,683.4868734985381,-694.2515753956238
4792,max_pred_prize_top5,0,0.0,1000,128537.30727660007,78.42477953258935,-357.3134636169997
4792,random_5,0,0.0,1000,96105.93590382337,101.9192555100215,-519.4703204808832
4792,no_triple_random5,0,0.0,1000,92593.56105167029,108.55306702137678,-537.0321947416485
4797,avoid_crowd_top5,0,0.0,1000,123085.52532237014,71.86006611058059,-384.57237338814923
4797,chase_crowd_top5,0,0.0,1000,61127.545119688046,683.1756130639393,-694.3622744015597
4797,max_pred_prize_top5,0,0.0,1000,128553.61174335264,78.47009775615291,-357.2319412832368
4797,random_5,0,0.0,1000,87589.5349918091,113.8119554995523,-562.0523250409545
4797,no_triple_random5,0,0.0,1000,96617.42137044878,109.39766139648634,-516.9128931477561
4802,avoid_crowd_top5,0,0.0,1000,123029.56475857874,71.79996376525503,-384.85217620710625
4802,chase_crowd_top5,0,0.0,1000,61135.396894242476,683.4956711607671,-694.3230155287877
4802,max_pred_prize_top5,0,0.0,1000,128504.5821180708,78.44768375925626,-357.47708940964594
4802,random_5,0,0.0,1000,87652.1806710188,118.86262361427217,-561.739096644906
4802,no_triple_random5,0,0.0,1000,101618.46141989616,98.98797796112481,-491.9076929005192
4807,avoid_crowd_top5,0,0.0,1000,122996.74083788518,71.77104092075011,-385.0162958105741
4807,chase_crowd_top5,0,0.0,1000,61134.21348536266,683.4699550578571,-694.3289325731866
4807,max_pred_prize_top5,0,0.0,1000,128457.37350658773,78.45779294441468,-357.7131324670613
4807,random_5,0,0.0,1000,90540.03418324431,118.69623135817719,-547.2998290837784
4807,no_triple_random5,0,0.0,1000,92486.78178698252,113.52052257231249,-537.5660910650874
4812,avoid_crowd_top5,0,0.0,1000,122969.51454083524,71.86910875290458,-385.1524272958238
4812,chase_crowd_top5,0,0.0,1000,61140.752215367254,683.088231121829,-694.2962389231637
4812,max_pred_prize_top5,0,0.0,1000,128448.3962126789,78.53842278900956,-357.7580189366055
4812,random_5,0,0.0,1000,88768.13890898458,116.03504494798888,-556.1593054550772
4812,no_triple_random5,0,0.0,1000,96282.986860409,101.61682672435359,-518.585065697955
4817,avoid_crowd_top5,0,0.0,1000,122982.63438673844,71.85281552492053,-385.0868280663078
4817,chase_crowd_top5,0,0.0,1000,61145.513145595396,683.1641577502953,-694.272434272023
4817,max_pred_prize_top5,0,0.0,1000,128456.34199934502,78.50466918402802,-357.7182900032749
4817,random_5,0,0.0,1000,90346.57469632947,117.56351439793825,-548.2671265183526
4817,no_triple_random5,0,0.0,1000,96454.09778283323,104.43897371024067,-517.7295110858338
4822,avoid_crowd_top5,0,0.0,1000,123028.33132692352,71.76423774778617,-384.8583433653823
4822,chase_crowd_top5,0,0.0,1000,61133.79413917255,683.1704004046039,-694.3310293041372
4822,max_pred_prize_top5,0,0.0,1000,128600.65322770861,78.33204239525507,-356.99673386145696
4822,random_5,0,0.0,1000,93034.83807033287,112.52161838614461,-534.8258096483356
4822,no_triple_random5,0,0.0,1000,92985.11884704078,114.21159090803467,-535.0744057647961
4827,avoid_crowd_top5,0,0.0,1000,123059.20653427546,71.68210770296922,-384.70396732862264
4827,chase_crowd_top5,0,0.0,1000,61152.749695271326,682.9659182297771,-694.2362515236434
4827,max_pred_prize_top5,0,0.0,1000,128650.59154420233,78.30297531637348,-356.7470422789884
4827,random_5,0,0.0,1000,94765.66194423847,105.69752842662228,-526.1716902788077
4827,no_triple_random5,0,0.0,1000,86769.8468910371,123.71868810245886,-566.1507655448145
4832,avoid_crowd_top5,0,0.0,1000,123039.07643069203,71.68301402566604,-384.8046178465398
4832,chase_crowd_top5,0,0.0,1000,61145.2986148639,683.1130166550605,-694.2735069256805
4832,max_pred_prize_top5,0,0.0,1000,128636.54282622252,78.29888543359901,-356.81728586888744
4832,random_5,0,0.0,1000,88988.06558986104,117.21378092841076,-555.0596720506948
4832,no_triple_random5,0,0.0,1000,102095.14397732708,97.91243318848765,-489.52428011336457
4837,avoid_crowd_top5,0,0.0,1000,123113.42237502134,71.66642745874549,-384.4328881248932
4837,chase_crowd_top5,0,0.0,1000,61137.42036716378,682.9224754692987,-694.3128981641811
4837,max_pred_prize_top5,0,0.0,1000,128736.46655945554,78.24148177395458,-356.3176672027223
4837,random_5,0,0.0,1000,101588.19823631486,92.69525991778718,-492.0590088184257
4837,no_triple_random5,0,0.0,1000,94621.62749065405,102.21476492643386,-526.8918625467297
4842,avoid_crowd_top5,0,0.0,1000,123092.44351920128,71.59972991426113,-384.53778240399356
4842,chase_crowd_top5,0,0.0,1000,61147.082057698935,682.6633186807209,-694.2645897115053
4842,max_pred_prize_top5,0,0.0,1000,128757.87223211436,78.11682279724016,-356.21063883942816
4842,random_5,0,0.0,1000,94776.59823977458,111.59268025860214,-526.1170088011271
4842,no_triple_random5,0,0.0,1000,92077.82285354099,104.93382017760348,-539.6108857322951
4847,avoid_crowd_top5,0,0.0,1000,123095.3550395396,71.67530151130393,-384.523224802302
4847,chase_crowd_top5,0,0.0,1000,61147.772763538036,682.4090718786504,-694.2611361823099
4847,max_pred_prize_top5,0,0.0,1000,128749.50744476926,78.23366477355991,-356.2524627761537
4847,random_5,0,0.0,1000,96139.83341756382,114.56435470852682,-519.3008329121809
4847,no_triple_random5,0,0.0,1000,102159.9180614468,102.0039101264882,-489.20040969276596
4852,avoid_crowd_top5,0,0.0,1000,123101.89809548875,71.71956377094233,-384.4905095225562
4852,chase_crowd_top5,0,0.0,1000,61145.39954854459,682.2781205020945,-694.2730022572771
4852,max_pred_prize_top5,0,0.0,1000,128754.406730742,78.33645992744681,-356.2279663462899
4852,random_5,0,0.0,1000,99151.47866785512,104.93925043311546,-504.2426066607244
4852,no_triple_random5,0,0.0,1000,108631.76893720831,88.93474731514587,-456.84115531395844
4857,avoid_crowd_top5,0,0.0,1000,123074.24381027013,71.78817824885235,-384.62878094864936
4857,chase_crowd_top5,0,0.0,1000,61142.935163919035,682.5377990534686,-694.2853241804048
4857,max_pred_prize_top5,0,0.0,1000,128762.64916787788,78.33649025681052,-356.1867541606106
4857,random_5,0,0.0,1000,92447.25523565596,220.81082488952362,-537.7637238217202
4857,no_triple_random5,0,0.0,1000,93658.93832470781,115.78111402603369,-531.705308376461
4862,avoid_crowd_top5,0,0.0,1000,123066.26999758286,71.79314547365017,-384.66865001208566
4862,chase_crowd_top5,0,0.0,1000,61143.73883215814,682.4527444088878,-694.2813058392094
4862,max_pred_prize_top5,0,0.0,1000,128901.56592639587,78.70704784754915,-355.49217036802065
4862,random_5,0,0.0,1000,96018.46745643139,107.89299570331275,-519.9076627178431
4862,no_triple_random5,0,0.0,1000,96888.07991735479,109.39377094874415,-515.559600413226
4867,avoid_crowd_top5,0,0.0,1000,123046.95252897046,71.7797979607146,-384.76523735514763
4867,chase_crowd_top5,0,0.0,1000,61143.372251914836,682.5829331637585,-694.2831387404258
4867,max_pred_prize_top5,0,0.0,1000,128888.06157283303,78.74517890545084,-355.5596921358348
4867,random_5,0,0.0,1000,93984.10285619552,112.27633571961931,-530.0794857190224
4867,no_triple_random5,0,0.0,1000,84827.52825291723,125.21389000571985,-575.8623587354139
4872,avoid_crowd_top5,0,0.0,1000,123049.46681126513,71.77090560078908,-384.7526659436744
4872,chase_crowd_top5,0,0.0,1000,61134.741873284875,682.5739718895851,-694.3262906335756
4872,max_pred_prize_top5,0,0.0,1000,128915.07951274533,78.71090526344912,-355.4246024362733
4872,random_5,0,0.0,1000,109034.87888989314,95.1639144292367,-454.8256055505343
4872,no_triple_random5,0,0.0,1000,93637.01429484582,123.67046824345043,-531.8149285257709
4877,avoid_crowd_top5,0,0.0,1000,123101.63551011596,71.74628581761961,-384.49182244942017
4877,chase_crowd_top5,0,0.0,1000,61125.474675773876,682.2805737038695,-694.3726266211306
4877,max_pred_prize_top5,0,0.0,1000,128975.27069614599,78.7140299021494,-355.12364651927
4877,random_5,0,0.0,1000,102421.41209208973,104.39619210726289,-487.8929395395513
4877,no_triple_random5,0,0.0,1000,85952.82242280532,123.01975359769226,-570.2358878859734
4882,avoid_crowd_top5,0,0.0,1000,123153.78449241034,71.74182593857674,-384.2310775379483
4882,chase_crowd_top5,0,0.0,1000,61122.94396141926,682.3816537342368,-694.3852801929037
4882,max_pred_prize_top5,0,0.0,1000,129071.90380084266,78.59118248517412,-354.6404809957867
4882,random_5,0,0.0,1000,88602.20534178821,121.88182530164417,-556.988973291059
4882,no_triple_random5,0,0.0,1000,102869.74337347942,99.05858227489396,-485.6512831326029
4887,avoid_crowd_top5,0,0.0,1000,123127.62518477922,71.61559709735774,-384.36187407610396
4887,chase_crowd_top5,0,0.0,1000,61147.57772739476,682.8900493438281,-694.2621113630262
4887,max_pred_prize_top5,0,0.0,1000,129047.76593622647,78.39420439553774,-354.7611703188677
4887,random_5,0,0.0,1000,93341.75372997222,104.56202333606646,-533.2912313501389
4887,no_triple_random5,0,0.0,1000,91402.17031604525,111.94558950606829,-542.9891484197738
4892,avoid_crowd_top5,0,0.0,1000,123148.37160299691,71.47565067828371,-384.2581419850154
4892,chase_crowd_top5,0,0.0,1000,61138.188220549644,683.1033004991325,-694.3090588972518
4892,max_pred_prize_top5,0,0.0,1000,129013.68419407475,78.36455344604443,-354.93157902962616
4892,random_5,0,0.0,1000,101259.5262383734,97.27626390604121,-493.70236880813303
4892,no_triple_random5,0,0.0,1000,90837.32026589697,118.73584953819281,-545.8133986705152
4897,avoid_crowd_top5,0,0.0,1000,123134.1649688662,71.48730694122337,-384.32917515566896
4897,chase_crowd_top5,0,0.0,1000,61135.28687823516,683.0322320947632,-694.3235656088242
4897,max_pred_prize_top5,0,0.0,1000,128984.24409445337,78.43933299222904,-355.0787795277331
4897,random_5,0,0.0,1000,95226.01033997818,107.90087517522457,-523.8699483001092
4897,no_triple_random5,0,0.0,1000,89610.1586295657,110.20094500150935,-551.9492068521715
4902,avoid_crowd_top5,0,0.0,1000,123204.8507498523,71.31752122651346,-383.97574625073855
4902,chase_crowd_top5,0,0.0,1000,61133.637874842505,683.3412741974133,-694.3318106257875
4902,max_pred_prize_top5,0,0.0,1000,129108.7142920042,78.22229667221913,-354.456428539979
4902,random_5,0,0.0,1000,89965.19437789927,112.65153799727209,-550.1740281105036
4902,no_triple_random5,0,0.0,1000,94575.46286298013,105.96188253604166,-527.1226856850993
4907,avoid_crowd_top5,0,0.0,1000,123183.49727706278,71.28033904741193,-384.08251361468604
4907,chase_crowd_top5,0,0.0,1000,61137.61368134389,683.2247208948978,-694.3119315932805
4907,max_pred_prize_top5,0,0.0,1000,129096.51135176397,78.16640274394022,-354.5174432411801
4907,random_5,0,0.0,1000,97267.53518467271,106.93275417704749,-513.6623240766364
4907,no_triple_random5,0,0.0,1000,101692.86702608952,101.1755710845631,-491.5356648695524
4912,avoid_crowd_top5,0,0.0,1000,123119.37186025242,71.2982973464562,-384.40314069873796
4912,chase_crowd_top5,0,0.0,1000,61103.37396842509,683.4159786591352,-694.4831301578745
4912,max_pred_prize_top5,0,0.0,1000,129108.43726161667,78.09533176643563,-354.4578136919166
4912,random_5,0,0.0,1000,94632.37846380804,104.77788457667108,-526.8381076809599
4912,no_triple_random5,0,0.0,1000,95233.86474047955,105.0265476008489,-523.8306762976022
4917,avoid_crowd_top5,0,0.0,1000,123073.76792391375,71.25941930595668,-384.6311603804312
4917,chase_crowd_top5,0,0.0,1000,61124.49482698118,683.497191420348,-694.3775258650941
4917,max_pred_prize_top5,0,0.0,1000,129028.19662113092,78.00357016112721,-354.85901689434536
4917,random_5,0,0.0,1000,89966.70251542947,111.55446177032897,-550.1664874228527
4917,no_triple_random5,0,0.0,1000,92696.54061070016,121.54216342540069,-536.5172969464992
4922,avoid_crowd_top5,0,0.0,1000,123055.3363238581,71.15173682725599,-384.72331838070954
4922,chase_crowd_top5,0,0.0,1000,61131.29002049928,684.0811445176897,-694.3435498975036
4922,max_pred_prize_top5,0,0.0,1000,128988.65568940346,77.90516156072297,-355.0567215529827
4922,random_5,0,0.0,1000,89624.0561748944,115.66344898985662,-551.879719125528
4922,no_triple_random5,0,0.0,1000,94456.94088889433,106.28826258504633,-527.7152955555284
4927,avoid_crowd_top5,0,0.0,1000,123035.53031364076,71.06322369984316,-384.8223484317962
4927,chase_crowd_top5,0,0.0,1000,61113.68408528568,683.6451851770137,-694.4315795735715
4927,max_pred_prize_top5,0,0.0,1000,128993.65803997774,77.84497195507882,-355.03170980011123
4927,random_5,0,0.0,1000,90002.4786826311,110.44059870000793,-549.9876065868445
4927,no_triple_random5,0,0.0,1000,82666.6249803191,132.30804200541974,-586.6668750984045
4932,avoid_crowd_top5,0,0.0,1000,123048.97130000699,71.06842398542088,-384.755143499965
4932,chase_crowd_top5,0,0.0,1000,61114.1332108501,683.655754333048,-694.4293339457495
4932,max_pred_prize_top5,0,0.0,1000,129003.70259957232,77.80577683319936,-354.98148700213835
4932,random_5,0,0.0,1000,91523.60072578382,119.77066728680775,-542.381996371081
4932,no_triple_random5,0,0.0,1000,90990.62504088589,122.71337615813164,-545.0468747955706
4937,avoid_crowd_top5,0,0.0,1000,123020.98517393469,71.07429699797815,-384.8950741303265
4937,chase_crowd_top5,0,0.0,1000,61140.663541509464,683.2636362733608,-694.2966822924527
4937,max_pred_prize_top5,0,0.0,1000,128897.00170874191,77.86378176627672,-355.51499145629043
4937,random_5,0,0.0,1000,93715.18877676026,109.28011005647404,-531.4240561161987
4937,no_triple_random5,0,0.0,1000,86170.83379719558,129.70323452345193,-569.1458310140222
4942,avoid_crowd_top5,0,0.0,1000,122955.16965599195,71.10198760805372,-385.22415172004025
4942,chase_crowd_top5,0,0.0,1000,61142.93466266155,682.9733751538621,-694.2853266866923
4942,max_pred_prize_top5,0,0.0,1000,128874.66544080847,77.94598441704704,-355.6266727959576
4942,random_5,0,0.0,1000,92427.62181421387,112.01523353271129,-537.8618909289307
4942,no_triple_random5,0,0.0,1000,96530.83775128331,117.31841772653686,-517.3458112435835
4947,avoid_crowd_top5,0,0.0,1000,122943.50279617636,71.08052127763179,-385.2824860191182
4947,chase_crowd_top5,0,0.0,1000,61145.33527310648,682.9169290888206,-694.2733236344676
4947,max_pred_prize_top5,0,0.0,1000,128825.0957770767,78.0154893479328,-355.8745211146165
4947,random_5,0,0.0,1000,87578.72593178175,125.15754957026294,-562.1063703410912
4947,no_triple_random5,0,0.0,1000,99073.22266449014,106.39681767378663,-504.6338866775493
4952,avoid_crowd_top5,0,0.0,1000,122941.45844064289,71.10558354985353,-385.2927077967855
4952,chase_crowd_top5,0,0.0,1000,61154.38199414819,683.0368141905338,-694.228090029259
4952,max_pred_prize_top5,0,0.0,1000,128822.92672542033,77.97561077887875,-355.8853663728984
4952,random_5,0,0.0,1000,102725.06711795469,97.92880817979994,-486.3746644102265
4952,no_triple_random5,0,0.0,1000,94245.34254904614,103.08733140067514,-528.7732872547692
4957,avoid_crowd_top5,0,0.0,1000,123436.37808630647,71.08247167934442,-382.81810956846766
4957,chase_crowd_top5,0,0.0,1000,61150.82632393481,682.9408460870428,-694.2458683803259
4957,max_pred_prize_top5,0,0.0,1000,128819.5647365554,77.92342878566777,-355.90217631722294
4957,random_5,0,0.0,1000,97826.4468826434,102.62212489241858,-510.867765586783
4957,no_triple_random5,0,0.0,1000,94657.88165201746,107.58237567697043,-526.7105917399126
4962,avoid_crowd_top5,0,0.0,1000,122831.58668113514,71.09368108281647,-385.84206659432425
4962,chase_crowd_top5,0,0.0,1000,61149.92656029922,683.0906641150543,-694.2503671985039
4962,max_pred_prize_top5,0,0.0,1000,128805.37939746496,77.89118248776126,-355.9731030126752
4962,random_5,0,0.0,1000,90134.87803259549,116.52337871555278,-549.3256098370225
4962,no_triple_random5,0,0.0,1000,89372.72054559618,110.00172754290013,-553.1363972720192
4967,avoid_crowd_top5,0,0.0,1000,122836.23664088757,71.04197109804512,-385.81881679556216
4967,chase_crowd_top5,0,0.0,1000,61166.0113998993,683.1516676564402,-694.1699430005035
4967,max_pred_prize_top5,0,0.0,1000,128748.51883237832,77.77787298240219,-356.2574058381084
4967,random_5,0,0.0,1000,89817.51787091859,204.57657153783651,-550.9124106454071
4967,no_triple_random5,0,0.0,1000,94366.05029792023,112.59753977293371,-528.1697485103989
4972,avoid_crowd_top5,0,0.0,1000,122829.5699857005,70.99525080497872,-385.8521500714975
4972,chase_crowd_top5,0,0.0,1000,61128.90093076058,683.5775883547159,-694.3554953461971
4972,max_pred_prize_top5,0,0.0,1000,128724.11905127147,77.7005418588828,-356.3794047436427
4972,random_5,0,0.0,1000,89032.20811883046,116.08341657392266,-554.8389594058476
4972,no_triple_random5,0,0.0,1000,89159.02738617032,115.920059349295,-554.2048630691484
4977,avoid_crowd_top5,0,0.0,1000,122803.51179640542,71.01661715707544,-385.98244101797286
4977,chase_crowd_top5,0,0.0,1000,61131.959687319744,683.6406338066729,-694.3402015634013
4977,max_pred_prize_top5,0,0.0,1000,128690.72567889762,77.74859774322918,-356.5463716055119
4977,random_5,0,0.0,1000,96946.7814254726,107.97148874541774,-515.266092872637
4977,no_triple_random5,0,0.0,1000,88757.35745792591,109.19013979298532,-556.2132127103705
4982,avoid_crowd_top5,0,0.0,1000,122838.38818690556,70.95357813647516,-385.8080590654722
4982,chase_crowd_top5,0,0.0,1000,61132.13456519641,683.8778805776758,-694.339327174018
4982,max_pred_prize_top5,0,0.0,1000,128702.7370147306,77.63221638590684,-356.48631492634695
4982,random_5,0,0.0,1000,94692.2947727724,110.53892882356266,-526.538526136138
4982,no_triple_random5,0,0.0,1000,102497.3250218958,106.15298442496638,-487.51337489052105
4987,avoid_crowd_top5,0,0.0,1000,122595.21848863554,70.98678838727814,-387.02390755682234
4987,chase_crowd_top5,0,0.0,1000,61137.025834289714,684.0271795527964,-694.3148708285514
4987,max_pred_prize_top5,0,0.0,1000,128437.39845519797,77.63367720489968,-357.81300772401016
4987,random_5,0,0.0,1000,95530.636784494,105.90805648616313,-522.3468160775301
4987,no_triple_random5,0,0.0,1000,89566.12076086862,127.10972086201681,-552.1693961956569
4992,avoid_crowd_top5,0,0.0,1000,122617.18671475761,70.92760851992657,-386.9140664262119
4992,chase_crowd_top5,0,0.0,1000,61126.56312029774,683.9873439335212,-694.3671843985113
4992,max_pred_prize_top5,0,0.0,1000,128496.89552262388,77.50686477713063,-357.51552238688066
4992,random_5,0,0.0,1000,105205.75999765328,96.54461521517135,-473.9712000117336
4992,no_triple_random5,0,0.0,1000,89542.5803777156,114.10868457984778,-552.287098111422
4997,avoid_crowd_top5,0,0.0,1000,122645.95491456501,70.83064006898198,-386.770225427175
4997,chase_crowd_top5,0,0.0,1000,61139.82469915577,683.7242913628459,-694.3008765042212
4997,max_pred_prize_top5,0,0.0,1000,128513.43813283209,77.47856069864096,-357.4328093358396
4997,random_5,0,0.0,1000,93364.55174489145,183.25507136136895,-533.1772412755428
4997,no_triple_random5,0,0.0,1000,96264.81756184324,94.8829806135083,-518.6759121907837
5002,avoid_crowd_top5,0,0.0,1000,122626.95109308488,70.83260208796989,-386.8652445345756
5002,chase_crowd_top5,0,0.0,1000,61131.02451150092,683.589680538342,-694.3448774424954
5002,max_pred_prize_top5,0,0.0,1000,128537.91551004248,77.49412280597059,-357.31042244978755
5002,random_5,0,0.0,1000,101996.42667274183,105.04196815560643,-490.0178666362908
5002,no_triple_random5,0,0.0,1000,83587.02254258588,127.56259643559262,-582.0648872870706
5007,avoid_crowd_top5,0,0.0,1000,122541.66792382716,70.82863275220885,-387.2916603808642
5007,chase_crowd_top5,0,0.0,1000,61128.6831091149,683.4058465977585,-694.3565844544255
5007,max_pred_prize_top5,0,0.0,1000,128460.01762542676,77.57301128357508,-357.6999118728662
5007,random_5,0,0.0,1000,84044.41333906767,130.05808930189133,-579.7779333046617
5007,no_triple_random5,0,0.0,1000,91041.89859579345,117.79514442603985,-544.7905070210327
5012,avoid_crowd_top5,0,0.0,1000,122555.20765088467,70.6578521342615,-387.2239617455766
5012,chase_crowd_top5,0,0.0,1000,61129.56578720268,683.7102729775216,-694.3521710639866
5012,max_pred_prize_top5,0,0.0,1000,128469.81083996806,77.43811934943513,-357.65094580015966
5012,random_5,0,0.0,1000,94772.66676903855,102.08060721119513,-526.1366661548072
5012,no_triple_random5,0,0.0,1000,95564.5232704843,109.5719919863905,-522.1773836475786
5017,avoid_crowd_top5,0,0.0,1000,122524.47205177505,70.69460628985406,-387.37763974112477
5017,chase_crowd_top5,0,0.0,1000,61143.4891750591,683.4566870457618,-694.2825541247046
5017,max_pred_prize_top5,0,0.0,1000,128429.67312322099,77.50263199934163,-357.8516343838951
5017,random_5,0,0.0,1000,93792.315383176,106.50408739385065,-531.03842308412
5017,no_triple_random5,0,0.0,1000,90242.33130674661,120.11882015848876,-548.788343466267
5022,avoid_crowd_top5,0,0.0,1000,122566.68603690164,70.5835551190345,-387.1665698154918
5022,chase_crowd_top5,0,0.0,1000,61139.55449678737,683.904112115868,-694.3022275160631
5022,max_pred_prize_top5,0,0.0,1000,128462.53509800925,77.35881957687255,-357.6873245099538
5022,random_5,0,0.0,1000,89459.32670950113,118.88540877913265,-552.7033664524944
5022,no_triple_random5,0,0.0,1000,82254.72223338715,121.54383907681188,-588.7263888330642
5027,avoid_crowd_top5,0,0.0,1000,122551.98159852021,70.64954225807334,-387.24009200739886
5027,chase_crowd_top5,0,0.0,1000,61144.77447161525,683.391922341028,-694.2761276419237
5027,max_pred_prize_top5,0,0.0,1000,128467.65233302047,77.31698698067518,-357.6617383348977
5027,random_5,0,0.0,1000,93003.33685937074,106.8729018713288,-534.9833157031462
5027,no_triple_random5,0,0.0,1000,89011.26352475633,109.21480069362731,-554.9436823762184
5032,avoid_crowd_top5,0,0.0,1000,122491.383701668,70.61289518079965,-387.54308149166
5032,chase_crowd_top5,0,0.0,1000,61145.83156294368,683.3649983383385,-694.2708421852816
5032,max_pred_prize_top5,0,0.0,1000,128471.37534099302,77.29989174623987,-357.6431232950349
5032,random_5,0,0.0,1000,90076.71736033991,110.83918940219526,-549.6164131983005
5032,no_triple_random5,0,0.0,1000,99040.16038395259,105.69893184248212,-504.79919808023703
5037,avoid_crowd_top5,0,0.0,1000,122381.33863726242,70.5927528995013,-388.09330681368783
5037,chase_crowd_top5,0,0.0,1000,61140.494038344106,683.5846742789646,-694.2975298082795
5037,max_pred_prize_top5,0,0.0,1000,128337.03639905434,77.30506714940816,-358.3148180047283
5037,random_5,0,0.0,1000,97742.23536078821,109.93860903535808,-511.28882319605896
5037,no_triple_random5,0,0.0,1000,101688.76644492711,94.62857937803187,-491.55616777536443
5042,avoid_crowd_top5,0,0.0,1000,122344.52342867572,70.62469678208882,-388.27738285662144
5042,chase_crowd_top5,0,0.0,1000,61135.820016239595,683.6630653359344,-694.3208999188021
5042,max_pred_prize_top5,0,0.0,1000,128337.85850913255,77.31916566188707,-358.31070745433726
5042,random_5,0,0.0,1000,102227.4405822745,101.49524353797224,-488.8627970886275
5042,no_triple_random5,0,0.0,1000,89757.36163718096,107.34254522527515,-551.2131918140951
5047,avoid_crowd_top5,0,0.0,1000,122299.53708478952,70.7007654126563,-388.5023145760524
5047,chase_crowd_top5,0,0.0,1000,61139.51035830672,683.3696137235709,-694.3024482084663
5047,max_pred_prize_top5,0,0.0,1000,128311.51653549375,77.41150020188631,-358.44241732253124
5047,random_5,0,0.0,1000,85871.14730188472,113.30513697664833,-570.6442634905763
5047,no_triple_random5,0,0.0,1000,93549.40493396026,115.41108813134056,-532.2529753301988
5052,avoid_crowd_top5,0,0.0,1000,122334.36842286,70.65388525611755,-388.32815788569997
5052,chase_crowd_top5,0,0.0,1000,61144.13883828188,683.1282127220179,-694.2793058085906
5052,max_pred_prize_top5,0,0.0,1000,128337.25480657924,77.38656526927893,-358.3137259671038
5052,random_5,0,0.0,1000,90795.03118504286,116.311157933592,-546.0248440747857
5052,no_triple_random5,0,0.0,1000,97341.68779630108,97.52702808447164,-513.2915610184946
5057,avoid_crowd_top5,0,0.0,1000,122356.38438474704,70.61595996308901,-388.21807807626476
5057,chase_crowd_top5,0,0.0,1000,61147.47986738795,683.555403228718,-694.2626006630603
5057,max_pred_prize_top5,0,0.0,1000,128386.68391051795,77.25295132369065,-358.0665804474103
5057,random_5,0,0.0,1000,101877.82960156155,98.7803412978955,-490.61085199219224
5057,no_triple_random5,0,0.0,1000,93208.69509365174,115.02016584373307,-533.9565245317413
5062,avoid_crowd_top5,0,0.0,1000,122362.69332056057,70.61726380692537,-388.1865333971971
5062,chase_crowd_top5,0,0.0,1000,61145.73737715099,684.3534014661464,-694.271313114245
5062,max_pred_prize_top5,0,0.0,1000,128361.81381891905,77.26254777236991,-358.1909309054047
5062,random_5,0,0.0,1000,92819.90466453583,110.44376467772665,-535.9004766773209
5062,no_triple_random5,0,0.0,1000,88513.01109588097,117.72757498489867,-557.4349445205951
5067,avoid_crowd_top5,0,0.0,1000,122917.18999279433,70.55148014383292,-385.41405003602836
5067,chase_crowd_top5,0,0.0,1000,61139.641672977385,684.4617103028835,-694.3017916351131
5067,max_pred_prize_top5,0,0.0,1000,128378.96108524564,77.14029550725814,-358.10519457377177
5067,random_5,0,0.0,1000,95384.37991285653,107.82499001280794,-523.0781004357173
5067,no_triple_random5,0,0.0,1000,96051.10869651684,113.9589703847045,-519.7444565174158
5072,avoid_crowd_top5,0,0.0,1000,122942.3563663247,70.50459636404447,-385.2882181683765
5072,chase_crowd_top5,0,0.0,1000,61143.124238748765,684.3042738188241,-694.2843788062562
5072,max_pred_prize_top5,0,0.0,1000,128403.51850725233,77.04413372299629,-357.98240746373835
5072,random_5,0,0.0,1000,95750.39229996524,101.02095083635213,-521.2480385001738
5072,no_triple_random5,0,0.0,1000,94146.27691920187,107.05319787586129,-529.2686154039907
5077,avoid_crowd_top5,0,0.0,1000,122959.73595215636,70.45177675545747,-385.20132023921815
5077,chase_crowd_top5,0,0.0,1000,61139.539825150525,684.2651031983703,-694.3023008742473
5077,max_pred_prize_top5,0,0.0,1000,128430.52060890589,76.9534506076695,-357.8473969554706
5077,random_5,0,0.0,1000,97686.35248240028,102.20056589965506,-511.56823758799857
5077,no_triple_random5,0,0.0,1000,85798.9802816801,114.52268605596427,-571.0050985915996
5082,avoid_crowd_top5,0,0.0,1000,122414.25843713549,70.43968208192446,-387.9287078143226
5082,chase_crowd_top5,0,0.0,1000,61118.05885365132,685.0209742689493,-694.4097057317434
5082,max_pred_prize_top5,0,0.0,1000,128508.1279843244,76.83759181570773,-357.45936007837804
5082,random_5,0,0.0,1000,88577.11563646728,120.20677075981412,-557.1144218176636
5082,no_triple_random5,0,0.0,1000,85389.18127060337,119.16133618158662,-573.0540936469831
5087,avoid_crowd_top5,0,0.0,1000,122384.68396261723,70.4120230294534,-388.0765801869138
5087,chase_crowd_top5,0,0.0,1000,61120.63125343227,685.0110115070108,-694.3968437328386
5087,max_pred_prize_top5,0,0.0,1000,128422.80288700378,76.79363501629307,-357.88598556498107
5087,random_5,0,0.0,1000,84461.66199203565,243.43018618372167,-577.6916900398218
5087,no_triple_random5,0,0.0,1000,99372.67847812665,109.433598360372,-503.13660760936676
5092,avoid_crowd_top5,0,0.0,1000,122453.91656986965,70.32339180677357,-387.73041715065176
5092,chase_crowd_top5,0,0.0,1000,61131.1614995821,684.7475108541278,-694.3441925020895
5092,max_pred_prize_top5,0,0.0,1000,128454.75389405298,76.75232864004026,-357.72623052973506
5092,random_5,0,0.0,1000,93692.06475559043,106.66522761604654,-531.5396762220478
5092,no_triple_random5,0,0.0,1000,94993.80472970511,105.89747922408824,-525.0309763514745
5097,avoid_crowd_top5,0,0.0,1000,122443.47898322534,70.3461534880515,-387.78260508387325
5097,chase_crowd_top5,0,0.0,1000,61132.714194556196,684.6678425022958,-694.3364290272191
5097,max_pred_prize_top5,0,0.0,1000,128410.83370197788,76.85628673740007,-357.94583149011055
5097,random_5,0,0.0,1000,105495.11116905061,93.86176716281696,-472.5244441547469
5097,no_triple_random5,0,0.0,1000,99262.7705835107,103.98338559975642,-503.68614708244644
5102,avoid_crowd_top5,0,0.0,1000,122412.78649113339,70.35722662742087,-387.936067544333
5102,chase_crowd_top5,0,0.0,1000,61130.37092243828,685.0033019315131,-694.3481453878086
5102,max_pred_prize_top5,0,0.0,1000,128390.53959556509,76.856592206183,-358.04730202217456
5102,random_5,0,0.0,1000,96925.42723691235,106.3507208328673,-515.3728638154382
5102,no_triple_random5,0,0.0,1000,104889.42743236879,97.79760510350067,-475.5528628381561
5107,avoid_crowd_top5,0,0.0,1000,122386.000731154,70.35230835698863,-388.06999634423005
5107,chase_crowd_top5,0,0.0,1000,61125.27937448902,685.0443089686169,-694.3736031275548
5107,max_pred_prize_top5,1,71600.0,1000,128381.650473584,76.83621602996938,-358.09174763208
5107,random_5,0,0.0,1000,96841.53112387078,101.80182728679588,-515.7923443806461
5107,no_triple_random5,0,0.0,1000,86999.03840340427,115.77220480227588,-565.0048079829787
5112,avoid_crowd_top5,0,0.0,1000,122238.54616995613,70.37342743562901,-388.8072691502193
5112,chase_crowd_top5,0,0.0,1000,61110.93777642795,685.2336696006805,-694.4453111178602
5112,max_pred_prize_top5,0,0.0,1000,128199.261523786,76.83858430370722,-359.00369238107
5112,random_5,0,0.0,1000,90622.22691850309,110.97176166604633,-546.8888654074846
5112,no_triple_random5,0,0.0,1000,90298.62721972018,115.10856183983928,-548.5068639013991
5117,avoid_crowd_top5,0,0.0,1000,122129.47050953828,70.38965727210045,-389.3526474523086
5117,chase_crowd_top5,0,0.0,1000,61145.76439009523,685.0907869766772,-694.2711780495238
5117,max_pred_prize_top5,0,0.0,1000,127988.23958116968,76.84344791440982,-360.0588020941516
5117,random_5,0,0.0,1000,92005.89988110322,106.45469334160074,-539.9705005944838
5117,no_triple_random5,0,0.0,1000,93266.35545813118,102.09487616705727,-533.668222709344
5122,avoid_crowd_top5,0,0.0,1000,122110.59666224968,70.39586191901944,-389.44701668875155
5122,chase_crowd_top5,0,0.0,1000,61135.05154337196,685.2499273514441,-694.3247422831402
5122,max_pred_prize_top5,0,0.0,1000,127949.82411476251,76.88382545675046,-360.25087942618745
5122,random_5,0,0.0,1000,95122.61357132418,113.85208337549514,-524.386932143379
5122,no_triple_random5,0,0.0,1000,91019.82134430317,114.87175269754762,-544.9008932784841
5127,avoid_crowd_top5,0,0.0,1000,122131.34159809502,70.32391265137309,-389.3432920095248
5127,chase_crowd_top5,0,0.0,1000,61098.688430909766,685.7272922370754,-694.5065578454512
5127,max_pred_prize_top5,0,0.0,1000,127956.9710473917,76.77420088891418,-360.2151447630415
5127,random_5,0,0.0,1000,89557.03417497248,109.94141253238017,-552.2148291251376
5127,no_triple_random5,0,0.0,1000,96112.12212303575,101.37150714424546,-519.4393893848212
5132,avoid_crowd_top5,0,0.0,1000,122116.31216401693,70.31745408425286,-389.41843917991537
5132,chase_crowd_top5,0,0.0,1000,61103.714960596015,685.67833927971,-694.4814251970199
5132,max_pred_prize_top5,0,0.0,1000,127956.55561182687,76.72936739496876,-360.21722194086567
5132,random_5,0,0.0,1000,95286.5861091629,112.52873243055032,-523.5670694541855
5132,no_triple_random5,1,69800.0,1000,99039.60452624984,95.36649154670343,-504.8019773687508
5137,avoid_crowd_top5,0,0.0,1000,123066.04413836834,70.31045282887271,-384.66977930815835
5137,chase_crowd_top5,0,0.0,1000,61102.897877317664,686.1598125050798,-694.4855106134116
5137,max_pred_prize_top5,0,0.0,1000,127989.24263849673,76.61864435863701,-360.0537868075163
5137,random_5,0,0.0,1000,90813.1303878302,119.3449198705564,-545.9343480608491
5137,no_triple_random5,0,0.0,1000,104225.85417011287,99.52963621962905,-478.87072914943565
5142,avoid_crowd_top5,0,0.0,1000,123011.20877384728,70.41348980574767,-384.9439561307636
5142,chase_crowd_top5,0,0.0,1000,61124.101399782325,685.4054820380452,-694.3794930010883
5142,max_pred_prize_top5,0,0.0,1000,127878.50547758574,76.74718840940396,-360.6074726120713
5142,random_5,0,0.0,1000,92595.73337562,111.26432151924999,-537.0213331218999
5142,no_triple_random5,0,0.0,1000,100777.00591008938,91.30876950351919,-496.1149704495531
5147,avoid_crowd_top5,0,0.0,1000,123006.78813384012,70.27232964983088,-384.96605933079934
5147,chase_crowd_top5,0,0.0,1000,61119.82963800302,686.0296259116403,-694.4008518099849
5147,max_pred_prize_top5,0,0.0,1000,127880.95428505322,76.64163518570042,-360.59522857473394
5147,random_5,0,0.0,1000,87247.69627147503,218.78210252916557,-563.7615186426249
5147,no_triple_random5,0,0.0,1000,97200.84881078068,106.69690530166986,-513.9957559460966
5152,avoid_crowd_top5,0,0.0,1000,123016.77772941263,70.14032409305652,-384.9161113529368
5152,chase_crowd_top5,0,0.0,1000,61135.181875819006,686.3967809481203,-694.3240906209049
5152,max_pred_prize_top5,0,0.0,1000,127841.05616036608,76.56720911845618,-360.79471919816956
5152,random_5,0,0.0,1000,95412.49365110563,99.96424814030584,-522.9375317444719
5152,no_triple_random5,0,0.0,1000,82489.46349970314,122.46187859525689,-587.5526825014842
5157,avoid_crowd_top5,0,0.0,1000,123017.44354494996,70.07555368387243,-384.91278227525015
5157,chase_crowd_top5,0,0.0,1000,61138.48938536984,686.269878794687,-694.3075530731508
5157,max_pred_prize_top5,0,0.0,1000,127845.18589504455,76.53197818373113,-360.77407052477724
5157,random_5,0,0.0,1000,100168.45430608364,103.67209278106898,-499.15772846958174
5157,no_triple_random5,0,0.0,1000,93121.60840739706,104.85614211310128,-534.3919579630146
5162,avoid_crowd_top5,0,0.0,1000,122998.2910436987,70.08308274107063,-385.00854478150643
5162,chase_crowd_top5,0,0.0,1000,61145.328619845306,686.1903314296949,-694.2733569007735
5162,max_pred_prize_top5,0,0.0,1000,127822.0446682821,76.56369712784084,-360.8897766585894
5162,random_5,0,0.0,1000,95737.75477728304,104.50434751518462,-521.3112261135848
5162,no_triple_random5,0,0.0,1000,97642.93472930804,103.8741908734618,-511.7853263534598
5167,avoid_crowd_top5,0,0.0,1000,122955.51417143764,70.11727351369444,-385.22242914281185
5167,chase_crowd_top5,0,0.0,1000,61138.30770877879,686.2534604387699,-694.308461456106
5167,max_pred_prize_top5,0,0.0,1000,127786.6512129433,76.6131154458689,-361.0667439352835
5167,random_5,0,0.0,1000,100532.5315562723,101.09107651122216,-497.3373422186385
5167,no_triple_random5,0,0.0,1000,94085.49380767302,110.83523908813459,-529.5725309616349
5172,avoid_crowd_top5,0,0.0,1000,123012.82526946985,69.97227181438602,-384.9358736526508
5172,chase_crowd_top5,0,0.0,1000,61134.36195504667,686.3517716635527,-694.3281902247667
5172,max_pred_prize_top5,0,0.0,1000,127895.39853014625,76.42745483543675,-360.5230073492687
5172,random_5,0,0.0,1000,97809.21258313986,107.12426223580374,-510.9539370843007
5172,no_triple_random5,0,0.0,1000,87307.37696881557,122.04509847584295,-563.4631151559222
5177,avoid_crowd_top5,0,0.0,1000,123028.89857795532,69.9335620036832,-384.85550711022336
5177,chase_crowd_top5,0,0.0,1000,61140.20165172322,686.2448827040668,-694.2989917413838
5177,max_pred_prize_top5,0,0.0,1000,127891.7408369896,76.37928591946726,-360.54129581505197
5177,random_5,0,0.0,1000,87326.31639126476,122.30953257112856,-563.3684180436762
5177,no_triple_random5,0,0.0,1000,94692.09042178649,102.83002758984472,-526.5395478910675
5182,avoid_crowd_top5,0,0.0,1000,123023.20428015986,69.9199780153397,-384.88397859920065
5182,chase_crowd_top5,0,0.0,1000,61141.96530964441,686.2685965421097,-694.290173451778
5182,max_pred_prize_top5,0,0.0,1000,127921.23274925309,76.40584708073231,-360.39383625373455
5182,random_5,0,0.0,1000,83951.80969530306,121.14510544076032,-580.2409515234847
5182,no_triple_random5,0,0.0,1000,89576.05793217134,110.2858089801305,-552.1197103391432
5187,avoid_crowd_top5,0,0.0,1000,123094.87637402024,69.79928839728788,-384.5256181298988
5187,chase_crowd_top5,0,0.0,1000,61126.896803541946,686.043517846653,-694.3655159822903
5187,max_pred_prize_top5,0,0.0,1000,127899.27336741332,76.32444979268794,-360.5036331629334
5187,random_5,0,0.0,1000,91701.00463323008,108.06275739705784,-541.4949768338496
5187,no_triple_random5,0,0.0,1000,98158.68884530633,92.7455827959045,-509.2065557734683
5192,avoid_crowd_top5,0,0.0,1000,123052.16023748861,69.80992965259233,-384.7391988125569
5192,chase_crowd_top5,0,0.0,1000,61149.37659209063,685.5592874696624,-694.2531170395469
5192,max_pred_prize_top5,0,0.0,1000,127892.76232757056,76.29151156849062,-360.5361883621472
5192,random_5,0,0.0,1000,90263.72068185263,109.43978374391361,-548.6813965907368
5192,no_triple_random5,0,0.0,1000,86782.81774080082,122.52281565555415,-566.0859112959959
5197,avoid_crowd_top5,0,0.0,1000,123040.64643269328,69.78848266435868,-384.7967678365336
5197,chase_crowd_top5,0,0.0,1000,61150.08780375055,685.6693290261251,-694.2495609812472
5197,max_pred_prize_top5,0,0.0,1000,127886.94474201156,76.25544984128896,-360.5652762899422
5197,random_5,0,0.0,1000,98447.57724838596,100.81233692891966,-507.7621137580702
5197,no_triple_random5,0,0.0,1000,98817.05317776286,104.6570225035634,-505.9147341111857
5202,avoid_crowd_top5,0,0.0,1000,123002.389256363,69.79335107057514,-384.9880537181849
5202,chase_crowd_top5,0,0.0,1000,61145.38756072641,685.4773559387643,-694.2730621963678
5202,max_pred_prize_top5,0,0.0,1000,127860.54999078384,76.23374451618295,-360.69725004608074
5202,random_5,0,0.0,1000,99059.80242740753,103.63895139578815,-504.70098786296234
5202,no_triple_random5,0,0.0,1000,87983.09610944787,112.02018075847013,-560.0845194527606
5207,avoid_crowd_top5,0,0.0,1000,123082.88914639436,69.65573033683052,-384.5855542680282
5207,chase_crowd_top5,0,0.0,1000,61139.288186704835,685.7072534945316,-694.3035590664758
5207,max_pred_prize_top5,0,0.0,1000,127876.01354402283,76.16394067366953,-360.6199322798858
5207,random_5,0,0.0,1000,91037.42495649846,110.15987903652646,-544.8128752175077
5207,no_triple_random5,0,0.0,1000,103190.87900050738,89.92181511237905,-484.0456049974631
5212,avoid_crowd_top5,0,0.0,1000,122064.35009225846,69.6791445378071,-389.67824953870763
5212,chase_crowd_top5,0,0.0,1000,61140.8356505648,685.8311148143457,-694.295821747176
5212,max_pred_prize_top5,0,0.0,1000,127827.660722505,76.23012680882536,-360.86169638747504
5212,random_5,0,0.0,1000,104595.30897206714,92.48921614731412,-477.0234551396643
5212,no_triple_random5,0,0.0,1000,98637.65448572957,108.1156051744249,-506.81172757135215
5217,avoid_crowd_top5,0,0.0,1000,122117.58249518988,69.57469072167711,-389.41208752405055
5217,chase_crowd_top5,0,0.0,1000,61150.99057031021,685.8592874200261,-694.245047148449
5217,max_pred_prize_top5,0,0.0,1000,127824.82256906808,76.23503065264157,-360.8758871546596
5217,random_5,0,0.0,1000,94004.99508080042,103.5057234333967,-529.9750245959979
5217,no_triple_random5,0,0.0,1000,90184.11945173363,115.7143480997369,-549.0794027413319
5222,avoid_crowd_top5,0,0.0,1000,122116.79106595798,69.56295511151939,-389.4160446702101
5222,chase_crowd_top5,0,0.0,1000,61150.34293292971,685.7218548792074,-694.2482853353515
5222,max_pred_prize_top5,0,0.0,1000,127838.55628700303,76.27741594516337,-360.80721856498485
5222,random_5,0,0.0,1000,96728.61827506992,100.35804759705148,-516.3569086246504
5222,no_triple_random5,0,0.0,1000,89210.41393629501,121.68825140927156,-553.9479303185249
5227,avoid_crowd_top5,0,0.0,1000,122132.49177556839,69.52724667155994,-389.3375411221581
5227,chase_crowd_top5,0,0.0,1000,61149.69017837563,685.6934517826907,-694.2515491081218
5227,max_pred_prize_top5,0,0.0,1000,127851.92230638361,76.2521528841565,-360.74038846808196
5227,random_5,0,0.0,1000,102215.67183562466,91.55644077321939,-488.9216408218767
5227,no_triple_random5,0,0.0,1000,94966.85536462463,99.77661335193358,-525.1657231768768
5232,avoid_crowd_top5,0,0.0,1000,122174.78327399227,69.43705900101415,-389.1260836300386
5232,chase_crowd_top5,0,0.0,1000,61161.848760810935,685.822444532201,-694.1907561959454
5232,max_pred_prize_top5,0,0.0,1000,127869.74401374461,76.17354562467492,-360.6512799312769
5232,random_5,0,0.0,1000,93688.53531316135,111.69818075023277,-531.5573234341932
5232,no_triple_random5,0,0.0,1000,92538.85376427606,108.41136783839829,-537.3057311786197
5238,avoid_crowd_top5,0,0.0,1000,123069.23997824667,69.35598280527506,-384.65380010876663
5238,chase_crowd_top5,0,0.0,1000,61168.8944133701,686.0736419319417,-694.1555279331494
5238,max_pred_prize_top5,0,0.0,1000,127760.45672204388,76.10259860451063,-361.19771638978057
5238,random_5,0,0.0,1000,95819.01384776137,104.65618128405438,-520.9049307611931
5238,no_triple_random5,0,0.0,1000,92459.62026749006,111.46981031867229,-537.7018986625496
5243,avoid_crowd_top5,0,0.0,1000,123095.96342403004,69.3311307262147,-384.5201828798498
5243,chase_crowd_top5,0,0.0,1000,61168.77055041122,686.3659356668977,-694.1561472479439
5243,max_pred_prize_top5,0,0.0,1000,127793.42113918315,76.05087865127996,-361.03289430408427
5243,random_5,0,0.0,1000,91096.02013550431,105.05083145541478,-544.5198993224785
5243,no_triple_random5,0,0.0,1000,92962.1992658147,109.4749566675866,-535.1890036709265
5248,avoid_crowd_top5,0,0.0,1000,123095.04752897113,69.32519924180248,-384.5247623551443
5248,chase_crowd_top5,0,0.0,1000,61168.88922396684,686.1088616466452,-694.1555538801658
5248,max_pred_prize_top5,0,0.0,1000,127816.37907707486,75.9780461934792,-360.9181046146257
5248,random_5,0,0.0,1000,99914.69052057329,93.37435372679676,-500.42654739713356
5248,no_triple_random5,0,0.0,1000,103882.24619265544,94.5956186481582,-480.58876903672285
5253,avoid_crowd_top5,0,0.0,1000,123138.35550692282,69.23367833086112,-384.30822246538594
5253,chase_crowd_top5,0,0.0,1000,61172.15207299059,686.021959224234,-694.139239635047
5253,max_pred_prize_top5,0,0.0,1000,127880.68532644724,75.84844591847424,-360.59657336776377
5253,random_5,0,0.0,1000,94963.38466069361,97.74512081144991,-525.183076696532
5253,no_triple_random5,0,0.0,1000,91640.38896515912,109.75276000573027,-541.7980551742044
5258,avoid_crowd_top5,0,0.0,1000,123109.82118555836,69.25658212291054,-384.45089407220814
5258,chase_crowd_top5,0,0.0,1000,61168.09908515931,686.0663406597728,-694.1595045742034
5258,max_pred_prize_top5,0,0.0,1000,127863.96356628553,75.85619598185487,-360.6801821685723
5258,random_5,0,0.0,1000,87531.59023222844,114.06401614974031,-562.3420488388579
5258,no_triple_random5,0,0.0,1000,92901.84412598316,106.97389036784762,-535.4907793700842
5264,avoid_crowd_top5,0,0.0,1000,123050.55425569206,69.22170430251288,-384.7472287215397
5264,chase_crowd_top5,0,0.0,1000,61165.81506562697,686.2807553036088,-694.1709246718651
5264,max_pred_prize_top5,0,0.0,1000,127863.680031886,75.83481936892144,-360.68159984057
5264,random_5,0,0.0,1000,87113.60990683972,121.03826593462836,-564.4319504658015
5264,no_triple_random5,0,0.0,1000,94279.49882736785,110.55308999121792,-528.6025058631608
5269,avoid_crowd_top5,0,0.0,1000,122964.91547817302,69.29816831291332,-385.1754226091349
5269,chase_crowd_top5,0,0.0,1000,61164.23936099776,685.9336066354815,-694.1788031950111
5269,max_pred_prize_top5,0,0.0,1000,127812.097629943,75.86011789878452,-360.93951185028493
5269,random_5,0,0.0,1000,93215.76062566829,106.47321716389258,-533.9211968716586
5269,no_triple_random5,0,0.0,1000,96489.64589361813,95.87553050663031,-517.5517705319094
5274,avoid_crowd_top5,0,0.0,1000,122948.75717063162,69.25830953061936,-385.2562141468419
5274,chase_crowd_top5,0,0.0,1000,61162.721024862236,686.342097456265,-694.1863948756888
5274,max_pred_prize_top5,0,0.0,1000,127827.14126143018,75.79631021036239,-360.86429369284906
5274,random_5,0,0.0,1000,90513.69851120198,112.74661638495918,-547.4315074439901
5274,no_triple_random5,0,0.0,1000,87293.59214223683,118.97064099899153,-563.5320392888159
5279,avoid_crowd_top5,0,0.0,1000,122948.82411795823,69.26608999544378,-385.2558794102089
5279,chase_crowd_top5,0,0.0,1000,61162.31378082485,686.3473425853699,-694.1884310958758
5279,max_pred_prize_top5,0,0.0,1000,127834.51585899042,75.8109601093025,-360.82742070504787
5279,random_5,0,0.0,1000,96144.92400239207,108.81693538616949,-519.2753799880396
5279,no_triple_random5,0,0.0,1000,85798.9648078629,116.82250196785974,-571.0051759606855
5291,avoid_crowd_top5,0,0.0,1000,122004.57166618659,69.16681638566747,-389.977141669067
5291,chase_crowd_top5,0,0.0,1000,61156.30663264341,686.0175739273085,-694.2184668367829
5291,max_pred_prize_top5,0,0.0,1000,127831.74768240229,75.79600193695246,-360.8412615879886
5291,random_5,0,0.0,1000,102916.18883266633,96.82652866072007,-485.41905583666835
5291,no_triple_random5,0,0.0,1000,97969.21567227684,104.99196320213375,-510.15392163861577
5296,avoid_crowd_top5,0,0.0,1000,122933.93266888072,69.21172298920064,-385.3303366555964
5296,chase_crowd_top5,0,0.0,1000,61159.83449948917,685.7191989604689,-694.2008275025541
5296,max_pred_prize_top5,0,0.0,1000,127818.98784695737,75.80358784097828,-360.9050607652131
5296,random_5,0,0.0,1000,99780.79425462979,100.13359374773253,-501.09602872685105
5296,no_triple_random5,0,0.0,1000,90433.43580781555,116.41750978222812,-547.8328209609222
5301,avoid_crowd_top5,0,0.0,1000,121968.31398145815,69.26202296756088,-390.1584300927092
5301,chase_crowd_top5,0,0.0,1000,61158.15577386606,685.4855185314458,-694.2092211306697
5301,max_pred_prize_top5,0,0.0,1000,127808.18184481701,75.9080906724002,-360.9590907759149
5301,random_5,0,0.0,1000,87775.43157369868,111.95093118215993,-561.1228421315066
5301,no_triple_random5,0,0.0,1000,94230.06120034409,103.75473518681945,-528.8496939982795
5306,avoid_crowd_top5,0,0.0,1000,122950.10939960384,69.25199679031329,-385.2494530019808
5306,chase_crowd_top5,0,0.0,1000,61146.70674679345,685.387938509874,-694.2664662660327
5306,max_pred_prize_top5,0,0.0,1000,127827.4431135292,75.91744753639325,-360.86278443235403
5306,random_5,0,0.0,1000,90255.33410912906,119.62211972826967,-548.7233294543546
5306,no_triple_random5,0,0.0,1000,99054.04020752836,101.66756625848323,-504.7297989623582
5312,avoid_crowd_top5,0,0.0,1000,122050.9714903771,69.10424103018639,-389.7451425481145
5312,chase_crowd_top5,0,0.0,1000,61142.61710645072,685.6338214304611,-694.2869144677463
5312,max_pred_prize_top5,0,0.0,1000,127850.6883196374,75.85249700665831,-360.746558401813
5312,random_5,0,0.0,1000,99689.52608229421,191.0935450596799,-501.55236958852896
5312,no_triple_random5,0,0.0,1000,90195.97197368478,113.02227201301255,-549.0201401315761
5317,avoid_crowd_top5,0,0.0,1000,123002.68805894819,69.11552374298,-384.9865597052591
5317,chase_crowd_top5,0,0.0,1000,61142.215224503874,685.2310543863957,-694.2889238774806
5317,max_pred_prize_top5,0,0.0,1000,127845.51715175738,75.83850430694677,-360.77241424121314
5317,random_5,0,0.0,1000,95758.02984387921,104.27554551403371,-521.209850780604
5317,no_triple_random5,0,0.0,1000,90921.15513007334,105.06636173664617,-545.3942243496333
5322,avoid_crowd_top5,0,0.0,1000,123035.67497179704,69.1016729258253,-384.8216251410148
5322,chase_crowd_top5,0,0.0,1000,61148.896430439854,685.0227103170807,-694.2555178478008
5322,max_pred_prize_top5,0,0.0,1000,127865.91727546602,75.76033745069502,-360.6704136226699
5322,random_5,0,0.0,1000,93784.84379946283,112.39538271351708,-531.0757810026857
5322,no_triple_random5,0,0.0,1000,86301.85137802426,121.33916887168678,-568.4907431098786
5328,avoid_crowd_top5,0,0.0,1000,122991.50437947479,69.15275920565641,-385.042478102626
5328,chase_crowd_top5,0,0.0,1000,61151.86811272076,685.0162668451432,-694.2406594363962
5328,max_pred_prize_top5,0,0.0,1000,127843.1016910963,75.8187000845804,-360.7844915445186
5328,random_5,0,0.0,1000,91480.13567556997,106.53251240401138,-542.5993216221502
5328,no_triple_random5,0,0.0,1000,100214.43447576687,98.57593885923798,-498.92782762116565
5333,avoid_crowd_top5,0,0.0,1000,123020.71255211423,69.1455771218173,-384.8964372394288
5333,chase_crowd_top5,0,0.0,1000,61152.75386148259,684.9433520087357,-694.236230692587
5333,max_pred_prize_top5,0,0.0,1000,127863.31358784073,75.77415573083351,-360.68343206079635
5333,random_5,0,0.0,1000,100103.08078815206,97.12910957879615,-499.48459605923966
5333,no_triple_random5,0,0.0,1000,87137.95088256444,118.14533977622156,-564.3102455871777
5339,avoid_crowd_top5,0,0.0,1000,123037.59623909504,69.0918145390851,-384.81201880452477
5339,chase_crowd_top5,0,0.0,1000,61148.082858808964,685.0460956588988,-694.2595857059551
5339,max_pred_prize_top5,0,0.0,1000,127875.72776628642,75.73126205934821,-360.6213611685679
5339,random_5,0,0.0,1000,98455.96504536425,101.4101768534808,-507.7201747731787
5339,no_triple_random5,0,0.0,1000,86202.93389068698,112.76198180883053,-568.9853305465651
5344,avoid_crowd_top5,0,0.0,1000,123058.51414383875,69.07471104125753,-384.7074292808062
5344,chase_crowd_top5,0,0.0,1000,61147.42856639293,685.1017536022964,-694.2628571680353
5344,max_pred_prize_top5,0,0.0,1000,127911.28984650697,75.7077628786263,-360.4435507674651
5344,random_5,0,0.0,1000,93516.96841362114,111.87791030112096,-532.4151579318943
5344,no_triple_random5,0,0.0,1000,92537.65456902755,118.68027529669908,-537.3117271548622
5349,avoid_crowd_top5,0,0.0,1000,123064.52872058586,69.07672149019481,-384.67735639707064
5349,chase_crowd_top5,0,0.0,1000,61154.22247232838,684.9387232916414,-694.2288876383582
5349,max_pred_prize_top5,0,0.0,1000,127937.6470094152,75.65101605771783,-360.311764952924
5349,random_5,0,0.0,1000,98548.57673349103,95.2764205714894,-507.2571163325448
5349,no_triple_random5,0,0.0,1000,106559.43635778125,93.75094952331608,-467.2028182110937
5354,avoid_crowd_top5,0,0.0,1000,123062.36920039119,68.9810743506838,-384.6881539980441
5354,chase_crowd_top5,0,0.0,1000,62177.67641330384,670.3419125185576,-689.1116179334808
5354,max_pred_prize_top5,0,0.0,1000,127912.75109719334,75.58783180329752,-360.4362445140333
5354,random_5,0,0.0,1000,90550.66649540926,198.29598908622944,-547.2466675229537
5354,no_triple_random5,1,122300.0,1000,100503.06937507432,100.24634842366484,-497.4846531246284
5359,avoid_crowd_top5,0,0.0,1000,123087.17053066302,68.97428399496428,-384.5641473466849
5359,chase_crowd_top5,0,0.0,1000,62151.736167180876,670.5927201608768,-689.2413191640956
5359,max_pred_prize_top5,0,0.0,1000,128010.54169238152,75.49869566810044,-359.9472915380924
5359,random_5,0,0.0,1000,99070.97737731323,97.43113502870105,-504.6451131134338
5359,no_triple_random5,0,0.0,1000,94642.34667717176,108.11871697864032,-526.7882666141411
5364,avoid_crowd_top5,0,0.0,1000,123083.85099122529,68.99320050699866,-384.58074504387355
5364,chase_crowd_top5,0,0.0,1000,62149.75920403297,670.5497814111402,-689.2512039798352
5364,max_pred_prize_top5,0,0.0,1000,127998.09054296766,75.55073495284296,-360.0095472851617
5364,random_5,0,0.0,1000,96786.24398170237,99.54580143040315,-516.0687800914882
5364,no_triple_random5,0,0.0,1000,94931.27922643264,99.85966757609802,-525.3436038678368
5369,avoid_crowd_top5,0,0.0,1000,123044.91437593102,68.98995887985768,-384.7754281203448
5369,chase_crowd_top5,0,0.0,1000,62161.08651651421,670.2725369337004,-689.194567417429
5369,max_pred_prize_top5,0,0.0,1000,127974.82248323043,75.53589426331025,-360.1258875838479
5369,random_5,0,0.0,1000,111958.69232678434,89.33988157070567,-440.20653836607835
5369,no_triple_random5,0,0.0,1000,92390.50507529886,112.25488511617009,-538.0474746235057
5374,avoid_crowd_top5,0,0.0,1000,123119.14884674162,68.94785491377775,-384.40425576629184
5374,chase_crowd_top5,0,0.0,1000,62149.58023377151,670.2635223155291,-689.2520988311425
5374,max_pred_prize_top5,0,0.0,1000,128116.50410693225,75.43828933732331,-359.4174794653387
5374,random_5,0,0.0,1000,101307.6676575902,92.86226178319458,-493.461661712049
5374,no_triple_random5,0,0.0,1000,83789.18464115704,122.03065134722665,-581.0540767942148
5380,avoid_crowd_top5,0,0.0,1000,123127.74850456454,68.90099542832255,-384.3612574771772
5380,chase_crowd_top5,0,0.0,1000,62153.78789288991,670.3897386182006,-689.2310605355505
5380,max_pred_prize_top5,0,0.0,1000,128092.47123440958,75.44759374943446,-359.53764382795214
5380,random_5,0,0.0,1000,87654.23329396712,115.43023279075616,-561.7288335301644
5380,no_triple_random5,0,0.0,1000,95702.4695397064,103.70428291108223,-521.487652301468
5385,avoid_crowd_top5,0,0.0,1000,123126.92212784178,68.87292925975598,-384.365389360791
5385,chase_crowd_top5,0,0.0,1000,62163.07490978299,670.1739219323641,-689.184625451085
5385,max_pred_prize_top5,0,0.0,1000,128096.92317159384,75.44589929390557,-359.5153841420308
5385,random_5,0,0.0,1000,85323.46657076017,115.57660983469873,-573.3826671461991
5385,no_triple_random5,0,0.0,1000,98848.71278520374,100.61913780018355,-505.7564360739813
5390,avoid_crowd_top5,0,0.0,1000,123102.44756671891,68.92008073837727,-384.48776216640545
5390,chase_crowd_top5,0,0.0,1000,62164.04481675965,670.0050681787859,-689.1797759162018
5390,max_pred_prize_top5,0,0.0,1000,128102.12505327123,75.4872521058107,-359.4893747336438
5390,random_5,0,0.0,1000,97595.5191052325,106.55613458813147,-512.0224044738375
5390,no_triple_random5,0,0.0,1000,102679.18575206804,96.07108685469453,-486.6040712396598
5395,avoid_crowd_top5,0,0.0,1000,123133.10010860236,68.89331405205614,-384.33449945698817
5395,chase_crowd_top5,0,0.0,1000,62165.23376877492,670.0631846536883,-689.1738311561254
5395,max_pred_prize_top5,0,0.0,1000,128150.83852437306,75.46140541247794,-359.2458073781347
5395,random_5,0,0.0,1000,89300.40759876721,115.57358046807155,-553.497962006164
5395,no_triple_random5,0,0.0,1000,95216.65330508465,98.87946857327208,-523.9167334745767
5400,avoid_crowd_top5,0,0.0,1000,123065.12390483536,68.90191291488597,-384.6743804758232
5400,chase_crowd_top5,0,0.0,1000,62167.73844559576,670.0823049732044,-689.1613077720212
5400,max_pred_prize_top5,0,0.0,1000,128126.48588255253,75.43257388952829,-359.3675705872373
5400,random_5,0,0.0,1000,99056.56242023854,96.65712772768606,-504.7171878988073
5400,no_triple_random5,0,0.0,1000,96256.38790268524,106.22357294327335,-518.7180604865738
5405,avoid_crowd_top5,0,0.0,1000,123057.91542774392,68.92613523200912,-384.71042286128034
5405,chase_crowd_top5,0,0.0,1000,62152.06041489674,670.3394959851283,-689.2396979255163
5405,max_pred_prize_top5,0,0.0,1000,128146.27190285859,75.44472807661857,-359.268640485707
5405,random_5,0,0.0,1000,91614.03479032715,107.06085385333309,-541.9298260483642
5405,no_triple_random5,0,0.0,1000,94695.034982788,105.25447387124711,-526.52482508606
5410,avoid_crowd_top5,0,0.0,1000,123067.32258200421,68.91826728301155,-384.66338708997887
5410,chase_crowd_top5,0,0.0,1000,62150.702331282126,670.3093463972895,-689.2464883435894
5410,max_pred_prize_top5,0,0.0,1000,128157.22832627004,75.42272861465185,-359.21385836864977
5410,random_5,0,0.0,1000,92469.84438213575,110.41860735306463,-537.6507780893212
5410,no_triple_random5,0,0.0,1000,93731.23764630848,108.38743776072872,-531.3438117684576
5415,avoid_crowd_top5,0,0.0,1000,123094.77444658866,68.76943028719056,-384.52612776705666
5415,chase_crowd_top5,0,0.0,1000,62134.07281017092,670.9858511853978,-689.3296359491454
5415,max_pred_prize_top5,0,0.0,1000,128178.91971153059,75.30775677977375,-359.1054014423471
5415,random_5,0,0.0,1000,99578.41227881244,94.54071581123205,-502.1079386059378
5415,no_triple_random5,0,0.0,1000,96671.47232341913,97.40115426720891,-516.6426383829044
5420,avoid_crowd_top5,0,0.0,1000,122175.44926069309,68.60227157541654,-389.1227536965346
5420,chase_crowd_top5,0,0.0,1000,62141.1818655864,671.7207634835238,-689.294090672068
5420,max_pred_prize_top5,0,0.0,1000,128161.54354288019,75.17059720732264,-359.19228228559905
5420,random_5,0,0.0,1000,91021.08025988389,112.55266012214597,-544.8945987005804
5420,no_triple_random5,0,0.0,1000,97190.18463792992,109.53844931230063,-514.0490768103504
5425,avoid_crowd_top5,0,0.0,1000,123117.15807928421,68.6358621581059,-384.4142096035789
5425,chase_crowd_top5,0,0.0,1000,62156.17011201007,671.4906983480148,-689.2191494399497
5425,max_pred_prize_top5,0,0.0,1000,128151.23368811984,75.19394133892766,-359.24383155940075
5425,random_5,0,0.0,1000,96231.45600210488,99.46667287234149,-518.8427199894757
5425,no_triple_random5,0,0.0,1000,91726.70068245815,118.30436513785864,-541.3664965877092
5430,avoid_crowd_top5,0,0.0,1000,123071.88491655249,68.73293239044357,-384.6405754172375
5430,chase_crowd_top5,0,0.0,1000,62174.480542892605,670.9369272388521,-689.1275972855369
5430,max_pred_prize_top5,0,0.0,1000,128093.08572314176,75.27297004486687,-359.5345713842912
5430,random_5,0,0.0,1000,90877.36576783133,109.8689708750268,-545.6131711608433
5430,no_triple_random5,0,0.0,1000,88088.41129197978,115.73956246230348,-559.5579435401012
5435,avoid_crowd_top5,0,0.0,1000,123062.9425201932,68.66293856819574,-384.685287399034
5435,chase_crowd_top5,0,0.0,1000,62191.98844792461,671.1968237392655,-689.040057760377
5435,max_pred_prize_top5,0,0.0,1000,128065.36690263764,75.16642321440887,-359.67316548681174
5435,random_5,0,0.0,1000,95421.14647062917,100.24145825696658,-522.8942676468541
5435,no_triple_random5,0,0.0,1000,92447.6083362929,106.18529788725368,-537.7619583185354
5444,avoid_crowd_top5,0,0.0,1000,122070.20835409116,68.65878773475288,-389.6489582295442
5444,chase_crowd_top5,0,0.0,1000,62171.08858323782,671.3267547202657,-689.1445570838109
5444,max_pred_prize_top5,0,0.0,1000,128032.03908237703,75.20546313887469,-359.8398045881148
5444,random_5,0,0.0,1000,100376.61671344412,101.59927943544673,-498.11691643277936
5444,no_triple_random5,0,0.0,1000,89522.85160335738,103.94836436464243,-552.385741983213
5449,avoid_crowd_top5,0,0.0,1000,123017.14824696157,68.65448900852456,-384.91425876519213
5449,chase_crowd_top5,0,0.0,1000,62181.02152790418,671.3610945657763,-689.0948923604791
5449,max_pred_prize_top5,0,0.0,1000,128018.21572891166,75.14256033203041,-359.90892135544175
5449,random_5,0,0.0,1000,93725.47443394871,103.5914766345973,-531.3726278302565
5449,no_triple_random5,0,0.0,1000,102702.93237650447,89.50915804995427,-486.4853381174777
5454,avoid_crowd_top5,0,0.0,1000,122997.04938305919,68.66950751480492,-385.014753084704
5454,chase_crowd_top5,0,0.0,1000,62175.632379035036,671.2910766050757,-689.1218381048247
5454,max_pred_prize_top5,0,0.0,1000,128000.9323519951,75.13933091385194,-359.99533824002447
5454,random_5,0,0.0,1000,91603.9742883299,106.0677916479037,-541.9801285583505
5454,no_triple_random5,0,0.0,1000,102963.13383140763,100.117310865643,-485.1843308429618
5459,avoid_crowd_top5,0,0.0,1000,123023.27997731123,68.66379385258213,-384.8836001134438
5459,chase_crowd_top5,0,0.0,1000,62191.251754916986,670.8756376229088,-689.043741225415
5459,max_pred_prize_top5,0,0.0,1000,128041.72032806478,75.11696115989811,-359.7913983596761
5459,random_5,0,0.0,1000,84260.82178994801,119.30928550612684,-578.6958910502599
5459,no_triple_random5,0,0.0,1000,91856.54159668135,115.37372474051995,-540.7172920165933
5464,avoid_crowd_top5,0,0.0,1000,123058.64469483092,68.61546115025115,-384.7067765258454
5464,chase_crowd_top5,0,0.0,1000,62201.68494436859,670.8790989896647,-688.991575278157
5464,max_pred_prize_top5,0,0.0,1000,128044.46054882425,75.05408201566007,-359.7776972558787
5464,random_5,0,0.0,1000,100019.58117211494,92.55770581096144,-499.9020941394253
5464,no_triple_random5,0,0.0,1000,103396.83039286113,94.22520565785362,-483.0158480356944
5469,avoid_crowd_top5,0,0.0,1000,123152.63919989081,68.48363626966918,-384.23680400054593
5469,chase_crowd_top5,0,0.0,1000,62167.71101731514,671.3991175067363,-689.1614449134242
5469,max_pred_prize_top5,0,0.0,1000,128118.31948806586,74.9382429168815,-359.40840255967066
5469,random_5,0,0.0,1000,102919.76328251495,91.2976327034686,-485.4011835874253
5469,no_triple_random5,0,0.0,1000,94230.7390138607,105.8345598140963,-528.8463049306965
5474,avoid_crowd_top5,0,0.0,1000,122160.45296351102,68.50197321252008,-389.19773518244483
5474,chase_crowd_top5,0,0.0,1000,62161.139467076326,671.3752113578114,-689.1943026646184
5474,max_pred_prize_top5,0,0.0,1000,128108.18184141631,74.9475160557453,-359.45909079291846
5474,random_5,0,0.0,1000,102931.83889432836,92.97644361970063,-485.34080552835815
5474,no_triple_random5,0,0.0,1000,98705.36798548339,97.79709777914593,-506.473160072583
5479,avoid_crowd_top5,0,0.0,1000,122151.11823019548,68.53775001344736,-389.24440884902253
5479,chase_crowd_top5,0,0.0,1000,62169.30772712014,671.103803307222,-689.1534613643993
5479,max_pred_prize_top5,0,0.0,1000,128047.93986878099,75.03640550570353,-359.76030065609507
5479,random_5,0,0.0,1000,98976.7839808558,99.3781103670091,-505.116080095721
5479,no_triple_random5,0,0.0,1000,88679.71362337608,113.89285111508443,-556.6014318831196
5484,avoid_crowd_top5,0,0.0,1000,122159.36900288185,68.55849935858113,-389.2031549855907
5484,chase_crowd_top5,0,0.0,1000,62177.59665664809,670.9800574783764,-689.1120167167595
5484,max_pred_prize_top5,0,0.0,1000,128050.72745154942,75.05938426289649,-359.7463627422529
5484,random_5,0,0.0,1000,90275.40604823604,110.14779193431954,-548.6229697588199
5484,no_triple_random5,0,0.0,1000,93125.24210738049,116.58740416603726,-534.3737894630976
5489,avoid_crowd_top5,0,0.0,1000,122121.73889725057,68.4827732235105,-389.39130551374717
5489,chase_crowd_top5,1,89600.0,1000,62179.8399979861,671.1498914433239,-689.1008000100695
5489,max_pred_prize_top5,0,0.0,1000,128060.30156867413,74.92805423963743,-359.6984921566293
5489,random_5,0,0.0,1000,88225.8601481617,118.32934766254814,-558.8706992591915
5489,no_triple_random5,0,0.0,1000,103593.83324983348,95.12274735010189,-482.0308337508326
5494,avoid_crowd_top5,0,0.0,1000,122100.44121085557,68.49128582359364,-389.49779394572215
5494,chase_crowd_top5,0,0.0,1000,62662.0829594509,661.4840719811718,-686.6895852027455
5494,max_pred_prize_top5,0,0.0,1000,128028.65449054737,74.93197219737173,-359.8567275472632
5494,random_5,0,0.0,1000,102134.5535158915,101.13262345863271,-489.3272324205425
5494,no_triple_random5,0,0.0,1000,91248.27241714383,110.13984091443221,-543.7586379142808
5499,avoid_crowd_top5,0,0.0,1000,122140.37655373593,68.3987839301628,-389.29811723132036
5499,chase_crowd_top5,0,0.0,1000,62666.02014215935,661.5361195677954,-686.6698992892032
5499,max_pred_prize_top5,0,0.0,1000,128060.92525646547,74.85469835501814,-359.6953737176726
5499,random_5,0,0.0,1000,98861.77803749035,98.90392344212444,-505.69110981254823
5499,no_triple_random5,0,0.0,1000,87995.4575327889,119.2057327722282,-560.0227123360555
5505,avoid_crowd_top5,0,0.0,1000,122158.43492411268,68.41594774805307,-389.2078253794366
5505,chase_crowd_top5,0,0.0,1000,62681.51038386956,661.6482084573794,-686.5924480806523
5505,max_pred_prize_top5,0,0.0,1000,128043.04974312619,74.81855407022238,-359.784751284369
5505,random_5,0,0.0,1000,88629.93192955009,117.54191081194215,-556.8503403522495
5505,no_triple_random5,0,0.0,1000,92048.35023216081,107.13925319953621,-539.7582488391959
5510,avoid_crowd_top5,0,0.0,1000,123112.91063691149,68.44148848445468,-384.43544681544256
5510,chase_crowd_top5,0,0.0,1000,62676.04764992439,661.8563529830647,-686.6197617503781
5510,max_pred_prize_top5,0,0.0,1000,128022.82391618696,74.8398470383193,-359.8858804190652
5510,random_5,0,0.0,1000,105624.25117392764,87.3142587411888,-471.87874413036184
5510,no_triple_random5,0,0.0,1000,93827.85494949896,99.69384136230416,-530.8607252525053
5515,avoid_crowd_top5,0,0.0,1000,122146.22683119346,68.37829513799095,-389.2688658440327
5515,chase_crowd_top5,0,0.0,1000,62670.88200297047,661.9973517368869,-686.6455899851476
5515,max_pred_prize_top5,0,0.0,1000,128022.23419238902,74.76754519505486,-359.88882903805484
5515,random_5,0,0.0,1000,96110.17506386767,104.00229719344581,-519.4491246806616
5515,no_triple_random5,0,0.0,1000,99894.2597756123,108.26967637245755,-500.52870112193847
5520,avoid_crowd_top5,0,0.0,1000,122147.80361965459,68.36593804739782,-389.26098190172706
5520,chase_crowd_top5,0,0.0,1000,62678.545911144654,662.2170989112312,-686.6072704442768
5520,max_pred_prize_top5,0,0.0,1000,128015.21403545342,74.74299745155815,-359.92392982273293
5520,random_5,0,0.0,1000,93209.23348207596,98.48705654099157,-533.9538325896202
5520,no_triple_random5,0,0.0,1000,100055.7588800961,93.23976619058973,-499.7212055995195
5525,avoid_crowd_top5,0,0.0,1000,122162.20185608603,68.36256997626623,-389.1889907195698
5525,chase_crowd_top5,0,0.0,1000,62685.45794401263,662.2749529185148,-686.5727102799368
5525,max_pred_prize_top5,0,0.0,1000,128030.08714514482,74.72402314384101,-359.84956427427585
5525,random_5,0,0.0,1000,87503.52510923159,116.13769842991898,-562.4823744538421
5525,no_triple_random5,0,0.0,1000,90374.22093348503,114.68576041466413,-548.1288953325748
5530,avoid_crowd_top5,0,0.0,1000,122935.25969032806,68.52674028094532,-385.3237015483596
5530,chase_crowd_top5,0,0.0,1000,62689.45566382754,661.8573342453071,-686.5527216808623
5530,max_pred_prize_top5,0,0.0,1000,127832.34887633365,74.88475481893298,-360.8382556183317
5530,random_5,0,0.0,1000,100963.68502107458,96.100866346228,-495.1815748946271
5530,no_triple_random5,0,0.0,1000,94057.68372300941,109.25397024727957,-529.711581384953
5535,avoid_crowd_top5,0,0.0,1000,122943.35782019814,68.48024402347001,-385.2832108990093
5535,chase_crowd_top5,0,0.0,1000,62694.911650016555,662.4652130215351,-686.5254417499173
5535,max_pred_prize_top5,0,0.0,1000,127821.07512853944,74.80196277458855,-360.89462435730286
5535,random_5,0,0.0,1000,95666.55194028963,105.73120062099834,-521.6672402985519
5535,no_triple_random5,0,0.0,1000,90818.20460356174,108.19419558726474,-545.9089769821912
5540,avoid_crowd_top5,0,0.0,1000,122934.2922177075,68.43678785291412,-385.3285389114625
5540,chase_crowd_top5,0,0.0,1000,62693.528652574656,662.4270603968376,-686.5323567371267
5540,max_pred_prize_top5,0,0.0,1000,127842.42704292647,74.719184581494,-360.7878647853677
5540,random_5,0,0.0,1000,92956.68829198292,107.613789389262,-535.2165585400853
5540,no_triple_random5,0,0.0,1000,102618.11755017682,91.16937892862315,-486.9094122491159
5545,avoid_crowd_top5,0,0.0,1000,122985.27286756551,68.38931746834007,-385.0736356621725
5545,chase_crowd_top5,0,0.0,1000,62696.123409381464,662.6657698667865,-686.5193829530926
5545,max_pred_prize_top5,0,0.0,1000,127860.49774014221,74.67058932956282,-360.697511299289
5545,random_5,0,0.0,1000,97526.78106730289,98.08329559891718,-512.3660946634856
5545,no_triple_random5,0,0.0,1000,86390.50845012903,109.67655221318225,-568.0474577493549
5560,avoid_crowd_top5,0,0.0,1000,122983.12715936285,68.26974336043915,-385.0843642031857
5560,chase_crowd_top5,0,0.0,1000,62696.37347812272,662.5952432274559,-686.5181326093864
5560,max_pred_prize_top5,0,0.0,1000,127826.96622944539,74.55902271765618,-360.8651688527731
5560,random_5,0,0.0,1000,101948.38157321644,94.32423655752935,-490.2580921339178
5560,no_triple_random5,0,0.0,1000,93614.59193183284,113.06090539544603,-531.9270403408358
5565,avoid_crowd_top5,0,0.0,1000,122965.68147292717,68.31042445364795,-385.17159263536416
5565,chase_crowd_top5,0,0.0,1000,62692.97097640445,662.6534964051,-686.5351451179777
5565,max_pred_prize_top5,0,0.0,1000,127832.08040602684,74.56737826977535,-360.83959796986574
5565,random_5,0,0.0,1000,99725.7837468531,102.22750154322937,-501.37108126573446
5565,no_triple_random5,0,0.0,1000,104765.05019759586,93.7520917751933,-476.1747490120207
5570,avoid_crowd_top5,0,0.0,1000,122950.23757892083,68.34771874516184,-385.2488121053958
5570,chase_crowd_top5,0,0.0,1000,63137.231576908685,654.3311733968179,-684.3138421154565
5570,max_pred_prize_top5,0,0.0,1000,127846.30734081993,74.57420495177841,-360.76846329590035
5570,random_5,0,0.0,1000,106324.82088179004,86.09155658533429,-468.3758955910498
5570,no_triple_random5,0,0.0,1000,95467.39667985441,103.34075575676404,-522.6630166007279
5575,avoid_crowd_top5,0,0.0,1000,122961.48546132934,68.32410226325291,-385.1925726933533
5575,chase_crowd_top5,0,0.0,1000,63145.64171368834,654.1096342579765,-684.2717914315583
5575,max_pred_prize_top5,0,0.0,1000,127840.9270335179,74.57125460500099,-360.7953648324104
5575,random_5,0,0.0,1000,97341.04850173208,100.83914309599187,-513.2947574913396
5575,no_triple_random5,0,0.0,1000,94681.58513236964,98.79444222601528,-526.5920743381519
5580,avoid_crowd_top5,0,0.0,1000,122974.06163912555,68.30583886980689,-385.1296918043722
5580,chase_crowd_top5,0,0.0,1000,63145.33849386291,654.1232982979311,-684.2733075306854
5580,max_pred_prize_top5,0,0.0,1000,127849.33264328544,74.57247995085754,-360.75333678357276
5580,random_5,0,0.0,1000,98722.75153588796,97.72016574284139,-506.3862423205602
5580,no_triple_random5,0,0.0,1000,88641.92310922127,110.73956880369164,-556.7903844538937
5586,avoid_crowd_top5,0,0.0,1000,122987.05706957143,68.29080591560607,-385.0647146521428
5586,chase_crowd_top5,0,0.0,1000,63148.43710092038,654.4120798381324,-684.2578144953981
5586,max_pred_prize_top5,0,0.0,1000,127821.34337903466,74.52807161314114,-360.89328310482665
5586,random_5,0,0.0,1000,97644.0113692275,174.4853977116304,-511.77994315386246
5586,no_triple_random5,0,0.0,1000,103241.90055751786,91.10448454168173,-483.79049721241074
5591,avoid_crowd_top5,0,0.0,1000,122988.3632904867,68.28165844853388,-385.0581835475665
5591,chase_crowd_top5,0,0.0,1000,63171.03590788376,653.7817901713663,-684.1448204605813
5591,max_pred_prize_top5,0,0.0,1000,127763.0123816374,74.60169056990306,-361.184938091813
5591,random_5,0,0.0,1000,87859.63942884267,112.89151015227344,-560.7018028557866
5591,no_triple_random5,0,0.0,1000,93525.02660081786,107.03446527704068,-532.3748669959107
5596,avoid_crowd_top5,0,0.0,1000,122998.6517112236,68.28268055314183,-385.006741443882
5596,chase_crowd_top5,0,0.0,1000,63174.006708667366,653.6691739898308,-684.1299664566632
5596,max_pred_prize_top5,0,0.0,1000,127803.11486561419,74.58685530858016,-360.984425671929
5596,random_5,0,0.0,1000,85834.64987133749,205.47319807777086,-570.8267506433126
5596,no_triple_random5,0,0.0,1000,94701.6701006599,102.34113606454605,-526.4916494967005
5601,avoid_crowd_top5,0,0.0,1000,123005.70829611695,68.28588993439357,-384.97145851941525
5601,chase_crowd_top5,0,0.0,1000,63178.118791841596,653.3514472181523,-684.109406040792
5601,max_pred_prize_top5,0,0.0,1000,127818.81185223938,74.59382712488261,-360.9059407388031
5601,random_5,0,0.0,1000,91628.65485584966,101.83183634427891,-541.8567257207517
5601,no_triple_random5,0,0.0,1000,105563.22345528872,96.45076695646208,-472.1838827235564
5606,avoid_crowd_top5,0,0.0,1000,123045.22528487339,68.25577761440698,-384.77387357563305
5606,chase_crowd_top5,0,0.0,1000,63176.03031037443,653.3322941746337,-684.1198484481279
5606,max_pred_prize_top5,0,0.0,1000,127874.63812980088,74.55956933717454,-360.6268093509956
5606,random_5,0,0.0,1000,94374.84283878142,101.27901932262421,-528.1257858060928
5606,no_triple_random5,0,0.0,1000,94469.35771718211,109.86949059450323,-527.6532114140895
5611,avoid_crowd_top5,0,0.0,1000,123071.86235504117,68.20510892315728,-384.6406882247941
5611,chase_crowd_top5,0,0.0,1000,63173.57318308797,653.1925370163623,-684.1321340845602
5611,max_pred_prize_top5,0,0.0,1000,127880.42107436946,74.53705620675193,-360.59789462815274
5611,random_5,0,0.0,1000,87658.10445706811,111.19673539252861,-561.7094777146594
5611,no_triple_random5,0,0.0,1000,90231.56569243832,103.5012578608801,-548.8421715378083
5616,avoid_crowd_top5,0,0.0,1000,123059.6127016714,68.20057574907896,-384.701936491643
5616,chase_crowd_top5,0,0.0,1000,63177.093091291514,653.1367473228408,-684.1145345435425
5616,max_pred_prize_top5,0,0.0,1000,127867.1263647773,74.5543668739252,-360.6643681761135
5616,random_5,0,0.0,1000,89385.91077334601,114.64366183344255,-553.0704461332699
5616,no_triple_random5,0,0.0,1000,110426.24070186452,89.84981455859898,-447.86879649067737
5621,avoid_crowd_top5,0,0.0,1000,123105.94680579608,68.0978209896513,-384.47026597101956
5621,chase_crowd_top5,0,0.0,1000,63178.60977612878,653.0793116974291,-684.1069511193562
5621,max_pred_prize_top5,0,0.0,1000,127886.33422829311,74.50274678239319,-360.5683288585344
5621,random_5,0,0.0,1000,96061.41447932392,96.84722142509158,-519.6929276033804
5621,no_triple_random5,0,0.0,1000,98736.86473162669,95.67331417353462,-506.31567634186655
5626,avoid_crowd_top5,0,0.0,1000,123131.23846985544,68.0674405680418,-384.34380765072285
5626,chase_crowd_top5,0,0.0,1000,63171.91467492648,653.2157638247452,-684.1404266253676
5626,max_pred_prize_top5,0,0.0,1000,127908.11496444326,74.47529342139966,-360.4594251777837
5626,random_5,0,0.0,1000,89736.5292928637,101.68916704964431,-551.3173535356814
5626,no_triple_random5,0,0.0,1000,88304.17443240169,117.01783443221072,-558.4791278379915
5631,avoid_crowd_top5,0,0.0,1000,123068.81882746075,68.10111148828935,-384.6559058626963
5631,chase_crowd_top5,0,0.0,1000,64005.24465765298,643.2024362871646,-679.9737767117351
5631,max_pred_prize_top5,0,0.0,1000,127900.5487191464,74.48046802121112,-360.497256404268
5631,random_5,0,0.0,1000,99166.51569237882,94.63377389485093,-504.1674215381059
5631,no_triple_random5,0,0.0,1000,95920.25393388665,94.96068832841937,-520.3987303305668
5636,avoid_crowd_top5,0,0.0,1000,123046.11399967833,68.07442165443244,-384.7694300016084
5636,chase_crowd_top5,0,0.0,1000,64002.69380219591,643.2062441837971,-679.9865309890205
5636,max_pred_prize_top5,0,0.0,1000,127897.26565699713,74.44001040138959,-360.5136717150143
5636,random_5,0,0.0,1000,91698.8769020076,102.6424035148307,-541.505615489962
5636,no_triple_random5,0,0.0,1000,101276.2333908827,93.07494643466693,-493.6188330455865
5641,avoid_crowd_top5,0,0.0,1000,123068.35590445297,68.0605288150889,-384.6582204777352
5641,chase_crowd_top5,0,0.0,1000,63982.72268363979,643.2512498911067,-680.086386581801
5641,max_pred_prize_top5,0,0.0,1000,127930.33250511586,74.4254346000001,-360.34833747442065
5641,random_5,0,0.0,1000,85110.13080633704,116.35800745974998,-574.4493459683148
5641,no_triple_random5,0,0.0,1000,101740.7083622689,94.24647537950042,-491.2964581886555
5646,avoid_crowd_top5,0,0.0,1000,122053.65837249605,68.12951403155738,-389.7317081375197
5646,chase_crowd_top5,0,0.0,1000,63979.506640790634,643.0613806647059,-680.1024667960469
5646,max_pred_prize_top5,0,0.0,1000,127912.75753691586,74.50399221573971,-360.4362123154207
5646,random_5,0,0.0,1000,90296.92951438877,201.43539956312873,-548.5153524280561
5646,no_triple_random5,0,0.0,1000,92445.01544894374,102.65729402255836,-537.7749227552813
5651,avoid_crowd_top5,0,0.0,1000,122042.45693354514,68.13972987087575,-389.7877153322743
5651,chase_crowd_top5,0,0.0,1000,63959.48881020116,643.4422349818299,-680.2025559489941
5651,max_pred_prize_top5,0,0.0,1000,127898.55076178152,74.50786719688956,-360.50724619109235
5651,random_5,0,0.0,1000,88245.77756422876,106.82390780385256,-558.7711121788561
5651,no_triple_random5,0,0.0,1000,93591.81609527452,108.35938491917545,-532.0409195236274
5656,avoid_crowd_top5,0,0.0,1000,123071.47397320057,68.1096618720951,-384.64263013399716
5656,chase_crowd_top5,0,0.0,1000,63985.204864535,643.3848893450197,-680.073975677325
5656,max_pred_prize_top5,0,0.0,1000,127917.24763392317,74.42703516974649,-360.41376183038415
5656,random_5,0,0.0,1000,83504.48396787609,122.31974578690753,-582.4775801606195
5656,no_triple_random5,0,0.0,1000,82199.55169925626,120.17226817124542,-589.0022415037187
5661,avoid_crowd_top5,0,0.0,1000,123048.47363796612,68.17723398386792,-384.7576318101694
5661,chase_crowd_top5,0,0.0,1000,63979.86991602407,643.6497001369617,-680.1006504198797
5661,max_pred_prize_top5,0,0.0,1000,127912.7158756719,74.42738578108711,-360.43642062164054
5661,random_5,0,0.0,1000,96667.55717274768,93.3533301719978,-516.6622141362616
5661,no_triple_random5,0,0.0,1000,91048.52371495959,105.6863848458114,-544.7573814252021
5666,avoid_crowd_top5,0,0.0,1000,123081.49249940514,68.0971155037345,-384.5925375029743
5666,chase_crowd_top5,0,0.0,1000,63981.8240090286,643.3994491470511,-680.090879954857
5666,max_pred_prize_top5,0,0.0,1000,127957.82599055444,74.3219464619118,-360.2108700472278
5666,random_5,0,0.0,1000,89963.59053766044,108.93681048119768,-550.1820473116978
5666,no_triple_random5,0,0.0,1000,94193.8049799538,94.46593547790141,-529.030975100231
5671,avoid_crowd_top5,0,0.0,1000,123119.79040679887,68.07200022357145,-384.40104796600565
5671,chase_crowd_top5,0,0.0,1000,63981.06346119321,643.3562931784252,-680.094682694034
5671,max_pred_prize_top5,0,0.0,1000,127986.55277476627,74.30939165173744,-360.0672361261686
5671,random_5,0,0.0,1000,93732.56280772196,103.77039716259931,-531.3371859613902
5671,no_triple_random5,0,0.0,1000,94822.87561598941,111.04090744673788,-525.8856219200529
5676,avoid_crowd_top5,0,0.0,1000,123149.58075917073,68.10146258649539,-384.25209620414637
5676,chase_crowd_top5,0,0.0,1000,63980.37283781044,643.2692998403334,-680.0981358109477
5676,max_pred_prize_top5,0,0.0,1000,128013.67149395002,74.31901269300555,-359.93164253024986
5676,random_5,0,0.0,1000,88447.9279838369,106.53706510357605,-557.7603600808155
5676,no_triple_random5,0,0.0,1000,101849.31517145925,96.92600108752838,-490.75342414270375
5681,avoid_crowd_top5,0,0.0,1000,123154.41362632599,68.12631246462446,-384.2279318683701
5681,chase_crowd_top5,0,0.0,1000,63981.47899999442,643.1222214470743,-680.0926050000279
5681,max_pred_prize_top5,0,0.0,1000,128015.58777378169,74.33860673434897,-359.9220611310915
5681,random_5,0,0.0,1000,90806.47969446644,105.44020315611515,-545.9676015276677
5681,no_triple_random5,0,0.0,1000,91920.70287208662,100.3435587507435,-540.3964856395669
5686,avoid_crowd_top5,0,0.0,1000,123168.41107816699,68.12857093609068,-384.15794460916504
5686,chase_crowd_top5,0,0.0,1000,63983.19879218205,642.8382276465693,-680.0840060390897
5686,max_pred_prize_top5,0,0.0,1000,128021.89219890287,74.3378223923217,-359.8905390054856
5686,random_5,0,0.0,1000,87219.88561484264,114.15575530269989,-563.9005719257868
5686,no_triple_random5,0,0.0,1000,87054.06295952736,111.89565750805828,-564.7296852023632
5691,avoid_crowd_top5,0,0.0,1000,123164.58063098481,68.17333764750892,-384.1770968450759
5691,chase_crowd_top5,0,0.0,1000,63969.08076181264,642.9854993385718,-680.1545961909368
5691,max_pred_prize_top5,0,0.0,1000,128066.74337079264,74.35345900682933,-359.6662831460368
5691,random_5,0,0.0,1000,93549.69851674323,108.34735886704657,-532.2515074162839
5691,no_triple_random5,0,0.0,1000,96218.00677914056,101.76053512940555,-518.9099661042972
5696,avoid_crowd_top5,0,0.0,1000,123126.27595547444,68.1845193464787,-384.3686202226278
5696,chase_crowd_top5,0,0.0,1000,63963.96526671409,643.0647406324408,-680.1801736664295
5696,max_pred_prize_top5,0,0.0,1000,128059.0020113864,74.3538165944203,-359.704989943068
5696,random_5,0,0.0,1000,106301.16300736205,96.75404403323986,-468.4941849631898
5696,no_triple_random5,0,0.0,1000,84594.8254133154,118.20061827690499,-577.025872933423
5701,avoid_crowd_top5,0,0.0,1000,123101.62906720144,68.20881052295144,-384.49185466399274
5701,chase_crowd_top5,0,0.0,1000,63969.228459559745,642.8535150215769,-680.1538577022013
5701,max_pred_prize_top5,0,0.0,1000,128050.5248650006,74.34621514055985,-359.747375674997
5701,random_5,0,0.0,1000,92106.0785458849,102.3202945253059,-539.4696072705756
5701,no_triple_random5,0,0.0,1000,91140.70375824052,110.89408327753259,-544.2964812087973
5706,avoid_crowd_top5,0,0.0,1000,123100.29550548673,68.20915343874326,-384.49852247256626
5706,chase_crowd_top5,0,0.0,1000,63966.885525378806,642.7893243847528,-680.165572373106
5706,max_pred_prize_top5,0,0.0,1000,128063.27757676686,74.35685340833452,-359.6836121161657
5706,random_5,0,0.0,1000,97728.22791177753,88.53258886674496,-511.3588604411123
5706,no_triple_random5,0,0.0,1000,94604.15647480599,101.76327618842086,-526.97921762597
5711,avoid_crowd_top5,0,0.0,1000,123162.17500731016,68.17417918569683,-384.1891249634492
5711,chase_crowd_top5,0,0.0,1000,63928.809506152975,643.1607817154734,-680.355952469235
5711,max_pred_prize_top5,0,0.0,1000,128027.57546257351,74.36670537573704,-359.86212268713246
5711,random_5,0,0.0,1000,92821.0896753325,107.01577205401955,-535.8945516233375
5711,no_triple_random5,0,0.0,1000,85220.92279717445,120.44172700196188,-573.8953860141278
5716,avoid_crowd_top5,0,0.0,1000,123173.85021092984,68.20503240144659,-384.1307489453508
5716,chase_crowd_top5,0,0.0,1000,63923.58046000176,643.222919499008,-680.3820976999912
5716,max_pred_prize_top5,0,0.0,1000,128030.16579360166,74.41350058113822,-359.84917103199166
5716,random_5,0,0.0,1000,86225.75274515331,114.959563087458,-568.8712362742335
5716,no_triple_random5,0,0.0,1000,100679.54972440694,93.36922100565911,-496.6022513779653
5721,avoid_crowd_top5,0,0.0,1000,123143.44476660583,68.22171089190522,-384.28277616697085
5721,chase_crowd_top5,0,0.0,1000,63928.00609259201,643.1931484705092,-680.3599695370399
5721,max_pred_prize_top5,0,0.0,1000,127978.71584387608,74.45509123507377,-360.1064207806196
5721,random_5,0,0.0,1000,94837.92341844218,96.59693646371451,-525.8103829077891
5721,no_triple_random5,0,0.0,1000,89292.18776756313,110.34470017185144,-553.5390611621843
5726,avoid_crowd_top5,0,0.0,1000,123120.78471791609,68.29662960379453,-384.3960764104196
5726,chase_crowd_top5,0,0.0,1000,63932.06745331831,643.0154082582612,-680.3396627334084
5726,max_pred_prize_top5,0,0.0,1000,127981.92572388989,74.48269935646344,-360.09037138055055
5726,random_5,0,0.0,1000,87706.40090504827,113.8425179593673,-561.4679954747587
5726,no_triple_random5,0,0.0,1000,89769.00367582563,110.84713569362228,-551.1549816208718
5731,avoid_crowd_top5,0,0.0,1000,123142.34180280715,68.30740631465625,-384.2882909859643
5731,chase_crowd_top5,0,0.0,1000,63937.33384813252,642.9740261853042,-680.3133307593374
5731,max_pred_prize_top5,0,0.0,1000,127991.00493220771,74.50077531158516,-360.0449753389614
5731,random_5,0,0.0,1000,102558.06564203672,93.49233339723439,-487.2096717898164
5731,no_triple_random5,0,0.0,1000,101228.71316469018,101.72005160973018,-493.85643417654904
5736,avoid_crowd_top5,0,0.0,1000,123169.52537263762,68.22832209969837,-384.1523731368119
5736,chase_crowd_top5,0,0.0,1000,63664.512579747985,645.1517266886394,-681.67743710126
5736,max_pred_prize_top5,0,0.0,1000,127991.03293967542,74.47864385164283,-360.0448353016228
5736,random_5,0,0.0,1000,107689.31079529256,85.87658210751641,-461.55344602353716
5736,no_triple_random5,0,0.0,1000,93904.97486432164,109.6312360733418,-530.4751256783918
5741,avoid_crowd_top5,0,0.0,1000,122972.9241856182,68.40817616484534,-385.1353790719089
5741,chase_crowd_top5,0,0.0,1000,63695.72171605144,644.8316107565862,-681.5213914197427
5741,max_pred_prize_top5,0,0.0,1000,127852.25279131062,74.5986651027165,-360.7387360434469
5741,random_5,0,0.0,1000,93326.8953857147,102.14333618427648,-533.3655230714264
5741,no_triple_random5,0,0.0,1000,92701.9047528456,111.8771998875015,-536.490476235772
5746,avoid_crowd_top5,0,0.0,1000,122994.13039610205,68.38508895889798,-385.0293480194897
5746,chase_crowd_top5,0,0.0,1000,63689.36667211579,644.8037532875298,-681.5531666394211
5746,max_pred_prize_top5,0,0.0,1000,127840.88589117464,74.65400570583381,-360.7955705441268
5746,random_5,0,0.0,1000,85754.15477475249,115.54582709728011,-571.2292261262376
5746,no_triple_random5,0,0.0,1000,94322.90423340241,109.48921357664497,-528.3854788329879
5751,avoid_crowd_top5,0,0.0,1000,122948.18635706781,68.41646811149079,-385.25906821466094
5751,chase_crowd_top5,0,0.0,1000,63713.54613578174,644.3861851326272,-681.4322693210913
5751,max_pred_prize_top5,0,0.0,1000,127807.98313621592,74.676707461971,-360.9600843189204
5751,random_5,0,0.0,1000,95714.81195217269,97.22095983194424,-521.4259402391365
5751,no_triple_random5,0,0.0,1000,93185.28261051355,104.36821953285146,-534.0735869474322
5756,avoid_crowd_top5,0,0.0,1000,122928.65545680726,68.4635382101867,-385.35672271596366
5756,chase_crowd_top5,0,0.0,1000,63722.45195938404,644.0155429209486,-681.3877402030798
5756,max_pred_prize_top5,0,0.0,1000,127785.90409682745,74.74918880943956,-361.07047951586276
5756,random_5,0,0.0,1000,90825.15587125951,111.25447061622769,-545.8742206437024
5756,no_triple_random5,0,0.0,1000,91700.8854279905,104.44903666251862,-541.4955728600474
5761,avoid_crowd_top5,0,0.0,1000,122856.70976127342,68.55044967735765,-385.7164511936329
5761,chase_crowd_top5,0,0.0,1000,63713.63953676218,644.1224984261529,-681.4318023161891
5761,max_pred_prize_top5,0,0.0,1000,127778.25127443427,74.75183577294686,-361.10874362782863
5761,random_5,0,0.0,1000,96416.81110254177,102.98885222463119,-517.9159444872912
5761,no_triple_random5,0,0.0,1000,82681.45314320058,125.58324495800805,-586.5927342839971
5766,avoid_crowd_top5,0,0.0,1000,122881.70335207127,68.50668725062532,-385.5914832396436
5766,chase_crowd_top5,0,0.0,1000,63704.91609672888,644.3868414425448,-681.4754195163556
5766,max_pred_prize_top5,0,0.0,1000,127767.38607882995,74.77248732400582,-361.1630696058502
5766,random_5,0,0.0,1000,95706.0814166161,101.1431288965678,-521.4695929169195
5766,no_triple_random5,0,0.0,1000,91127.95958586995,102.21911413415168,-544.3602020706503
5771,avoid_crowd_top5,0,0.0,1000,122944.43577121667,68.40151909777764,-385.27782114391664
5771,chase_crowd_top5,0,0.0,1000,63727.038420786135,643.729723208131,-681.3648078960694
5771,max_pred_prize_top5,0,0.0,1000,127810.2829756038,74.68315365113334,-360.94858512198095
5771,random_5,0,0.0,1000,89013.45070009984,107.75630359102247,-554.9327464995008
5771,no_triple_random5,0,0.0,1000,104293.21293021098,90.81879887695386,-478.5339353489451
5776,avoid_crowd_top5,0,0.0,1000,122629.05671796874,68.84287706825914,-386.85471641015636
5776,chase_crowd_top5,0,0.0,1000,63745.60082386434,643.3029645151782,-681.2719958806783
5776,max_pred_prize_top5,0,0.0,1000,127419.99928740517,75.24527442602441,-362.9000035629741
5776,random_5,0,0.0,1000,94767.80354898874,104.01005167049178,-526.1609822550563
5776,no_triple_random5,0,0.0,1000,91489.71430749274,115.60545663510848,-542.5514284625363
5781,avoid_crowd_top5,0,0.0,1000,122618.37081945143,68.89448797993242,-386.90814590274283
5781,chase_crowd_top5,0,0.0,1000,63766.88344607912,642.9608200365407,-681.1655827696044
5781,max_pred_prize_top5,0,0.0,1000,127375.18755452344,75.34177423419581,-363.12406222738275
5781,random_5,0,0.0,1000,97916.93789725922,99.29761633685659,-510.41531051370384
5781,no_triple_random5,0,0.0,1000,95876.8793209307,105.49712406471122,-520.6156033953464
5786,avoid_crowd_top5,0,0.0,1000,122622.01081939127,68.92903523369488,-386.88994590304367
5786,chase_crowd_top5,0,0.0,1000,63777.873099620614,642.5721220861567,-681.1106345018969
5786,max_pred_prize_top5,0,0.0,1000,127373.6050838606,75.40173975165166,-363.1319745806969
5786,random_5,0,0.0,1000,98524.80605120976,102.53891036126763,-507.3759697439512
5786,no_triple_random5,0,0.0,1000,97111.43850505231,90.2349785566187,-514.4428074747384
5791,avoid_crowd_top5,0,0.0,1000,122608.32492769786,68.92776904196236,-386.95837536151066
5791,chase_crowd_top5,0,0.0,1000,63775.1541681096,642.5841871867976,-681.1242291594519
5791,max_pred_prize_top5,0,0.0,1000,127364.5518742308,75.40004291578501,-363.177240628846
5791,random_5,0,0.0,1000,90291.8044283408,102.17442998420611,-548.540977858296
5791,no_triple_random5,0,0.0,1000,98442.83793418031,98.50288792492907,-507.78581032909847
5796,avoid_crowd_top5,0,0.0,1000,121483.28645045643,68.96692556433668,-392.5835677477178
5796,chase_crowd_top5,0,0.0,1000,63768.220188170766,642.5812540716586,-681.1588990591462
5796,max_pred_prize_top5,0,0.0,1000,127257.22323637272,75.39019877278407,-363.7138838181364
5796,random_5,0,0.0,1000,96785.57664619185,109.94274026420428,-516.0721167690408
5796,no_triple_random5,0,0.0,1000,91035.23776612555,110.5397018422436,-544.8238111693722
5801,avoid_crowd_top5,0,0.0,1000,121492.59972111371,68.89495532944048,-392.5370013944314
5801,chase_crowd_top5,0,0.0,1000,63773.478028368394,642.6995501401288,-681.132609858158
5801,max_pred_prize_top5,0,0.0,1000,127248.03342879823,75.43123818029794,-363.75983285600887
5801,random_5,0,0.0,1000,89004.27501449897,115.42961851138918,-554.9786249275052
5801,no_triple_random5,0,0.0,1000,94892.96750535001,97.26764836558414,-525.53516247325
5806,avoid_crowd_top5,0,0.0,1000,121567.90869722857,68.77091838870311,-392.16045651385707
5806,chase_crowd_top5,0,0.0,1000,63754.84889160873,643.0634404500031,-681.2257555419563
5806,max_pred_prize_top5,0,0.0,1000,127319.26393883144,75.36327796084389,-363.4036803058427
5806,random_5,0,0.0,1000,95950.6089379463,107.68548797886919,-520.2469553102685
5806,no_triple_random5,0,0.0,1000,98915.98967019803,96.86120091917597,-505.42005164900985
5811,avoid_crowd_top5,0,0.0,1000,121521.49643956807,68.76090442562337,-392.39251780215966
5811,chase_crowd_top5,0,0.0,1000,63768.32103135307,642.4915720938177,-681.1583948432346
5811,max_pred_prize_top5,0,0.0,1000,127287.53048862531,75.34734030062012,-363.5623475568734
5811,random_5,0,0.0,1000,88070.56173839765,113.06289500981252,-559.6471913080118
5811,no_triple_random5,0,0.0,1000,89722.36178102627,116.04630822984988,-551.3881910948687
5816,avoid_crowd_top5,0,0.0,1000,121543.8623167953,68.77592901432146,-392.2806884160235
5816,chase_crowd_top5,0,0.0,1000,63769.430933697266,642.6065834689822,-681.1528453315136
5816,max_pred_prize_top5,0,0.0,1000,127325.86857178013,75.27800323259761,-363.3706571410994
5816,random_5,0,0.0,1000,94972.1788303399,99.48693695688266,-525.1391058483005
5816,no_triple_random5,0,0.0,1000,82635.92058486039,118.58887963145874,-586.8203970756981
5821,avoid_crowd_top5,0,0.0,1000,121545.56429179618,68.73668548619054,-392.2721785410191
5821,chase_crowd_top5,0,0.0,1000,63770.23988516557,642.7732183239784,-681.1488005741721
5821,max_pred_prize_top5,0,0.0,1000,127338.38180584097,75.20446547386868,-363.3080909707952
5821,random_5,0,0.0,1000,91210.44523851373,104.13308670480902,-543.9477738074313
5821,no_triple_random5,0,0.0,1000,105825.68336844942,95.33708132953821,-470.87158315775287
5827,avoid_crowd_top5,0,0.0,1000,121544.26634739342,68.76656104040042,-392.27866826303284
5827,chase_crowd_top5,0,0.0,1000,63767.45684811352,642.5748149403335,-681.1627157594323
5827,max_pred_prize_top5,0,0.0,1000,127343.31502764579,75.23545159147064,-363.2834248617711
5827,random_5,0,0.0,1000,92780.67290258202,109.78200920234785,-536.0966354870899
5827,no_triple_random5,0,0.0,1000,95038.57743857724,103.83060832007996,-524.8071128071138
5832,avoid_crowd_top5,0,0.0,1000,121545.81829627552,68.75519289745064,-392.2709085186224
5832,chase_crowd_top5,0,0.0,1000,63765.409122876605,642.4635064457685,-681.172954385617
5832,max_pred_prize_top5,0,0.0,1000,127340.63071819274,75.18413778101709,-363.29684640903633
5832,random_5,0,0.0,1000,94839.66676145911,104.18819974359955,-525.8016661927045
5832,no_triple_random5,0,0.0,1000,88964.24194928423,112.35512002009632,-555.1787902535789
5837,avoid_crowd_top5,0,0.0,1000,121583.93078804843,68.6958895849942,-392.08034605975786
5837,chase_crowd_top5,0,0.0,1000,63743.79241305032,642.3825350490985,-681.2810379347484
5837,max_pred_prize_top5,0,0.0,1000,127403.6062332022,75.14373303397016,-362.98196883398896
5837,random_5,0,0.0,1000,87762.4140590406,107.79560356474697,-561.1879297047969
5837,no_triple_random5,0,0.0,1000,85579.53554425809,123.11610451040174,-572.1023222787096
5842,avoid_crowd_top5,0,0.0,1000,122710.41804560475,68.51932842937791,-386.44790977197624
5842,chase_crowd_top5,0,0.0,1000,63754.77609224022,642.0566622041977,-681.2261195387989
5842,max_pred_prize_top5,0,0.0,1000,127459.43952128722,75.02544169005898,-362.70280239356384
5842,random_5,0,0.0,1000,93677.37382292296,105.88946772673239,-531.6131308853851
5842,no_triple_random5,0,0.0,1000,94833.42402043375,103.549553971545,-525.8328798978312
5847,avoid_crowd_top5,0,0.0,1000,122753.65792427622,68.43878358819485,-386.2317103786189
5847,chase_crowd_top5,0,0.0,1000,63755.145684700066,642.1214303932841,-681.2242715764996
5847,max_pred_prize_top5,0,0.0,1000,127492.88608047688,74.96230954688465,-362.53556959761556
5847,random_5,0,0.0,1000,82563.86815114057,126.76195749219866,-587.1806592442972
5847,no_triple_random5,0,0.0,1000,98205.19138635533,93.136426284343,-508.9740430682233
5853,avoid_crowd_top5,0,0.0,1000,122742.6623076736,68.45178556411972,-386.286688461632
5853,chase_crowd_top5,0,0.0,1000,63750.286243386334,642.3305762089369,-681.2485687830683
5853,max_pred_prize_top5,0,0.0,1000,127513.39397780108,74.89515725734324,-362.43303011099454
5853,random_5,0,0.0,1000,87889.27791221342,108.34152194848551,-560.5536104389329
5853,no_triple_random5,0,0.0,1000,97911.25003666736,95.66087140053148,-510.44374981666317
5858,avoid_crowd_top5,0,0.0,1000,122736.93775280914,68.43054948505583,-386.31531123595425
5858,chase_crowd_top5,0,0.0,1000,63761.592132106874,642.0319041511407,-681.1920393394656
5858,max_pred_prize_top5,0,0.0,1000,127514.49448516103,74.85611842293403,-362.42752757419487
5858,random_5,0,0.0,1000,97150.23473304564,94.38330902642589,-514.2488263347718
5858,no_triple_random5,0,0.0,1000,94235.67831102633,106.83836797961688,-528.8216084448684
5863,avoid_crowd_top5,0,0.0,1000,122750.9108975943,68.40784073691887,-386.2454455120285
5863,chase_crowd_top5,0,0.0,1000,63748.41528951256,642.6031009271429,-681.2579235524372
5863,max_pred_prize_top5,0,0.0,1000,127544.538184362,74.81112446686957,-362.27730907819
5863,random_5,0,0.0,1000,91766.25341158535,103.51555893202422,-541.1687329420732
5863,no_triple_random5,0,0.0,1000,90536.28933826108,108.37441868112782,-547.3185533086946
5868,avoid_crowd_top5,0,0.0,1000,122753.53899304522,68.37904496065059,-386.23230503477384
5868,chase_crowd_top5,0,0.0,1000,63750.31977057424,642.7235330773643,-681.2484011471288
5868,max_pred_prize_top5,0,0.0,1000,127554.39859900367,74.78325233294515,-362.2280070049816
5868,random_5,0,0.0,1000,87359.16686250053,119.59954338500324,-563.2041656874974
5868,no_triple_random5,0,0.0,1000,100261.94867419254,99.25474092993367,-498.6902566290373
5873,avoid_crowd_top5,0,0.0,1000,122759.07190038783,68.37734874468717,-386.2046404980608
5873,chase_crowd_top5,0,0.0,1000,63719.68319605508,643.1413929275833,-681.4015840197246
5873,max_pred_prize_top5,0,0.0,1000,127497.15191209412,74.84078322689501,-362.5142404395293
5873,random_5,0,0.0,1000,86304.86215759891,120.4829275407598,-568.4756892120054
5873,no_triple_random5,0,0.0,1000,96159.0029394096,101.42926520249728,-519.204985302952
5878,avoid_crowd_top5,0,0.0,1000,122834.7337544938,68.29003452914438,-385.826331227531
5878,chase_crowd_top5,0,0.0,1000,63712.499373899285,643.3583972530123,-681.4375031305035
5878,max_pred_prize_top5,0,0.0,1000,127562.41720779803,74.71131109557389,-362.1879139610098
5878,random_5,0,0.0,1000,89530.12728251304,104.16397822212033,-552.3493635874347
5878,no_triple_random5,0,0.0,1000,104250.2740985603,88.28936514559997,-478.74862950719853
5883,avoid_crowd_top5,0,0.0,1000,122820.45593261595,68.29267393452447,-385.8977203369202
5883,chase_crowd_top5,0,0.0,1000,63709.96302025358,643.397469801513,-681.4501848987321
5883,max_pred_prize_top5,0,0.0,1000,127560.1636018386,74.73816171719913,-362.199181990807
5883,random_5,0,0.0,1000,92152.37573129628,108.34232325605572,-539.2381213435185
5883,no_triple_random5,0,0.0,1000,96975.07052131559,99.69899830688794,-515.124647393422
5888,avoid_crowd_top5,0,0.0,1000,122820.67516094777,68.28399892778297,-385.8966241952612
5888,chase_crowd_top5,0,0.0,1000,63518.895482691274,643.961673670573,-682.4055225865436
5888,max_pred_prize_top5,0,0.0,1000,127598.55109472663,74.6105797893199,-362.0072445263669
5888,random_5,0,0.0,1000,101232.12617269962,98.47312587997962,-493.8393691365019
5888,no_triple_random5,0,0.0,1000,83610.02768696236,119.36292870946068,-581.9498615651883
5893,avoid_crowd_top5,0,0.0,1000,122783.52410218297,68.271612471829,-386.08237948908516
5893,chase_crowd_top5,0,0.0,1000,63527.50621853101,643.8633842527659,-682.3624689073449
5893,max_pred_prize_top5,0,0.0,1000,127522.76561657088,74.60151003963458,-362.3861719171456
5893,random_5,0,0.0,1000,94433.79936643694,102.76447005606788,-527.8310031678152
5893,no_triple_random5,0,0.0,1000,98536.49655145993,99.55759037942772,-507.3175172427003
5898,avoid_crowd_top5,0,0.0,1000,122931.24275805044,68.08705147163344,-385.3437862097478
5898,chase_crowd_top5,0,0.0,1000,63506.68531031967,643.93314602139,-682.4665734484016
5898,max_pred_prize_top5,0,0.0,1000,127598.90699008756,74.51876849986591,-362.0054650495622
5898,random_5,0,0.0,1000,94224.63523511702,106.93457734873883,-528.8768238244149
5898,no_triple_random5,0,0.0,1000,91379.96196882204,108.54748351994519,-543.1001901558898
5903,avoid_crowd_top5,0,0.0,1000,122903.01797645004,68.11281150198872,-385.4849101177498
5903,chase_crowd_top5,0,0.0,1000,63500.25933132955,643.8089085394529,-682.4987033433522
5903,max_pred_prize_top5,0,0.0,1000,127606.06446131777,74.54233621690392,-361.9696776934111
5903,random_5,0,0.0,1000,92561.5105978936,109.65772874520738,-537.192447010532
5903,no_triple_random5,0,0.0,1000,94109.53746561616,100.14891987706974,-529.4523126719191
5908,avoid_crowd_top5,0,0.0,1000,122837.62758070766,68.2237793756254,-385.8118620964617
5908,chase_crowd_top5,0,0.0,1000,63522.524813533724,643.3774342378687,-682.3873759323315
5908,max_pred_prize_top5,0,0.0,1000,127572.60138068085,74.60758690816195,-362.1369930965958
5908,random_5,0,0.0,1000,97385.96555866652,95.94128748402849,-513.0701722066674
5908,no_triple_random5,0,0.0,1000,89592.2195533806,113.77856776152544,-552.038902233097
5913,avoid_crowd_top5,0,0.0,1000,122840.63500102174,68.21704647056386,-385.79682499489127
5913,chase_crowd_top5,0,0.0,1000,63569.98128824572,642.4924368998564,-682.1500935587715
5913,max_pred_prize_top5,0,0.0,1000,127553.42598740682,74.62969097713886,-362.23287006296584
5913,random_5,0,0.0,1000,91905.73777634613,110.06002961685711,-540.4713111182693
5913,no_triple_random5,0,0.0,1000,96555.60920608012,102.48390492957824,-517.2219539695993
5918,avoid_crowd_top5,0,0.0,1000,122882.73188799103,68.22548664192664,-385.58634056004485
5918,chase_crowd_top5,0,0.0,1000,63581.656728361595,642.307807082488,-682.091716358192
5918,max_pred_prize_top5,0,0.0,1000,127607.76041592921,74.60583998406234,-361.9611979203539
5918,random_5,0,0.0,1000,94551.79064844888,96.68179591242581,-527.2410467577556
5918,no_triple_random5,0,0.0,1000,88733.54497692714,114.43676998667395,-556.3322751153644
5923,avoid_crowd_top5,0,0.0,1000,122878.08488771587,68.28203966619493,-385.6095755614207
5923,chase_crowd_top5,0,0.0,1000,63589.11833266821,641.7917728783798,-682.054408336659
5923,max_pred_prize_top5,0,0.0,1000,127621.65645600381,74.59828371073836,-361.891717719981
5923,random_5,0,0.0,1000,96806.27821714742,94.44751870527321,-515.9686089142629
5923,no_triple_random5,0,0.0,1000,85010.35125131613,118.90582583910339,-574.9482437434194
5928,avoid_crowd_top5,0,0.0,1000,122857.68875755253,68.26924675809377,-385.71155621223727
5928,chase_crowd_top5,0,0.0,1000,63584.12964264827,641.7541413523844,-682.0793517867587
5928,max_pred_prize_top5,0,0.0,1000,127579.2159052963,74.62410136565744,-362.10392047351854
5928,random_5,0,0.0,1000,90481.2775864898,100.79830140174417,-547.593612067551
5928,no_triple_random5,0,0.0,1000,93659.43396490064,105.51709741872219,-531.7028301754967
5933,avoid_crowd_top5,0,0.0,1000,122783.88879391617,68.25232520957417,-386.0805560304192
5933,chase_crowd_top5,0,0.0,1000,63603.50535463998,641.3336271511281,-681.9824732268
5933,max_pred_prize_top5,0,0.0,1000,127568.70209172303,74.56671298380525,-362.1564895413849
5933,random_5,0,0.0,1000,88099.17774337344,114.73910077077244,-559.5041112831327
5933,no_triple_random5,0,0.0,1000,96022.65622197368,93.34700680978612,-519.8867188901315
5938,avoid_crowd_top5,0,0.0,1000,122739.97100078668,68.27570777214827,-386.3001449960666
5938,chase_crowd_top5,0,0.0,1000,63604.19233446857,641.5022939875778,-681.9790383276571
5938,max_pred_prize_top5,0,0.0,1000,127533.40207225239,74.59025666677053,-362.332989638738
5938,random_5,0,0.0,1000,94999.8558741312,105.21829726499473,-525.000720629344
5938,no_triple_random5,0,0.0,1000,94681.17408591237,90.86862947268752,-526.5941295704381
5943,avoid_crowd_top5,0,0.0,1000,122754.72636549399,68.25820158582222,-386.22636817253
5943,chase_crowd_top5,0,0.0,1000,63595.231815273946,641.7816992335783,-682.0238409236302
5943,max_pred_prize_top5,0,0.0,1000,127536.14764951295,74.55390247773911,-362.3192617524353
5943,random_5,0,0.0,1000,102166.30630959888,98.68196818076854,-489.1684684520056
5943,no_triple_random5,0,0.0,1000,94863.83379212346,105.01164516258477,-525.6808310393826
5948,avoid_crowd_top5,0,0.0,1000,122722.529381729,68.28949998254512,-386.38735309135507
5948,chase_crowd_top5,0,0.0,1000,63581.55017301943,642.1399861562107,-682.0922491349029
5948,max_pred_prize_top5,0,0.0,1000,127537.6323158384,74.54368865928822,-362.31183842080793
5948,random_5,0,0.0,1000,90023.01555096023,106.68232986327746,-549.8849222451988
5948,no_triple_random5,0,0.0,1000,92181.72532156407,109.10490622987962,-539.0913733921797
5953,avoid_crowd_top5,0,0.0,1000,122746.60899817308,68.26641083826384,-386.26695500913456
5953,chase_crowd_top5,0,0.0,1000,63577.60625869456,642.1470873747527,-682.1119687065273
5953,max_pred_prize_top5,0,0.0,1000,127575.3964034355,74.52942188446079,-362.1230179828225
5953,random_5,0,0.0,1000,91762.56299833578,101.49386920147118,-541.1871850083211
5953,no_triple_random5,0,0.0,1000,93112.53582560756,103.8958396088432,-534.4373208719621
5958,avoid_crowd_top5,0,0.0,1000,122785.38379618045,68.18389325776579,-386.0730810190977
5958,chase_crowd_top5,0,0.0,1000,63570.29905671312,642.1920037662773,-682.1485047164344
5958,max_pred_prize_top5,0,0.0,1000,127588.35557794795,74.50320106555687,-362.0582221102602
5958,random_5,0,0.0,1000,92793.9178533727,109.64819544231969,-536.0304107331365
5958,no_triple_random5,0,0.0,1000,88309.99592850349,105.2296614914978,-558.4500203574826
5963,avoid_crowd_top5,1,116200.0,1000,122833.05228770354,68.15495177886014,-385.83473856148225
5963,chase_crowd_top5,0,0.0,1000,63567.46922827205,642.0042040773288,-682.1626538586397
5963,max_pred_prize_top5,0,0.0,1000,127627.06709539331,74.48769394685264,-361.8646645230334
5963,random_5,0,0.0,1000,102132.67411178778,96.90024093221157,-489.33662944106106
5963,no_triple_random5,0,0.0,1000,93559.69593591154,113.71797578765111,-532.2015203204423
5968,avoid_crowd_top5,0,0.0,1000,122819.50054886498,68.08123107560048,-385.90249725567514
5968,chase_crowd_top5,0,0.0,1000,63563.59135875171,642.0327083402982,-682.1820432062414
5968,max_pred_prize_top5,0,0.0,1000,127593.90653222168,74.43769461194843,-362.03046733889164
5968,random_5,0,0.0,1000,93598.1430171633,106.56221482837495,-532.0092849141836
5968,no_triple_random5,0,0.0,1000,91100.56048676853,102.38814414182843,-544.4971975661574
5974,avoid_crowd_top5,0,0.0,1000,122818.1949121462,68.06470924103563,-385.90902543926904
5974,chase_crowd_top5,0,0.0,1000,63554.23607295899,641.9038705896292,-682.228819635205
5974,max_pred_prize_top5,0,0.0,1000,127636.11082314258,74.43975945554942,-361.8194458842871
5974,random_5,0,0.0,1000,94424.53973472057,104.97668920129236,-527.8773013263972
5974,no_triple_random5,0,0.0,1000,96289.48076089022,100.85932513283089,-518.5525961955489
5981,avoid_crowd_top5,0,0.0,1000,122822.3599052839,68.01822980756968,-385.88820047358047
5981,chase_crowd_top5,0,0.0,1000,63554.574382741856,641.912421336144,-682.2271280862907
5981,max_pred_prize_top5,0,0.0,1000,127656.19652930461,74.3910233775813,-361.71901735347694
5981,random_5,0,0.0,1000,99542.09442761456,98.18044817559658,-502.2895278619272
5981,no_triple_random5,0,0.0,1000,85406.04439209818,105.83700246390897,-572.969778039509
5986,avoid_crowd_top5,0,0.0,1000,122744.08741085911,68.09443741999061,-386.27956294570447
5986,chase_crowd_top5,0,0.0,1000,63574.937653303765,641.6835821636755,-682.1253117334811
5986,max_pred_prize_top5,0,0.0,1000,127529.90330838149,74.50058392591504,-362.3504834580925
5986,random_5,0,0.0,1000,91637.60182344864,108.5920010640049,-541.8119908827568
5986,no_triple_random5,0,0.0,1000,83560.25057022604,123.3397883500024,-582.1987471488699
5991,avoid_crowd_top5,0,0.0,1000,122759.31050638997,68.08885795243728,-386.2034474680502
5991,chase_crowd_top5,0,0.0,1000,63586.90616611323,641.3074738449543,-682.0654691694339
5991,max_pred_prize_top5,0,0.0,1000,127513.79069121639,74.55969564366333,-362.431046543918
5991,random_5,0,0.0,1000,98334.45546777798,99.37161638158277,-508.3277226611101
5991,no_triple_random5,0,0.0,1000,94466.87234751385,105.59538243470422,-527.6656382624308
5996,avoid_crowd_top5,0,0.0,1000,122760.0420961194,68.06340654568609,-386.199789519403
5996,chase_crowd_top5,0,0.0,1000,63576.214703083526,641.6225296505567,-682.1189264845823
5996,max_pred_prize_top5,0,0.0,1000,127520.48605036076,74.5165339378815,-362.39756974819613
5996,random_5,0,0.0,1000,95658.47547513038,107.50440437519543,-521.707622624348
5996,no_triple_random5,0,0.0,1000,88028.6946776254,111.3501267527826,-559.856526611873
6001,avoid_crowd_top5,0,0.0,1000,122818.39617160035,67.97853423321592,-385.90801914199824
6001,chase_crowd_top5,0,0.0,1000,63571.468719373675,641.723937575229,-682.1426564031317
6001,max_pred_prize_top5,0,0.0,1000,127577.73933458861,74.4519522641504,-362.11130332705693
6001,random_5,0,0.0,1000,93086.93233386772,184.6225395691739,-534.5653383306615
6001,no_triple_random5,0,0.0,1000,97688.150353942,99.29525058515097,-511.55924823029
6007,avoid_crowd_top5,0,0.0,1000,122763.85232410417,67.9920600446961,-386.1807383794792
6007,chase_crowd_top5,0,0.0,1000,63565.1613199824,641.5029900646292,-682.1741934000879
6007,max_pred_prize_top5,0,0.0,1000,127585.21385475474,74.41722467819814,-362.0739307262263
6007,random_5,0,0.0,1000,96097.67274310082,102.51866978897608,-519.5116362844959
6007,no_triple_random5,0,0.0,1000,91468.73502365356,101.80052613044369,-542.6563248817322
6012,avoid_crowd_top5,0,0.0,1000,122683.69871581197,67.95773158042618,-386.5815064209402
6012,chase_crowd_top5,0,0.0,1000,63567.85448745217,641.5126002597915,-682.1607275627391
6012,max_pred_prize_top5,0,0.0,1000,127494.57473834282,74.39928279268288,-362.5271263082859
6012,random_5,0,0.0,1000,93896.21847800136,101.21443699859944,-530.5189076099932
6012,no_triple_random5,0,0.0,1000,97708.47464618842,96.14625477764294,-511.45762676905787
6017,avoid_crowd_top5,0,0.0,1000,122681.95933604939,67.93942826214351,-386.5902033197531
6017,chase_crowd_top5,0,0.0,1000,63571.17051125642,641.6063798904057,-682.1441474437179
6017,max_pred_prize_top5,0,0.0,1000,127495.82600814305,74.35891774114785,-362.5208699592847
6017,random_5,0,0.0,1000,97909.7869763879,102.06601295837629,-510.4510651180605
6017,no_triple_random5,0,0.0,1000,86125.99969828011,111.26600355733936,-569.3700015085994
6023,avoid_crowd_top5,0,0.0,1000,122679.08931433891,67.93518278034375,-386.6045534283054
6023,chase_crowd_top5,0,0.0,1000,63560.693141541095,641.6871549493684,-682.1965342922945
6023,max_pred_prize_top5,0,0.0,1000,127482.86271424277,74.3662293264672,-362.5856864287862
6023,random_5,0,0.0,1000,84762.79863955463,117.51932167452776,-576.1860068022268
6023,no_triple_random5,0,0.0,1000,92074.22965665153,107.802895634404,-539.6288517167424
6028,avoid_crowd_top5,0,0.0,1000,122684.43841156093,67.951083625157,-386.57780794219536
6028,chase_crowd_top5,0,0.0,1000,63566.410316403184,641.644420505774,-682.167948417984
6028,max_pred_prize_top5,0,0.0,1000,127480.17838908627,74.3437119716677,-362.59910805456866
6028,random_5,0,0.0,1000,93040.9293149104,105.10695904075132,-534.795353425448
6028,no_triple_random5,0,0.0,1000,97009.11374987278,99.6461114143212,-514.9544312506362
6033,avoid_crowd_top5,0,0.0,1000,122694.29162248054,67.983260068606,-386.52854188759727
6033,chase_crowd_top5,0,0.0,1000,63591.92902697299,641.4517012999232,-682.040354865135
6033,max_pred_prize_top5,0,0.0,1000,127471.24908436932,74.36190453579418,-362.64375457815333
6033,random_5,0,0.0,1000,85057.22473353732,120.60204677337538,-574.7138763323134
6033,no_triple_random5,0,0.0,1000,94373.91081169821,98.2886541714548,-528.1304459415089
6039,avoid_crowd_top5,0,0.0,1000,122626.02191316921,68.0786672398842,-386.86989043415394
6039,chase_crowd_top5,0,0.0,1000,63608.61098579593,641.1543676011678,-681.9569450710203
6039,max_pred_prize_top5,0,0.0,1000,127447.8304072658,74.36935341794029,-362.7608479636709
6039,random_5,0,0.0,1000,85186.99980461708,115.58423242114529,-574.0650009769146
6039,no_triple_random5,0,0.0,1000,97505.23390162564,97.01326386766877,-512.4738304918717
6044,avoid_crowd_top5,0,0.0,1000,122637.23379314978,68.13223198277826,-386.81383103425117
6044,chase_crowd_top5,0,0.0,1000,63621.93006225048,641.9218270807808,-681.8903496887476
6044,max_pred_prize_top5,0,0.0,1000,127408.67772045491,74.29277177737895,-362.9566113977254
6044,random_5,0,0.0,1000,96811.73115826902,106.7696679363371,-515.941344208655
6044,no_triple_random5,0,0.0,1000,97934.78925875493,91.96391004779092,-510.32605370622537
6049,avoid_crowd_top5,0,0.0,1000,122641.15420890957,68.09500645590158,-386.7942289554521
6049,chase_crowd_top5,0,0.0,1000,63659.281051384765,640.762304116031,-681.7035947430761
6049,max_pred_prize_top5,0,0.0,1000,127401.93819645757,74.2726403722526,-362.9903090177121
6049,random_5,0,0.0,1000,85261.36793298638,121.27260066524221,-573.6931603350681
6049,no_triple_random5,0,0.0,1000,92848.77962317326,99.90936067679142,-535.7561018841336
6055,avoid_crowd_top5,0,0.0,1000,122635.25203395425,68.0779454619053,-386.82373983022876
6055,chase_crowd_top5,0,0.0,1000,63654.913997935444,640.8891892184714,-681.7254300103227
6055,max_pred_prize_top5,0,0.0,1000,127409.31603573453,74.26529859364784,-362.9534198213273
6055,random_5,0,0.0,1000,91193.50467668995,106.86006885018239,-544.0324766165502
6055,no_triple_random5,0,0.0,1000,100630.88096153582,86.46167053273793,-496.8455951923209
6060,avoid_crowd_top5,0,0.0,1000,122596.67698700102,68.0917232285304,-387.0166150649949
6060,chase_crowd_top5,0,0.0,1000,63651.707586744415,640.7414832564215,-681.7414620662779
6060,max_pred_prize_top5,0,0.0,1000,127387.99058744645,74.29107881771736,-363.0600470627678
6060,random_5,0,0.0,1000,90529.5615540664,107.70273874767068,-547.3521922296679
6060,no_triple_random5,0,0.0,1000,88509.05122894509,106.7292721405091,-557.4547438552745
6065,avoid_crowd_top5,0,0.0,1000,122598.48194762346,68.04997145219076,-387.0075902618827
6065,chase_crowd_top5,0,0.0,1000,63647.76799024684,640.8916731633348,-681.7611600487658
6065,max_pred_prize_top5,0,0.0,1000,127391.67321905974,74.27131385810262,-363.04163390470126
6065,random_5,0,0.0,1000,90028.86234582115,105.29550634196751,-549.8556882708942
6065,no_triple_random5,0,0.0,1000,102473.48752542063,92.99449430183537,-487.6325623728968
6071,avoid_crowd_top5,0,0.0,1000,122560.61939792926,68.04675523620705,-387.1969030103537
6071,chase_crowd_top5,0,0.0,1000,63651.118229168394,640.8263266294431,-681.744408854158
6071,max_pred_prize_top5,0,0.0,1000,127364.92493010897,74.2834625985985,-363.17537534945507
6071,random_5,0,0.0,1000,99752.65356102439,96.90153492685513,-501.2367321948781
6071,no_triple_random5,0,0.0,1000,93874.99901627099,96.12922299937725,-530.6250049186451
6076,avoid_crowd_top5,0,0.0,1000,122579.07066267033,68.00795382996516,-387.1046466866484
6076,chase_crowd_top5,0,0.0,1000,63637.75402192244,640.9527917106791,-681.8112298903877
6076,max_pred_prize_top5,0,0.0,1000,127372.17901347287,74.28202266491517,-363.13910493263563
6076,random_5,1,106800.0,1000,99421.41164187077,95.94879823606456,-502.89294179064615
6076,no_triple_random5,0,0.0,1000,87018.15386279774,107.33902398825815,-564.9092306860113
6081,avoid_crowd_top5,0,0.0,1000,122484.48213534805,68.02858610289175,-387.57758932325976
6081,chase_crowd_top5,0,0.0,1000,63670.042252550134,641.0165516894938,-681.6497887372493
6081,max_pred_prize_top5,0,0.0,1000,127218.9257653226,74.26759485335427,-363.90537117338704
6081,random_5,0,0.0,1000,100311.95060445287,94.15241066268248,-498.4402469777356
6081,no_triple_random5,0,0.0,1000,90638.54532474364,112.00188640768496,-546.8072733762817
6087,avoid_crowd_top5,1,90800.0,1000,122397.26794177547,68.11511294973813,-388.0136602911226
6087,chase_crowd_top5,0,0.0,1000,63670.636273455224,641.0309118317382,-681.6468186327238
6087,max_pred_prize_top5,0,0.0,1000,127146.20613565766,74.36569847584857,-364.26896932171167
6087,random_5,0,0.0,1000,93284.0620924998,105.36243656768352,-533.579689537501
6087,no_triple_random5,0,0.0,1000,95018.98296127573,103.25516068470033,-524.9050851936213
6092,avoid_crowd_top5,0,0.0,1000,122301.73482315894,68.10193078632464,-388.49132588420525
6092,chase_crowd_top5,0,0.0,1000,63682.34627761149,640.361397001361,-681.5882686119426
6092,max_pred_prize_top5,0,0.0,1000,127077.58035086692,74.37720358137857,-364.6120982456654
6092,random_5,0,0.0,1000,97686.42996508862,103.06148725895991,-511.5678501745569
6092,no_triple_random5,0,0.0,1000,99219.87465204224,103.79677592771986,-503.9006267397888
6098,avoid_crowd_top5,0,0.0,1000,122307.69751033427,68.1056574255555,-388.4615124483287
6098,chase_crowd_top5,0,0.0,1000,63696.91383874952,640.2344674704682,-681.5154308062524
6098,max_pred_prize_top5,0,0.0,1000,127057.94137371541,74.38240176338951,-364.710293131423
6098,random_5,0,0.0,1000,97074.40569268176,97.19471738620311,-514.6279715365912
6098,no_triple_random5,0,0.0,1000,98731.95364150786,102.20510011603228,-506.34023179246066
6103,avoid_crowd_top5,0,0.0,1000,122293.28309538131,68.15653301682852,-388.5335845230934
6103,chase_crowd_top5,0,0.0,1000,63688.12660543907,640.4314708303269,-681.5593669728046
6103,max_pred_prize_top5,0,0.0,1000,127063.0964358993,74.42933552538857,-364.6845178205035
6103,random_5,0,0.0,1000,98138.97605091539,96.40892081687706,-509.30511974542304
6103,no_triple_random5,0,0.0,1000,93998.83825704036,101.71838243772183,-530.0058087147981
6108,avoid_crowd_top5,0,0.0,1000,122304.2072445002,68.1738927373295,-388.47896377749896
6108,chase_crowd_top5,0,0.0,1000,63682.14731138772,640.7831165365047,-681.5892634430613
6108,max_pred_prize_top5,0,0.0,1000,127097.21852210778,74.39180490633882,-364.5139073894611
6108,random_5,0,0.0,1000,105236.76861299975,91.04288027928095,-473.81615693500123
6108,no_triple_random5,0,0.0,1000,89719.23940427543,109.3457954306504,-551.4038029786228
6113,avoid_crowd_top5,0,0.0,1000,122298.13107169667,68.17195761552291,-388.5093446415167
6113,chase_crowd_top5,0,0.0,1000,63681.34569864613,640.8056348773887,-681.5932715067693
6113,max_pred_prize_top5,0,0.0,1000,127103.21490674501,74.38366451834197,-364.48392546627497
6113,random_5,0,0.0,1000,87538.83275220577,107.38637982162018,-562.3058362389711
6113,no_triple_random5,0,0.0,1000,98145.59470073204,94.41838975226635,-509.27202649633983
6118,avoid_crowd_top5,0,0.0,1000,122304.34744096559,68.11512440963318,-388.478262795172
6118,chase_crowd_top5,0,0.0,1000,63689.77084552945,640.5603192615091,-681.5511457723528
6118,max_pred_prize_top5,0,0.0,1000,127091.40249429157,74.3747927828975,-364.5429875285421
6118,random_5,0,0.0,1000,90404.56874818746,195.87974843208835,-547.9771562590627
6118,no_triple_random5,0,0.0,1000,96154.18000310715,89.70662203866404,-519.2290999844643
6123,avoid_crowd_top5,0,0.0,1000,122346.10916329785,68.05152003307906,-388.2694541835108
6123,chase_crowd_top5,0,0.0,1000,63684.538744666774,640.8950425947485,-681.5773062766661
6123,max_pred_prize_top5,0,0.0,1000,127115.77220171895,74.34172064937403,-364.4211389914052
6123,random_5,0,0.0,1000,93555.92153838169,104.0022021554109,-532.2203923080915
6123,no_triple_random5,0,0.0,1000,84873.66395699188,117.58612812994708,-575.6316802150407
6128,avoid_crowd_top5,0,0.0,1000,122324.49545167708,68.04986348595847,-388.3775227416146
6128,chase_crowd_top5,0,0.0,1000,63695.519965766835,640.7158360674233,-681.5224001711658
6128,max_pred_prize_top5,0,0.0,1000,127134.28055455498,74.31228674196934,-364.32859722722515
6128,random_5,0,0.0,1000,94591.08193313214,103.56131911615844,-527.0445903343393
6128,no_triple_random5,0,0.0,1000,87296.72979552847,112.69634565931442,-563.5163510223576
6133,avoid_crowd_top5,0,0.0,1000,122280.54888688665,68.06044910570355,-388.5972555655667
6133,chase_crowd_top5,0,0.0,1000,63690.72655829527,640.6240992096955,-681.5463672085236
6133,max_pred_prize_top5,0,0.0,1000,127097.6254671365,74.30987509862567,-364.5118726643175
6133,random_5,0,0.0,1000,96320.42471753927,98.38469338823703,-518.3978764123037
6133,no_triple_random5,0,0.0,1000,94305.0176240039,99.41047200710133,-528.4749118799805
6138,avoid_crowd_top5,0,0.0,1000,122270.10167029811,68.07222329703916,-388.6494916485094
6138,chase_crowd_top5,0,0.0,1000,63682.17793465096,640.7830144670476,-681.5891103267452
6138,max_pred_prize_top5,0,0.0,1000,127101.10650194157,74.28995461403647,-364.4944674902921
6138,random_5,0,0.0,1000,97166.86765266531,105.65045063979622,-514.1656617366734
6138,no_triple_random5,0,0.0,1000,92705.6416914245,109.1457081810812,-536.4717915428774
6143,avoid_crowd_top5,0,0.0,1000,122290.98020852543,68.04158606986377,-388.54509895737283
6143,chase_crowd_top5,0,0.0,1000,63682.349562120646,640.858724293251,-681.5882521893968
6143,max_pred_prize_top5,0,0.0,1000,127114.91352392055,74.26890936829132,-364.4254323803972
6143,random_5,0,0.0,1000,92407.55134769215,110.49148560830342,-537.9622432615392
6143,no_triple_random5,0,0.0,1000,92288.79525695318,105.19112803255175,-538.5560237152341
6148,avoid_crowd_top5,0,0.0,1000,122293.10965244914,68.04389723370576,-388.53445173775424
6148,chase_crowd_top5,0,0.0,1000,63683.1027685052,640.8538163895953,-681.584486157474
6148,max_pred_prize_top5,0,0.0,1000,127112.97364983165,74.27105709278831,-364.4351317508417
6148,random_5,0,0.0,1000,90142.38234418581,113.84063092753073,-549.288088279071
6148,no_triple_random5,0,0.0,1000,94796.72681392764,103.99648053901417,-526.0163659303618
6153,avoid_crowd_top5,0,0.0,1000,122276.95453458326,68.0234510334628,-388.61522732708374
6153,chase_crowd_top5,0,0.0,1000,63673.524431727186,641.4335461027915,-681.6323778413641
6153,max_pred_prize_top5,0,0.0,1000,127107.95626370488,74.22352855185613,-364.46021868147557
6153,random_5,0,0.0,1000,87944.22869803818,109.25862763382081,-560.2788565098091
6153,no_triple_random5,0,0.0,1000,89528.50144031175,106.00168001156553,-552.3574927984412
6158,avoid_crowd_top5,0,0.0,1000,122280.76276410345,68.01574787542783,-388.59618617948274
6158,chase_crowd_top5,0,0.0,1000,63684.80751193975,641.7870737981989,-681.5759624403013
6158,max_pred_prize_top5,0,0.0,1000,127098.63662951018,74.16694904932876,-364.5068168524491
6158,random_5,0,0.0,1000,94791.0687800496,100.18643858160515,-526.044656099752
6158,no_triple_random5,0,0.0,1000,90963.42337792802,111.16132842133399,-545.1828831103599
6163,avoid_crowd_top5,0,0.0,1000,122302.0140078058,67.95850954545884,-388.4899299609709
6163,chase_crowd_top5,0,0.0,1000,63683.753080908944,642.0440288786705,-681.5812345954553
6163,max_pred_prize_top5,0,0.0,1000,127124.88212005918,74.10574200529678,-364.37558939970415
6163,random_5,0,0.0,1000,92110.48783236506,107.9038714127992,-539.4475608381747
6163,no_triple_random5,0,0.0,1000,93084.69536738785,103.33423363646345,-534.5765231630608
6168,avoid_crowd_top5,0,0.0,1000,122257.67302245898,68.05694822661174,-388.71163488770503
6168,chase_crowd_top5,0,0.0,1000,63693.62990654388,641.74040848243,-681.5318504672806
6168,max_pred_prize_top5,0,0.0,1000,127117.592956053,74.1342700751974,-364.412035219735
6168,random_5,0,0.0,1000,101891.2595439753,100.8304488159804,-490.54370228012345
6168,no_triple_random5,0,0.0,1000,98677.66854847413,103.23452142903378,-506.6116572576293
6173,avoid_crowd_top5,0,0.0,1000,122240.93794385467,68.12039701313795,-388.79531028072665
6173,chase_crowd_top5,0,0.0,1000,63709.01674659541,641.4296821683286,-681.454916267023
6173,max_pred_prize_top5,0,0.0,1000,127119.53786055732,74.12804317136865,-364.40231069721335
6173,random_5,0,0.0,1000,89160.60665235386,109.49494914538859,-554.1969667382307
6173,no_triple_random5,0,0.0,1000,89939.56719057595,105.0455273426896,-550.3021640471202
6178,avoid_crowd_top5,0,0.0,1000,122240.71716480434,68.1340344035747,-388.79641417597827
6178,chase_crowd_top5,0,0.0,1000,63698.28274642616,641.6954789537745,-681.5085862678692
6178,max_pred_prize_top5,0,0.0,1000,127142.33777947216,74.12892957294659,-364.2883111026392
6178,random_5,0,0.0,1000,99035.78391697153,103.22877479376317,-504.8210804151423
6178,no_triple_random5,0,0.0,1000,91937.59163551244,104.03582589180701,-540.3120418224378
6183,avoid_crowd_top5,0,0.0,1000,122182.69786499678,68.17002269265211,-389.08651067501614
6183,chase_crowd_top5,0,0.0,1000,63700.83109182203,641.7721554850576,-681.4958445408898
6183,max_pred_prize_top5,0,0.0,1000,127094.60949000972,74.16636039960312,-364.5269525499514
6183,random_5,0,0.0,1000,93108.98824512656,106.00541790136697,-534.4550587743672
6183,no_triple_random5,0,0.0,1000,91124.68846821098,105.45626375672994,-544.3765576589451
6188,avoid_crowd_top5,0,0.0,1000,122020.60567683657,68.17940395548185,-389.89697161581717
6188,chase_crowd_top5,0,0.0,1000,63680.162052617365,642.3771462891182,-681.5991897369131
6188,max_pred_prize_top5,0,0.0,1000,126953.75448404854,74.14387726788026,-365.2312275797573
6188,random_5,0,0.0,1000,94476.37022262861,108.52981534859882,-527.6181488868569
6188,no_triple_random5,0,0.0,1000,85015.18193704325,116.56732889692678,-574.9240903147838
6193,avoid_crowd_top5,0,0.0,1000,122012.62667583046,68.17866293354874,-389.9368666208477
6193,chase_crowd_top5,0,0.0,1000,63712.40438191297,641.7033555573428,-681.4379780904351
6193,max_pred_prize_top5,0,0.0,1000,126882.21973956322,74.23653547432852,-365.5889013021839
6193,random_5,0,0.0,1000,82646.42826177392,112.4067913023674,-586.7678586911304
6193,no_triple_random5,0,0.0,1000,91082.18585364758,105.9043638579399,-544.5890707317621
6198,avoid_crowd_top5,0,0.0,1000,122073.92556524991,68.07735531343401,-389.6303721737504
6198,chase_crowd_top5,0,0.0,1000,63702.88302938287,642.0178573468162,-681.4855848530856
6198,max_pred_prize_top5,0,0.0,1000,126939.63627109925,74.19171106226193,-365.30181864450367
6198,random_5,0,0.0,1000,94077.27411418906,99.62159113907612,-529.6136294290548
6198,no_triple_random5,0,0.0,1000,93071.01142972808,110.22531762105322,-534.6449428513596
6203,avoid_crowd_top5,0,0.0,1000,122097.95961346128,68.04365510833145,-389.5102019326936
6203,chase_crowd_top5,0,0.0,1000,63700.29978367477,642.3177824046145,-681.4985010816262
6203,max_pred_prize_top5,0,0.0,1000,126980.36212483514,74.0898434905,-365.0981893758243
6203,random_5,0,0.0,1000,95271.59781896308,101.62085199799225,-523.6420109051846
6203,no_triple_random5,0,0.0,1000,80963.73577723476,123.34922079740917,-595.1813211138262
6208,avoid_crowd_top5,0,0.0,1000,122106.20506264604,68.02992878888381,-389.4689746867698
6208,chase_crowd_top5,0,0.0,1000,63696.86667581467,642.5430056968871,-681.5156666209266
6208,max_pred_prize_top5,0,0.0,1000,126995.26035992587,74.07311152698513,-365.02369820037063
6208,random_5,0,0.0,1000,87982.22321817202,110.28627836923462,-560.0888839091399
6208,no_triple_random5,0,0.0,1000,82271.9696264074,123.76284562293147,-588.6401518679629
6213,avoid_crowd_top5,0,0.0,1000,122065.34484005257,68.0385346074844,-389.6732757997371
6213,chase_crowd_top5,0,0.0,1000,63690.13980638571,642.5565325249509,-681.5493009680714
6213,max_pred_prize_top5,0,0.0,1000,126954.85297684124,74.05945132493878,-365.2257351157938
6213,random_5,0,0.0,1000,97718.9712814839,96.8738341192392,-511.4051435925805
6213,no_triple_random5,0,0.0,1000,94589.68920185784,104.70859999119902,-527.0515539907108
6218,avoid_crowd_top5,0,0.0,1000,121998.28551361346,68.09319605565842,-390.00857243193263
6218,chase_crowd_top5,0,0.0,1000,63693.884218070816,642.1488846346466,-681.5305789096459
6218,max_pred_prize_top5,0,0.0,1000,126936.30871728528,74.0658474250207,-365.3184564135736
6218,random_5,0,0.0,1000,88361.14041765899,114.39726766941325,-558.194297911705
6218,no_triple_random5,0,0.0,1000,95126.11459423024,102.17297780259219,-524.3694270288488
6223,avoid_crowd_top5,0,0.0,1000,121993.93364207257,68.06849465858488,-390.0303317896371
6223,chase_crowd_top5,0,0.0,1000,63697.148576061205,642.2803997315998,-681.514257119694
6223,max_pred_prize_top5,0,0.0,1000,126932.77415235213,74.02027205946506,-365.3361292382393
6223,random_5,0,0.0,1000,99246.8520191494,99.2916101101235,-503.765739904253
6223,no_triple_random5,0,0.0,1000,86841.28686552591,110.62052500740819,-565.7935656723705
6228,avoid_crowd_top5,0,0.0,1000,121984.5313498029,68.02990025407827,-390.07734325098545
6228,chase_crowd_top5,0,0.0,1000,63688.626854891365,642.5785267248768,-681.5568657255432
6228,max_pred_prize_top5,0,0.0,1000,126938.78587135817,73.96943890863278,-365.3060706432092
6228,random_5,0,0.0,1000,92119.01873903672,105.27115111843003,-539.4049063048164
6228,no_triple_random5,0,0.0,1000,83256.26290684838,120.58984471151408,-583.7186854657581
6233,avoid_crowd_top5,0,0.0,1000,121925.12470691171,67.99702570728405,-390.3743764654414
6233,chase_crowd_top5,0,0.0,1000,63691.21190414399,642.4031304124462,-681.5439404792801
6233,max_pred_prize_top5,0,0.0,1000,126856.44028680705,73.98816585655017,-365.7177985659647
6233,random_5,0,0.0,1000,88615.66208598613,106.10458706262023,-556.9216895700694
6233,no_triple_random5,0,0.0,1000,102346.37803622214,88.44573552341578,-488.2681098188893
6238,avoid_crowd_top5,0,0.0,1000,121866.01082399659,68.06047555164878,-390.66994588001705
6238,chase_crowd_top5,0,0.0,1000,63685.8903035603,642.7131544386341,-681.5705484821985
6238,max_pred_prize_top5,0,0.0,1000,126788.00129265971,74.04025813697343,-366.0599935367014
6238,random_5,0,0.0,1000,105056.26164147122,93.07104559383686,-474.7186917926439
6238,no_triple_random5,0,0.0,1000,95927.63195610413,95.71009640749014,-520.3618402194793
6243,avoid_crowd_top5,0,0.0,1000,121897.6029213365,68.00213884074087,-390.51198539331756
6243,chase_crowd_top5,0,0.0,1000,63685.19313342937,642.7499287102679,-681.5740343328532
6243,max_pred_prize_top5,0,0.0,1000,126813.64154092467,73.98921863468992,-365.9317922953767
6243,random_5,0,0.0,1000,99609.80495735646,106.03876447476041,-501.95097521321765
6243,no_triple_random5,0,0.0,1000,92705.3430595082,99.56579175792749,-536.473284702459
6248,avoid_crowd_top5,0,0.0,1000,121849.81952456008,68.06097230101908,-390.7509023771996
6248,chase_crowd_top5,0,0.0,1000,63674.38886381183,642.8939040464353,-681.6280556809409
6248,max_pred_prize_top5,0,0.0,1000,126777.61366419296,74.03822058470169,-366.11193167903514
6248,random_5,0,0.0,1000,91900.67379478135,101.74665572465605,-540.4966310260932
6248,no_triple_random5,0,0.0,1000,104922.27795130452,89.87709589088566,-475.3886102434774
6253,avoid_crowd_top5,0,0.0,1000,121851.53356998545,68.03206103651002,-390.7423321500728
6253,chase_crowd_top5,0,0.0,1000,63576.75476096831,643.6510600550105,-682.1162261951584
6253,max_pred_prize_top5,0,0.0,1000,126788.33110530279,73.9403533320445,-366.05834447348604
6253,random_5,0,0.0,1000,94814.24725012263,103.6361329322549,-525.9287637493869
6253,no_triple_random5,0,0.0,1000,91979.13966567803,104.33531929060123,-540.1043016716098
6258,avoid_crowd_top5,0,0.0,1000,120810.21201677679,68.05584077623651,-395.94893991611605
6258,chase_crowd_top5,0,0.0,1000,63584.06204062309,643.5963670204859,-682.0796897968846
6258,max_pred_prize_top5,0,0.0,1000,126720.70839795234,73.96839456331615,-366.39645801023823
6258,random_5,0,0.0,1000,92324.46953762844,109.11816191097333,-538.3776523118578
6258,no_triple_random5,1,118500.0,1000,91971.66358816513,103.22590612736886,-540.1416820591744
6263,avoid_crowd_top5,0,0.0,1000,120809.06086081997,68.03122784668474,-395.9546956959001
6263,chase_crowd_top5,0,0.0,1000,63580.214548930584,643.6807737274079,-682.098927255347
6263,max_pred_prize_top5,0,0.0,1000,126712.40880172313,73.94208924269938,-366.43795599138434
6263,random_5,0,0.0,1000,100580.79547034677,93.10149151449062,-497.0960226482661
6263,no_triple_random5,0,0.0,1000,95739.38789790902,103.40673557394614,-521.3030605104549
6268,avoid_crowd_top5,0,0.0,1000,120800.81173397903,68.01673554787244,-395.99594133010487
6268,chase_crowd_top5,0,0.0,1000,63572.602415263806,643.8123691614607,-682.136987923681
6268,max_pred_prize_top5,0,0.0,1000,126691.39482326964,73.97954510447212,-366.5430258836518
6268,random_5,0,0.0,1000,99627.62424895007,96.36954164209173,-501.8618787552496
6268,no_triple_random5,0,0.0,1000,86979.51575132846,109.26674784507334,-565.1024212433576
6273,avoid_crowd_top5,0,0.0,1000,121853.67515782414,67.92710121200116,-390.7316242108793
6273,chase_crowd_top5,0,0.0,1000,63808.49317993235,639.9240532776429,-680.9575341003383
6273,max_pred_prize_top5,0,0.0,1000,126725.27686886983,73.9403027210208,-366.37361565565084
6273,random_5,0,0.0,1000,87454.202086256,115.20975852195697,-562.72898956872
6273,no_triple_random5,1,110600.0,1000,99156.96399387307,91.0975331469446,-504.21518003063466
6278,avoid_crowd_top5,0,0.0,1000,121873.72629835147,67.96366281027105,-390.63136850824264
6278,chase_crowd_top5,0,0.0,1000,63806.10932241019,639.9176107305409,-680.969453387949
6278,max_pred_prize_top5,0,0.0,1000,126722.81774476054,73.96506961259168,-366.38591127619725
6278,random_5,0,0.0,1000,106730.9783672394,87.63478476735256,-466.34510816380305
6278,no_triple_random5,0,0.0,1000,93027.34347645615,100.49262021157755,-534.8632826177193
6283,avoid_crowd_top5,0,0.0,1000,121886.84946900548,67.94193214864288,-390.5657526549726
6283,chase_crowd_top5,0,0.0,1000,63799.975909979796,640.0280715408002,-681.000120450101
6283,max_pred_prize_top5,0,0.0,1000,126761.04925209706,73.90941073592549,-366.1947537395147
6283,random_5,0,0.0,1000,90784.39244707927,102.03391617040812,-546.0780377646037
6283,no_triple_random5,0,0.0,1000,82371.69769920908,117.86908785494828,-588.1415115039546
6288,avoid_crowd_top5,0,0.0,1000,121908.86615186036,67.96718516566872,-390.45566924069817
6288,chase_crowd_top5,0,0.0,1000,63795.72365762517,640.1832358660042,-681.0213817118741
6288,max_pred_prize_top5,0,0.0,1000,126782.24586326451,73.92392069073881,-366.08877068367747
6288,random_5,0,0.0,1000,97418.4441923541,103.63737316894726,-512.9077790382295
6288,no_triple_random5,0,0.0,1000,92410.65718013728,113.00069357426648,-537.9467140993136
6293,avoid_crowd_top5,0,0.0,1000,121917.21738085456,67.97248476981267,-390.41391309572714
6293,chase_crowd_top5,0,0.0,1000,63776.03787676321,640.4984934979399,-681.1198106161839
6293,max_pred_prize_top5,0,0.0,1000,126783.76996856388,73.92213381458106,-366.08115015718056
6293,random_5,0,0.0,1000,88427.89830028047,108.88000844261214,-557.8605084985976
6293,no_triple_random5,0,0.0,1000,102591.203155664,89.6618990660986,-487.04398422168003
6298,avoid_crowd_top5,0,0.0,1000,121917.99963351765,67.95975614743254,-390.4100018324117
6298,chase_crowd_top5,0,0.0,1000,63777.906738926446,640.344354126083,-681.1104663053677
6298,max_pred_prize_top5,0,0.0,1000,126795.73818090388,73.94529536222929,-366.02130909548055
6298,random_5,0,0.0,1000,91877.32679113848,102.1932925924269,-540.6133660443077
6298,no_triple_random5,0,0.0,1000,89570.33145240264,113.73773080253393,-552.1483427379868
6303,avoid_crowd_top5,0,0.0,1000,121886.29870699959,67.93787912360486,-390.5685064650021
6303,chase_crowd_top5,0,0.0,1000,63788.790632526405,639.9779361260471,-681.056046837368
6303,max_pred_prize_top5,0,0.0,1000,126758.83269736171,73.9038821395152,-366.20583651319146
6303,random_5,0,0.0,1000,99817.33618247267,101.36341874734435,-500.91331908763664
6303,no_triple_random5,0,0.0,1000,87809.91931015241,115.65864281240893,-560.9504034492379
6308,avoid_crowd_top5,0,0.0,1000,121877.14903110065,67.94783400995598,-390.6142548444967
6308,chase_crowd_top5,0,0.0,1000,63789.381624902344,639.9427730240777,-681.0530918754882
6308,max_pred_prize_top5,0,0.0,1000,126739.47084367511,73.93843666510139,-366.3026457816244
6308,random_5,0,0.0,1000,90775.73469778076,107.97864854070731,-546.1213265110962
6308,no_triple_random5,0,0.0,1000,78818.13147232466,124.4760965705622,-605.9093426383768
6313,avoid_crowd_top5,0,0.0,1000,120943.90499421961,67.90419547208438,-395.28047502890195
6313,chase_crowd_top5,0,0.0,1000,63795.49587119871,639.84927099121,-681.0225206440064
6313,max_pred_prize_top5,0,0.0,1000,126757.19419318675,73.90294592406585,-366.21402903406624
6313,random_5,0,0.0,1000,93998.0630250837,105.40882693782059,-530.0096848745816
6313,no_triple_random5,0,0.0,1000,86396.4895296968,107.50301533961711,-568.017552351516
6318,avoid_crowd_top5,0,0.0,1000,120765.71260447937,68.17238834460146,-396.1714369776031
6318,chase_crowd_top5,0,0.0,1000,63788.51494360296,639.7970523533236,-681.0574252819852
6318,max_pred_prize_top5,0,0.0,1000,126632.26057903914,74.11106337560784,-366.8386971048043
6318,random_5,0,0.0,1000,100065.30224216002,93.2921906535155,-499.6734887891999
6318,no_triple_random5,0,0.0,1000,94145.81441817535,108.04576969688506,-529.2709279091232
6323,avoid_crowd_top5,0,0.0,1000,120753.82101216252,68.17372916081618,-396.23089493918735
6323,chase_crowd_top5,0,0.0,1000,63773.65203817487,639.7397901192792,-681.1317398091256
6323,max_pred_prize_top5,0,0.0,1000,126622.85047517772,74.0601562614494,-366.88574762411133
6323,random_5,0,0.0,1000,101676.2432543631,89.30834859416913,-491.6187837281845
6323,no_triple_random5,0,0.0,1000,96609.10978749655,104.64767857517927,-516.9544510625173
6328,avoid_crowd_top5,0,0.0,1000,120703.10106004441,68.14756448637146,-396.4844946997779
6328,chase_crowd_top5,0,0.0,1000,63774.153078057105,639.9577012854022,-681.1292346097144
6328,max_pred_prize_top5,0,0.0,1000,126559.74558176764,74.0249472235454,-367.20127209116174
6328,random_5,0,0.0,1000,89037.17985237208,107.86541544565789,-554.8141007381396
6328,no_triple_random5,0,0.0,1000,84494.00987763872,119.8402921739161,-577.5299506118064
6333,avoid_crowd_top5,0,0.0,1000,120694.26310842768,68.159582282959,-396.5286844578616
6333,chase_crowd_top5,0,0.0,1000,63767.15867757167,640.1557098785332,-681.1642066121417
6333,max_pred_prize_top5,0,0.0,1000,126583.92736240421,73.99381774850187,-367.08036318797895
6333,random_5,0,0.0,1000,97129.08306187676,111.39626771290045,-514.3545846906161
6333,no_triple_random5,0,0.0,1000,91466.6346138985,104.97838137265019,-542.6668269305076
6338,avoid_crowd_top5,0,0.0,1000,120703.85297439419,68.0826245148125,-396.480735128029
6338,chase_crowd_top5,0,0.0,1000,63754.892813342434,640.2707584319086,-681.2255359332878
6338,max_pred_prize_top5,0,0.0,1000,126615.95004715506,73.89169515570465,-366.92024976422465
6338,random_5,0,0.0,1000,85360.93455758513,114.03969608098052,-573.1953272120743
6338,no_triple_random5,0,0.0,1000,98451.23672146819,91.32403643197863,-507.743816392659
6343,avoid_crowd_top5,0,0.0,1000,121619.46643251754,68.12979015757377,-391.9026678374123
6343,chase_crowd_top5,0,0.0,1000,63769.57371658477,640.0518349723455,-681.1521314170761
6343,max_pred_prize_top5,0,0.0,1000,126581.89346560424,73.8839928007184,-367.09053267197874
6343,random_5,0,0.0,1000,83007.45493014673,116.24169148213431,-584.9627253492663
6343,no_triple_random5,0,0.0,1000,97576.0396040168,95.35966350292021,-512.119801979916
6348,avoid_crowd_top5,0,0.0,1000,121579.96402507779,68.16388446632395,-392.10017987461106
6348,chase_crowd_top5,0,0.0,1000,63766.67425023204,640.1705448245641,-681.1666287488398
6348,max_pred_prize_top5,0,0.0,1000,126559.41532933793,73.89762752661004,-367.2029233533103
6348,random_5,0,0.0,1000,88906.098728986,112.81668139383001,-555.4695063550699
6348,no_triple_random5,0,0.0,1000,90446.1195362343,110.28432629693668,-547.7694023188285
6353,avoid_crowd_top5,0,0.0,1000,120426.45037037798,68.40900437014466,-397.8677481481101
6353,chase_crowd_top5,0,0.0,1000,63770.69589644186,639.8678345634945,-681.1465205177907
6353,max_pred_prize_top5,0,0.0,1000,126392.88035624902,74.08644510791892,-368.0355982187549
6353,random_5,0,0.0,1000,102471.1658459777,88.1173431542502,-487.6441707701115
6353,no_triple_random5,0,0.0,1000,91614.34805063053,106.44109434224197,-541.9282597468473
6358,avoid_crowd_top5,0,0.0,1000,120414.01162912001,68.33590570524817,-397.9299418543999
6358,chase_crowd_top5,0,0.0,1000,63767.08130290239,640.1372614607761,-681.164593485488
6358,max_pred_prize_top5,0,0.0,1000,126395.06466997237,74.0310289816111,-368.0246766501381
6358,random_5,0,0.0,1000,82343.22771045714,113.96914970201392,-588.2838614477143
6358,no_triple_random5,0,0.0,1000,88579.88868443322,112.34127636980925,-557.1005565778339
6363,avoid_crowd_top5,0,0.0,1000,120442.51634328882,68.29165235779014,-397.7874182835559
6363,chase_crowd_top5,0,0.0,1000,63739.27161359841,640.8833048082545,-681.303641932008
6363,max_pred_prize_top5,0,0.0,1000,126385.58372667017,74.03480645521182,-368.0720813666492
6363,random_5,0,0.0,1000,92750.65826401123,108.1184387456482,-536.2467086799438
6363,no_triple_random5,0,0.0,1000,90463.89896633493,110.7107048735888,-547.6805051683253
6368,avoid_crowd_top5,0,0.0,1000,120454.5649197819,68.26623897713617,-397.72717540109045
6368,chase_crowd_top5,0,0.0,1000,63733.611959675,641.0126576256897,-681.331940201625
6368,max_pred_prize_top5,0,0.0,1000,126387.62826500223,74.03816620272696,-368.0618586749888
6368,random_5,0,0.0,1000,92415.94979466988,105.63935612246942,-537.9202510266506
6368,no_triple_random5,0,0.0,1000,93738.24105349353,109.70172255237392,-531.3087947325323
6373,avoid_crowd_top5,0,0.0,1000,120438.11711476864,68.27359546853395,-397.80941442615676
6373,chase_crowd_top5,0,0.0,1000,63719.16166371016,641.363544316004,-681.4041916814492
6373,max_pred_prize_top5,0,0.0,1000,126404.81752950442,74.009784060379,-367.97591235247785
6373,random_5,0,0.0,1000,89914.80444833168,99.44231093996157,-550.4259777583416
6373,no_triple_random5,0,0.0,1000,86472.44008476385,108.25612213432444,-567.6377995761808
6378,avoid_crowd_top5,0,0.0,1000,121168.82288716946,68.62530305475039,-394.15588556415264
6378,chase_crowd_top5,0,0.0,1000,63747.703858251356,640.9068279331732,-681.2614807087432
6378,max_pred_prize_top5,0,0.0,1000,126265.3211202112,74.19289596557398,-368.67339439894397
6378,random_5,0,0.0,1000,81832.21097023886,225.3255223407888,-590.8389451488057
6378,no_triple_random5,0,0.0,1000,97311.88202976433,96.03393883668326,-513.4405898511784
6383,avoid_crowd_top5,0,0.0,1000,121154.52455331797,68.6546660898172,-394.22737723341015
6383,chase_crowd_top5,0,0.0,1000,63752.470966339264,640.8817664369669,-681.2376451683037
6383,max_pred_prize_top5,0,0.0,1000,126285.39223216,74.17935766450505,-368.57303883919997
6383,random_5,0,0.0,1000,83504.66277361845,112.9812456818194,-582.4766861319077
6383,no_triple_random5,0,0.0,1000,95561.88122663909,99.97980177674165,-522.1905938668045
6388,avoid_crowd_top5,0,0.0,1000,121126.11580320171,68.54603021694828,-394.3694209839914
6388,chase_crowd_top5,0,0.0,1000,63741.42817851515,640.9521209392851,-681.2928591074242
6388,max_pred_prize_top5,0,0.0,1000,126290.60603089878,74.09438127221706,-368.54696984550606
6388,random_5,0,0.0,1000,89042.82395808783,113.00911036310974,-554.7858802095609
6388,no_triple_random5,0,0.0,1000,94695.78277112795,93.85950714581125,-526.5210861443602
6393,avoid_crowd_top5,0,0.0,1000,121149.20970637766,68.53549209453256,-394.2539514681117
6393,chase_crowd_top5,0,0.0,1000,63741.11584748776,641.2295170951442,-681.2944207625612
6393,max_pred_prize_top5,0,0.0,1000,126306.65014908326,74.11781069581578,-368.46674925458365
6393,random_5,0,0.0,1000,97955.2564301871,97.74328161313197,-510.2237178490645
6393,no_triple_random5,0,0.0,1000,105956.37292074731,87.01208784093762,-470.2181353962635
6398,avoid_crowd_top5,0,0.0,1000,121090.29387789597,68.56153947873888,-394.5485306105202
6398,chase_crowd_top5,0,0.0,1000,63733.71984804787,641.3977026369496,-681.3314007597606
6398,max_pred_prize_top5,0,0.0,1000,126296.2424754058,74.10747027521049,-368.518787622971
6398,random_5,0,0.0,1000,93903.55026064694,101.2491780478754,-530.4822486967653
6398,no_triple_random5,0,0.0,1000,93325.52169481547,105.53765552162395,-533.3723915259227
6403,avoid_crowd_top5,0,0.0,1000,121091.74881891886,68.53871806573378,-394.5412559054057
6403,chase_crowd_top5,0,0.0,1000,63729.53196902571,641.3994221094337,-681.3523401548714
6403,max_pred_prize_top5,0,0.0,1000,126291.8883661206,74.08978056161766,-368.54055816939695
6403,random_5,0,0.0,1000,88586.31008728108,114.36194323656835,-557.0684495635946
6403,no_triple_random5,0,0.0,1000,89143.73910231228,112.51534338613376,-554.2813044884385
6408,avoid_crowd_top5,0,0.0,1000,120988.4671931871,68.64255561091275,-395.0576640340645
6408,chase_crowd_top5,0,0.0,1000,63726.82131825574,641.1128657687161,-681.3658934087214
6408,max_pred_prize_top5,0,0.0,1000,126232.82863336409,74.12185279739558,-368.8358568331796
6408,random_5,0,0.0,1000,101928.03870595568,99.2838675976082,-490.3598064702216
6408,no_triple_random5,0,0.0,1000,94703.89691160721,103.28962324284005,-526.4805154419639
6413,avoid_crowd_top5,0,0.0,1000,120981.24936671706,68.64361814553283,-395.0937531664147
6413,chase_crowd_top5,0,0.0,1000,63734.29046188893,640.8502205964683,-681.3285476905553
6413,max_pred_prize_top5,0,0.0,1000,126244.09736325328,74.09083717078622,-368.77951318373357
6413,random_5,0,0.0,1000,82388.1817028755,129.4653302245716,-588.0590914856225
6413,no_triple_random5,0,0.0,1000,88476.41715252606,113.49734197777207,-557.6179142373696
6418,avoid_crowd_top5,0,0.0,1000,121001.50142542401,68.60288329224896,-394.9924928728799
6418,chase_crowd_top5,0,0.0,1000,63707.14659727957,641.3214769923818,-681.4642670136021
6418,max_pred_prize_top5,0,0.0,1000,126264.96600278949,74.04583153848019,-368.67516998605254
6418,random_5,0,0.0,1000,98669.90574979485,99.22401269555763,-506.65047125102575
6418,no_triple_random5,0,0.0,1000,98439.34059203605,95.4109719301608,-507.8032970398197
6423,avoid_crowd_top5,0,0.0,1000,120959.02060479156,68.63333801251898,-395.20489697604216
6423,chase_crowd_top5,0,0.0,1000,63712.29095091226,641.336295156228,-681.4385452454387
6423,max_pred_prize_top5,0,0.0,1000,126251.07910316561,74.06527294254269,-368.7446044841719
6423,random_5,0,0.0,1000,89376.53477185188,172.21516369279124,-553.1173261407406
6423,no_triple_random5,0,0.0,1000,88481.28257608323,109.16877186672198,-557.5935871195838
6428,avoid_crowd_top5,0,0.0,1000,120961.71762792158,68.61935877763513,-395.1914118603921
6428,chase_crowd_top5,0,0.0,1000,63681.63348825929,641.5742405162043,-681.5918325587036
6428,max_pred_prize_top5,0,0.0,1000,126209.41544581628,74.05893840374199,-368.9529227709186
6428,random_5,0,0.0,1000,90294.53966189257,106.56587816450728,-548.5273016905371
6428,no_triple_random5,0,0.0,1000,93044.77532854369,101.79392803867543,-534.7761233572814
6433,avoid_crowd_top5,0,0.0,1000,121021.83459446966,68.50866099985352,-394.89082702765165
6433,chase_crowd_top5,0,0.0,1000,63679.406813908994,641.6817657576487,-681.602965930455
6433,max_pred_prize_top5,0,0.0,1000,126270.7039613764,73.94890046567335,-368.646480193118
6433,random_5,0,0.0,1000,95898.05692509848,100.93382387674177,-520.5097153745076
6433,no_triple_random5,0,0.0,1000,97402.19777420201,95.93617488556201,-512.9890111289899
6438,avoid_crowd_top5,0,0.0,1000,121021.50668830732,68.51704152259688,-394.8924665584634
6438,chase_crowd_top5,0,0.0,1000,63673.08172644118,641.5743254021102,-681.6345913677941
6438,max_pred_prize_top5,0,0.0,1000,126286.81561300629,73.9222288425443,-368.5659219349685
6438,random_5,0,0.0,1000,95077.57963753512,104.11328373797642,-524.6121018123245
6438,no_triple_random5,0,0.0,1000,98744.2830372754,101.42350692119547,-506.278584813623
6443,avoid_crowd_top5,0,0.0,1000,121045.97017045268,68.52390221834972,-394.77014914773656
6443,chase_crowd_top5,0,0.0,1000,63667.23442617676,641.7050365614734,-681.6638278691162
6443,max_pred_prize_top5,0,0.0,1000,126292.49947203646,73.9447386676773,-368.5375026398177
6443,random_5,0,0.0,1000,98649.17638982685,97.79624430362504,-506.7541180508657
6443,no_triple_random5,0,0.0,1000,86128.76287942221,113.07388816294892,-569.3561856028889
6448,avoid_crowd_top5,0,0.0,1000,120770.74651150501,68.88218150407413,-396.14626744247494
6448,chase_crowd_top5,0,0.0,1000,63684.47734931656,641.3019839543774,-681.5776132534172
6448,max_pred_prize_top5,0,0.0,1000,126088.55389299309,74.18422482444554,-369.5572305350345
6448,random_5,0,0.0,1000,82892.21445159303,119.92781321169416,-585.5389277420348
6448,no_triple_random5,0,0.0,1000,97598.78626849302,91.87399416007187,-512.0060686575349
6453,avoid_crowd_top5,0,0.0,1000,120663.26179933466,68.958643863597,-396.68369100332666
6453,chase_crowd_top5,0,0.0,1000,63690.52375415717,641.2572416876006,-681.5473812292141
6453,max_pred_prize_top5,0,0.0,1000,126009.49854241028,74.24806024308978,-369.9525072879486
6453,random_5,0,0.0,1000,95174.01151841009,100.1594333665084,-524.1299424079496
6453,no_triple_random5,0,0.0,1000,96299.77403143363,105.23071454549623,-518.5011298428319
6458,avoid_crowd_top5,0,0.0,1000,120610.57803341365,68.92629589498594,-396.9471098329317
6458,chase_crowd_top5,0,0.0,1000,63742.34299700665,641.1958500242105,-681.2882850149667
6458,max_pred_prize_top5,0,0.0,1000,125899.40043496774,74.2169042297339,-370.5029978251613
6458,random_5,0,0.0,1000,92964.88593183385,97.14387138449192,-535.1755703408307
6458,no_triple_random5,0,0.0,1000,99862.42808052718,99.83000450368186,-500.6878595973641
6463,avoid_crowd_top5,0,0.0,1000,120589.69799140791,68.95546402333784,-397.05151004296044
6463,chase_crowd_top5,0,0.0,1000,63742.175385973205,638.7756013252598,-681.2891230701339
6463,max_pred_prize_top5,0,0.0,1000,125898.40380023178,74.21077905343908,-370.50798099884105
6463,random_5,0,0.0,1000,92822.70407576002,98.37976653652889,-535.8864796211999
6463,no_triple_random5,0,0.0,1000,86973.2765648692,106.54019813084255,-565.133617175654
6468,avoid_crowd_top5,0,0.0,1000,120581.40978541686,68.96939706167841,-397.09295107291564
6468,chase_crowd_top5,0,0.0,1000,63736.83313847673,638.9843326595062,-681.3158343076163
6468,max_pred_prize_top5,0,0.0,1000,125908.2489535809,74.21447884089389,-370.45875523209554
6468,random_5,0,0.0,1000,92328.38944727529,105.00979462968921,-538.3580527636236
6468,no_triple_random5,0,0.0,1000,86367.4163935828,121.86403876538763,-568.162918032086
6473,avoid_crowd_top5,0,0.0,1000,120547.17060859196,68.96534652063401,-397.2641469570402
6473,chase_crowd_top5,0,0.0,1000,63727.76436047249,639.0518873172105,-681.3611781976376
6473,max_pred_prize_top5,0,0.0,1000,125888.62012605547,74.18522794794521,-370.5568993697226
6473,random_5,0,0.0,1000,89650.21405138019,110.23544147497486,-551.7489297430991
6473,no_triple_random5,0,0.0,1000,95208.57431578048,103.65819777656898,-523.9571284210977
6478,avoid_crowd_top5,0,0.0,1000,120588.38448472922,68.93915835635332,-397.05807757635387
6478,chase_crowd_top5,0,0.0,1000,63725.88205844162,639.1262339361052,-681.3705897077919
6478,max_pred_prize_top5,0,0.0,1000,125931.42315769722,74.14711819721849,-370.3428842115138
6478,random_5,0,0.0,1000,94247.768035095,100.29702112350756,-528.7611598245251
6478,no_triple_random5,0,0.0,1000,87732.21071640511,113.94838575564036,-561.3389464179745
6483,avoid_crowd_top5,0,0.0,1000,120545.92821378118,68.96012916095357,-397.27035893109405
6483,chase_crowd_top5,0,0.0,1000,63709.41161674983,639.5858916156706,-681.4529419162509
6483,max_pred_prize_top5,0,0.0,1000,125842.44239290713,74.2297388625203,-370.78778803546436
6483,random_5,0,0.0,1000,94071.28492802498,90.11169210682849,-529.6435753598751
6483,no_triple_random5,0,0.0,1000,94449.19268621482,98.97338373074788,-527.7540365689258
6488,avoid_crowd_top5,0,0.0,1000,120391.84843357459,69.19418278213074,-398.04075783212704
6488,chase_crowd_top5,0,0.0,1000,63715.38541054035,639.3836175245367,-681.4230729472982
6488,max_pred_prize_top5,0,0.0,1000,125759.29192371291,74.37792714346861,-371.20354038143546
6488,random_5,0,0.0,1000,96151.6129668436,96.85733925763421,-519.241935165782
6488,no_triple_random5,0,0.0,1000,105747.92770312136,95.05122888659966,-471.26036148439323
6493,avoid_crowd_top5,0,0.0,1000,120410.14430882907,69.15555299283056,-397.9492784558546
6493,chase_crowd_top5,0,0.0,1000,63751.97422558004,638.5882289162689,-681.2401288720998
6493,max_pred_prize_top5,0,0.0,1000,125722.25082421808,74.411547944702,-371.3887458789096
6493,random_5,0,0.0,1000,89341.25041281246,109.35098066463433,-553.2937479359377
6493,no_triple_random5,0,0.0,1000,92052.40803974631,104.76798957086166,-539.7379598012685
6498,avoid_crowd_top5,0,0.0,1000,120405.6610330975,69.15597652420186,-397.9716948345125
6498,chase_crowd_top5,0,0.0,1000,63739.492297937766,638.809309424664,-681.3025385103111
6498,max_pred_prize_top5,0,0.0,1000,125674.96660596304,74.48419769696855,-371.62516697018475
6498,random_5,0,0.0,1000,101929.08791977155,90.00354592664792,-490.35456040114224
6498,no_triple_random5,0,0.0,1000,91119.3499229246,108.22465117550522,-544.4032503853771
6503,avoid_crowd_top5,0,0.0,1000,120421.90860025305,69.0960507216951,-397.89045699873475
6503,chase_crowd_top5,0,0.0,1000,63738.77202589788,638.8824934591632,-681.3061398705106
6503,max_pred_prize_top5,0,0.0,1000,125693.11589024111,74.44279186443028,-371.5344205487944
6503,random_5,0,0.0,1000,85357.5400225812,113.25351054632128,-573.212299887094
6503,no_triple_random5,0,0.0,1000,93462.19737527879,106.19852021923164,-532.6890131236061
6508,avoid_crowd_top5,0,0.0,1000,120415.72428422203,69.17230715296702,-397.92137857888986
6508,chase_crowd_top5,0,0.0,1000,63729.78887866028,639.0972319905088,-681.3510556066985
6508,max_pred_prize_top5,0,0.0,1000,125701.68854956923,74.48586843104911,-371.4915572521538
6508,random_5,0,0.0,1000,81202.86612065551,126.36028997775615,-593.9856693967224
6508,no_triple_random5,0,0.0,1000,91708.31228032534,108.10297687478655,-541.4584385983733
6513,avoid_crowd_top5,0,0.0,1000,120339.26807599596,69.29545893594202,-398.3036596200202
6513,chase_crowd_top5,0,0.0,1000,63731.63741637729,638.6596426846247,-681.3418129181135
6513,max_pred_prize_top5,0,0.0,1000,125583.25551854979,74.63124383585567,-372.083722407251
6513,random_5,0,0.0,1000,93733.489258451,102.31579451594867,-531.3325537077451
6513,no_triple_random5,0,0.0,1000,91645.07694215057,103.96058361623173,-541.7746152892471
6518,avoid_crowd_top5,0,0.0,1000,120399.97554000388,69.28987002717284,-398.0001222999806
6518,chase_crowd_top5,0,0.0,1000,63824.86100551137,637.0146094366127,-680.8756949724432
6518,max_pred_prize_top5,0,0.0,1000,125480.06467393032,74.79834772600053,-372.5996766303484
6518,random_5,0,0.0,1000,94872.45652636632,98.88176854499716,-525.6377173681683
6518,no_triple_random5,0,0.0,1000,89563.16762072903,106.77776863012284,-552.1841618963549
6523,avoid_crowd_top5,0,0.0,1000,120373.4117400233,69.25995599050745,-398.13294129988356
6523,chase_crowd_top5,0,0.0,1000,63806.973468985096,637.0315415668933,-680.9651326550745
6523,max_pred_prize_top5,0,0.0,1000,125498.30210416255,74.76373545623458,-372.50848947918723
6523,random_5,0,0.0,1000,82753.08798224355,119.72233348752812,-586.2345600887822
6523,no_triple_random5,0,0.0,1000,87049.71658048008,104.98153169480284,-564.7514170975996
6528,avoid_crowd_top5,0,0.0,1000,120257.44168337264,69.4390678459953,-398.7127915831368
6528,chase_crowd_top5,0,0.0,1000,63815.584160534316,636.8571208297354,-680.9220791973285
6528,max_pred_prize_top5,0,0.0,1000,125421.00666320413,74.86536952598195,-372.8949666839793
6528,random_5,0,0.0,1000,92324.36534407843,104.33518771398724,-538.3781732796078
6528,no_triple_random5,0,0.0,1000,90783.05762032248,108.78120087091997,-546.0847118983876
6533,avoid_crowd_top5,0,0.0,1000,120215.67256557915,69.50500767896946,-398.92163717210417
6533,chase_crowd_top5,0,0.0,1000,63812.18704822475,636.9872514275337,-680.9390647588763
6533,max_pred_prize_top5,0,0.0,1000,125340.2402268884,74.94869219734689,-373.29879886555796
6533,random_5,0,0.0,1000,85960.71968263146,207.76198928991693,-570.1964015868427
6533,no_triple_random5,0,0.0,1000,93365.66925339583,102.73527338406966,-533.1716537330208
6538,avoid_crowd_top5,0,0.0,1000,120210.78931779764,69.51113065299924,-398.9460534110118
6538,chase_crowd_top5,0,0.0,1000,63824.53342672354,636.4831870558015,-680.8773328663823
6538,max_pred_prize_top5,0,0.0,1000,125345.52459826929,74.9471215669907,-373.2723770086535
6538,random_5,0,0.0,1000,100590.83729660735,99.50536513341217,-497.0458135169632
6538,no_triple_random5,0,0.0,1000,90664.3226749056,107.93659305229482,-546.678386625472
6543,avoid_crowd_top5,0,0.0,1000,120224.39865447325,69.47935417429518,-398.87800672763376
6543,chase_crowd_top5,0,0.0,1000,63832.339895668105,636.2132056309817,-680.8383005216594
6543,max_pred_prize_top5,0,0.0,1000,125338.76396960719,74.93116983477532,-373.3061801519641
6543,random_5,0,0.0,1000,89413.18705844232,111.33498130230694,-552.9340647077884
6543,no_triple_random5,0,0.0,1000,88388.08352454113,107.23098156318801,-558.0595823772944
6548,avoid_crowd_top5,0,0.0,1000,120223.70348831161,69.47645089340168,-398.8814825584419
6548,chase_crowd_top5,0,0.0,1000,63820.3677345887,636.3353850532372,-680.8981613270565
6548,max_pred_prize_top5,0,0.0,1000,125336.82953041857,74.89995806615737,-373.31585234790714
6548,random_5,0,0.0,1000,88133.98303870248,112.8778339767263,-559.3300848064875
6548,no_triple_random5,0,0.0,1000,95784.70030321922,99.29796040005422,-521.0764984839038
6553,avoid_crowd_top5,0,0.0,1000,120309.08600590253,69.41023070555983,-398.45456997048734
6553,chase_crowd_top5,0,0.0,1000,64064.78008260138,630.8839892080175,-679.6760995869931
6553,max_pred_prize_top5,0,0.0,1000,125448.43685680334,74.79071209540402,-372.75781571598327
6553,random_5,0,0.0,1000,93057.29498721653,102.05399612298586,-534.7135250639174
6553,no_triple_random5,0,0.0,1000,96853.15225185642,100.80822856229274,-515.734238740718
6558,avoid_crowd_top5,0,0.0,1000,120300.26226167646,69.41499107473194,-398.49868869161776
6558,chase_crowd_top5,0,0.0,1000,64047.23643708807,631.4360077240448,-679.7638178145596
6558,max_pred_prize_top5,0,0.0,1000,125388.59046889588,74.85475681774636,-373.0570476555206
6558,random_5,0,0.0,1000,88735.91494263124,110.58140324959679,-556.3204252868438
6558,no_triple_random5,0,0.0,1000,95232.20283779452,102.53690729418383,-523.8389858110274
6563,avoid_crowd_top5,0,0.0,1000,120278.13072266625,69.41185436838185,-398.6093463866688
6563,chase_crowd_top5,0,0.0,1000,64063.35501785194,631.3724033151744,-679.6832249107403
6563,max_pred_prize_top5,0,0.0,1000,125316.78021805706,74.87884512089711,-373.4160989097147
6563,random_5,0,0.0,1000,90705.17062011642,107.45371556391062,-546.474146899418
6563,no_triple_random5,0,0.0,1000,88182.23394532411,111.70505145393365,-559.0888302733795
6568,avoid_crowd_top5,0,0.0,1000,120317.04110462591,69.35830613791265,-398.4147944768704
6568,chase_crowd_top5,0,0.0,1000,64042.92046810097,631.3166579935811,-679.7853976594952
6568,max_pred_prize_top5,0,0.0,1000,125295.33037439521,74.91333338636782,-373.52334812802394
6568,random_5,0,0.0,1000,89117.35939261004,114.48804047827112,-554.4132030369498
6568,no_triple_random5,0,0.0,1000,100493.9190520794,96.38258284415147,-497.53040473960294
6573,avoid_crowd_top5,0,0.0,1000,120265.651798128,69.40695033842506,-398.67174100935995
6573,chase_crowd_top5,0,0.0,1000,64034.65287391051,631.430495314547,-679.8267356304475
6573,max_pred_prize_top5,0,0.0,1000,125231.4151148379,74.95487587386819,-373.84292442581045
6573,random_5,0,0.0,1000,88304.27537657395,116.2165854624941,-558.4786231171303
6573,no_triple_random5,0,0.0,1000,95600.79755193145,96.1406406117778,-521.9960122403427
6578,avoid_crowd_top5,0,0.0,1000,120269.97563807499,69.40839310939693,-398.65012180962503
6578,chase_crowd_top5,0,0.0,1000,64026.78179098724,631.4219611367492,-679.8660910450637
6578,max_pred_prize_top5,0,0.0,1000,125234.44951236341,74.94512066036243,-373.827752438183
6578,random_5,0,0.0,1000,98191.78557560581,93.15191282062564,-509.04107212197096
6578,no_triple_random5,0,0.0,1000,92674.10053143276,102.12589963334233,-536.6294973428362
6583,avoid_crowd_top5,0,0.0,1000,120244.4603209231,69.42785273862228,-398.7776983953845
6583,chase_crowd_top5,0,0.0,1000,64024.586116052094,631.5241574087227,-679.8770694197395
6583,max_pred_prize_top5,0,0.0,1000,125221.47273794227,74.92627448290997,-373.8926363102886
6583,random_5,0,0.0,1000,92420.60114009565,105.25532401495869,-537.8969942995218
6583,no_triple_random5,0,0.0,1000,88932.87417053635,110.8218160470246,-555.3356291473183
6588,avoid_crowd_top5,0,0.0,1000,120245.12593406581,69.38380732399585,-398.7743703296709
6588,chase_crowd_top5,0,0.0,1000,63998.852023467945,632.1742650859645,-680.0057398826602
6588,max_pred_prize_top5,0,0.0,1000,125258.36800709231,74.85870610517391,-373.70815996453837
6588,random_5,0,0.0,1000,96083.81055809247,102.42947156542292,-519.5809472095376
6588,no_triple_random5,0,0.0,1000,96929.02978730793,98.27017144956662,-515.3548510634604
6593,avoid_crowd_top5,0,0.0,1000,120249.56047427996,69.35400716187144,-398.75219762860013
6593,chase_crowd_top5,0,0.0,1000,64018.48649623111,631.9582006516041,-679.9075675188444
6593,max_pred_prize_top5,0,0.0,1000,125206.1832710922,74.90595148849032,-373.96908364453896
6593,random_5,0,0.0,1000,103428.45292310804,96.83914034227473,-482.85773538445983
6593,no_triple_random5,0,0.0,1000,83268.99397560724,119.48752938210048,-583.6550301219638
6598,avoid_crowd_top5,0,0.0,1000,120219.8057777386,69.38998577345404,-398.90097111130694
6598,chase_crowd_top5,0,0.0,1000,64025.21231316703,631.7200050763474,-679.8739384341648
6598,max_pred_prize_top5,0,0.0,1000,125189.93084074001,74.92531842070338,-374.0503457962999
6598,random_5,0,0.0,1000,99258.87247102449,96.59354804625275,-503.7056376448776
6598,no_triple_random5,0,0.0,1000,105853.17459355676,87.18877225572025,-470.7341270322162
6603,avoid_crowd_top5,0,0.0,1000,120120.42657806471,69.47358111509187,-399.39786710967644
6603,chase_crowd_top5,0,0.0,1000,63994.031088589516,632.2310624591978,-680.0298445570525
6603,max_pred_prize_top5,0,0.0,1000,125176.94413212372,74.91193627351234,-374.11527933938135
6603,random_5,0,0.0,1000,97393.22877934175,101.34127404245018,-513.0338561032913
6603,no_triple_random5,0,0.0,1000,95170.11979410557,98.88419754138906,-524.1494010294721
6608,avoid_crowd_top5,0,0.0,1000,120167.42988459063,69.35793315705156,-399.1628505770468
6608,chase_crowd_top5,0,0.0,1000,63975.59853437502,632.658250642456,-680.1220073281249
6608,max_pred_prize_top5,0,0.0,1000,125265.46203688956,75.16919394838261,-373.6726898155522
6608,random_5,0,0.0,1000,94983.58983785774,103.4976546259365,-525.0820508107113
6608,no_triple_random5,0,0.0,1000,84531.13308369444,113.96947958293609,-577.3443345815278
6613,avoid_crowd_top5,0,0.0,1000,120178.45954498784,69.36079604402289,-399.1077022750608
6613,chase_crowd_top5,0,0.0,1000,63969.742719824324,633.0886048861804,-680.1512864008783
6613,max_pred_prize_top5,0,0.0,1000,125246.1790657319,75.15124730881563,-373.7691046713404
6613,random_5,0,0.0,1000,95670.67514154613,103.02346376891178,-521.6466242922693
6613,no_triple_random5,0,0.0,1000,89633.2149541851,111.3764074117865,-551.8339252290746
6618,avoid_crowd_top5,0,0.0,1000,120091.96948100891,69.42578621414162,-399.54015259495543
6618,chase_crowd_top5,0,0.0,1000,63956.14857430253,633.5159657990248,-680.2192571284872
6618,max_pred_prize_top5,0,0.0,1000,125228.98851257986,74.77776155330679,-373.85505743710064
6618,random_5,0,0.0,1000,97174.06089478327,108.86976980207109,-514.1296955260837
6618,no_triple_random5,0,0.0,1000,95179.18529268172,94.92299760787357,-524.1040735365914
6623,avoid_crowd_top5,0,0.0,1000,120161.53861423298,69.42236280847916,-399.19230692883514
6623,chase_crowd_top5,0,0.0,1000,64190.47635880214,632.0083575890806,-679.0476182059892
6623,max_pred_prize_top5,0,0.0,1000,125090.07557406116,75.28061505751607,-374.54962212969417
6623,random_5,0,0.0,1000,87097.92148837817,117.6864092012748,-564.5103925581092
6623,no_triple_random5,0,0.0,1000,92839.8688361377,111.66223079764022,-535.8006558193115
6628,avoid_crowd_top5,0,0.0,1000,120151.08626026672,69.4644162267331,-399.2445686986664
6628,chase_crowd_top5,0,0.0,1000,64046.014229428256,631.9647736915574,-679.7699288528587
6628,max_pred_prize_top5,0,0.0,1000,125093.38183809654,75.2763845902554,-374.53309080951726
6628,random_5,0,0.0,1000,92137.1843624145,108.9473355458174,-539.3140781879275
6628,no_triple_random5,0,0.0,1000,98354.13357642549,97.93929862550902,-508.22933211787256
6633,avoid_crowd_top5,0,0.0,1000,120010.30748994299,69.54224076202213,-399.94846255028506
6633,chase_crowd_top5,0,0.0,1000,63983.84769420871,633.267928107747,-680.0807615289564
6633,max_pred_prize_top5,0,0.0,1000,125054.78509748238,75.35083097850936,-374.72607451258807
6633,random_5,0,0.0,1000,90659.61382596116,114.24577991409535,-546.7019308701942
6633,no_triple_random5,0,0.0,1000,88513.08761258428,116.08307639433944,-557.4345619370786
6638,avoid_crowd_top5,0,0.0,1000,120079.7000534713,69.55660807949229,-399.60149973264345
6638,chase_crowd_top5,0,0.0,1000,63978.0033293848,633.4312675777924,-680.1099833530759
6638,max_pred_prize_top5,0,0.0,1000,125054.81306064068,75.36979041434127,-374.72593469679657
6638,random_5,0,0.0,1000,93968.11371114255,99.8522762844845,-530.1594314442873
6638,no_triple_random5,0,0.0,1000,92487.205929462,103.32727389393445,-537.5639703526899
6643,avoid_crowd_top5,0,0.0,1000,119948.90092342967,69.65218561640874,-400.2554953828517
6643,chase_crowd_top5,0,0.0,1000,63975.191409309045,633.634738246904,-680.1240429534548
6643,max_pred_prize_top5,0,0.0,1000,124972.06934704415,75.50913090930607,-375.1396532647792
6643,random_5,0,0.0,1000,93787.43432218961,98.08912230112976,-531.0628283890519
6643,no_triple_random5,0,0.0,1000,86363.44255497905,122.87284023523144,-568.1827872251047
6648,avoid_crowd_top5,0,0.0,1000,119971.92036656514,69.59761878326118,-400.1403981671742
6648,chase_crowd_top5,0,0.0,1000,63975.93375513451,633.7526187359924,-680.1203312243274
6648,max_pred_prize_top5,0,0.0,1000,124995.07196324211,75.46969291011233,-375.0246401837894
6648,random_5,0,0.0,1000,83500.85307580621,118.52377460439963,-582.495734620969
6648,no_triple_random5,0,0.0,1000,90510.11654190575,108.33238572863283,-547.4494172904713
6653,avoid_crowd_top5,0,0.0,1000,119954.24508456017,69.61921725265758,-400.22877457719915
6653,chase_crowd_top5,0,0.0,1000,63970.67816116162,633.9260196069321,-680.1466091941919
6653,max_pred_prize_top5,0,0.0,1000,124988.09089691397,75.47427525255071,-375.05954551543016
6653,random_5,0,0.0,1000,94183.19383044916,104.77003631754648,-529.0840308477541
6653,no_triple_random5,0,0.0,1000,93563.27350883192,97.12663422113715,-532.1836324558403
6658,avoid_crowd_top5,0,0.0,1000,119979.65822434297,69.60776464954127,-400.1017088782851
6658,chase_crowd_top5,0,0.0,1000,63971.78705403583,634.1000848795447,-680.1410647298209
6658,max_pred_prize_top5,0,0.0,1000,124963.39815936978,75.50508624485796,-375.1830092031511
6658,random_5,0,0.0,1000,101415.50721571236,93.8308966971674,-492.9224639214382
6658,no_triple_random5,0,0.0,1000,88875.77048581935,111.75969267040254,-555.6211475709033
6663,avoid_crowd_top5,0,0.0,1000,120041.12278076385,69.53093082656318,-399.7943860961807
6663,chase_crowd_top5,0,0.0,1000,63962.86469668614,634.3219184080137,-680.1856765165693
6663,max_pred_prize_top5,0,0.0,1000,125021.87852316117,75.42780745685573,-374.89060738419414
6663,random_5,0,0.0,1000,89102.52776712664,104.98457798649028,-554.4873611643668
6663,no_triple_random5,0,0.0,1000,90074.04195687061,115.79516750181475,-549.629790215647
6668,avoid_crowd_top5,0,0.0,1000,119991.69287367542,69.47171476865523,-400.0415356316229
6668,chase_crowd_top5,0,0.0,1000,63952.45188635688,634.2297033725907,-680.2377405682156
6668,max_pred_prize_top5,0,0.0,1000,124957.06381092659,75.37063067454002,-375.21468094536704
6668,random_5,0,0.0,1000,91043.75376738017,108.59131369148277,-544.7812311630992
6668,no_triple_random5,0,0.0,1000,82525.33847687775,121.23888599374291,-587.3733076156113
6673,avoid_crowd_top5,0,0.0,1000,119948.34337850308,69.48877269970382,-400.25828310748454
6673,chase_crowd_top5,0,0.0,1000,63977.36236730001,633.9082001762011,-680.1131881634999
6673,max_pred_prize_top5,0,0.0,1000,124907.63730805996,75.40446084472347,-375.46181345970024
6673,random_5,0,0.0,1000,94981.69467689755,104.75564314904132,-525.0915266155123
6673,no_triple_random5,0,0.0,1000,91578.1450348154,110.55364822271731,-542.109274825923
6678,avoid_crowd_top5,0,0.0,1000,119981.65914235284,69.49604965031003,-400.09170428823575
6678,chase_crowd_top5,0,0.0,1000,63975.486549278445,633.8779039580259,-680.1225672536077
6678,max_pred_prize_top5,0,0.0,1000,124937.71317453936,75.40498701019062,-375.3114341273032
6678,random_5,0,0.0,1000,99537.17718937647,96.9603745147837,-502.31411405311763
6678,no_triple_random5,0,0.0,1000,93008.05479635941,108.61142749467976,-534.9597260182029
6683,avoid_crowd_top5,0,0.0,1000,120026.1091319533,69.45259013178986,-399.86945434023346
6683,chase_crowd_top5,0,0.0,1000,63960.506685713844,634.2954735922569,-680.1974665714308
6683,max_pred_prize_top5,0,0.0,1000,125006.5332503061,75.35204004698585,-374.9673337484694
6683,random_5,0,0.0,1000,89525.22137325122,104.14684464485022,-552.3738931337439
6683,no_triple_random5,0,0.0,1000,86271.54921599716,108.27274385804212,-568.6422539200141
6688,avoid_crowd_top5,0,0.0,1000,119807.13456343899,69.65922695195272,-400.96432718280505
6688,chase_crowd_top5,0,0.0,1000,63973.8818519434,634.1011325335764,-680.130590740283
6688,max_pred_prize_top5,0,0.0,1000,124807.88203412885,75.57538672163022,-375.96058982935574
6688,random_5,0,0.0,1000,92598.61725710958,109.61301114186467,-537.0069137144521
6688,no_triple_random5,0,0.0,1000,92772.84595692724,107.19509271901283,-536.1357702153638
6693,avoid_crowd_top5,0,0.0,1000,119481.27060188598,70.06423772675468,-402.59364699057016
6693,chase_crowd_top5,0,0.0,1000,63982.921175841984,634.0650493287919,-680.08539412079
6693,max_pred_prize_top5,0,0.0,1000,124500.4610706454,75.99196629869837,-377.49769464677297
6693,random_5,0,0.0,1000,102811.94275161158,95.72149588597425,-485.9402862419421
6693,no_triple_random5,0,0.0,1000,91117.1463441538,104.34199377093132,-544.414268279231
6698,avoid_crowd_top5,0,0.0,1000,119473.3188778341,70.0624728063592,-402.6334056108295
6698,chase_crowd_top5,0,0.0,1000,63986.10905822363,634.0162096948337,-680.0694547088818
6698,max_pred_prize_top5,0,0.0,1000,124501.16756222823,75.99224005007315,-377.4941621888588
6698,random_5,0,0.0,1000,87997.97794646879,116.2799674864397,-560.010110267656
6698,no_triple_random5,0,0.0,1000,86267.31484278415,115.48976037404323,-568.6634257860792
6703,avoid_crowd_top5,0,0.0,1000,119464.70502286025,70.06543741389507,-402.6764748856988
6703,chase_crowd_top5,0,0.0,1000,64008.61148093325,633.6410236952131,-679.9569425953337
6703,max_pred_prize_top5,0,0.0,1000,124494.84590888003,75.99346098405132,-377.52577045559985
6703,random_5,0,0.0,1000,94145.14941734931,102.0842191513475,-529.2742529132533
6703,no_triple_random5,0,0.0,1000,88292.76509945588,111.00036170499338,-558.5361745027205
6708,avoid_crowd_top5,0,0.0,1000,119424.12860927463,70.10048451878802,-402.8793569536268
6708,chase_crowd_top5,0,0.0,1000,64001.32659829445,633.8659490043398,-679.9933670085277
6708,max_pred_prize_top5,0,0.0,1000,124428.9072153337,76.06192164471057,-377.8554639233315
6708,random_5,0,0.0,1000,101127.97783113967,98.23893411917108,-494.3601108443017
6708,no_triple_random5,0,0.0,1000,91400.48954952664,111.15127571910291,-542.9975522523669
6713,avoid_crowd_top5,0,0.0,1000,119483.91861466921,70.1530223179125,-402.58040692665395
6713,chase_crowd_top5,0,0.0,1000,64006.377251036974,633.7888748715402,-679.9681137448151
6713,max_pred_prize_top5,0,0.0,1000,124426.9269720302,76.08201427010914,-377.865365139849
6713,random_5,0,0.0,1000,90439.72076255828,113.38336765268915,-547.8013961872086
6713,no_triple_random5,0,0.0,1000,86822.36127967625,103.81562102938874,-565.8881936016187
6718,avoid_crowd_top5,0,0.0,1000,119518.35877880416,70.09311560957467,-402.40820610597916
6718,chase_crowd_top5,0,0.0,1000,64018.19537195959,633.4712294483758,-679.909023140202
6718,max_pred_prize_top5,0,0.0,1000,124424.967835388,76.09209362206035,-377.87516082306
6718,random_5,0,0.0,1000,86577.47004132468,106.91340583262213,-567.1126497933766
6718,no_triple_random5,0,0.0,1000,94169.32467136244,103.85014475617766,-529.1533766431878
6723,avoid_crowd_top5,0,0.0,1000,118998.60562930399,70.44582136874233,-405.0069718534801
6723,chase_crowd_top5,0,0.0,1000,64050.66360650165,632.893526698367,-679.7466819674917
6723,max_pred_prize_top5,0,0.0,1000,124121.04077650161,76.28755963186414,-379.39479611749186
6723,random_5,0,0.0,1000,86919.74830180971,231.71968965383076,-565.4012584909515
6723,no_triple_random5,0,0.0,1000,89588.83862223712,101.65196133099406,-552.0558068888145
6728,avoid_crowd_top5,0,0.0,1000,119010.01009786827,70.47073971848472,-404.9499495106586
6728,chase_crowd_top5,0,0.0,1000,64042.750813657345,633.0154396336509,-679.7862459317132
6728,max_pred_prize_top5,0,0.0,1000,124149.71437162747,76.28046516940441,-379.2514281418627
6728,random_5,0,0.0,1000,91218.77221829964,103.78443358353525,-543.9061389085018
6728,no_triple_random5,0,0.0,1000,97038.90995182694,99.9103227618709,-514.8054502408653
6733,avoid_crowd_top5,0,0.0,1000,119027.52838491373,70.41979391930344,-404.8623580754313
6733,chase_crowd_top5,0,0.0,1000,64033.58685310435,632.9711084460054,-679.8320657344782
6733,max_pred_prize_top5,0,0.0,1000,124145.56418169763,76.25204330661785,-379.2721790915118
6733,random_5,0,0.0,1000,85450.08028104945,118.27577150073323,-572.7495985947528
6733,no_triple_random5,0,0.0,1000,88196.74051205521,117.20382863809618,-559.016297439724
6738,avoid_crowd_top5,0,0.0,1000,118979.96453778745,70.51224782335416,-405.1001773110627
6738,chase_crowd_top5,0,0.0,1000,64032.23210924689,633.0844624161645,-679.8388394537656
6738,max_pred_prize_top5,1,108600.0,1000,124108.51509526573,76.33274725109315,-379.4574245236713
6738,random_5,0,0.0,1000,92980.76245979777,100.38585585740603,-535.0961877010111
6738,no_triple_random5,0,0.0,1000,89319.76824989093,104.39323345873386,-553.4011587505454
6743,avoid_crowd_top5,1,127800.0,1000,118978.84634204309,70.45908515680598,-405.1057682897846
6743,chase_crowd_top5,0,0.0,1000,64039.37300599826,633.6221424836742,-679.8031349700086
6743,max_pred_prize_top5,0,0.0,1000,124062.37903006205,76.25843449297903,-379.6881048496898
6743,random_5,0,0.0,1000,104537.97552882896,91.55429674379964,-477.31012235585524
6743,no_triple_random5,0,0.0,1000,85447.19537092271,109.70918547897824,-572.7640231453864
6748,avoid_crowd_top5,0,0.0,1000,118986.28419465409,70.40769075113762,-405.0685790267296
6748,chase_crowd_top5,0,0.0,1000,64048.974158295256,633.2128612071049,-679.7551292085237
6748,max_pred_prize_top5,0,0.0,1000,124067.56116813424,76.20143101722425,-379.6621941593288
6748,random_5,0,0.0,1000,92069.4375261077,99.30505249591815,-539.6528123694616
6748,no_triple_random5,0,0.0,1000,94792.90958954842,103.54652650731725,-526.0354520522578
6753,avoid_crowd_top5,0,0.0,1000,118963.8440143223,70.43625539853656,-405.18077992838846
6753,chase_crowd_top5,0,0.0,1000,64062.07361232173,633.0892151477527,-679.6896319383914
6753,max_pred_prize_top5,0,0.0,1000,124060.84300894514,76.22862329725632,-379.69578495527423
6753,random_5,0,0.0,1000,94494.60899700485,97.28279975726808,-527.5269550149758
6753,no_triple_random5,0,0.0,1000,92119.13209917364,98.94367478271216,-539.4043395041317
6758,avoid_crowd_top5,0,0.0,1000,119083.42631952246,70.36439615295305,-404.5828684023877
6758,chase_crowd_top5,0,0.0,1000,64064.15628119768,633.0520531597654,-679.6792185940117
6758,max_pred_prize_top5,0,0.0,1000,124094.53528565243,76.16720013461264,-379.52732357173784
6758,random_5,0,0.0,1000,90275.66129171387,106.27510281915843,-548.6216935414307
6758,no_triple_random5,0,0.0,1000,89994.6755378635,107.90808615208955,-550.0266223106826
6763,avoid_crowd_top5,0,0.0,1000,119002.2431321196,70.35944466441134,-404.98878433940195
6763,chase_crowd_top5,0,0.0,1000,64046.04953238607,633.3591830605333,-679.7697523380697
6763,max_pred_prize_top5,0,0.0,1000,124085.96961296951,76.17304123487641,-379.57015193515247
6763,random_5,0,0.0,1000,99997.28611217378,99.32982756730894,-500.01356943913106
6763,no_triple_random5,0,0.0,1000,96204.53110564644,94.52904769398342,-518.9773444717678
6768,avoid_crowd_top5,0,0.0,1000,118977.1720591052,70.36537289528037,-405.11413970447404
6768,chase_crowd_top5,0,0.0,1000,64053.983471989515,633.2129151702991,-679.7300826400524
6768,max_pred_prize_top5,0,0.0,1000,124095.31976606362,76.15617547942058,-379.52340116968185
6768,random_5,0,0.0,1000,89170.20865426303,112.05368545048802,-554.1489567286849
6768,no_triple_random5,0,0.0,1000,84360.96971182157,109.09482833001762,-578.1951514408921
6773,avoid_crowd_top5,0,0.0,1000,118915.77677426499,70.38682422647985,-405.42111612867507
6773,chase_crowd_top5,0,0.0,1000,64059.098159823756,633.1104483157638,-679.7045092008811
6773,max_pred_prize_top5,0,0.0,1000,124059.8664177418,76.1771754675758,-379.700667911291
6773,random_5,0,0.0,1000,88421.0012459933,108.62729022873859,-557.8949937700335
6773,no_triple_random5,0,0.0,1000,91864.26593498654,106.08864364837748,-540.6786703250673
6778,avoid_crowd_top5,0,0.0,1000,118886.32843246097,70.41917188697951,-405.5683578376951
6778,chase_crowd_top5,0,0.0,1000,64058.038749735475,633.1400015071996,-679.7098062513226
6778,max_pred_prize_top5,0,0.0,1000,124046.71463540845,76.18078295528387,-379.76642682295767
6778,random_5,0,0.0,1000,89842.30604504242,110.91450711206164,-550.7884697747879
6778,no_triple_random5,0,0.0,1000,87765.16505500617,107.68239128836133,-561.1741747249691
6783,avoid_crowd_top5,0,0.0,1000,118939.84256292642,70.37666993277954,-405.3007871853679
6783,chase_crowd_top5,0,0.0,1000,64065.08713163622,632.9678500274526,-679.674564341819
6783,max_pred_prize_top5,0,0.0,1000,124060.63103075256,76.1590882920716,-379.69684484623724
6783,random_5,0,0.0,1000,96664.40746907814,99.41189406606149,-516.6779626546092
6783,no_triple_random5,0,0.0,1000,98176.71662727608,93.75635839669135,-509.1164168636196
6788,avoid_crowd_top5,0,0.0,1000,119032.65303692233,70.3404533856436,-404.83673481538835
6788,chase_crowd_top5,0,0.0,1000,64086.99219954312,632.4683411743295,-679.5650390022844
6788,max_pred_prize_top5,0,0.0,1000,124047.68253568478,76.18052229047464,-379.76158732157603
6788,random_5,0,0.0,1000,84429.99933704553,110.14463973443465,-577.8500033147723
6788,no_triple_random5,0,0.0,1000,90740.19099338505,107.01144201555978,-546.2990450330747
6793,avoid_crowd_top5,0,0.0,1000,118987.11886976066,70.37333659168094,-405.0644056511967
6793,chase_crowd_top5,0,0.0,1000,64083.98976303921,632.7871919285066,-679.580051184804
6793,max_pred_prize_top5,0,0.0,1000,124042.93011734677,76.1585370863351,-379.7853494132661
6793,random_5,0,0.0,1000,90149.29479587862,105.91300961306106,-549.2535260206068
6793,no_triple_random5,0,0.0,1000,99639.54366069786,92.86768114305823,-501.8022816965107
6798,avoid_crowd_top5,0,0.0,1000,118961.10403106846,70.40756945923465,-405.1944798446576
6798,chase_crowd_top5,0,0.0,1000,64083.023300648245,632.8560385275041,-679.5848834967587
6798,max_pred_prize_top5,0,0.0,1000,124025.36009119311,76.16765591501294,-379.8731995440344
6798,random_5,0,0.0,1000,87315.69477994599,109.79130001479173,-563.4215261002701
6798,no_triple_random5,0,0.0,1000,90319.53001393111,104.47587525919016,-548.4023499303444
6803,avoid_crowd_top5,0,0.0,1000,118899.06783314033,70.37998216601589,-405.5046608342983
6803,chase_crowd_top5,0,0.0,1000,64086.88286604344,632.7585783969341,-679.5655856697829
6803,max_pred_prize_top5,0,0.0,1000,124032.85540393069,76.15155275174871,-379.83572298034653
6803,random_5,0,0.0,1000,99092.37584084843,95.45051213403998,-504.53812079575783
6803,no_triple_random5,0,0.0,1000,92661.41404680701,101.49008383654083,-536.6929297659649
6808,avoid_crowd_top5,0,0.0,1000,118904.68951918153,70.36708423137178,-405.47655240409233
6808,chase_crowd_top5,0,0.0,1000,64081.394883247754,633.0122040670213,-679.5930255837612
6808,max_pred_prize_top5,0,0.0,1000,124042.90388588479,76.13900107840935,-379.78548057057606
6808,random_5,0,0.0,1000,97325.7107727702,102.13898575406469,-513.371446136149
6808,no_triple_random5,0,0.0,1000,96037.04472017499,96.35469257667259,-519.8147763991251
6813,avoid_crowd_top5,0,0.0,1000,119007.16733189908,70.35802308608369,-404.96416334050457
6813,chase_crowd_top5,0,0.0,1000,63901.36567177123,631.4002313894796,-680.4931716411438
6813,max_pred_prize_top5,0,0.0,1000,124076.5150993983,76.1184910628318,-379.61742450300846
6813,random_5,0,0.0,1000,92083.22700641748,103.84729082861274,-539.5838649679126
6813,no_triple_random5,0,0.0,1000,90983.36819378502,109.87345271600574,-545.083159031075
6818,avoid_crowd_top5,0,0.0,1000,119002.7619429077,70.3492603331542,-404.9861902854615
6818,chase_crowd_top5,0,0.0,1000,63896.81263404208,631.423745616328,-680.5159368297896
6818,max_pred_prize_top5,0,0.0,1000,124077.59764205661,76.10468857935463,-379.6120117897169
6818,random_5,0,0.0,1000,90678.0596123292,108.37097077194787,-546.609701938354
6818,no_triple_random5,0,0.0,1000,82563.582174669,123.62722968787993,-587.182089126655
6823,avoid_crowd_top5,0,0.0,1000,118874.71167611428,70.43172115043026,-405.62644161942853
6823,chase_crowd_top5,0,0.0,1000,63898.87574113193,631.249384669288,-680.5056212943404
6823,max_pred_prize_top5,0,0.0,1000,124050.82707833094,76.13932970615944,-379.7458646083453
6823,random_5,0,0.0,1000,90846.61977953634,109.90706719417817,-545.7669011023183
6823,no_triple_random5,0,0.0,1000,90949.04948930032,108.74720384975782,-545.2547525534984
6828,avoid_crowd_top5,0,0.0,1000,118870.21958208946,70.41369267115724,-405.64890208955273
6828,chase_crowd_top5,0,0.0,1000,63898.19615982281,631.1626333041434,-680.509019200886
6828,max_pred_prize_top5,0,0.0,1000,124051.59912488303,76.14671784941923,-379.7420043755849
6828,random_5,0,0.0,1000,99654.53460186065,99.77187328100993,-501.7273269906967
6828,no_triple_random5,0,0.0,1000,83761.10533195062,118.28253965390147,-581.194473340247
6833,avoid_crowd_top5,0,0.0,1000,118862.25530211574,70.43008822795674,-405.68872348942125
6833,chase_crowd_top5,0,0.0,1000,63897.11371687924,631.1994454049839,-680.5144314156038
6833,max_pred_prize_top5,0,0.0,1000,124044.85199625166,76.14517522682475,-379.77574001874166
6833,random_5,0,0.0,1000,92548.50889015573,106.41566801682526,-537.2574555492213
6833,no_triple_random5,0,0.0,1000,87752.35587512405,108.38317674162322,-561.2382206243797
6838,avoid_crowd_top5,0,0.0,1000,118873.66984744792,70.42297872538965,-405.6316507627604
6838,chase_crowd_top5,0,0.0,1000,63890.078584529794,631.2326002051834,-680.5496070773511
6838,max_pred_prize_top5,0,0.0,1000,124022.10128954807,76.1884664054946,-379.88949355225964
6838,random_5,0,0.0,1000,88026.58719584931,101.35142488422912,-559.8670640207534
6838,no_triple_random5,0,0.0,1000,95262.98700735092,99.13935470454511,-523.6850649632454
6843,avoid_crowd_top5,0,0.0,1000,118851.83363675997,70.37846804484901,-405.74083181620017
6843,chase_crowd_top5,0,0.0,1000,63894.86343237116,631.3395031423645,-680.5256828381441
6843,max_pred_prize_top5,0,0.0,1000,124021.69946218902,76.14073669081824,-379.89150268905485
6843,random_5,0,0.0,1000,95191.3246978065,102.60704735271197,-524.0433765109675
6843,no_triple_random5,0,0.0,1000,99561.73712733758,99.31917842817063,-502.19131436331213
6848,avoid_crowd_top5,0,0.0,1000,118839.43932893751,70.40243483224131,-405.80280335531245
6848,chase_crowd_top5,0,0.0,1000,63892.15782609803,631.2926124564932,-680.5392108695098
6848,max_pred_prize_top5,0,0.0,1000,124027.84179649474,76.13280282943823,-379.86079101752625
6848,random_5,0,0.0,1000,96007.0181365729,95.15894301286247,-519.9649093171356
6848,no_triple_random5,0,0.0,1000,85966.89063140721,109.78063886613722,-570.165546842964
6853,avoid_crowd_top5,0,0.0,1000,118771.27225760857,70.56715138517019,-406.1436387119571
6853,chase_crowd_top5,0,0.0,1000,64036.02023680615,630.978775723,-679.8198988159693
6853,max_pred_prize_top5,0,0.0,1000,123886.6436976584,76.30464336494362,-380.566781511708
6853,random_5,0,0.0,1000,85454.36802270121,113.25952436044736,-572.7281598864939
6853,no_triple_random5,0,0.0,1000,89059.83321060493,118.02008217595542,-554.7008339469753
6858,avoid_crowd_top5,0,0.0,1000,118693.35792414837,70.70284888285539,-406.5332103792581
6858,chase_crowd_top5,0,0.0,1000,63913.86632855229,630.8686913015943,-680.4306683572386
6858,max_pred_prize_top5,0,0.0,1000,123785.90813721926,76.48066916846003,-381.0704593139037
6858,random_5,0,0.0,1000,92176.02970486604,102.48349265985306,-539.1198514756697
6858,no_triple_random5,0,0.0,1000,92036.5498757598,100.50631887184277,-539.8172506212011
6863,avoid_crowd_top5,0,0.0,1000,118684.91428879232,70.675523098199,-406.57542855603833
6863,chase_crowd_top5,0,0.0,1000,63926.37257390099,630.7668555591151,-680.368137130495
6863,max_pred_prize_top5,0,0.0,1000,123803.40983060712,76.42253075833307,-380.9829508469644
6863,random_5,0,0.0,1000,90447.40969658669,105.68246673078572,-547.7629515170665
6863,no_triple_random5,0,0.0,1000,90538.54164157454,107.6684942516949,-547.3072917921272
6868,avoid_crowd_top5,0,0.0,1000,118685.53823357998,70.66466735975725,-406.57230883210013
6868,chase_crowd_top5,0,0.0,1000,63921.39334041895,630.70613660543,-680.3930332979053
6868,max_pred_prize_top5,0,0.0,1000,123739.76764928518,76.49571628643689,-381.3011617535741
6868,random_5,0,0.0,1000,89710.37692883411,114.05229529694047,-551.4481153558295
6868,no_triple_random5,0,0.0,1000,88385.86493183728,113.04945188315187,-558.0706753408135
6873,avoid_crowd_top5,0,0.0,1000,118579.86087524556,70.81681440175106,-407.10069562377214
6873,chase_crowd_top5,0,0.0,1000,63917.34415731317,630.6808696988717,-680.4132792134342
6873,max_pred_prize_top5,0,0.0,1000,123670.1642394253,76.56953350924556,-381.6491788028735
6873,random_5,0,0.0,1000,88936.10626783643,114.5748199222134,-555.3194686608178
6873,no_triple_random5,0,0.0,1000,94532.70440462106,98.7919961888479,-527.3364779768947
6878,avoid_crowd_top5,0,0.0,1000,118554.56521765798,70.79922361864435,-407.2271739117101
6878,chase_crowd_top5,0,0.0,1000,63913.26704534048,630.7669124426385,-680.4336647732976
6878,max_pred_prize_top5,0,0.0,1000,123639.14244692137,76.58047454764016,-381.80428776539316
6878,random_5,0,0.0,1000,90517.14985907248,104.26451023878462,-547.4142507046377
6878,no_triple_random5,0,0.0,1000,87607.57263102788,111.63121445973279,-561.9621368448607
6883,avoid_crowd_top5,0,0.0,1000,118595.12752759852,70.70390766060734,-407.0243623620073
6883,chase_crowd_top5,0,0.0,1000,63911.82117020874,630.9937120721354,-680.4408941489562
6883,max_pred_prize_top5,0,0.0,1000,123649.03540580883,76.56686064153378,-381.75482297095584
6883,random_5,0,0.0,1000,87885.08071036068,110.42496060358204,-560.5745964481966
6883,no_triple_random5,0,0.0,1000,96094.82049087905,103.25477745510584,-519.5258975456047
6888,avoid_crowd_top5,0,0.0,1000,118597.26809978214,70.68357736535395,-407.01365950108925
6888,chase_crowd_top5,0,0.0,1000,63905.68848639203,631.0869321738505,-680.4715575680398
6888,max_pred_prize_top5,0,0.0,1000,123670.71865023409,76.52002911727519,-381.6464067488296
6888,random_5,0,0.0,1000,94021.126210136,108.62143719769043,-529.89436894932
6888,no_triple_random5,0,0.0,1000,96452.61305075735,98.53619600204479,-517.7369347462131
6893,avoid_crowd_top5,0,0.0,1000,118414.80614815031,70.9004894151387,-407.9259692592484
6893,chase_crowd_top5,0,0.0,1000,63936.55431115336,630.4436140758283,-680.3172284442333
6893,max_pred_prize_top5,0,0.0,1000,123460.13822996555,76.79120403085135,-382.6993088501722
6893,random_5,0,0.0,1000,94288.677826014,102.28528978505123,-528.55661086993
6893,no_triple_random5,0,0.0,1000,85463.57829905255,113.45859007049071,-572.6821085047372
6898,avoid_crowd_top5,0,0.0,1000,117458.04922618119,71.06058739399366,-412.709753869094
6898,chase_crowd_top5,0,0.0,1000,63934.842451270866,630.5215270185273,-680.3257877436456
6898,max_pred_prize_top5,0,0.0,1000,123401.31397906404,76.94970131400899,-382.99343010467976
6898,random_5,0,0.0,1000,85853.76531806092,114.94088804654893,-570.7311734096954
6898,no_triple_random5,0,0.0,1000,92097.98663984089,105.04505477358941,-539.5100668007956
6903,avoid_crowd_top5,0,0.0,1000,117353.79468128004,71.14898733263144,-413.23102659359984
6903,chase_crowd_top5,0,0.0,1000,63939.59296494377,630.2902199176966,-680.3020351752812
6903,max_pred_prize_top5,0,0.0,1000,123345.79334109921,76.99013280213174,-383.2710332945039
6903,random_5,0,0.0,1000,85289.31332872133,195.56183903375646,-573.5534333563933
6903,no_triple_random5,0,0.0,1000,93234.87462710605,103.10306427838475,-533.8256268644698
6908,avoid_crowd_top5,0,0.0,1000,117419.40761687378,71.05582877052952,-412.90296191563107
6908,chase_crowd_top5,0,0.0,1000,63938.2053716575,630.2810089545652,-680.3089731417125
6908,max_pred_prize_top5,0,0.0,1000,123433.81228992587,76.86161246620068,-382.83093855037066
6908,random_5,0,0.0,1000,102633.98556355665,95.1029975027715,-486.8300721822168
6908,no_triple_random5,0,0.0,1000,88770.36191741216,112.5346809965619,-556.1481904129391
6913,avoid_crowd_top5,0,0.0,1000,117338.49789520419,71.1997146306834,-413.3075105239791
6913,chase_crowd_top5,0,0.0,1000,63933.085519361324,630.5465245390469,-680.3345724031933
6913,max_pred_prize_top5,0,0.0,1000,123453.05131829037,76.84470625237766,-382.7347434085482
6913,random_5,0,0.0,1000,90184.28603795,103.33668162877657,-549.07856981025
6913,no_triple_random5,0,0.0,1000,101816.393532665,89.61208513332268,-490.918032336675
6918,avoid_crowd_top5,0,0.0,1000,117396.85292983343,71.08855062383785,-413.01573535083287
6918,chase_crowd_top5,0,0.0,1000,63920.84094128492,630.6783845622765,-680.3957952935754
6918,max_pred_prize_top5,0,0.0,1000,123514.2550093021,76.7529515302572,-382.42872495348945
6918,random_5,0,0.0,1000,97038.59678981043,100.4596706804505,-514.8070160509478
6918,no_triple_random5,0,0.0,1000,94286.73521264078,107.43645999597462,-528.5663239367962
6923,avoid_crowd_top5,0,0.0,1000,117318.76835692576,71.23194059975962,-413.4061582153712
6923,chase_crowd_top5,0,0.0,1000,63923.35901381568,630.4969457092184,-680.3832049309216
6923,max_pred_prize_top5,0,0.0,1000,123509.94925365543,76.80141841868067,-382.4502537317228
6923,random_5,0,0.0,1000,93562.83479959398,101.57416588672629,-532.1858260020301
6923,no_triple_random5,0,0.0,1000,86738.6070955609,114.050400228266,-566.3069645221955
6928,avoid_crowd_top5,0,0.0,1000,116992.01274641548,71.60478868952833,-415.0399362679226
6928,chase_crowd_top5,0,0.0,1000,63947.24821698495,630.0254114985491,-680.2637589150752
6928,max_pred_prize_top5,0,0.0,1000,123265.11885365748,77.05873818084342,-383.67440573171257
6928,random_5,0,0.0,1000,98576.66249948846,100.5496766340988,-507.1166875025577
6928,no_triple_random5,0,0.0,1000,92490.79071142856,102.75455373768725,-537.5460464428572
6933,avoid_crowd_top5,0,0.0,1000,117004.96315561605,71.61750238233907,-414.9751842219198
6933,chase_crowd_top5,0,0.0,1000,63937.229048372166,630.1120859062679,-680.3138547581391
6933,max_pred_prize_top5,0,0.0,1000,123271.51559865804,77.09787118029494,-383.6424220067098
6933,random_5,0,0.0,1000,86216.72367856435,216.6125600760557,-568.9163816071782
6933,no_triple_random5,0,0.0,1000,93285.80554045571,103.29890290396206,-533.5709722977215
6938,avoid_crowd_top5,0,0.0,1000,117024.65187751343,71.59341650224708,-414.87674061243285
6938,chase_crowd_top5,0,0.0,1000,63933.42180570597,630.170267944768,-680.3328909714701
6938,max_pred_prize_top5,0,0.0,1000,123299.22142147944,77.07347969437333,-383.50389289260283
6938,random_5,0,0.0,1000,93208.21148484177,100.80829139958611,-533.9589425757911
6938,no_triple_random5,0,0.0,1000,92016.77974011697,106.34537157807029,-539.9161012994152
6943,avoid_crowd_top5,1,63700.0,1000,116888.61270374307,71.82047072960536,-415.55693648128465
6943,chase_crowd_top5,0,0.0,1000,63939.24807218949,629.9459962740491,-680.3037596390525
6943,max_pred_prize_top5,0,0.0,1000,123183.47686236487,77.27592595288998,-384.0826156881757
6943,random_5,0,0.0,1000,92054.94239346955,101.6970765696232,-539.7252880326523
6943,no_triple_random5,0,0.0,1000,91995.76114581499,96.22795249916494,-540.021194270925
6948,avoid_crowd_top5,0,0.0,1000,116705.54462357664,72.1078052541928,-416.4722768821167
6948,chase_crowd_top5,0,0.0,1000,63945.71672496585,629.5819485822306,-680.2714163751707
6948,max_pred_prize_top5,0,0.0,1000,123095.84090303727,77.45366930944948,-384.5207954848137
6948,random_5,0,0.0,1000,100804.39841867288,95.55952350052243,-495.9780079066356
6948,no_triple_random5,0,0.0,1000,93430.11722412577,97.43249934959631,-532.8494138793711
6953,avoid_crowd_top5,0,0.0,1000,116730.11669359566,72.099081810776,-416.3494165320217
6953,chase_crowd_top5,0,0.0,1000,63932.18061775293,629.9199282998115,-680.3390969112354
6953,max_pred_prize_top5,0,0.0,1000,123159.35290227729,77.37990003935786,-384.2032354886136
6953,random_5,0,0.0,1000,97068.371673146,95.23778895975713,-514.65814163427
6953,no_triple_random5,0,0.0,1000,90743.3075843526,108.25111124640273,-546.283462078237
6958,avoid_crowd_top5,0,0.0,1000,116620.69736675061,72.32455415404402,-416.8965131662469
6958,chase_crowd_top5,0,0.0,1000,63934.049596562494,629.8552368135072,-680.3297520171875
6958,max_pred_prize_top5,0,0.0,1000,123021.63410037062,77.63666711907902,-384.8918294981469
6958,random_5,0,0.0,1000,87280.02059056245,114.08177754563403,-563.5998970471878
6958,no_triple_random5,0,0.0,1000,101430.2817596361,95.48234444205251,-492.8485912018195
6963,avoid_crowd_top5,0,0.0,1000,116513.32873622022,72.42157754129796,-417.43335631889886
6963,chase_crowd_top5,0,0.0,1000,63954.86008351841,629.3655231202258,-680.225699582408
6963,max_pred_prize_top5,0,0.0,1000,122929.52359344771,77.69132015171049,-385.3523820327614
6963,random_5,0,0.0,1000,91409.17478563279,109.64290920901601,-542.9541260718361
6963,no_triple_random5,0,0.0,1000,98388.1591935598,99.2149394966971,-508.059204032201
6968,avoid_crowd_top5,0,0.0,1000,116488.56351483168,72.45868742703044,-417.5571824258416
6968,chase_crowd_top5,0,0.0,1000,63949.990568004854,629.7040419368146,-680.2500471599758
6968,max_pred_prize_top5,0,0.0,1000,122819.77940209224,77.82598960793432,-385.9011029895388
6968,random_5,0,0.0,1000,85815.1046057806,111.27408593983941,-570.924476971097
6968,no_triple_random5,0,0.0,1000,88414.719279341,112.22404429132519,-557.926403603295
6973,avoid_crowd_top5,0,0.0,1000,116583.0799692743,72.3498768232287,-417.08460015362846
6973,chase_crowd_top5,0,0.0,1000,64088.75018973452,629.487108648854,-679.5562490513273
6973,max_pred_prize_top5,0,0.0,1000,122932.50597774435,77.67889874044269,-385.3374701112782
6973,random_5,0,0.0,1000,85567.00242317829,109.69898524379062,-572.1649878841085
6973,no_triple_random5,0,0.0,1000,89199.38094633301,107.01076425295564,-554.003095268335
6978,avoid_crowd_top5,0,0.0,1000,116473.44279783599,72.54208408189758,-417.63278601082004
6978,chase_crowd_top5,0,0.0,1000,63968.1707730073,629.3362210949799,-680.1591461349635
6978,max_pred_prize_top5,0,0.0,1000,122895.89207016988,77.77541037407082,-385.5205396491506
6978,random_5,0,0.0,1000,94740.51389996737,102.82086124529064,-526.2974305001632
6978,no_triple_random5,0,0.0,1000,90295.2759870412,105.27741159998455,-548.5236200647939
6983,avoid_crowd_top5,0,0.0,1000,116505.09883585172,72.48567442293017,-417.47450582074134
6983,chase_crowd_top5,0,0.0,1000,64093.02549056926,629.7878815804677,-679.5348725471538
6983,max_pred_prize_top5,0,0.0,1000,122940.27697483341,77.69934532978475,-385.29861512583295
6983,random_5,0,0.0,1000,100995.98014425354,92.85000640080476,-495.0200992787323
6983,no_triple_random5,0,0.0,1000,84564.771467142,114.47317594061329,-577.17614266429
6988,avoid_crowd_top5,0,0.0,1000,116438.21443083572,72.57223854747696,-417.80892784582136
6988,chase_crowd_top5,0,0.0,1000,63970.790836554836,629.3103201052211,-680.1460458172257
6988,max_pred_prize_top5,0,0.0,1000,122871.86528768079,77.80804603146937,-385.64067356159603
6988,random_5,0,0.0,1000,93660.14361659701,103.62568901279458,-531.699281917015
6988,no_triple_random5,0,0.0,1000,94060.82199889429,102.32726239562406,-529.6958900055286
6993,avoid_crowd_top5,0,0.0,1000,116473.43081320403,72.56694178149523,-417.63284593397987
6993,chase_crowd_top5,0,0.0,1000,63968.81023150892,629.1562247461906,-680.1559488424555
6993,max_pred_prize_top5,0,0.0,1000,122897.89959944473,77.80685816350591,-385.5105020027763
6993,random_5,0,0.0,1000,88069.97167758661,112.4954718538772,-559.6501416120669
6993,no_triple_random5,0,0.0,1000,95003.90919849354,98.17983141362433,-524.9804540075323
6998,avoid_crowd_top5,0,0.0,1000,116350.9817948478,72.75614340621443,-418.245091025761
6998,chase_crowd_top5,0,0.0,1000,64000.37177259516,628.5429752781371,-679.9981411370243
6998,max_pred_prize_top5,0,0.0,1000,122890.1004620512,77.8336877448645,-385.54949768974404
6998,random_5,0,0.0,1000,92205.58315772579,101.62777728785186,-538.9720842113711
6998,no_triple_random5,0,0.0,1000,93660.20968208814,99.92105354432543,-531.6989515895593
7003,avoid_crowd_top5,0,0.0,1000,116352.27617005403,72.68559846585525,-418.23861914972986
7003,chase_crowd_top5,0,0.0,1000,64000.009736930646,628.3758000116128,-679.9999513153468
7003,max_pred_prize_top5,0,0.0,1000,122975.48848251188,77.63800445642326,-385.1225575874406
7003,random_5,0,0.0,1000,83581.54742842684,117.09674064665367,-582.0922628578658
7003,no_triple_random5,0,0.0,1000,93219.81370967967,98.4532478562887,-533.9009314516017
7008,avoid_crowd_top5,0,0.0,1000,116196.15558009109,72.93305617069427,-419.01922209954455
7008,chase_crowd_top5,0,0.0,1000,64018.132845924,627.8871504379533,-679.90933577038
7008,max_pred_prize_top5,0,0.0,1000,122933.74188026848,77.71227194181925,-385.3312905986576
7008,random_5,0,0.0,1000,92144.87609615987,109.67286959287019,-539.2756195192006
7008,no_triple_random5,0,0.0,1000,86100.74143695514,112.12974562092393,-569.4962928152243
7013,avoid_crowd_top5,0,0.0,1000,116197.17202635766,72.87562686006727,-419.0141398682117
7013,chase_crowd_top5,0,0.0,1000,64177.71847189755,628.0389824836102,-679.1114076405122
7013,max_pred_prize_top5,0,0.0,1000,122927.60023965663,77.71233243336175,-385.3619988017168
7013,random_5,0,0.0,1000,91370.97720407914,103.62921854288848,-543.1451139796043
7013,no_triple_random5,0,0.0,1000,89905.58660958547,108.03037368262804,-550.4720669520726
7018,avoid_crowd_top5,0,0.0,1000,116191.09694821612,72.86436044674528,-419.04451525891943
7018,chase_crowd_top5,0,0.0,1000,63996.94610860442,628.4576920246112,-680.0152694569779
7018,max_pred_prize_top5,0,0.0,1000,122906.32045024066,77.75693504839549,-385.46839774879675
7018,random_5,0,0.0,1000,94296.12182788835,103.77178948877847,-528.5193908605582
7018,no_triple_random5,0,0.0,1000,92348.45491443263,106.45682910127763,-538.2577254278368
7023,avoid_crowd_top5,0,0.0,1000,116163.09855926348,72.88848500533229,-419.18450720368253
7023,chase_crowd_top5,0,0.0,1000,63995.38413709749,628.6621348930232,-680.0230793145125
7023,max_pred_prize_top5,0,0.0,1000,122885.91150380163,77.75591698588917,-385.5704424809918
7023,random_5,0,0.0,1000,112999.98699198282,83.44771591647364,-435.00006504008593
7023,no_triple_random5,0,0.0,1000,90810.54388337377,115.65209246912532,-545.9472805831311
7028,avoid_crowd_top5,0,0.0,1000,116118.12557631836,72.97036821357683,-419.4093721184082
7028,chase_crowd_top5,0,0.0,1000,63979.14084624288,628.8608885183319,-680.1042957687855
7028,max_pred_prize_top5,0,0.0,1000,122863.45213932439,77.79814490317729,-385.68273930337807
7028,random_5,0,0.0,1000,88916.80832802162,116.34284275748546,-555.4159583598919
7028,no_triple_random5,1,92000.0,1000,88702.0844995357,113.31234537798977,-556.4895775023215
7033,avoid_crowd_top5,0,0.0,1000,116113.65584973621,72.97125471079498,-419.43172075131895
7033,chase_crowd_top5,0,0.0,1000,63975.64122455216,628.9320422955903,-680.1217938772393
7033,max_pred_prize_top5,0,0.0,1000,122861.40304050091,77.8281940242725,-385.69298479749546
7033,random_5,0,0.0,1000,80683.22674235205,120.73951248452303,-596.5838662882397
7033,no_triple_random5,0,0.0,1000,98462.39363881882,95.20286328702734,-507.6880318059059
7038,avoid_crowd_top5,0,0.0,1000,116133.58115967989,72.94304302294796,-419.3320942016005
7038,chase_crowd_top5,0,0.0,1000,64009.22562270968,625.5134388901495,-679.9538718864516
7038,max_pred_prize_top5,0,0.0,1000,122887.43359474283,77.80312490103793,-385.56283202628583
7038,random_5,0,0.0,1000,91333.25509362316,97.69624443296645,-543.3337245318842
7038,no_triple_random5,0,0.0,1000,102519.1807941751,91.47438066192973,-487.4040960291245
7043,avoid_crowd_top5,0,0.0,1000,116197.01004372086,72.88010237374978,-419.01494978139567
7043,chase_crowd_top5,0,0.0,1000,63994.66386279378,625.7184123265486,-680.0266806860311
7043,max_pred_prize_top5,0,0.0,1000,122812.37728050344,77.88706728213509,-385.9381135974828
7043,random_5,0,0.0,1000,104063.91996727357,89.13645105216122,-479.68040016363216
7043,no_triple_random5,0,0.0,1000,92383.53504791207,100.2975372010656,-538.0823247604396
7048,avoid_crowd_top5,0,0.0,1000,116132.13106093435,72.89434317895329,-419.33934469532824
7048,chase_crowd_top5,0,0.0,1000,63990.42157036157,625.7353242432721,-680.0478921481922
7048,max_pred_prize_top5,1,98600.0,1000,122786.05837266726,77.91132990475319,-386.0697081366636
7048,random_5,0,0.0,1000,92921.97021087974,103.72482866371934,-535.3901489456014
7048,no_triple_random5,0,0.0,1000,100205.28074137997,88.87733151649108,-498.9735962931001
