draw_no,date,number,straight_prize_yen,straight_winners,pred_prize,pred_winners,actual_ev_proxy,pred_ev_proxy
3297,2012-01-30,181,96400,126.0,89771.23394500925,132.6400061155048,-103.6,-110.22876605499074
3298,2012-01-31,718,64500,115.0,72116.57706904357,177.06371097801886,-135.5,-127.88342293095643
3299,2012-02-01,076,106400,73.0,115826.38305168464,96.09723855133805,-93.6,-84.17361694831536
3300,2012-02-02,782,110000,52.0,93137.29604405686,112.09633223795703,-90.0,-106.86270395594315
3301,2012-02-03,768,96300,75.0,97106.88741428975,121.13903671342608,-103.7,-102.89311258571024
3302,2012-02-06,871,91400,84.0,87616.74100838735,120.93554052083242,-108.6,-112.38325899161265
3303,2012-02-07,933,123700,63.0,89421.13399425373,156.46706687126587,-76.3,-110.57886600574626
3304,2012-02-08,890,83600,73.0,113061.21851687721,100.93211030585881,-116.39999999999999,-86.93878148312278
3305,2012-02-09,359,88300,85.0,84572.38164575546,147.10061650120608,-111.7,-115.42761835424453
3306,2012-02-10,005,129000,68.0,96167.03489264224,157.41513625178808,-71.0,-103.83296510735775
3307,2012-02-13,732,101200,81.0,82663.6115787925,145.19499811995595,-98.8,-117.3363884212075
3308,2012-02-14,219,69800,121.0,68211.19656226928,195.1388917987327,-130.2,-131.78880343773073
3309,2012-02-15,059,117600,70.0,104292.38451972074,116.62262823293396,-82.39999999999999,-95.70761548027926
3310,2012-02-16,668,126000,65.0,104794.78427020618,127.79574358507995,-74.0,-95.20521572979382
3311,2012-02-17,629,83200,89.0,81429.09273041358,158.36857445724175,-116.8,-118.57090726958641
3312,2012-02-20,563,102700,111.0,92534.55013834138,128.99767688666608,-97.3,-107.46544986165861
3313,2012-02-21,126,69200,148.0,72650.45532286227,178.9279282425591,-130.8,-127.34954467713773
3314,2012-02-22,141,93900,82.0,90231.7341033329,148.37116483089073,-106.1,-109.7682658966671
3315,2012-02-23,366,128900,53.0,100784.29773109367,133.11137063830444,-71.1,-99.21570226890633
3316,2012-02-24,267,88900,79.0,90049.36072440511,127.23795832050604,-111.1,-109.9506392755949
3317,2012-02-27,343,114100,137.0,95947.37495645942,147.10063816723033,-85.89999999999999,-104.05262504354057
3318,2012-02-28,490,112600,80.0,122562.1025654588,85.30703720050039,-87.39999999999999,-77.4378974345412
3319,2012-02-29,874,71500,142.0,95417.39068994665,116.06217544009016,-128.5,-104.58260931005334
3320,2012-03-01,012,103900,75.0,87921.47678053545,167.2317011844878,-96.1,-112.07852321946454
3321,2012-03-02,007,98300,90.0,93982.3963220983,156.2746824193413,-101.7,-106.0176036779017
3322,2012-03-05,976,110500,73.0,106065.893503966,108.75084840688766,-89.5,-93.934106496034
3323,2012-03-06,833,133600,60.0,84966.08294600216,162.46734520235597,-66.4,-115.03391705399784
3324,2012-03-07,017,122400,62.0,87808.23241241148,149.64830835211777,-77.6,-112.19176758758852
3325,2012-03-08,940,156800,51.0,110697.43757802948,105.71861552007663,-43.19999999999999,-89.30256242197052
3326,2012-03-09,422,87500,110.0,91102.51174694185,152.3973744833795,-112.5,-108.89748825305816
3327,2012-03-12,771,123300,95.0,98617.86504707295,124.47856572937556,-76.7,-101.38213495292705
3328,2012-03-13,300,114300,62.0,106586.48374655633,136.82287574718708,-85.7,-93.41351625344366
3329,2012-03-14,906,120800,58.0,99498.48420276798,134.27829387502655,-79.2,-100.50151579723202
3330,2012-03-15,552,92300,83.0,95678.49382575022,140.96480170008095,-107.7,-104.32150617424978
3331,2012-03-16,136,70900,86.0,77923.97998094872,160.63587854268533,-129.1,-122.07602001905128
3332,2012-03-19,160,114100,96.0,111561.56731495293,100.82074962390223,-85.89999999999999,-88.43843268504706
3333,2012-03-20,800,103100,77.0,99810.65696091315,139.15500041442715,-96.89999999999999,-100.18934303908685
3334,2012-03-21,241,101300,72.0,84691.08528155615,138.98960501040486,-98.7,-115.30891471844384
3335,2012-03-22,158,95200,97.0,76373.04636579788,155.56195840578692,-104.8,-123.62695363420211
3336,2012-03-23,228,93900,93.0,75252.26571099869,190.6511925598433,-106.1,-124.74773428900131
3337,2012-03-26,226,79600,173.0,81940.8752985544,178.2475467648754,-120.39999999999999,-118.0591247014456
3338,2012-03-27,599,110200,83.0,114693.56060119458,112.0471376932546,-89.8,-85.30643939880542
3339,2012-03-28,124,92600,84.0,74561.14944795727,173.89210971861058,-107.39999999999999,-125.43885055204272
3340,2012-03-29,594,102900,60.0,100479.35927250674,110.56044004653802,-97.1,-99.52064072749326
3341,2012-03-30,627,82400,118.0,82218.88026799509,154.02392346370502,-117.6,-117.78111973200491
3342,2012-04-02,860,113800,94.0,113645.18091343483,96.98607097160811,-86.2,-86.35481908656517
3343,2012-04-03,766,108300,61.0,111359.22652767201,119.69952341210966,-91.7,-88.64077347232798
3344,2012-04-04,575,106600,74.0,106219.67009781365,125.65936279398316,-93.39999999999999,-93.78032990218635
3345,2012-04-05,895,147500,26.0,102677.4367090217,107.40251688004491,-52.5,-97.3225632909783
3346,2012-04-06,952,89800,127.0,88583.80106271194,132.33266634324957,-110.2,-111.41619893728806
3347,2012-04-09,790,132200,62.0,126906.83940276886,80.0200403247331,-67.80000000000001,-73.09316059723113
3348,2012-04-10,284,107500,52.0,88564.5023666989,120.75829149249293,-92.5,-111.4354976333011
3349,2012-04-11,175,72500,86.0,85619.632975393,129.9911099173436,-127.5,-114.380367024607
3350,2012-04-12,916,67400,160.0,77783.19822175156,165.95623992751058,-132.6,-122.21680177824844
3351,2012-04-13,098,91600,100.0,105623.85974208193,109.19673888533715,-108.39999999999999,-94.37614025791807
3352,2012-04-16,789,80600,120.0,95048.9846055622,129.44569670044353,-119.39999999999999,-104.95101539443779
3353,2012-04-17,667,103400,103.0,110606.44002395801,119.49301222911885,-96.6,-89.39355997604198
3354,2012-04-18,105,105400,82.0,88370.9705929716,155.4150854490781,-94.6,-111.6290294070284
3355,2012-04-19,278,92800,87.0,86878.05098871469,125.30103152079283,-107.2,-113.12194901128531
3356,2012-04-20,420,35900,391.0,107429.31926948344,113.86501036742362,-164.1,-92.57068073051656
3357,2012-04-23,451,102600,85.0,86296.61283762878,135.67499462698498,-97.39999999999999,-113.70338716237121
3358,2012-04-24,378,93800,85.0,87648.06402246088,127.94317319761295,-106.2,-112.35193597753911
3359,2012-04-25,994,114800,75.0,118291.13352289576,102.05735319373153,-85.2,-81.70886647710424
3360,2012-04-26,322,71300,164.0,84844.11665338505,169.73068236342445,-128.7,-115.15588334661496
3361,2012-04-27,564,99300,83.0,96808.44161117382,123.56609934719901,-100.7,-103.19155838882617
3362,2012-04-30,448,91200,129.0,91117.8743833975,148.3342213615663,-108.8,-108.8821256166025
3363,2012-05-01,905,133000,60.0,97049.04638378578,137.4901515356994,-67.0,-102.95095361621422
3364,2012-05-02,138,70400,72.0,71747.0182485166,170.00629313471177,-129.6,-128.2529817514834
3365,2012-05-03,064,118100,80.0,114277.09347928538,100.12604653812944,-81.89999999999999,-85.72290652071462
3366,2012-05-04,409,100000,70.0,94748.71086798933,140.51207314498674,-100.0,-105.25128913201067
3367,2012-05-07,701,112300,85.0,96463.76075882658,128.85523379827106,-87.7,-103.53623924117342
3368,2012-05-08,685,93500,91.0,98098.02096028537,115.27232514409714,-106.5,-101.90197903971463
3369,2012-05-09,214,83300,73.0,73229.40300729366,179.47740354131275,-116.7,-126.77059699270634
3370,2012-05-10,535,100900,86.0,92365.03322762891,161.5883689814246,-99.1,-107.63496677237109
3371,2012-05-11,439,89700,80.0,82031.60207262171,154.66707665299597,-110.3,-117.96839792737829
3372,2012-05-14,301,93600,124.0,92606.438490355,146.06038701970084,-106.39999999999999,-107.39356150964501
3373,2012-05-15,709,109900,78.0,96470.75350612108,137.56866932577756,-90.1,-103.52924649387892
3374,2012-05-16,286,69400,107.0,90314.06204868085,119.29478215689893,-130.6,-109.68593795131915
3375,2012-05-17,885,88300,102.0,110353.74694676146,112.88870486981499,-111.7,-89.64625305323854
3376,2012-05-18,156,82700,78.0,83698.09611451176,143.0041794658276,-117.3,-116.30190388548823
3377,2012-05-21,828,95000,126.0,88845.17403939954,160.3644809597933,-105.0,-111.15482596060046
3378,2012-05-22,768,112000,49.0,97027.82801888463,120.32092117533034,-88.0,-102.97217198111537
3379,2012-05-23,073,77200,112.0,110570.30686741752,99.62055859580387,-122.8,-89.42969313258249
3380,2012-05-24,547,83600,79.0,88448.79901738702,140.032147260828,-116.39999999999999,-111.55120098261298
3381,2012-05-25,262,114500,63.0,99526.70536179339,127.99457402837801,-85.5,-100.47329463820661
3382,2012-05-28,320,91700,148.0,100037.38309745266,128.1054201148156,-108.3,-99.96261690254734
3383,2012-05-29,538,72200,77.0,77889.7175052234,163.48804333669267,-127.8,-122.1102824947766
3384,2012-05-30,038,97100,54.0,93786.20163120585,130.76824749126263,-102.89999999999999,-106.21379836879414
3385,2012-05-31,975,113300,62.0,100681.28266449686,114.27341182703202,-86.7,-99.31871733550314
3386,2012-06-01,729,73600,116.0,80872.09985838922,155.89289091318741,-126.39999999999999,-119.12790014161078
3387,2012-06-04,221,83600,144.0,84143.0155135535,167.02462006180602,-116.39999999999999,-115.85698448644649
3388,2012-06-05,819,55000,128.0,73388.27870152588,176.747600511831,-145.0,-126.61172129847412
3389,2012-06-06,917,73900,163.0,76598.3762371137,166.79306749620417,-126.1,-123.4016237628863
3390,2012-06-07,197,107800,63.0,91373.7488562748,114.72319907347614,-92.2,-108.6262511437252
3391,2012-06-08,696,92100,97.0,121340.62009373712,104.5561561886569,-107.89999999999999,-78.65937990626288
3392,2012-06-11,600,87900,101.0,107219.24799192218,130.04848078004312,-112.1,-92.78075200807781
3393,2012-06-12,098,60200,96.0,105623.85974208193,109.19673888533715,-139.8,-94.37614025791807
3394,2012-06-13,194,107500,58.0,90490.42381252108,117.01432138359695,-92.5,-109.50957618747891
3395,2012-06-14,495,117000,58.0,99654.26568666597,111.83275871959262,-83.0,-100.34573431333403
3396,2012-06-15,051,124800,55.0,106841.35644870417,109.71466286376503,-75.2,-93.15864355129582
3397,2012-06-18,826,81900,142.0,79257.3102065196,156.0197827494786,-118.1,-120.7426897934804
3398,2012-06-19,137,90100,67.0,75662.49859240354,158.44492812179402,-109.89999999999999,-124.33750140759645
3399,2012-06-20,486,109400,57.0,95774.73072437497,114.58955224448306,-90.6,-104.22526927562502
3400,2012-06-21,714,68100,127.0,76667.00782402352,162.60695657441804,-131.9,-123.33299217597649
3401,2012-06-22,811,102100,75.0,77458.9044616605,172.5451174754167,-97.89999999999999,-122.5410955383395
3402,2012-06-25,523,66900,182.0,81097.98149344783,157.00373148026497,-133.1,-118.90201850655217
3403,2012-06-26,357,65900,151.0,85672.0546580459,140.13730218932295,-134.1,-114.32794534195409
3404,2012-06-27,884,117100,76.0,109395.5010497525,110.57373166039692,-82.89999999999999,-90.60449895024749
3405,2012-06-28,819,67700,115.0,73410.92570097522,174.05844903596062,-132.3,-126.58907429902479
3406,2012-06-29,410,83400,112.0,102410.773663493,121.47810370892617,-116.6,-97.589226336507
3407,2012-07-02,835,82200,96.0,79944.84037593935,155.64450339860227,-117.8,-120.05515962406065
3408,2012-07-03,077,120700,57.0,123289.65582723224,99.60054137464105,-79.3,-76.71034417276775
3409,2012-07-04,851,125100,36.0,81172.99382328324,139.99812314968153,-74.89999999999999,-118.82700617671676
3410,2012-07-05,550,99300,106.0,119854.18318536956,111.74668928901065,-100.7,-80.14581681463044
3411,2012-07-06,148,81900,77.0,75335.23112149411,154.41592222220277,-118.1,-124.66476887850588
3412,2012-07-09,092,96800,106.0,117134.40533600381,87.99158851895203,-103.2,-82.86559466399619
3413,2012-07-10,738,108800,54.0,80087.4883028772,153.30911590022416,-91.2,-119.9125116971228
3414,2012-07-11,034,121000,46.0,104987.86039423707,116.66451028439886,-79.0,-95.01213960576293
3415,2012-07-12,612,74000,118.0,78454.95192529661,158.1437527228278,-126.0,-121.54504807470339
3416,2012-07-13,680,115200,73.0,118280.1512078135,87.95608458430188,-84.8,-81.7198487921865
3417,2012-07-16,047,101900,74.0,103935.36095413653,112.47151503870177,-98.1,-96.06463904586347
3418,2012-07-17,544,75700,58.0,98962.29579105956,140.8185530604842,-124.3,-101.03770420894044
3419,2012-07-18,825,65500,106.0,75935.442008173,166.02374129937243,-134.5,-124.06455799182699
3420,2012-07-19,377,115500,66.0,99801.42387186429,127.66540838440592,-84.5,-100.19857612813571
3421,2012-07-20,515,84700,100.0,83572.8812785831,180.32092806079993,-115.3,-116.4271187214169
3422,2012-07-23,615,79900,159.0,77201.26213552398,169.60427791735864,-120.1,-122.79873786447601
3423,2012-07-24,059,115400,60.0,104296.19279654641,113.22875955497064,-84.6,-95.70380720345358
3424,2012-07-25,899,112300,59.0,122699.84462936051,101.46471451118819,-87.7,-77.30015537063949
3425,2012-07-26,506,104400,72.0,97817.88500103123,137.97759836922856,-95.6,-102.18211499896877
3426,2012-07-27,726,63000,131.0,82917.2823437277,150.2107181549739,-137.0,-117.08271765627231
3427,2012-07-30,486,118500,57.0,95774.73072437497,114.58955224448306,-81.5,-104.22526927562502
3428,2012-07-31,916,71400,116.0,77914.55703553396,164.4757670259474,-128.6,-122.08544296446604
3429,2012-08-01,568,93800,74.0,91962.78012313582,128.4594097485103,-106.2,-108.03721987686419
3430,2012-08-02,261,96600,68.0,86962.75043812982,127.75632206053419,-103.39999999999999,-113.03724956187018
3431,2012-08-03,360,91800,67.0,113913.14244874337,99.15209656572833,-108.2,-86.08685755125663
3432,2012-08-06,055,88300,103.0,116997.24574881095,114.12398171770579,-111.7,-83.00275425118905
3433,2012-08-07,788,110900,51.0,115274.58605860313,107.12503741830238,-89.1,-84.72541394139687
3434,2012-08-08,121,81800,121.0,83645.87030769652,171.40007871524838,-118.2,-116.35412969230349
3435,2012-08-09,343,86700,87.0,96244.61266699637,145.43751533753752,-113.3,-103.75538733300363
3436,2012-08-10,090,76800,79.0,128653.70166473226,88.37742227247959,-123.2,-71.34629833526773
3438,2012-08-14,333,55600,476.0,59508.704265804445,839.8676250401663,-144.4,-140.49129573419555
3439,2012-08-15,430,82400,88.0,108596.49231079618,111.69511510535078,-117.6,-91.40350768920382
3440,2012-08-16,979,101800,112.0,120745.97514794237,109.29572489820782,-98.2,-79.25402485205763
3441,2012-08-17,911,73400,129.0,81644.68847714516,166.17251870196165,-126.6,-118.35531152285483
3442,2012-08-20,689,97200,128.0,102811.48882073305,109.13892852946246,-102.8,-97.18851117926695
3443,2012-08-21,656,90000,89.0,107923.49474680354,130.31933682194853,-110.0,-92.07650525319646
3444,2012-08-22,810,64100,124.0,94867.16132540413,126.03169149727904,-135.9,-105.13283867459587
3445,2012-08-23,514,80400,118.0,77190.74401976175,168.5727917988723,-119.6,-122.80925598023825
3446,2012-08-24,537,93500,75.0,82235.21145022038,153.14659064172704,-106.5,-117.76478854977962
3447,2012-08-27,099,108800,106.0,132945.35619729792,88.45093985236102,-91.2,-67.05464380270209
3448,2012-08-28,282,77500,102.0,96061.89877314433,121.34671125338194,-122.5,-103.93810122685566
3449,2012-08-29,887,113500,67.0,116264.20929779217,104.93057588422678,-86.5,-83.73579070220782
3450,2012-08-30,526,92300,85.0,82106.521936552,155.29080857157277,-107.7,-117.893478063448
3451,2012-08-31,310,73100,149.0,95187.31745801635,137.7076186542927,-126.89999999999999,-104.81268254198365
3452,2012-09-03,458,92000,100.0,85869.12299395053,136.93780416759458,-108.0,-114.13087700604947
3453,2012-09-04,357,71600,119.0,85748.10949474417,138.07991447555287,-128.39999999999998,-114.25189050525583
3454,2012-09-05,748,85700,108.0,86512.08041239892,136.8441774518456,-114.3,-113.48791958760107
3455,2012-09-06,988,106000,68.0,120543.05534825443,103.92091511855928,-94.0,-79.45694465174556
3456,2012-09-07,926,67700,138.0,83509.2129352703,150.35981936142903,-132.3,-116.49078706472969
3457,2012-09-10,351,77800,108.0,83429.70812003793,138.72535469574876,-122.2,-116.57029187996207
3458,2012-09-11,185,81700,120.0,83596.69791779382,125.78639650701331,-118.3,-116.40330208220618
3459,2012-09-12,441,90500,108.0,93278.12804116326,139.38995086100184,-109.5,-106.72187195883674
3460,2012-09-13,124,74000,92.0,74990.65786450492,171.7069538342439,-126.0,-125.00934213549509
3461,2012-09-14,445,110000,79.0,98050.35302229077,140.34364519328275,-90.0,-101.94964697770922
3462,2012-09-17,784,129200,52.0,97543.94752620962,108.96260896807824,-70.80000000000001,-102.45605247379038
3463,2012-09-18,731,87800,75.0,79651.74458562212,146.78258886206086,-112.2,-120.34825541437789
3464,2012-09-19,728,74600,102.0,77744.5777497548,155.73370943527914,-125.39999999999999,-122.2554222502452
3465,2012-09-20,049,111700,54.0,102303.70534238836,115.06644464591122,-88.3,-97.69629465761163
3466,2012-09-21,059,102100,64.0,103881.39996091288,112.21354464200188,-97.89999999999999,-96.11860003908711
3467,2012-09-24,715,72600,125.0,75549.22074177093,166.74691463373637,-127.39999999999999,-124.45077925822908
3468,2012-09-25,100,95300,75.0,107785.45421369483,128.1720670071513,-104.7,-92.21454578630517
3469,2012-09-26,466,105000,69.0,106121.2653620476,123.71547366702355,-95.0,-93.87873463795239
3470,2012-09-27,660,49500,185.0,130581.42283913928,95.27845856073728,-150.5,-69.4185771608607
3471,2012-09-28,928,33900,341.0,79524.6009505092,155.6022275320493,-166.1,-120.4753990494908
3472,2012-10-01,274,67600,135.0,90872.26315079507,119.41065840561323,-132.4,-109.12773684920492
3473,2012-10-02,298,98400,83.0,92870.97016910753,110.96731254100078,-101.6,-107.12902983089246
3474,2012-10-03,498,108300,60.0,98717.81779688838,107.77070535884538,-91.7,-101.28218220311162
3475,2012-10-04,116,90700,81.0,75055.8898120761,193.72473886975695,-109.3,-124.9441101879239
3476,2012-10-05,851,105800,63.0,81338.22083268607,137.89908988061092,-94.2,-118.66177916731392
3477,2012-10-08,782,97600,57.0,93320.19094011058,109.97939354689618,-102.39999999999999,-106.67980905988942
3478,2012-10-09,144,100900,85.0,90958.55205488719,143.62241942758757,-99.1,-109.04144794511281
3479,2012-10-10,042,90600,82.0,109243.68089892597,105.79368306958507,-109.39999999999999,-90.75631910107403
3480,2012-10-11,612,83400,71.0,78435.60867717324,157.20153645826835,-116.6,-121.56439132282676
3481,2012-10-12,472,84800,60.0,92410.68720617,117.05300765881043,-115.2,-107.58931279383
3482,2012-10-15,063,109700,75.0,110619.06333467911,101.64381047433483,-90.3,-89.38093666532089
3483,2012-10-16,236,67600,139.0,82023.03954095939,148.65052162325907,-132.4,-117.97696045904061
3484,2012-10-17,033,49100,155.0,112126.21845485289,119.7064151361169,-150.9,-87.87378154514711
3485,2012-10-18,662,94200,58.0,103244.89025889063,122.4044857966373,-105.8,-96.75510974110937
3486,2012-10-19,320,71600,118.0,99843.29891935887,128.83389692050434,-128.39999999999998,-100.15670108064113
3487,2012-10-22,714,70600,135.0,76766.99279276252,161.02747430742622,-129.39999999999998,-123.23300720723748
3488,2012-10-23,240,109400,48.0,111093.12429084089,103.70488664867611,-90.6,-88.90687570915911
3489,2012-10-24,341,94500,68.0,83981.66592318968,139.60363403927974,-105.5,-116.01833407681032
3490,2012-10-25,837,112700,63.0,81040.13477695853,148.84037396627485,-87.3,-118.95986522304148
3491,2012-10-26,697,106800,65.0,109025.75269952862,100.54619495321508,-93.2,-90.97424730047138
3492,2012-10-29,480,121900,76.0,113894.17840833726,90.56272267215614,-78.1,-86.10582159166273
3493,2012-10-30,804,105400,64.0,93608.80598958596,133.9472648109246,-94.6,-106.39119401041404
3494,2012-10-31,264,93900,54.0,91257.62817967021,124.54491307329575,-106.1,-108.7423718203298
3495,2012-11-01,778,102500,87.0,108578.73294182325,116.24201376420841,-97.5,-91.42126705817674
3496,2012-11-02,561,110000,85.0,89092.7102414091,126.83118220981257,-90.0,-110.90728975859089
3497,2012-11-05,620,95700,112.0,105812.2186470822,113.72604645185558,-104.3,-94.1877813529178
3498,2012-11-06,044,84700,80.0,117613.95702120072,108.77514622486295,-115.3,-82.38604297879927
3499,2012-11-07,085,122700,60.0,108767.83177085745,95.97904772122222,-77.3,-91.23216822914254
3500,2012-11-08,966,105300,84.0,111371.60119076198,117.51573314809976,-94.7,-88.62839880923802
3501,2012-11-09,666,60600,581.0,74115.1566911763,615.6404637114501,-139.4,-125.8848433088237
3502,2012-11-12,781,102000,78.0,90119.20158716076,111.69248469193867,-98.0,-109.88079841283924
3503,2012-11-13,019,84600,67.0,87213.22115947024,149.21193552889162,-115.39999999999999,-112.78677884052976
3504,2012-11-14,605,114100,60.0,97830.53151569271,134.59075389824062,-85.89999999999999,-102.16946848430729
3505,2012-11-15,495,105800,43.0,99461.42534237001,110.10142761115954,-94.2,-100.53857465762998
3506,2012-11-16,464,130500,60.0,106240.46615766975,123.38341830340097,-69.5,-93.75953384233024
3507,2012-11-19,713,70300,148.0,75355.90908360346,162.28731879206856,-129.7,-124.64409091639654
3508,2012-11-20,776,106600,70.0,112984.96834959445,112.68023133831123,-93.39999999999999,-87.01503165040555
3509,2012-11-21,872,79200,82.0,91653.19974299589,113.45161700741558,-120.8,-108.3468002570041
3510,2012-11-22,307,93000,84.0,87473.55401484304,154.3168796641177,-107.0,-112.52644598515695
3511,2012-11-23,369,64600,90.0,89462.85867681111,130.48767874427284,-135.4,-110.53714132318889
3512,2012-11-26,204,94100,86.0,93188.48759777422,143.4672774921547,-105.89999999999999,-106.81151240222577
3513,2012-11-27,660,58700,134.0,129639.2046917218,94.75621331685991,-141.3,-70.3607953082782
3514,2012-11-28,195,85800,90.0,89494.8869277943,117.68444352402155,-114.2,-110.5051130722057
3515,2012-11-29,950,91100,89.0,109889.30336698645,107.21409367738346,-108.89999999999999,-90.11069663301355
3516,2012-11-30,943,101900,87.0,88145.47191521162,135.58196019771088,-98.1,-111.85452808478838
3517,2012-12-03,217,69100,138.0,69765.83964337232,183.39518707215817,-130.89999999999998,-130.23416035662768
3518,2012-12-04,798,96100,55.0,107603.33160562087,98.76152782114269,-103.89999999999999,-92.39666839437912
3519,2012-12-05,793,115800,48.0,100147.8435541961,105.37640873983096,-84.2,-99.8521564458039
3520,2012-12-06,931,79500,93.0,80254.49117220177,147.47970760387224,-120.5,-119.74550882779823
3521,2012-12-07,167,111600,53.0,86059.22297381183,127.32886366849755,-88.39999999999999,-113.94077702618816
3522,2012-12-10,540,98400,89.0,110751.03538830743,105.42447723703094,-101.6,-89.24896461169257
3523,2012-12-11,776,102700,89.0,112984.96834959445,112.68023133831123,-97.3,-87.01503165040555
3524,2012-12-12,249,100000,53.0,82706.76874543364,141.72312439774615,-100.0,-117.29323125456635
3525,2012-12-13,374,87700,82.0,91808.2207418898,119.82168181800793,-112.3,-108.19177925811019
3526,2012-12-14,282,105300,56.0,96005.94584213644,120.2681500409998,-94.7,-103.99405415786356
3527,2012-12-17,141,102900,114.0,89903.78187742557,143.30037955086368,-97.1,-110.09621812257443
3528,2012-12-18,199,93000,69.0,101222.65373880428,114.80230255595336,-107.0,-98.77734626119572
3529,2012-12-19,036,92600,85.0,101072.94581318217,118.69398495974764,-107.39999999999999,-98.92705418681783
3530,2012-12-20,619,59200,168.0,75909.21191331086,168.0579252563783,-140.8,-124.09078808668913
3531,2012-12-21,273,91500,86.0,88543.79711169307,121.14824595872945,-108.5,-111.45620288830693
3532,2012-12-24,579,104700,74.0,97513.17270817459,117.47707937021822,-95.3,-102.4868272918254
3533,2012-12-25,296,79600,79.0,96468.73254852106,108.86980144388313,-120.39999999999999,-103.53126745147894
3534,2012-12-26,426,79700,121.0,82592.81418152768,149.1468423999516,-120.3,-117.40718581847233
3535,2012-12-27,836,86400,63.0,82177.64833757463,147.77289655074225,-113.6,-117.82235166242536
3536,2012-12-28,889,95700,121.0,118920.56570023937,103.83207471687854,-104.3,-81.07943429976062
3537,2013-01-04,609,105400,93.0,96257.45408820953,135.9846857052287,-94.6,-103.74254591179047
3538,2013-01-07,778,83200,165.0,108292.73109152648,115.02571652735234,-116.8,-91.70726890847351
3539,2013-01-08,877,79200,111.0,109196.99127793704,113.92867650266685,-120.8,-90.80300872206297
3540,2013-01-09,239,98200,65.0,78839.4536927392,152.3154015620095,-101.8,-121.1605463072608
3541,2013-01-10,240,88800,75.0,110432.41444681682,102.23138808643816,-111.2,-89.56758555318318
3542,2013-01-11,044,91300,98.0,117613.95702120072,108.77514622486295,-108.7,-82.38604297879927
3543,2013-01-14,238,83100,99.0,75708.9491339316,153.91814613823186,-116.89999999999999,-124.2910508660684
3544,2013-01-15,447,108600,88.0,95581.17242866829,136.81921559430862,-91.39999999999999,-104.4188275713317
3545,2013-01-16,663,106700,88.0,103020.7434511792,124.36589684235767,-93.3,-96.9792565488208
3546,2013-01-17,433,97900,76.0,91814.26084635209,148.56604728045266,-102.1,-108.18573915364792
3547,2013-01-18,228,62100,146.0,75944.13117872931,181.51607282016624,-137.9,-124.05586882127069
3548,2013-01-21,871,106400,81.0,88421.03384808643,116.56419002677812,-93.6,-111.57896615191356
3549,2013-01-22,068,131900,50.0,105535.84120141719,101.3355291344216,-68.1,-94.4641587985828
3550,2013-01-23,352,76800,130.0,86726.48135235829,133.00692223676666,-123.2,-113.27351864764171
3551,2013-01-24,794,85800,60.0,104240.4909484356,100.43221093815865,-114.2,-95.7595090515644
3552,2013-01-25,272,91900,85.0,98799.36260391006,119.72235239838938,-108.1,-101.20063739608993
3553,2013-01-28,481,101300,58.0,86714.36754488754,117.46006656268129,-98.7,-113.28563245511245
3554,2013-01-29,533,114500,54.0,89481.85424077336,154.04803437103496,-85.5,-110.51814575922664
3555,2013-01-30,015,94700,70.0,90032.51504262644,145.16982228887656,-105.3,-109.96748495737356
3556,2013-01-31,158,69600,108.0,77069.20003663209,145.16693049239123,-130.39999999999998,-122.93079996336792
3557,2013-02-01,844,102300,70.0,93305.25757479758,137.13027496474166,-97.7,-106.69474242520242
3558,2013-02-04,258,63600,192.0,80529.14401893286,139.71730002598778,-136.4,-119.47085598106715
3559,2013-02-05,300,105200,73.0,104562.02689777805,130.9963183839502,-94.8,-95.43797310222195
3560,2013-02-06,068,127600,48.0,105535.84120141719,101.3355291344216,-72.39999999999999,-94.4641587985828
3561,2013-02-07,252,96100,88.0,95891.0783314356,133.77784773586703,-103.89999999999999,-104.1089216685644
3562,2013-02-08,199,108700,61.0,101006.68629667912,112.73629489161543,-91.3,-98.99331370332088
3563,2013-02-11,481,106300,84.0,86714.36754488754,117.46006656268129,-93.7,-113.28563245511245
3564,2013-02-12,731,88000,60.0,80045.00627349695,145.10933495269734,-112.0,-119.95499372650305
3565,2013-02-13,381,79600,71.0,83907.27384338217,122.47037224948292,-120.39999999999999,-116.09272615661783
3566,2013-02-14,507,101500,77.0,94210.50439533773,135.64847354413072,-98.5,-105.78949560466226
3567,2013-02-15,574,129500,43.0,96316.04780549483,115.3352526771331,-70.5,-103.68395219450517
3568,2013-02-18,972,96100,94.0,95938.99794359232,110.92644570975104,-103.89999999999999,-104.06100205640769
3569,2013-02-19,139,81500,81.0,75418.93593349998,156.4994330863169,-118.5,-124.58106406650002
3570,2013-02-20,230,96300,101.0,101290.98083100581,122.17097916306777,-103.7,-98.70901916899419
3571,2013-02-21,396,85900,91.0,97454.29812107145,109.29680232107205,-114.1,-102.54570187892855
3572,2013-02-22,728,60900,132.0,77791.1576333716,153.11576199763766,-139.1,-122.2088423666284
3573,2013-02-25,751,82400,109.0,85527.30857985489,131.28594586393282,-117.6,-114.47269142014511
3574,2013-02-26,199,115600,67.0,101006.68629667912,112.73629489161543,-84.39999999999999,-98.99331370332088
3575,2013-02-27,181,78600,135.0,90132.27516723689,127.29839361800856,-121.39999999999999,-109.8677248327631
3576,2013-02-28,717,65600,144.0,84356.54340604387,170.93336646449853,-134.4,-115.64345659395613
3577,2013-03-01,837,116200,42.0,81171.39584754518,147.4069884777335,-83.8,-118.82860415245482
3578,2013-03-04,723,64900,195.0,80920.32982074229,147.52947536028765,-135.1,-119.0796701792577
3579,2013-03-05,797,112900,64.0,121983.4034596401,102.4383522499883,-87.1,-78.0165965403599
3580,2013-03-06,473,109200,72.0,92584.93198084814,117.69096163927526,-90.8,-107.41506801915186
3581,2013-03-07,158,87500,68.0,77069.20003663209,145.16693049239123,-112.5,-122.93079996336792
3582,2013-03-08,168,69500,115.0,81607.27907418727,131.87247570855192,-130.5,-118.39272092581272
3583,2013-03-11,898,121800,71.0,125179.91354117109,98.52866214615038,-78.2,-74.82008645882891
3584,2013-03-12,986,119500,52.0,105094.65863325835,104.2090698756341,-80.5,-94.90534136674164
3585,2013-03-13,980,90300,66.0,120472.65026117838,84.77546644067566,-109.7,-79.52734973882161
3586,2013-03-14,528,81400,95.0,75774.02945460909,160.10016916278116,-118.6,-124.22597054539091
3587,2013-03-15,888,47100,763.0,78840.38051313863,532.7970710970772,-152.9,-121.15961948686136
3588,2013-03-18,369,64000,172.0,89497.1769376898,128.32737627498264,-136.0,-110.5028230623102
3589,2013-03-19,349,111200,63.0,84003.2001764643,141.16785094271438,-88.8,-115.9967998235357
3590,2013-03-20,333,44800,668.0,59108.16624559882,800.8569707279454,-155.2,-140.89183375440118
3591,2013-03-21,735,76100,87.0,83968.70798237773,146.15623391841112,-123.89999999999999,-116.03129201762226
3592,2013-03-22,448,90200,93.0,90329.06212469639,141.6534045522531,-109.8,-109.67093787530361
3593,2013-03-25,291,98500,96.0,90029.15060334877,111.64786323111193,-101.5,-109.97084939665123
3594,2013-03-26,782,93100,56.0,93523.13717805232,108.08294996268815,-106.89999999999999,-106.47686282194768
3595,2013-03-27,538,59500,116.0,78428.42770399794,155.38653486146555,-140.5,-121.57157229600206
3596,2013-03-28,510,86900,116.0,99172.27792001955,123.38997076930205,-113.1,-100.82772207998045
3597,2013-03-29,259,87000,67.0,83911.56439359,137.20751321443362,-113.0,-116.08843560641
3598,2013-04-01,044,118800,94.0,117004.31539220398,107.18481242325541,-81.2,-82.99568460779602
3599,2013-04-02,344,114200,61.0,95515.43138051183,137.3255772624724,-85.8,-104.48456861948817
3600,2013-04-03,893,83500,86.0,97938.6380069756,104.94983301532511,-116.5,-102.0613619930244
3601,2013-04-04,422,82100,127.0,90223.71988946055,145.42651764400503,-117.89999999999999,-109.77628011053945
3602,2013-04-05,318,63100,131.0,65704.01790829805,194.44098024462036,-136.9,-134.29598209170194
3603,2013-04-08,233,82300,123.0,89648.66087378438,146.84691495789824,-117.7,-110.35133912621562
3604,2013-04-09,582,93200,76.0,89851.46641763386,114.76709978426997,-106.8,-110.14853358236614
3605,2013-04-10,045,123400,62.0,106172.54540749716,108.24982753376291,-76.6,-93.82745459250283
3606,2013-04-11,102,107900,100.0,93872.57044003443,139.7371237849239,-92.1,-106.12742955996558
3607,2013-04-12,318,63800,127.0,65704.01790829805,194.44098024462036,-136.2,-134.29598209170194
3608,2013-04-15,760,131900,64.0,118089.06845273652,90.51607598192963,-68.1,-81.91093154726347
3609,2013-04-16,210,133500,64.0,87198.18741786761,163.1172057146745,-66.5,-112.80181258213238
3610,2013-04-17,114,82400,97.0,76750.41038726691,185.32421908435683,-117.6,-123.24958961273309
3611,2013-04-18,044,69200,141.0,117004.31539220398,107.18481242325541,-130.8,-82.99568460779602
3612,2013-04-19,003,104700,95.0,98128.48257095162,145.47896266194581,-95.3,-101.87151742904838
3613,2013-04-22,947,125500,64.0,91562.67925092661,129.66663803102068,-74.5,-108.4373207490734
3614,2013-04-23,715,72200,81.0,75799.57862004462,162.95567950022703,-127.8,-124.20042137995539
3615,2013-04-24,722,84400,90.0,87885.26771393842,145.15184302904117,-115.6,-112.11473228606158
3616,2013-04-25,294,96600,89.0,94535.88506083633,108.18392703065273,-103.39999999999999,-105.46411493916366
3617,2013-04-26,921,96100,86.0,79693.98350343283,146.41463691433776,-103.89999999999999,-120.30601649656717
3618,2013-04-29,693,77100,136.0,99868.60315155971,106.20753626143036,-122.89999999999999,-100.13139684844029
3619,2013-04-30,706,126400,61.0,97844.61999925465,129.58416948892264,-73.6,-102.15538000074535
3620,2013-05-01,104,77900,125.0,90978.68663717981,145.15095057229107,-122.1,-109.0213133628202
3621,2013-05-02,832,88000,72.0,79624.39562493372,143.47313640813616,-112.0,-120.37560437506627
3622,2013-05-03,714,47300,188.0,76975.85447616791,157.03271581431142,-152.7,-123.02414552383209
3623,2013-05-06,160,127900,61.0,109947.3399859674,97.4927678083194,-72.1,-90.0526600140326
3624,2013-05-07,570,77800,96.0,116172.05811679219,90.4506995201499,-122.2,-83.8279418832078
3625,2013-05-08,407,92100,99.0,94909.73999170665,130.53274404711541,-107.89999999999999,-105.09026000829334
3626,2013-05-09,314,77300,126.0,72809.2342184957,182.96811043020887,-122.7,-127.19076578150431
3627,2013-05-10,034,103400,65.0,104120.5452604911,112.12035640659725,-96.6,-95.8794547395089
3628,2013-05-13,488,118200,82.0,104902.83495279617,110.93778767356243,-81.8,-95.09716504720383
3629,2013-05-14,164,100000,70.0,87192.06024312766,124.68192871998289,-100.0,-112.80793975687233
3630,2013-05-15,531,66100,125.0,80345.56839070925,148.3482990860833,-133.9,-119.65443160929075
3631,2013-05-16,318,39800,235.0,65704.01790829805,194.44098024462036,-160.2,-134.29598209170194
3632,2013-05-17,165,90300,84.0,86458.16020622832,127.40683323843517,-109.7,-113.54183979377167
3633,2013-05-20,963,80300,113.0,93921.74397557443,122.04043281447639,-119.7,-106.07825602442557
3634,2013-05-21,444,48100,640.0,63079.210998807066,701.9653047102894,-151.9,-136.92078900119293
3635,2013-05-22,244,68900,104.0,94515.05299380828,134.65144610577408,-131.1,-105.48494700619172
3636,2013-05-23,899,112000,43.0,120961.35712057023,99.27853155818443,-88.0,-79.03864287942976
3637,2013-05-24,456,108100,55.0,83367.16830116705,158.09402542983239,-91.89999999999999,-116.63283169883294
3638,2013-05-27,345,57300,229.0,77630.07038775686,171.9824708871635,-142.7,-122.36992961224314
3639,2013-05-28,819,58200,125.0,73514.19553026522,168.1516193877437,-141.8,-126.48580446973477
3640,2013-05-29,980,68200,81.0,120391.92632108471,83.9996899214636,-131.8,-79.60807367891529
3641,2013-05-30,041,107200,60.0,106215.38388509507,105.35709582371709,-92.8,-93.78461611490492
3642,2013-05-31,953,124800,48.0,89309.91866777583,131.7443715654723,-75.2,-110.69008133222417
3643,2013-06-03,723,68200,155.0,80911.60250173084,146.21434500016613,-131.8,-119.08839749826916
3644,2013-06-04,611,91500,86.0,82521.31596206014,160.49760059564278,-108.5,-117.47868403793986
3645,2013-06-05,143,101600,62.0,82820.28691880988,137.85892913593344,-98.39999999999999,-117.17971308119012
3646,2013-06-06,292,132200,34.0,102547.38959748694,111.45404176938403,-67.80000000000001,-97.45261040251306
3647,2013-06-07,004,100400,93.0,98422.65665889374,143.87725067568738,-99.6,-101.57734334110626
3648,2013-06-10,497,107300,80.0,101844.39847517124,101.8821600071817,-92.7,-98.15560152482875
3649,2013-06-11,137,86000,65.0,76212.0353530636,148.6406328756174,-114.0,-123.78796464693639
3650,2013-06-12,378,85000,73.0,88000.85170741027,119.1582859298246,-115.0,-111.99914829258972
3651,2013-06-13,165,102800,69.0,86393.42385600464,126.71561258431011,-97.2,-113.60657614399537
3652,2013-06-14,477,112200,73.0,104189.35987291312,116.38227982351872,-87.8,-95.81064012708688
3653,2013-06-17,883,93000,119.0,103721.1466177557,111.0108809212805,-107.0,-96.2788533822443
3654,2013-06-18,481,94000,51.0,86574.4803885415,115.14655593983802,-106.0,-113.4255196114585
3655,2013-06-19,238,83800,82.0,75703.56283154563,149.18656251441217,-116.2,-124.29643716845437
3656,2013-06-20,031,115000,62.0,97823.914030329,124.95038432062401,-85.0,-102.17608596967099
3657,2013-06-21,527,68200,121.0,79802.09341389709,150.92733499519917,-131.8,-120.1979065861029
3658,2013-06-24,068,118500,79.0,105279.31240137055,99.99640507220452,-81.5,-94.72068759862944
3659,2013-06-25,032,142500,34.0,105604.8815423003,107.65313553959489,-57.5,-94.3951184576997
3660,2013-06-26,314,59200,127.0,72880.5499539934,180.62835227991783,-140.8,-127.1194500460066
3661,2013-06-27,725,67800,158.0,79916.80010044208,156.46999472250255,-132.2,-120.08319989955791
3662,2013-06-28,848,100800,85.0,98297.23068113918,136.3639295299163,-99.2,-101.70276931886082
3663,2013-07-01,790,125000,66.0,125419.54192017266,78.96548070313797,-75.0,-74.58045807982734
3664,2013-07-02,307,84800,75.0,87293.40677727386,151.43348649755424,-115.2,-112.70659322272614
3665,2013-07-03,587,127900,44.0,96459.78702193731,109.55543613580922,-72.1,-103.54021297806268
3666,2013-07-04,812,74300,90.0,73529.40584359698,156.29322119784376,-125.7,-126.47059415640302
3667,2013-07-05,676,97100,92.0,115580.06587652497,110.21440086881519,-102.89999999999999,-84.41993412347503
3668,2013-07-08,551,80800,137.0,91853.71066580375,136.11173717026153,-119.2,-108.14628933419624
3669,2013-07-09,082,106700,69.0,108092.10885960721,90.50450898028656,-93.3,-91.90789114039279
3670,2013-07-10,343,110100,71.0,96066.3633105257,139.62747246744328,-89.89999999999999,-103.9336366894743
3671,2013-07-11,820,101500,86.0,98244.6232938319,114.5527720339229,-98.5,-101.7553767061681
3672,2013-07-12,456,107000,79.0,83959.75992291559,153.69562813836322,-93.0,-116.0402400770844
3673,2013-07-15,940,133200,58.0,109342.8100675861,104.01366627612673,-66.80000000000001,-90.65718993241389
3674,2013-07-16,950,89500,73.0,109511.08038188238,107.02383354500923,-110.5,-90.48891961811762
3675,2013-07-17,044,41900,303.0,116854.70245717952,106.11756962565556,-158.1,-83.14529754282047
3676,2013-07-18,195,96100,57.0,89711.14759280912,113.44963937569806,-103.89999999999999,-110.28885240719087
3677,2013-07-19,235,77300,109.0,81593.81803313644,145.36329444618704,-122.7,-118.40618196686356
3678,2013-07-22,342,88300,101.0,87334.21397922115,130.93031455840722,-111.7,-112.66578602077884
3679,2013-07-23,293,108000,53.0,92372.43070443581,110.25697984906924,-92.0,-107.62756929556419
3680,2013-07-24,346,69300,109.0,87284.86525394168,135.13899794195933,-130.7,-112.71513474605833
3681,2013-07-25,740,121000,48.0,109118.52505989777,102.021655649331,-79.0,-90.88147494010222
3682,2013-07-26,501,100800,75.0,96299.04618736618,127.64151817083632,-99.2,-103.70095381263381
3683,2013-07-29,333,69600,502.0,56216.99110911106,793.9901389932975,-130.39999999999998,-143.78300889088894
3684,2013-07-30,254,76600,89.0,88270.7984749411,127.84684025415106,-123.39999999999999,-111.7292015250589
3685,2013-07-31,757,124400,63.0,104014.60557212189,130.82696085463172,-75.6,-95.9853944278781
3686,2013-08-01,811,72200,124.0,77131.71722496308,162.7865252714287,-127.8,-122.86828277503692
3687,2013-08-02,914,93000,82.0,77315.29290155203,157.89168172955053,-107.0,-122.68470709844796
3688,2013-08-05,257,80600,114.0,85122.82645528464,130.61700360605155,-119.39999999999999,-114.87717354471536
3689,2013-08-06,497,112800,36.0,101844.39847517124,101.8821600071817,-87.2,-98.15560152482875
3690,2013-08-07,017,111600,63.0,88190.1309943766,140.73567502817681,-88.39999999999999,-111.8098690056234
3691,2013-08-08,283,88800,48.0,86229.44990631018,117.25226022898018,-111.2,-113.77055009368982
3692,2013-08-09,917,79000,98.0,77011.2252774349,159.30005924325553,-121.0,-122.9887747225651
3693,2013-08-12,234,85400,124.0,75934.10363490024,168.67284241173905,-114.6,-124.06589636509976
3694,2013-08-13,078,109300,52.0,107689.00042225998,93.23517439984383,-90.7,-92.31099957774002
3695,2013-08-14,155,92800,65.0,89002.1266064464,140.15729344540352,-107.2,-110.9978733935536
3696,2013-08-15,801,80800,96.0,91485.71579275555,128.15242160712612,-119.2,-108.51428420724444
3697,2013-08-16,900,80800,99.0,103515.77264964397,129.03048392108883,-119.2,-96.48422735035602
3698,2013-08-19,155,121400,67.0,88951.69721684862,138.56444659297594,-78.6,-111.04830278315137
3699,2013-08-20,317,73100,98.0,69297.12292994192,182.87092979043734,-126.89999999999999,-130.7028770700581
3700,2013-08-21,710,81500,138.0,98661.89861288948,115.3547221194495,-118.5,-101.33810138711053
3701,2013-08-22,850,108400,67.0,103719.65073572882,107.5474336084896,-91.6,-96.28034926427118
3702,2013-08-23,294,89200,65.0,94703.98831635716,106.81402898907687,-110.8,-105.29601168364283
3703,2013-08-26,893,86200,93.0,97874.11484601878,103.75027995790866,-113.8,-102.12588515398122
3704,2013-08-27,682,78500,78.0,92981.18256472098,108.78239673099375,-121.5,-107.01881743527902
3705,2013-08-28,793,106500,53.0,100288.06820091624,101.82630358324958,-93.5,-99.71193179908376
3706,2013-08-29,351,85000,91.0,83905.76160049,131.55061268741153,-115.0,-116.09423839950999
3707,2013-08-30,311,79300,114.0,77812.1752788763,179.92886559883038,-120.7,-122.1878247211237
3708,2013-09-02,501,98800,100.0,96428.9545137803,125.74282124789251,-101.2,-103.57104548621969
3709,2013-09-03,204,79500,58.0,93049.90820344444,141.18896407093953,-120.5,-106.95009179655555
3710,2013-09-04,975,101000,45.0,100947.17752189645,110.282704980246,-99.0,-99.05282247810355
3711,2013-09-05,536,103700,74.0,84935.38335937726,144.66758497741128,-96.3,-115.06461664062275
3712,2013-09-06,791,121600,44.0,96472.41594256833,101.30980344536266,-78.39999999999999,-103.52758405743167
3713,2013-09-09,547,117700,68.0,88799.6551254456,131.49942478159443,-82.3,-111.2003448745544
3714,2013-09-10,300,125900,67.0,104083.60880282075,128.07927680423643,-74.1,-95.91639119717925
3715,2013-09-11,192,84200,71.0,89765.92788222633,109.11259839090654,-115.8,-110.23407211777366
3716,2013-09-12,537,73600,82.0,82685.11622581515,143.8819606142865,-126.39999999999999,-117.31488377418485
3717,2013-09-13,511,80400,107.0,81156.76503244278,160.5989216243108,-119.6,-118.84323496755722
3718,2013-09-16,137,67400,89.0,76401.30622918259,145.45596803935175,-132.6,-123.5986937708174
3719,2013-09-17,760,135200,50.0,117702.40916887204,89.50567564162081,-64.80000000000001,-82.29759083112796
3720,2013-09-18,595,122100,67.0,111019.70601619176,111.62694971873003,-77.89999999999999,-88.98029398380824
3721,2013-09-19,789,76100,104.0,94938.87715107967,122.14718981933692,-123.89999999999999,-105.06112284892033
3722,2013-09-20,039,102800,72.0,97235.91357876928,117.20107090831043,-97.2,-102.76408642123072
3723,2013-09-23,389,95400,88.0,91490.34256031949,113.11448945999426,-104.6,-108.50965743968051
3724,2013-09-24,613,80400,91.0,77084.17524709538,157.47052338696693,-119.6,-122.91582475290461
3725,2013-09-25,825,64700,124.0,75852.95179480477,160.93364503640407,-135.3,-124.14704820519523
3726,2013-09-26,236,68100,134.0,82184.91331880708,141.41267284089648,-131.9,-117.81508668119291
3727,2013-09-27,895,103400,59.0,102675.60977408751,102.31583438790604,-96.6,-97.32439022591248
3728,2013-09-30,817,77100,123.0,73274.20080657877,161.16182866519813,-122.89999999999999,-126.72579919342124
3729,2013-10-01,113,89500,100.0,76608.29203061352,182.3174283307765,-110.5,-123.39170796938647
3730,2013-10-02,021,85900,54.0,99058.78018050405,122.96396012831664,-114.1,-100.94121981949594
3731,2013-10-03,996,105500,80.0,122578.1089743522,98.8641576071316,-94.5,-77.4218910256478
3732,2013-10-04,865,109200,68.0,94183.53606582226,119.83538561906406,-90.8,-105.81646393417773
3733,2013-10-07,694,86700,108.0,104035.40887690235,102.11140628446114,-113.3,-95.96459112309765
3734,2013-10-08,708,67900,142.0,91645.73348799326,132.66334694838574,-132.1,-108.35426651200673
3735,2013-10-09,451,95800,65.0,86569.95313331451,127.53841523444478,-104.2,-113.43004686668549
3736,2013-10-10,110,61100,122.0,103593.25530222291,132.92675153748453,-138.9,-96.40674469777709
3737,2013-10-11,484,112900,37.0,102878.65518269454,115.11299684252616,-87.1,-97.12134481730546
3738,2013-10-14,572,69000,113.0,92344.58831900283,113.369952353485,-131.0,-107.65541168099718
3739,2013-10-15,355,107300,67.0,93923.03690197115,137.44627459719686,-92.7,-106.07696309802884
3740,2013-10-16,249,87600,78.0,82861.35599367987,136.40190641016528,-112.39999999999999,-117.13864400632013
3741,2013-10-17,896,93800,81.0,107349.0566528814,98.45333805837419,-106.2,-92.6509433471186
3742,2013-10-18,139,74900,102.0,75561.81572805958,150.19428854497312,-125.1,-124.43818427194041
3743,2013-10-21,077,126500,66.0,121162.6251540701,93.75144963071065,-73.5,-78.83737484592989
3744,2013-10-22,503,93000,80.0,95864.54152846735,131.47192653178797,-107.0,-104.13545847153264
3745,2013-10-23,907,119800,66.0,97218.90406279232,129.23550588556034,-80.2,-102.78109593720768
3746,2013-10-24,306,99200,68.0,89727.08595183767,150.36080721203365,-100.8,-110.27291404816233
3747,2013-10-25,693,56200,90.0,99960.15084413618,105.11366907464159,-143.8,-100.03984915586382
3748,2013-10-28,454,132800,84.0,102994.60989559823,128.0367605757697,-67.19999999999999,-97.00539010440177
3749,2013-10-29,140,105200,60.0,107130.50231030217,100.84987554951219,-94.8,-92.86949768969784
3750,2013-10-30,348,90000,94.0,80568.06528986554,139.03113912758556,-110.0,-119.43193471013446
3751,2013-10-31,052,101200,78.0,107919.75377668919,99.34473728105193,-98.8,-92.08024622331081
3752,2013-11-01,535,112600,70.0,93065.16626925656,149.33107956180442,-87.39999999999999,-106.93483373074343
3753,2013-11-04,952,108600,51.0,88679.77461981181,126.62653848627104,-91.39999999999999,-111.32022538018819
3754,2013-11-05,650,110400,73.0,111577.06006030439,101.31152603691167,-89.6,-88.42293993969561
3755,2013-11-06,524,90900,75.0,82727.35753889136,146.10276026904637,-109.1,-117.27264246110865
3756,2013-11-07,694,111700,51.0,103771.24920119694,101.4444514745184,-88.3,-96.22875079880305
3757,2013-11-08,380,103400,69.0,109080.01789698387,89.55879994692192,-96.6,-90.91998210301612
3758,2013-11-11,885,116300,81.0,108391.09980819133,109.06543345972291,-83.7,-91.60890019180867
3759,2013-11-12,470,98100,97.0,115919.77036346335,87.15646286722263,-101.89999999999999,-84.08022963653664
3760,2013-11-13,910,81300,86.0,99084.01225629235,116.57063824370273,-118.7,-100.91598774370765
3761,2013-11-14,014,83200,76.0,92809.05291401398,133.7411519597624,-116.8,-107.19094708598601
3762,2013-11-15,638,64900,155.0,80688.02276494906,146.0389532693126,-135.1,-119.31197723505095
3763,2013-11-18,439,88200,95.0,82460.24714193707,143.3820049537361,-111.8,-117.53975285806293
3764,2013-11-19,484,103900,57.0,102920.48398355565,115.09155142354223,-96.1,-97.07951601644434
3765,2013-11-20,721,66600,130.0,79302.36251531578,140.3416454029901,-133.4,-120.69763748468422
3766,2013-11-21,922,77000,92.0,87868.34869857879,146.31889337826368,-123.0,-112.13165130142121
3767,2013-11-22,983,99900,44.0,95723.30251840717,107.61944864931475,-100.1,-104.27669748159282
3768,2013-11-25,081,79800,74.0,105782.30175022202,90.13894069366067,-120.2,-94.21769824977798
3769,2013-11-26,975,107700,35.0,100791.22909437206,108.7032940483401,-92.3,-99.20877090562794
3770,2013-11-27,724,57400,132.0,82282.32682414576,141.9886105506345,-142.6,-117.71767317585424
3771,2013-11-28,244,91000,89.0,94202.99581974253,133.37744619149308,-109.0,-105.79700418025747
3772,2013-11-29,842,86900,68.0,83037.32057840015,132.91428098824048,-113.1,-116.96267942159984
3773,2013-12-02,421,71200,144.0,81479.16541413969,140.49627819970837,-128.8,-118.52083458586031
3774,2013-12-03,752,86800,84.0,88603.51629865046,123.38312907774247,-113.2,-111.39648370134954
3775,2013-12-04,928,77900,93.0,79174.1260901152,151.50331300022884,-122.1,-120.8258739098848
3776,2013-12-05,674,95400,88.0,99825.89714541055,107.8492197409849,-104.6,-100.17410285458945
3777,2013-12-06,443,110300,75.0,96039.40820778713,133.93668502337513,-89.7,-103.96059179221287
3778,2013-12-09,542,92500,91.0,87811.98244561924,130.20595458027975,-107.5,-112.18801755438075
3779,2013-12-10,023,104400,53.0,96871.39144746154,126.23933489885984,-95.6,-103.12860855253845
3780,2013-12-11,622,80700,86.0,89117.50192765497,145.65285447793832,-119.3,-110.88249807234503
3781,2013-12-12,372,95300,56.0,89485.34257458163,114.27208514004292,-104.7,-110.51465742541836
3782,2013-12-13,186,72500,128.0,86319.03001028945,114.19482861562763,-127.5,-113.68096998971055
3783,2013-12-16,515,74600,159.0,84047.88888836003,168.2634655503907,-125.39999999999999,-115.95211111163997
3784,2013-12-17,576,120100,31.0,99901.29307261559,109.55970211352883,-79.89999999999999,-100.09870692738441
3785,2013-12-18,107,83100,112.0,86505.90617065193,142.95461800025893,-116.89999999999999,-113.49409382934807
3786,2013-12-19,540,143700,44.0,110289.031361841,101.84425649184627,-56.29999999999998,-89.710968638159
3787,2013-12-20,879,105000,65.0,102252.49406127814,105.50124218735814,-95.0,-97.74750593872186
3788,2013-12-23,997,131400,60.0,123663.75955022292,94.8780767533332,-68.6,-76.33624044977708
3789,2013-12-24,456,83300,107.0,84184.16636352065,151.78132514334928,-116.7,-115.81583363647935
3790,2013-12-25,271,100900,73.0,86749.91525398547,114.07902252132077,-99.1,-113.25008474601452
3791,2013-12-26,672,101200,60.0,95622.01857529294,108.50044899939782,-98.8,-104.37798142470706
3792,2013-12-27,127,58900,206.0,71511.64378938128,166.14844606864978,-141.1,-128.48835621061872
3793,2013-12-30,549,104900,80.0,87914.70156637857,134.60332952833247,-95.1,-112.08529843362143
3794,2014-01-06,098,94800,100.0,104029.20613742636,100.99678010939816,-105.2,-95.97079386257364
3795,2014-01-07,578,97600,77.0,93912.79846924124,112.7557316733821,-102.39999999999999,-106.08720153075876
3796,2014-01-08,721,71600,128.0,79302.36251531578,140.3416454029901,-128.39999999999998,-120.69763748468422
3797,2014-01-09,613,71000,114.0,77133.11496895152,156.03609951230146,-129.0,-122.86688503104848
3798,2014-01-10,005,129700,71.0,94985.31840159747,146.00590298492517,-70.30000000000001,-105.01468159840253
3799,2014-01-13,136,80700,143.0,78560.07070325091,144.30244879028172,-119.3,-121.43992929674909
3800,2014-01-14,560,103900,96.0,116215.37812623505,91.33127898219338,-96.1,-83.78462187376495
3801,2014-01-15,506,130000,59.0,96788.04735915698,131.11304341211127,-70.0,-103.21195264084302
3802,2014-01-16,641,99900,71.0,85603.6882490319,129.4885943398922,-100.1,-114.3963117509681
3803,2014-01-17,720,90100,108.0,102504.82208150494,107.79353225720787,-109.89999999999999,-97.49517791849506
3804,2014-01-20,921,64400,200.0,79461.20369293008,141.63507598215608,-135.6,-120.53879630706992
3805,2014-01-21,119,60700,184.0,71977.73659220847,190.13932196329708,-139.3,-128.0222634077915
3806,2014-01-22,154,106600,63.0,84689.03154078522,127.5971304066338,-93.39999999999999,-115.31096845921478
3807,2014-01-23,314,65300,128.0,72912.62107086927,174.4799772604026,-134.7,-127.08737892913074
3808,2014-01-24,311,68700,128.0,77657.95460466691,175.51061909923203,-131.3,-122.34204539533309
3809,2014-01-27,138,60000,134.0,72366.4829950805,151.55921353444052,-140.0,-127.6335170049195
3810,2014-01-28,369,54900,175.0,89793.96896974536,124.02937898229992,-145.1,-110.20603103025464
3811,2014-01-29,070,126600,66.0,121429.48235091535,90.19201189829099,-73.39999999999999,-78.57051764908465
3812,2014-01-30,327,68800,122.0,74028.96217459717,165.45859087639593,-131.2,-125.97103782540283
3813,2014-01-31,729,60400,142.0,80962.48165880302,146.70440439923627,-139.6,-119.03751834119697
3814,2014-02-03,044,61000,318.0,116509.0255405664,105.36336658746347,-139.0,-83.49097445943359
3815,2014-02-04,861,98000,51.0,85907.50498033322,120.071931096678,-102.0,-114.09249501966677
3816,2014-02-05,200,103000,105.0,106552.51726824463,121.76835495491675,-97.0,-93.44748273175537
3817,2014-02-06,095,125600,52.0,116142.20225855638,85.1867072624991,-74.39999999999999,-83.85779774144362
3818,2014-02-07,264,100300,65.0,91023.97217688474,117.85050664381622,-99.7,-108.97602782311526
3819,2014-02-10,423,71200,176.0,83165.7495492032,140.8640379566598,-128.8,-116.8342504507968
3820,2014-02-11,343,98600,80.0,96750.56711449598,134.6140427024722,-101.39999999999999,-103.24943288550402
3821,2014-02-12,951,112100,55.0,85353.18731625818,128.17819408276978,-87.89999999999999,-114.64681268374183
3822,2014-02-13,805,104200,66.0,91200.96260661745,134.33489569462202,-95.8,-108.79903739338255
3823,2014-02-14,709,120400,47.0,95456.40773041848,130.14538820256945,-79.6,-104.54359226958152
3824,2014-02-17,271,56900,134.0,86513.65247453593,113.40128810732887,-143.1,-113.48634752546407
3825,2014-02-18,687,108600,64.0,101652.76699176032,101.4314602366297,-91.39999999999999,-98.34723300823968
3826,2014-02-19,722,76500,121.0,87224.18749140443,142.89090119301724,-123.5,-112.77581250859556
3827,2014-02-20,099,119700,74.0,130494.65352590953,84.39666678961441,-80.3,-69.50534647409046
3828,2014-02-21,172,70000,93.0,85862.58314950208,114.34220253495091,-130.0,-114.13741685049791
3829,2014-02-24,287,83100,88.0,89527.93703650976,108.37947878193464,-116.89999999999999,-110.47206296349025
3830,2014-02-25,061,126400,59.0,109000.30209259053,94.32385419940972,-73.6,-90.99969790740947
3831,2014-02-26,272,70100,122.0,98701.30029513905,115.91745085373513,-129.89999999999998,-101.29869970486095
3832,2014-02-27,171,77200,82.0,92761.60161192209,120.15172920354287,-122.8,-107.23839838807791
3833,2014-02-28,101,96000,116.0,103652.21206184888,136.39696406269124,-104.0,-96.34778793815111
3834,2014-03-03,992,113500,91.0,111210.31513130122,100.13783893905115,-86.5,-88.78968486869877
3835,2014-03-04,834,91200,65.0,81337.94682726343,140.4131125318042,-108.8,-118.66205317273658
3836,2014-03-05,624,71300,127.0,83792.55591711166,142.16979292935176,-128.7,-116.20744408288833
3837,2014-03-06,087,151600,44.0,110756.98078267564,86.20931143506061,-48.400000000000006,-89.24301921732436
3838,2014-03-07,169,77500,91.0,84912.53324583192,125.97788397974738,-122.5,-115.08746675416808
3839,2014-03-10,975,106700,98.0,100935.54133904375,107.16527266389593,-93.3,-99.06445866095625
3840,2014-03-11,661,114600,65.0,98174.94637505834,120.54573340309383,-85.39999999999999,-101.82505362494166
3841,2014-03-12,558,109000,88.0,93164.16054043752,135.56714961095074,-91.0,-106.83583945956248
3842,2014-03-13,619,72100,110.0,76053.25080670646,161.725956885515,-127.89999999999999,-123.94674919329354
3843,2014-03-14,784,112900,63.0,97213.93270691372,103.18175134303405,-87.1,-102.78606729308628
3844,2014-03-17,198,62300,140.0,89041.9493541248,107.4180957537822,-137.7,-110.9580506458752
3845,2014-03-18,729,66300,110.0,80962.48165880302,146.70440439923627,-133.7,-119.03751834119697
3846,2014-03-19,045,98000,112.0,106292.25987314212,104.58700800268815,-102.0,-93.70774012685789
3847,2014-03-20,608,100100,64.0,91675.07950189,134.81422413045115,-99.89999999999999,-108.32492049811
3848,2014-03-21,787,92600,84.0,114319.46523742376,104.38373736932901,-107.39999999999999,-85.68053476257623
3849,2014-03-24,263,80800,116.0,88754.94192857466,119.77072175550119,-119.2,-111.24505807142535
3850,2014-03-25,636,115700,63.0,96424.95757596382,143.27491903221184,-84.3,-103.57504242403617
3851,2014-03-26,710,93600,83.0,98351.16823506146,112.64973533671532,-106.39999999999999,-101.64883176493854
3852,2014-03-27,841,81800,90.0,79832.10111891365,133.6937273609015,-118.2,-120.16789888108634
3853,2014-03-28,643,106100,82.0,89525.26515541082,128.44683135549178,-93.89999999999999,-110.47473484458918
3854,2014-03-31,098,111800,79.0,103661.58592058305,101.53373021977139,-88.2,-96.33841407941695
3855,2014-04-01,108,64900,139.0,81838.52886387534,149.31213184000813,-135.1,-118.16147113612466
3856,2014-04-02,606,73100,110.0,109706.31118874955,132.00847212218653,-126.89999999999999,-90.29368881125045
3857,2014-04-03,858,156900,36.0,102530.85898324597,128.24367938092553,-43.099999999999994,-97.46914101675402
3858,2014-04-04,740,102500,59.0,108930.18508701095,98.36326061671903,-97.5,-91.06981491298905
3859,2014-04-07,942,103900,54.0,87256.35067205367,127.73889639319933,-96.1,-112.74364932794633
3860,2014-04-08,701,114500,64.0,95602.83479943714,119.01409507563281,-85.5,-104.39716520056285
3861,2014-04-09,295,91800,77.0,93649.85431928992,106.6164123585627,-108.2,-106.35014568071007
3862,2014-04-10,808,82800,126.0,104240.51743618748,135.61438358806305,-117.2,-95.75948256381251
3863,2014-04-11,135,80300,88.0,78057.5723486491,144.7568784017237,-119.7,-121.9424276513509
3864,2014-04-14,123,57900,239.0,67589.48669176905,196.19577822961574,-142.1,-132.41051330823095
3865,2014-04-15,160,112900,45.0,109770.22952329082,92.79118005987387,-87.1,-90.22977047670918
3866,2014-04-16,637,103200,67.0,85176.34139189747,136.96939837412188,-96.8,-114.82365860810253
3867,2014-04-17,493,90800,93.0,96382.14817241162,104.92812428617275,-109.2,-103.61785182758838
3868,2014-04-18,725,58900,148.0,79558.49693370864,151.05168814320345,-141.1,-120.44150306629136
3869,2014-04-21,017,95000,105.0,87998.05506100885,135.34924194730226,-105.0,-112.00194493899114
3870,2014-04-22,290,120600,50.0,116983.42883712598,81.27169505667902,-79.39999999999999,-83.01657116287402
3871,2014-04-23,951,106600,57.0,85368.65029416438,127.15525924730821,-93.39999999999999,-114.63134970583562
3872,2014-04-24,809,84300,86.0,92817.09287917694,132.82062443557956,-115.7,-107.18290712082306
3873,2014-04-25,589,101200,68.0,97666.10495343113,107.95523293789245,-98.8,-102.33389504656887
3874,2014-04-28,442,107800,86.0,95399.59531291148,130.15099110603802,-92.2,-104.60040468708851
3875,2014-04-29,199,74500,135.0,100490.81497461312,108.84932547666592,-125.5,-99.50918502538687
3876,2014-04-30,495,116600,51.0,99649.28706618035,104.0568729587598,-83.39999999999999,-100.35071293381965
3877,2014-05-01,808,85900,113.0,104240.51743618748,135.61438358806305,-114.1,-95.75948256381251
3878,2014-05-02,336,87200,128.0,88725.0887836617,146.95995122603432,-112.8,-111.2749112163383
3879,2014-05-05,994,137600,55.0,116222.30089081326,99.33337482586026,-62.400000000000006,-83.77769910918674
3880,2014-05-06,806,105900,60.0,93461.61295610106,130.65413475120852,-94.1,-106.53838704389894
3881,2014-05-07,297,95400,83.0,95464.36804714032,101.35066439218768,-104.6,-104.53563195285967
3882,2014-05-08,353,101300,89.0,96337.76521381074,132.80302953887525,-98.7,-103.66223478618926
3883,2014-05-09,154,104700,56.0,84493.7329681566,127.48818354422741,-95.3,-115.5062670318434
3884,2014-05-12,367,103400,111.0,91120.65868901949,117.72576302369427,-96.6,-108.87934131098051
3885,2014-05-13,934,84400,75.0,85733.85552063605,136.48117968183973,-115.6,-114.26614447936394
3886,2014-05-14,463,88200,101.0,92939.87273922614,117.76639210624347,-111.8,-107.06012726077387
3887,2014-05-15,153,81600,83.0,82609.9854965525,129.68888698292432,-118.39999999999999,-117.3900145034475
3888,2014-05-16,065,128900,51.0,111994.14164808279,95.01921550672031,-71.1,-88.00585835191721
3889,2014-05-19,836,88300,79.0,82146.88805613022,141.80499385203422,-111.7,-117.85311194386978
3890,2014-05-20,281,94300,47.0,83761.0807558759,112.76751130981532,-105.7,-116.2389192441241
3891,2014-05-21,746,107500,50.0,92100.0051099549,124.67148859602717,-92.5,-107.8999948900451
3892,2014-05-22,433,78700,108.0,91645.23511323132,141.45878296511785,-121.3,-108.35476488676868
3893,2014-05-23,034,96500,65.0,104265.673391971,107.56987599620572,-103.5,-95.73432660802901
3894,2014-05-26,086,135800,47.0,111401.03690636333,87.96072089057405,-64.19999999999999,-88.59896309363667
3895,2014-05-27,845,85200,86.0,86425.79472440683,131.9509220363518,-114.8,-113.57420527559316
3896,2014-05-28,474,95100,72.0,105786.59894800874,113.21371724063032,-104.89999999999999,-94.21340105199126
3897,2014-05-29,761,95600,89.0,90146.10208628452,113.63403280294587,-104.39999999999999,-109.85389791371549
3898,2014-05-30,839,99200,74.0,81502.34656738261,142.79877856337797,-100.8,-118.49765343261738
3899,2014-06-02,468,71600,135.0,90391.52118912013,119.5747215891263,-128.39999999999998,-109.60847881087986
3900,2014-06-03,327,65400,90.0,73876.60514657092,164.7374305059102,-134.6,-126.12339485342908
3901,2014-06-04,769,111000,53.0,101160.04012247032,109.84040868653493,-89.0,-98.83995987752968
3902,2014-06-05,790,125300,49.0,125424.3702950498,75.09107362781464,-74.7,-74.5756297049502
3903,2014-06-06,928,76400,99.0,78987.0907538213,147.83314231359773,-123.6,-121.0129092461787
3904,2014-06-09,620,105100,110.0,104822.0673119078,107.09516201249782,-94.89999999999999,-95.1779326880922
3905,2014-06-10,431,105000,65.0,82660.68884588782,134.33748977168216,-95.0,-117.33931115411218
3906,2014-06-11,334,86500,85.0,90936.05208669427,142.05210070963855,-113.5,-109.06394791330573
3907,2014-06-12,429,85200,92.0,79254.94375883407,147.81560434078696,-114.8,-120.74505624116593
3908,2014-06-13,690,112600,80.0,125305.66767975502,77.27810567506154,-87.39999999999999,-74.69433232024498
3909,2014-06-16,797,131900,81.0,122184.88914731427,96.9636491343844,-68.1,-77.81511085268572
3910,2014-06-17,226,85300,98.0,81239.37434057267,169.219573256601,-114.7,-118.76062565942733
3911,2014-06-18,084,121900,52.0,109124.90093287645,87.72885688276895,-78.1,-90.87509906712354
3912,2014-06-19,568,88300,75.0,92440.48460174252,118.92439589546122,-111.7,-107.55951539825749
3913,2014-06-20,644,108100,74.0,99143.6563057467,129.88051649052815,-91.89999999999999,-100.8563436942533
3914,2014-06-23,338,105300,119.0,81700.22166814383,153.54854492217302,-94.7,-118.29977833185617
3915,2014-06-24,955,118100,48.0,100702.83382408018,127.63425142493827,-81.89999999999999,-99.29716617591981
3916,2014-06-25,732,101500,66.0,83079.95160463508,132.2254132998383,-98.5,-116.92004839536492
3917,2014-06-26,101,106600,72.0,103284.60624197294,135.2049801420197,-93.39999999999999,-96.71539375802706
3918,2014-06-27,785,132800,46.0,98438.475380768,103.06147187542715,-67.19999999999999,-101.561524619232
3919,2014-06-30,092,111900,80.0,115098.75209660985,81.61806198544139,-88.1,-84.90124790339014
3920,2014-07-01,571,74400,74.0,89090.83711935692,111.57722313467335,-125.6,-110.90916288064308
3921,2014-07-02,953,106100,73.0,89870.75402324168,124.38998385380322,-93.89999999999999,-110.12924597675831
3922,2014-07-03,307,65900,95.0,87240.06687691595,144.63941115575165,-134.1,-112.75993312308404
3923,2014-07-04,583,72500,103.0,90470.07704359542,111.46242995068744,-127.5,-109.52992295640458
3924,2014-07-07,076,100200,95.0,114520.06047810387,87.13015103926298,-99.8,-85.47993952189613
3925,2014-07-08,856,109200,59.0,92073.77460144262,122.28289187099199,-90.8,-107.92622539855738
3926,2014-07-09,389,93800,76.0,91585.29206094317,110.98235734651549,-106.2,-108.41470793905683
3927,2014-07-10,647,97100,75.0,91424.43235356125,124.84646041891398,-102.89999999999999,-108.57556764643874
3928,2014-07-11,398,102400,62.0,94247.85434302929,105.01057578610052,-97.6,-105.75214565697071
3929,2014-07-14,061,117200,72.0,108926.53952085502,92.48954105686722,-82.8,-91.07346047914498
3930,2014-07-15,495,87300,88.0,99797.57800572728,102.89847905304724,-112.7,-100.20242199427273
3931,2014-07-16,239,93500,62.0,78983.3482096861,143.3350882485245,-106.5,-121.0166517903139
3932,2014-07-17,621,72900,98.0,80624.7051268,139.3246761763774,-127.1,-119.37529487319999
3933,2014-07-18,790,113600,69.0,125424.3702950498,75.09107362781464,-86.39999999999999,-74.5756297049502
3934,2014-07-21,954,104200,100.0,93739.44537395996,120.69337539363046,-95.8,-106.26055462604005
3935,2014-07-22,197,99200,52.0,91492.44321736776,103.7551252694719,-100.8,-108.50755678263224
3936,2014-07-23,059,87400,94.0,103607.75698090284,104.40168122838188,-112.6,-96.39224301909717
3937,2014-07-24,070,143100,40.0,120277.9507601702,88.08121841767685,-56.900000000000006,-79.72204923982979
3938,2014-07-25,498,111400,57.0,98758.71775444322,101.50008666300654,-88.6,-101.24128224555677
3939,2014-07-28,190,86600,89.0,113796.03049253426,81.61002173949306,-113.39999999999999,-86.20396950746573
3940,2014-07-29,234,95800,74.0,75783.67423033578,165.22657932258872,-104.2,-124.21632576966422
3941,2014-07-30,392,92800,74.0,92878.93303493196,104.66594221519604,-107.2,-107.12106696506804
3942,2014-07-31,649,89100,83.0,90566.45382145296,129.2816504374113,-110.89999999999999,-109.43354617854703
3943,2014-08-01,940,98800,77.0,109366.4601382842,99.36972485285672,-101.2,-90.6335398617158
3944,2014-08-04,764,108400,93.0,97971.57371775644,110.16618212150841,-91.6,-102.02842628224356
3945,2014-08-05,955,145500,39.0,100702.83382408018,127.63425142493827,-54.5,-99.29716617591981
3946,2014-08-06,933,108100,48.0,89587.41494776879,143.28471317764263,-91.89999999999999,-110.41258505223121
3947,2014-08-07,857,87900,114.0,90746.03201987519,121.19770849909011,-112.1,-109.25396798012481
3948,2014-08-08,031,121200,53.0,97729.12497237678,117.78680714281327,-78.8,-102.27087502762322
3949,2014-08-11,793,89900,79.0,100285.2896298902,97.03987168522576,-110.1,-99.7147103701098
3950,2014-08-12,448,85200,88.0,90015.79732736158,138.07839226802713,-114.8,-109.98420267263842
3951,2014-08-13,528,62600,101.0,75730.34955772907,151.91567983464327,-137.4,-124.26965044227093
3952,2014-08-14,371,83500,70.0,86016.31278177134,112.91663340969804,-116.5,-113.98368721822865
3953,2014-08-15,122,94300,90.0,82283.84379433906,160.45258360000665,-105.7,-117.71615620566094
3954,2014-08-18,425,76400,128.0,80496.89943642599,152.09987433226772,-123.6,-119.50310056357401
3955,2014-08-19,701,94700,54.0,95761.31012681896,117.38431703043845,-105.3,-104.23868987318103
3956,2014-08-20,852,94100,77.0,84510.7474224615,125.1893969150097,-105.89999999999999,-115.4892525775385
3957,2014-08-21,059,118900,63.0,103471.56099436412,103.60138950430338,-81.1,-96.52843900563587
3958,2014-08-22,685,109800,69.0,98387.48085960072,105.36842490772045,-90.2,-101.61251914039927
3959,2014-08-25,105,89000,119.0,88337.44251380903,141.85697130081903,-111.0,-111.66255748619096
3960,2014-08-26,958,82100,101.0,92237.57857397519,122.1025100118287,-117.89999999999999,-107.76242142602482
3961,2014-08-27,314,71700,122.0,72884.83222642314,171.73801971669596,-128.3,-127.11516777357686
3962,2014-08-28,376,98900,64.0,93881.55333620965,109.93216431387012,-101.1,-106.11844666379035
3963,2014-08-29,653,112600,78.0,91674.48110819513,121.65470850921996,-87.39999999999999,-108.32551889180486
3964,2014-09-01,151,118900,89.0,89949.45438489932,130.33473351673422,-81.1,-110.05054561510067
3965,2014-09-02,721,63300,112.0,79011.29153302223,136.87484364502103,-136.7,-120.98870846697777
3966,2014-09-03,058,103100,71.0,99550.44015163586,104.95604259003876,-96.89999999999999,-100.44955984836413
3967,2014-09-04,586,93600,79.0,97582.15527935835,106.35591954801909,-106.39999999999999,-102.41784472064164
3968,2014-09-05,621,80000,99.0,80774.24782062444,138.38626090107346,-120.0,-119.22575217937556
3969,2014-09-08,802,84600,128.0,92742.19214197579,122.88668463106188,-115.39999999999999,-107.25780785802421
3970,2014-09-09,983,96100,47.0,96380.81371049011,103.84594840327291,-103.89999999999999,-103.61918628950988
3971,2014-09-10,816,62300,124.0,73892.14025112633,157.6799189098261,-137.7,-126.10785974887366
3972,2014-09-11,644,132300,52.0,99292.2361505145,129.05216497721833,-67.69999999999999,-100.7077638494855
3973,2014-09-12,249,95500,55.0,82618.55862661089,133.74275333032583,-104.5,-117.38144137338911
3974,2014-09-15,509,101200,76.0,93179.09585823535,131.11193014819827,-98.8,-106.82090414176464
3975,2014-09-16,289,104100,41.0,90276.34282681356,109.28756057265406,-95.89999999999999,-109.72365717318644
3976,2014-09-17,927,73000,108.0,81919.307083564,140.79405113756528,-127.0,-118.080692916436
3977,2014-09-18,498,89000,85.0,98851.81828830758,100.66546468279057,-111.0,-101.14818171169242
3978,2014-09-19,181,104800,72.0,89377.47106117875,117.69912537266582,-95.2,-110.62252893882125
3979,2014-09-22,174,71700,102.0,86562.31873831943,113.23765899075345,-128.3,-113.43768126168057
3980,2014-09-23,468,89300,79.0,90421.23826813404,119.10661650170651,-110.7,-109.57876173186595
3981,2014-09-24,697,106400,75.0,108921.44524234917,93.49994847824546,-93.6,-91.07855475765082
3982,2014-09-25,113,84300,113.0,76373.86066604774,176.83762472185336,-115.7,-123.62613933395227
3983,2014-09-26,517,74400,85.0,74544.76214108011,155.86270459114047,-125.6,-125.45523785891989
3984,2014-09-29,786,109600,92.0,102705.52054348061,99.16594747159012,-90.39999999999999,-97.29447945651938
3985,2014-09-30,066,57400,180.0,121867.95453032674,96.10670616818483,-142.6,-78.13204546967326
3986,2014-10-01,354,93900,84.0,89936.19861868463,123.21764846908626,-106.1,-110.06380138131536
3987,2014-10-02,045,114400,64.0,106456.24175634292,102.71653298927731,-85.6,-93.54375824365708
3988,2014-10-03,745,111500,60.0,90548.96604907395,124.31274237108417,-88.5,-109.45103395092605
3989,2014-10-06,065,121100,69.0,112046.73608760242,93.39613034914258,-78.89999999999999,-87.95326391239757
3990,2014-10-07,890,83300,72.0,110774.44538064967,93.0015485375282,-116.7,-89.22555461935032
3991,2014-10-08,148,84200,91.0,75524.99617813253,140.55575430288354,-115.8,-124.47500382186747
3992,2014-10-09,178,57700,133.0,83164.35605080964,116.16316185847343,-142.3,-116.83564394919036
3993,2014-10-10,782,78600,89.0,93050.26270600603,102.41781594099452,-121.39999999999999,-106.94973729399396
3994,2014-10-13,509,92000,73.0,93179.09585823535,131.11193014819827,-108.0,-106.82090414176464
3995,2014-10-14,369,46700,164.0,89732.30202933644,121.38070111824025,-153.3,-110.26769797066356
3996,2014-10-15,893,60800,113.0,98340.49257510724,99.19281830484488,-139.2,-101.65950742489275
3997,2014-10-16,963,80200,95.0,94268.24428532411,114.77374937628208,-119.8,-105.73175571467588
3998,2014-10-17,908,77700,112.0,93110.26234556384,128.5441632878799,-122.3,-106.88973765443616
3999,2014-10-20,717,97600,118.0,84120.54545403885,158.85793470120683,-102.39999999999999,-115.87945454596115
4000,2014-10-21,404,105400,55.0,109734.64640362916,125.65578965043875,-94.6,-90.26535359637084
4001,2014-10-22,373,73900,144.0,98768.64786605524,116.38879214017258,-126.1,-101.23135213394475
4002,2014-10-23,336,126100,60.0,89017.95643313992,144.02517329255238,-73.89999999999999,-110.98204356686009
4003,2014-10-24,799,123300,66.0,121850.88589596716,94.0516435635978,-76.7,-78.14911410403283
4004,2014-10-27,444,87400,443.0,62775.40702102968,692.8893375810844,-112.6,-137.22459297897032
4005,2014-10-28,260,130300,64.0,112608.103084269,89.65398686037766,-69.69999999999999,-87.39189691573101
4006,2014-10-29,009,119600,60.0,91010.01499042963,148.00162946792608,-80.39999999999999,-108.98998500957038
4007,2014-10-30,274,71600,94.0,90277.33654273488,110.06256491535568,-128.39999999999998,-109.72266345726513
4008,2014-10-31,885,108900,57.0,108922.69101766913,105.89120430502271,-91.1,-91.07730898233086
4009,2014-11-03,040,138100,67.0,118117.78833208283,99.34419225588613,-61.900000000000006,-81.88221166791718
4010,2014-11-04,832,93800,71.0,79543.58930764545,135.58445342433936,-106.2,-120.45641069235455
4011,2014-11-05,861,104700,49.0,86014.30391615516,116.68805454176015,-95.3,-113.98569608384484
4012,2014-11-06,551,54500,140.0,92516.20489996001,128.55655957041827,-145.5,-107.48379510003998
4013,2014-11-07,866,125100,53.0,105110.19761708607,116.31510109352018,-74.89999999999999,-94.88980238291393
4014,2014-11-10,611,73400,137.0,82273.94886333162,152.67655016815016,-126.6,-117.72605113666837
4015,2014-11-11,181,81700,96.0,89544.26977855744,116.98377849278964,-118.3,-110.45573022144255
4016,2014-11-12,112,48100,184.0,79109.5477578008,168.72631561595523,-151.9,-120.8904522421992
4017,2014-11-13,277,79600,95.0,97601.08403731002,115.6488044060394,-120.39999999999999,-102.39891596268997
4018,2014-11-14,194,100100,75.0,89996.17706422467,105.27909218902464,-99.89999999999999,-110.00382293577533
4019,2014-11-17,335,81800,136.0,88914.00446955871,144.3711465066864,-118.2,-111.08599553044128
4020,2014-11-18,618,63000,133.0,72647.82129589519,159.16362166124935,-137.0,-127.3521787041048
4021,2014-11-19,095,99700,48.0,115649.3474453477,82.58452831253813,-100.3,-84.3506525546523
4022,2014-11-20,536,102700,72.0,85659.48805450634,136.79639378244977,-97.3,-114.34051194549366
4023,2014-11-21,426,81100,96.0,82478.62005331306,141.4263032980114,-118.89999999999999,-117.52137994668693
4024,2014-11-24,000,102400,289.0,67996.39361605587,641.157729145972,-97.6,-132.00360638394415
4025,2014-11-25,303,81400,82.0,101458.62280288938,143.6977533400103,-118.6,-98.54137719711062
4026,2014-11-26,372,81200,67.0,89090.49512944788,110.6715057613376,-118.8,-110.90950487055211
4027,2014-11-27,384,108800,61.0,89360.93506880505,110.37146563997624,-91.2,-110.63906493119495
4028,2014-11-28,990,104300,69.0,139482.10117327748,76.56828420706884,-95.7,-60.51789882672253
4029,2014-12-01,913,76300,114.0,76109.8819034224,150.26371007382681,-123.7,-123.8901180965776
4030,2014-12-02,725,63900,117.0,79218.51925641792,150.4612999676069,-136.1,-120.78148074358208
4031,2014-12-03,076,123400,57.0,113949.52098538408,86.34055836980653,-76.6,-86.05047901461592
4032,2014-12-04,916,76300,86.0,77696.05000022471,152.29745473444805,-123.7,-122.30394999977528
4033,2014-12-05,384,107700,67.0,89360.93506880505,110.37146563997624,-92.3,-110.63906493119495
4034,2014-12-08,900,120300,80.0,101566.80430681571,128.2369751511793,-79.7,-98.43319569318429
4035,2014-12-09,312,83100,115.0,74368.17827298061,163.93631382469133,-116.89999999999999,-125.63182172701939
4036,2014-12-10,501,98100,70.0,96927.88100103973,119.21572915448013,-101.89999999999999,-103.07211899896026
4037,2014-12-11,840,118300,79.0,103569.04578380976,101.14939767768111,-81.7,-96.43095421619023
4038,2014-12-12,410,56400,223.0,101683.85488074602,110.36433162991882,-143.6,-98.31614511925397
4039,2014-12-15,511,71100,162.0,81502.94037867751,154.39854950688408,-128.89999999999998,-118.49705962132249
4040,2014-12-16,889,115300,79.0,118120.29204565285,100.32088744027493,-84.7,-81.87970795434714
4041,2014-12-17,235,84500,111.0,82181.17935487753,136.81048698163974,-115.5,-117.81882064512247
4042,2014-12-18,983,88500,51.0,96156.58407651346,103.09730805833324,-111.5,-103.84341592348653
4043,2014-12-19,929,91800,124.0,92033.1258327457,147.97656304385401,-108.2,-107.96687416725429
4044,2014-12-22,853,80800,113.0,85496.75707308564,125.07656686132549,-119.2,-114.50324292691435
4045,2014-12-23,330,63300,170.0,107681.65123311056,121.87400056652547,-136.7,-92.31834876688943
4046,2014-12-24,516,84400,121.0,76935.3934892646,154.75042626886784,-115.6,-123.06460651073539
4047,2014-12-25,728,61500,137.0,77150.66667832033,145.23497446700787,-138.5,-122.84933332167968
4048,2014-12-26,167,72200,119.0,85987.60310454013,117.41731377259157,-127.8,-114.01239689545987
4049,2014-12-29,537,82700,115.0,82825.35349610678,136.73139267989373,-117.3,-117.17464650389321
4050,2014-12-30,642,76000,101.0,88954.06332554633,123.91720198999565,-124.0,-111.04593667445367
4051,2015-01-05,025,102400,106.0,91953.42967408898,135.44162647268337,-97.6,-108.04657032591102
4052,2015-01-06,202,85300,113.0,105170.55388485568,134.02561112016565,-114.7,-94.82944611514432
4053,2015-01-07,826,84900,102.0,79141.40179111778,143.86078119086827,-115.1,-120.85859820888221
4054,2015-01-08,211,99300,83.0,79313.97788280538,166.38556464565283,-100.7,-120.68602211719461
4055,2015-01-09,031,98800,65.0,97568.42143038088,116.7287444859382,-101.2,-102.43157856961912
4056,2015-01-12,763,111500,84.0,94061.365145685,111.48353623198211,-88.5,-105.938634854315
4057,2015-01-13,836,83200,65.0,82251.50955988333,137.40367359341775,-116.8,-117.74849044011667
4058,2015-01-14,271,76800,78.0,85876.67032422293,110.64298056744082,-123.2,-114.12332967577707
4059,2015-01-15,765,147400,48.0,88924.61760575468,134.9400492675757,-52.599999999999994,-111.07538239424531
4060,2015-01-16,048,133400,57.0,97233.47246494183,107.62406728837723,-66.6,-102.76652753505816
4061,2015-01-19,222,59700,699.0,55493.25734089145,809.4609917685841,-140.3,-144.50674265910857
4062,2015-01-20,597,95100,88.0,103335.85330349677,96.83862300565343,-104.89999999999999,-96.66414669650322
4063,2015-01-21,772,113700,53.0,101306.4793488432,110.2353019853055,-86.3,-98.69352065115679
4064,2015-01-22,849,103000,89.0,87631.89329721863,128.25217683764916,-97.0,-112.36810670278136
4065,2015-01-23,432,91100,77.0,77288.48570943077,159.65990659927695,-108.89999999999999,-122.71151429056923
4066,2015-01-26,996,133500,71.0,122447.61396264503,94.47268272458977,-66.5,-77.55238603735496
4067,2015-01-27,722,73200,92.0,86778.47668591067,140.1736479449069,-126.8,-113.22152331408932
4068,2015-01-28,740,132800,56.0,108391.40085571786,96.42131478422435,-67.19999999999999,-91.60859914428214
4069,2015-01-29,809,82200,65.0,92314.34655417467,128.25070676709896,-117.8,-107.68565344582532
4070,2015-01-30,355,109800,60.0,94500.96362006434,130.35287372001682,-90.2,-105.49903637993566
4071,2015-02-02,192,82900,92.0,88689.8282364148,104.02979215183876,-117.1,-111.31017176358519
4072,2015-02-03,250,120800,53.0,107568.42259551957,99.60815992340666,-79.2,-92.43157740448042
4073,2015-02-04,365,97900,101.0,91984.07456026149,117.32652703589547,-102.1,-108.01592543973851
4074,2015-02-05,690,121000,49.0,124459.24435159293,76.22995509502383,-79.0,-75.54075564840706
4075,2015-02-06,201,104100,76.0,94587.3840499857,128.86665297398346,-95.89999999999999,-105.4126159500143
4076,2015-02-09,377,121800,87.0,98852.61523450904,115.84932357727821,-78.2,-101.14738476549095
4077,2015-02-10,583,71200,86.0,90223.43138747649,109.34488887094034,-128.8,-109.7765686125235
4078,2015-02-11,266,112900,60.0,98484.33250331334,120.12030725127786,-87.1,-101.51566749668666
4079,2015-02-12,349,101300,79.0,84339.12494025164,131.88168716146734,-98.7,-115.66087505974836
4080,2015-02-13,539,99700,75.0,82174.9073837255,140.36125270863232,-100.3,-117.8250926162745
4081,2015-02-16,202,89400,153.0,105170.55388485568,134.02561112016565,-110.6,-94.82944611514432
4082,2015-02-17,845,93000,89.0,86656.54379684814,127.93775897605792,-107.0,-113.34345620315186
4083,2015-02-18,682,95600,60.0,92877.54912483398,104.35177580510694,-104.39999999999999,-107.12245087516601
4084,2015-02-19,521,67800,126.0,79938.11045216478,138.45816619237542,-132.2,-120.06188954783522
4085,2015-02-20,829,80000,126.0,78459.32561474583,145.83607886980252,-120.0,-121.54067438525416
4086,2015-02-23,618,68500,160.0,72771.08549457001,157.70063876637502,-131.5,-127.22891450542998
4087,2015-02-24,904,99200,94.0,97289.05757731442,121.64395810991248,-100.8,-102.71094242268558
4088,2015-02-25,824,76200,116.0,78650.42745885943,141.82194527777492,-123.8,-121.34957254114057
4089,2015-02-26,574,121400,45.0,96407.4223030679,107.59202356888488,-78.6,-103.5925776969321
4090,2015-02-27,311,66600,152.0,77321.1508678342,171.77299829397512,-133.4,-122.6788491321658
4091,2015-03-02,161,125800,78.0,92470.24218183097,121.86242617675369,-74.2,-107.52975781816903
4092,2015-03-03,462,64600,114.0,92613.07379157889,113.10900387714075,-135.4,-107.3869262084211
4093,2015-03-04,227,60500,140.0,78491.50214867227,167.23286608498347,-139.5,-121.50849785132773
4094,2015-03-05,751,83800,78.0,85212.18668525844,120.4079549150048,-116.2,-114.78781331474157
4095,2015-03-06,526,68700,122.0,82337.89014094959,142.9721890092168,-131.3,-117.6621098590504
4096,2015-03-09,862,87500,103.0,89208.08961556428,114.3231717830513,-112.5,-110.79191038443571
4097,2015-03-10,100,113600,62.0,106051.91574824376,120.55295420476192,-86.39999999999999,-93.94808425175624
4098,2015-03-11,623,69700,135.0,82712.92227752421,137.85493364619563,-130.3,-117.28707772247579
4099,2015-03-12,553,126600,70.0,96238.52154239392,126.85523013184296,-73.39999999999999,-103.76147845760607
4100,2015-03-13,302,124100,86.0,93268.55485246638,132.5470964264885,-75.89999999999999,-106.73144514753362
4101,2015-03-16,813,68900,133.0,72242.69824892443,152.75697126647415,-131.1,-127.75730175107557
4102,2015-03-17,607,135600,50.0,96450.29586177702,122.27611119045571,-64.4,-103.54970413822298
4103,2015-03-18,944,82500,80.0,97530.9512988509,127.40583025279214,-117.5,-102.4690487011491
4104,2015-03-19,339,84000,106.0,85427.4507214145,146.85534120091512,-116.0,-114.5725492785855
4105,2015-03-20,663,99000,99.0,102330.64786728552,116.61598234927862,-101.0,-97.66935213271448
4106,2015-03-23,011,114100,73.0,101902.89403181223,127.14218142105331,-85.89999999999999,-98.09710596818776
4107,2015-03-24,245,91800,69.0,86247.77666604126,127.44934234663607,-108.2,-113.75222333395874
4108,2015-03-25,427,66900,137.0,80122.71212083295,140.062133224048,-133.1,-119.87728787916706
4109,2015-03-26,908,83900,63.0,93060.66367478148,126.13517910667392,-116.1,-106.93933632521852
4110,2015-03-27,928,77100,113.0,79009.02574264514,143.54904474765578,-122.89999999999999,-120.99097425735485
4111,2015-03-30,187,95900,63.0,85427.22145945986,108.58249144002893,-104.1,-114.57277854054014
4112,2015-03-31,007,106600,87.0,91581.20855581973,142.0766142750171,-93.39999999999999,-108.41879144418027
4113,2015-04-01,336,94600,83.0,88929.3196275514,142.16054637267453,-105.39999999999999,-111.07068037244859
4114,2015-04-02,677,88000,99.0,111385.1633013678,106.7157877076563,-112.0,-88.6148366986322
4115,2015-04-03,845,95100,78.0,86669.20986785811,127.38775160039287,-104.89999999999999,-113.33079013214189
4116,2015-04-06,159,92700,95.0,80148.15653773485,131.6282078132111,-107.3,-119.85184346226515
4117,2015-04-07,589,92100,85.0,98018.98042457299,104.54194124476392,-107.89999999999999,-101.98101957542701
4118,2015-04-08,521,97200,64.0,79905.07269684636,137.75653975598172,-102.8,-120.09492730315364
4119,2015-04-09,988,100900,61.0,119048.89449843226,97.96058369501486,-99.1,-80.95110550156774
4120,2015-04-10,658,98000,76.0,90853.69260418239,121.50460400462421,-102.0,-109.1463073958176
4121,2015-04-13,507,106300,87.0,93915.69123685126,124.96280728824978,-93.7,-106.08430876314874
4122,2015-04-14,986,116500,41.0,105488.81242144523,97.68359200953267,-83.5,-94.51118757855477
4123,2015-04-15,675,86900,91.0,101048.88306109249,104.10679348139153,-113.1,-98.9511169389075
4124,2015-04-16,009,116400,78.0,90846.65704383864,146.4887987283002,-83.6,-109.15334295616135
4125,2015-04-17,348,100200,66.0,80887.40880833173,133.80020199798156,-99.8,-119.11259119166827
4126,2015-04-20,164,85000,96.0,87211.00246624408,117.18058842122088,-115.0,-112.78899753375592
4127,2015-04-21,222,62800,521.0,55458.050866027246,803.3611450379846,-137.2,-144.54194913397276
4128,2015-04-22,220,81900,107.0,107663.336686462,119.58126331181586,-118.1,-92.336663313538
4129,2015-04-23,081,114200,56.0,104993.89256213902,85.81807438291946,-85.8,-95.00610743786098
4130,2015-04-24,153,72800,113.0,82935.18334550093,125.28940415078083,-127.2,-117.06481665449907
4131,2015-04-27,190,102800,58.0,113068.32748506991,79.70550820730205,-97.2,-86.93167251493009
4132,2015-04-28,450,125900,50.0,111289.7419269753,97.18130441724378,-74.1,-88.71025807302469
4133,2015-04-29,899,77400,72.0,121302.17364373447,93.96723510878242,-122.6,-78.69782635626554
4134,2015-04-30,242,114500,57.0,96300.27073220168,126.51865922611849,-85.5,-103.69972926779832
4135,2015-05-01,897,103000,46.0,108508.22909191842,90.95003051014079,-97.0,-91.49177090808158
4136,2015-05-04,636,118700,59.0,96583.50421840516,138.30049409689906,-81.3,-103.41649578159485
4137,2015-05-05,856,105400,43.0,92246.79715593952,119.28219816965647,-94.6,-107.75320284406048
4138,2015-05-06,906,129800,52.0,97885.69171542204,122.63029861491324,-70.19999999999999,-102.11430828457796
4139,2015-05-07,905,94300,47.0,96041.33003923796,124.17334787491333,-105.7,-103.95866996076204
4140,2015-05-08,440,79800,110.0,120026.63130345297,98.61807376482291,-120.2,-79.97336869654703
4141,2015-05-11,356,103700,111.0,89581.613186162,123.29974570230884,-96.3,-110.418386813838
4142,2015-05-12,800,96300,67.0,97017.157738232,127.36397318379869,-103.7,-102.982842261768
4143,2015-05-13,595,136400,49.0,111494.24218274506,104.30124080329706,-63.599999999999994,-88.50575781725493
4144,2015-05-14,361,96800,67.0,86498.73628089589,116.60597550900619,-103.2,-113.50126371910412
4145,2015-05-15,735,75500,109.0,84248.6380694543,133.4410344721461,-124.5,-115.7513619305457
4146,2015-05-18,991,105400,77.0,106738.47726907494,98.59446671127304,-94.6,-93.26152273092507
4147,2015-05-19,433,95900,91.0,91934.13197375587,136.5933723874814,-104.1,-108.06586802624413
4148,2015-05-20,576,127500,40.0,100226.26505356049,104.69145228785517,-72.5,-99.7737349464395
4149,2015-05-21,934,97300,60.0,85990.11991613221,130.91796396946287,-102.7,-114.00988008386778
4150,2015-05-22,977,96400,81.0,113485.41035731808,103.05829926274787,-103.6,-86.51458964268193
4151,2015-05-25,362,88800,114.0,89692.84127745623,114.51926797324002,-111.2,-110.30715872254376
4152,2015-05-26,166,104400,56.0,94250.82541513363,121.7465259819539,-95.6,-105.74917458486637
4153,2015-05-27,309,94500,70.0,86262.4807387753,145.00175544893847,-105.5,-113.7375192612247
4154,2015-05-28,384,105600,63.0,89392.04082593718,108.3340722563916,-94.39999999999999,-110.60795917406283
4155,2015-05-29,778,93200,83.0,107134.49565923958,106.4125944828611,-106.8,-92.86550434076042
4156,2015-06-01,465,100200,95.0,96582.12884738536,112.37035754036914,-99.8,-103.41787115261464
4157,2015-06-02,641,116700,74.0,85713.6741968521,124.4603167528786,-83.3,-114.2863258031479
4158,2015-06-03,537,81200,81.0,83120.95143826993,135.25160047973066,-118.8,-116.87904856173007
4159,2015-06-04,858,109100,60.0,102734.59055032216,122.07501156900314,-90.89999999999999,-97.26540944967783
4160,2015-06-05,191,92000,87.0,95541.75121273492,107.59896362733481,-108.0,-104.45824878726508
4161,2015-06-08,081,105200,63.0,104974.77417420564,85.04635161984356,-94.8,-95.02522582579437
4162,2015-06-09,240,82400,92.0,110073.61690943847,94.10611952378312,-117.6,-89.92638309056153
4163,2015-06-10,455,103100,62.0,99293.17095126172,123.77473272321274,-96.89999999999999,-100.70682904873827
4164,2015-06-11,402,96300,85.0,100032.26012417287,114.58791408307832,-103.7,-99.96773987582714
4165,2015-06-12,549,79300,102.0,88507.95218537832,128.0421080252324,-120.7,-111.49204781462167
4166,2015-06-15,690,113200,74.0,124401.94342403003,75.60438728370727,-86.8,-75.59805657596996
4167,2015-06-16,589,89300,89.0,97915.23836867107,103.39330230024109,-110.7,-102.08476163132893
4168,2015-06-17,451,91400,81.0,86917.15863099565,119.85961694919898,-108.6,-113.08284136900436
4169,2015-06-18,313,65200,137.0,80256.77807902766,173.55000516792063,-134.8,-119.74322192097235
4170,2015-06-19,258,74500,108.0,80678.32240465752,128.93610185176726,-125.5,-119.32167759534248
4171,2015-06-22,880,107600,78.0,128355.46335311524,80.93291971593325,-92.39999999999999,-71.64453664688477
4172,2015-06-23,454,96500,80.0,103892.85755272908,121.58667160509853,-103.5,-96.10714244727092
4173,2015-06-24,691,97800,64.0,95585.05073703949,98.69197385376731,-102.2,-104.4149492629605
4174,2015-06-25,885,111600,80.0,108383.97326959397,103.08649299346023,-88.39999999999999,-91.61602673040602
4175,2015-06-26,086,112200,61.0,111360.89875319315,85.17989123786153,-87.8,-88.63910124680685
4176,2015-06-29,319,79100,142.0,68411.09215111096,178.70726561659035,-120.89999999999999,-131.58890784888905
4177,2015-06-30,686,144000,60.0,112777.66649935277,103.67173394655258,-56.0,-87.22233350064722
4178,2015-07-01,470,106800,62.0,115197.06869547367,83.43126279947585,-93.2,-84.80293130452633
4179,2015-07-02,516,89400,97.0,77076.97142063313,151.43247664211168,-110.6,-122.92302857936687
4180,2015-07-03,447,108000,78.0,94577.0345367801,128.87966926391906,-92.0,-105.4229654632199
4181,2015-07-06,174,79900,87.0,86570.88989753727,111.97341279568526,-120.1,-113.42911010246273
4182,2015-07-07,097,119600,60.0,118009.88849794236,78.8970186883846,-80.39999999999999,-81.99011150205764
4183,2015-07-08,583,66300,87.0,90371.40814805476,107.8957328461075,-133.7,-109.62859185194523
4184,2015-07-09,590,104000,43.0,120267.52724648289,77.86002207510936,-96.0,-79.73247275351711
4185,2015-07-10,818,76800,131.0,82368.60559881649,157.45215263917848,-123.2,-117.63139440118351
4186,2015-07-13,721,50800,220.0,78812.1455060978,135.1860734406561,-149.2,-121.1878544939022
4187,2015-07-14,279,65200,114.0,90240.54535915065,110.90696721184655,-134.8,-109.75945464084934
4188,2015-07-15,023,113000,56.0,96896.4188511013,120.56076254335224,-87.0,-103.1035811488987
4189,2015-07-16,334,76900,84.0,91171.70399946858,136.42041496560628,-123.1,-108.82829600053142
4190,2015-07-17,598,98900,67.0,100656.41703679618,97.97237271318573,-101.1,-99.34358296320381
4191,2015-07-20,844,104700,67.0,92628.37780051972,129.22445735740376,-95.3,-107.37162219948027
4192,2015-07-21,895,131800,51.0,102913.849552336,95.29110538217475,-68.19999999999999,-97.086150447664
4193,2015-07-22,013,120400,57.0,92744.43703362146,127.22577924834542,-79.6,-107.25556296637853
4194,2015-07-23,300,77400,111.0,103985.84417008629,120.79823932744995,-122.6,-96.0141558299137
4195,2015-07-24,468,90400,80.0,90600.7012155098,116.11063601607808,-109.6,-109.3992987844902
4196,2015-07-27,287,77200,77.0,89238.92903044283,106.13749394502817,-122.8,-110.76107096955717
4197,2015-07-28,080,147700,36.0,116672.36046507239,85.96299663770836,-52.29999999999998,-83.32763953492761
4198,2015-07-29,461,104900,67.0,89265.1981983226,113.308248470926,-95.1,-110.73480180167739
4199,2015-07-30,409,98500,69.0,93855.80906281537,125.04728515257239,-101.5,-106.14419093718462
4200,2015-07-31,004,90700,67.0,96997.81088263846,135.30591185217673,-109.3,-103.00218911736154
4201,2015-08-03,336,95100,119.0,88926.55157294143,139.83245126087644,-104.89999999999999,-111.07344842705857
4202,2015-08-04,907,119900,59.0,96343.53530095967,120.17405549733881,-80.1,-103.65646469904033
4203,2015-08-05,275,71400,85.0,89936.2866238704,110.38674505608473,-128.6,-110.0637133761296
4204,2015-08-06,426,76000,80.0,82886.80278691485,138.74650652884642,-124.0,-117.11319721308514
4205,2015-08-07,802,84900,84.0,92527.83294383646,119.10939269472338,-115.1,-107.47216705616354
4206,2015-08-10,567,105500,90.0,88484.3796534906,133.99818190190854,-94.5,-111.5156203465094
4207,2015-08-11,419,86500,78.0,74396.27349061857,154.64324035219815,-113.5,-125.60372650938143
4208,2015-08-12,119,64700,147.0,71354.05799982537,183.57300341435476,-135.3,-128.6459420001746
4209,2015-08-13,809,56100,79.0,92499.65777015919,124.04156900904191,-143.9,-107.50034222984081
4210,2015-08-14,859,82700,55.0,91494.36845477977,118.09596107469164,-117.3,-108.50563154522023
4211,2015-08-17,507,104100,95.0,94057.03238935662,123.3213016560054,-95.89999999999999,-105.94296761064338
4212,2015-08-18,978,86100,54.0,102917.3521515345,98.93958518170443,-113.89999999999999,-97.0826478484655
4213,2015-08-19,580,91600,72.0,112563.57570859863,81.94952505394605,-108.39999999999999,-87.43642429140137
4214,2015-08-20,214,82000,82.0,73624.87149121928,163.36072205937447,-118.0,-126.37512850878072
4215,2015-08-21,372,82100,82.0,88868.98277601357,109.1641972901756,-117.89999999999999,-111.13101722398643
4216,2015-08-24,315,52500,216.0,71110.33023604502,171.80681818817362,-147.5,-128.889669763955
4217,2015-08-25,282,99600,63.0,95331.56445682842,110.08976935646717,-100.39999999999999,-104.66843554317158
4218,2015-08-26,920,86000,106.0,102791.46316527078,104.75071417141352,-114.0,-97.20853683472922
4219,2015-08-27,778,113200,61.0,106997.19863449212,105.47599072194305,-86.8,-93.00280136550788
4220,2015-08-28,169,84600,62.0,84779.32728405805,121.05981445880631,-115.39999999999999,-115.22067271594196
4221,2015-08-31,763,113700,79.0,94025.6406021041,110.31401915292408,-86.3,-105.9743593978959
4222,2015-09-01,104,78500,109.0,90992.60743902762,132.91428441802248,-121.5,-109.00739256097238
4223,2015-09-02,787,138900,36.0,114267.63853373134,99.49959239046017,-61.099999999999994,-85.73236146626866
4224,2015-09-03,890,68800,73.0,110569.14719438301,90.45110102265927,-131.2,-89.430852805617
4225,2015-09-04,489,97200,68.0,96122.02624206751,103.1436814414425,-102.8,-103.87797375793248
4226,2015-09-07,678,79200,147.0,89727.79913549988,125.52291838366594,-120.8,-110.27220086450012
4227,2015-09-08,423,95600,63.0,83574.02757642025,134.9555300891591,-104.39999999999999,-116.42597242357975
4228,2015-09-09,896,120400,44.0,107398.9969733772,91.424810347259,-79.6,-92.60100302662279
4229,2015-09-10,468,78700,101.0,90725.95375788122,115.02737179273193,-121.3,-109.27404624211879
4230,2015-09-11,549,96300,55.0,88550.17956000633,127.39459893205883,-103.7,-111.44982043999366
4231,2015-09-14,820,111000,98.0,97786.18060391075,106.78169147965583,-89.0,-102.21381939608925
4232,2015-09-15,759,108000,65.0,93894.95182067987,116.49836306797322,-92.0,-106.10504817932014
4233,2015-09-16,117,51000,213.0,71820.26424721532,179.08882612220597,-149.0,-128.17973575278467
4234,2015-09-17,306,86100,95.0,89998.19630470386,138.95267327952718,-113.89999999999999,-110.00180369529613
4235,2015-09-18,302,128300,54.0,93543.45293995333,129.91130358804685,-71.69999999999999,-106.45654706004666
4236,2015-09-21,243,95800,59.0,87024.56312694549,123.19207855127522,-104.2,-112.9754368730545
4237,2015-09-22,264,90000,55.0,91213.89475915635,113.54419618446016,-110.0,-108.78610524084365
4238,2015-09-23,144,104700,49.0,89992.02565288218,130.47175136770832,-95.3,-110.00797434711782
4239,2015-09-24,924,38300,258.0,82621.2914689479,137.28972027952253,-161.7,-117.37870853105211
4240,2015-09-25,792,86500,87.0,98824.69326598688,94.94353588072642,-113.5,-101.17530673401312
4241,2015-09-28,191,119000,50.0,95509.03866045535,106.53767181136743,-81.0,-104.49096133954465
4242,2015-09-29,166,119900,58.0,94197.03638776224,120.95644100012703,-80.1,-105.80296361223776
4243,2015-09-30,945,126600,49.0,91213.38900657446,122.87637547505113,-73.39999999999999,-108.78661099342554
4244,2015-10-01,203,110400,51.0,92853.03642754073,131.08940630609018,-89.6,-107.14696357245927
4245,2015-10-02,468,81700,88.0,90725.95375788122,115.02737179273193,-118.3,-109.27404624211879
4246,2015-10-05,173,97000,67.0,84431.05901463184,112.94303015645941,-103.0,-115.56894098536816
4247,2015-10-06,524,80000,110.0,83236.06480866102,137.47325497050466,-120.0,-116.76393519133899
4248,2015-10-07,425,87500,98.0,81470.54101742443,145.09225086207528,-112.5,-118.52945898257556
4249,2015-10-08,321,84900,98.0,68791.46430995739,184.19706376180278,-115.1,-131.2085356900426
4250,2015-10-09,658,99700,50.0,90944.24606741431,117.85825041546883,-100.3,-109.05575393258569
4251,2015-10-12,185,88900,67.0,83903.59407615018,110.99893622936526,-111.1,-116.09640592384982
4252,2015-10-13,418,72000,96.0,71200.3856110756,155.02580248097178,-128.0,-128.7996143889244
4253,2015-10-14,119,73600,111.0,71173.62956660656,182.70063570284296,-126.39999999999999,-128.82637043339344
4254,2015-10-15,288,112700,58.0,97576.91653408273,108.47217218731372,-87.3,-102.42308346591727
4255,2015-10-16,503,81400,112.0,96635.64722390409,119.40778457530148,-118.6,-103.36435277609591
4256,2015-10-19,363,114700,83.0,99880.61338011664,118.5925237002249,-85.3,-100.11938661988336
4257,2015-10-20,504,115200,57.0,98180.0672513798,118.52863600332884,-84.8,-101.81993274862019
4258,2015-10-21,458,86300,78.0,86593.62449689818,121.97438374736504,-113.7,-113.40637550310183
4259,2015-10-22,396,71400,69.0,97831.2865802712,99.35644845252563,-128.6,-102.16871341972879
4260,2015-10-23,686,120400,60.0,113073.89224362938,101.0405309006686,-79.6,-86.92610775637061
4261,2015-10-26,370,100000,96.0,111588.96810908524,84.55441982653538,-100.0,-88.41103189091476
4262,2015-10-27,906,116300,48.0,97857.17788513811,119.3180867427016,-83.7,-102.14282211486189
4263,2015-10-28,049,132700,45.0,101725.8530301798,103.03597273167681,-67.30000000000001,-98.2741469698202
4264,2015-10-29,118,62000,162.0,68167.09017930776,184.97391296297974,-138.0,-131.83290982069224
4265,2015-10-30,394,113300,65.0,95703.6153946552,99.9365108753855,-86.7,-104.2963846053448
4266,2015-11-02,675,97200,77.0,101129.68265097993,102.24853705257911,-102.8,-98.87031734902007
4267,2015-11-03,230,97000,55.0,101256.55358456251,109.77891676927088,-103.0,-98.74344641543749
4268,2015-11-04,675,134900,44.0,101129.68265097993,102.24853705257911,-65.1,-98.87031734902007
4269,2015-11-05,715,71000,117.0,75679.24432394467,149.17333429896877,-129.0,-124.32075567605533
4270,2015-11-06,220,103100,80.0,107521.17956343807,116.01289636471212,-96.89999999999999,-92.47882043656193
4271,2015-11-09,708,106500,88.0,90795.5011399095,122.55467652596369,-93.5,-109.20449886009051
4272,2015-11-10,945,102400,54.0,91149.00724404918,122.0988708788289,-97.6,-108.85099275595081
4273,2015-11-11,493,99300,71.0,96389.85742503875,99.1335272312162,-100.7,-103.61014257496124
4274,2015-11-12,711,73300,121.0,79569.8573547012,149.9071466930527,-126.7,-120.43014264529879
4275,2015-11-13,050,124600,56.0,116047.4222626611,99.09733882343791,-75.39999999999999,-83.9525777373389
4276,2015-11-16,305,50600,415.0,89638.03483875508,137.80549113752085,-149.4,-110.36196516124492
4277,2015-11-17,757,105700,66.0,105215.59637648259,119.01270668570001,-94.3,-94.7844036235174
4278,2015-11-18,414,99200,85.0,87516.72878494278,148.72341785911453,-100.8,-112.48327121505721
4279,2015-11-19,161,83900,72.0,92780.27282943239,119.3617088567991,-116.1,-107.21972717056761
4280,2015-11-20,851,110300,52.0,81193.56638832108,123.25034062493687,-89.7,-118.80643361167891
4281,2015-11-23,359,89900,86.0,85973.69676977055,125.15158741442325,-110.1,-114.02630323022944
4282,2015-11-24,691,103500,54.0,95445.97222046161,97.96516413547312,-96.5,-104.55402777953839
4283,2015-11-25,748,86800,63.0,86171.2808980354,123.43013058571815,-113.2,-113.8287191019646
4284,2015-11-26,895,74500,71.0,102871.29469386756,93.59002894619512,-125.5,-97.12870530613243
4285,2015-11-27,372,86000,58.0,88986.13182433393,108.6668185282936,-114.0,-111.01386817566606
4286,2015-11-30,547,96900,100.0,89271.41695141388,123.32661170472738,-103.1,-110.72858304858612
4287,2015-12-01,784,108800,61.0,96940.81278311156,99.05331134414668,-91.2,-103.05918721688845
4288,2015-12-02,999,62700,522.0,85834.08717244762,452.8461929322993,-137.3,-114.16591282755238
4289,2015-12-03,422,100000,73.0,89598.97109284015,135.99994364022893,-100.0,-110.40102890715985
4290,2015-12-04,192,91300,64.0,88644.09119431027,101.4463934056853,-108.7,-111.35590880568972
4291,2015-12-07,429,65800,130.0,79566.21294761452,142.0274155865814,-134.2,-120.43378705238548
4292,2015-12-08,368,67600,109.0,86564.3275909555,117.8821873301249,-132.4,-113.4356724090445
4293,2015-12-09,687,100200,87.0,101669.75892053664,96.35450007301891,-99.8,-98.33024107946336
4294,2015-12-10,336,82900,98.0,89057.24066474095,139.27302730245097,-117.1,-110.94275933525904
4295,2015-12-11,332,104000,104.0,90537.35841688525,132.39253056272014,-96.0,-109.46264158311475
4296,2015-12-14,671,99200,83.0,91688.39524734262,106.13032473886142,-100.8,-108.31160475265737
4297,2015-12-15,484,115800,63.0,103233.0607136328,107.03642874141103,-84.2,-96.76693928636719
4298,2015-12-16,166,105400,93.0,94371.70642225927,119.53382743563878,-94.6,-105.62829357774072
4299,2015-12-17,308,72700,152.0,82402.80498502281,144.08109350211348,-127.3,-117.59719501497719
4300,2015-12-18,966,114900,82.0,110148.85497148763,108.17185631285422,-85.1,-89.85114502851236
4301,2015-12-21,530,105000,109.0,105261.89601798516,101.19032513892252,-95.0,-94.73810398201483
4302,2015-12-22,454,115300,83.0,104489.11222035288,117.6571427519998,-84.7,-95.51088777964712
4303,2015-12-23,447,116400,70.0,94737.24479642647,127.09524092743774,-83.6,-105.26275520357352
4304,2015-12-24,187,116000,47.0,85289.46837544616,107.30293429558328,-84.0,-114.71053162455384
4305,2015-12-25,166,103700,107.0,94371.70642225927,119.53382743563878,-96.3,-105.62829357774072
4306,2015-12-28,549,85500,104.0,88496.43938370958,125.50262983220492,-114.5,-111.50356061629041
4307,2015-12-29,710,87200,95.0,97759.46597442194,109.5432517426698,-112.8,-102.24053402557806
4308,2015-12-30,350,115000,63.0,108090.02965007284,97.04247502821563,-85.0,-91.90997034992715
4309,2016-01-04,748,113600,51.0,86257.80449762085,122.60340672727612,-86.39999999999999,-113.74219550237915
4310,2016-01-05,988,87400,98.0,118129.38467271227,93.36243559384806,-112.6,-81.87061532728772
4311,2016-01-06,274,82500,100.0,90604.16095269693,107.28585541649802,-117.5,-109.39583904730307
4312,2016-01-07,603,103100,75.0,97555.28615495839,118.03116760445181,-96.89999999999999,-102.4447138450416
4313,2016-01-08,797,108300,58.0,122324.55461354292,91.86232875487077,-91.7,-77.67544538645708
4314,2016-01-11,787,84800,118.0,114481.58063883347,97.8052079602757,-115.2,-85.51841936116652
4315,2016-01-12,946,81400,77.0,92873.83613704966,119.49531640071395,-118.6,-107.12616386295034
4316,2016-01-13,081,108900,54.0,104979.06842285045,82.80346667310562,-91.1,-95.02093157714954
4317,2016-01-14,727,89900,95.0,90295.69250370927,141.8507640770068,-110.1,-109.70430749629072
4318,2016-01-15,992,108500,57.0,109846.2412706608,95.64965093996183,-91.5,-90.1537587293392
4319,2016-01-18,283,89700,111.0,86130.74481604606,106.50132658471972,-110.3,-113.86925518395394
4320,2016-01-19,392,100000,62.0,92694.06647120365,99.2434862506851,-100.0,-107.30593352879634
4321,2016-01-20,814,75400,116.0,73360.16329392501,149.03572067961622,-124.6,-126.63983670607499
4322,2016-01-21,725,49500,196.0,79921.67930859304,144.71840281954672,-150.5,-120.07832069140696
4323,2016-01-22,751,88100,60.0,85162.13674167261,119.20730581826248,-111.89999999999999,-114.83786325832739
4324,2016-01-25,211,84200,88.0,79016.38273800701,159.9367293121862,-115.8,-120.98361726199299
4325,2016-01-26,564,136500,39.0,97606.40175159625,108.55263040880854,-63.5,-102.39359824840375
4326,2016-01-27,504,109400,78.0,98180.1766387139,118.09017531158305,-90.6,-101.8198233612861
4327,2016-01-28,234,92000,74.0,76889.45978423495,155.47733561966172,-108.0,-123.11054021576506
4328,2016-01-29,694,134700,36.0,104002.41330817254,93.58534500204719,-65.30000000000001,-95.99758669182745
4329,2016-02-01,366,110600,99.0,100207.69851671802,116.45615741221509,-89.39999999999999,-99.79230148328197
4330,2016-02-02,602,111500,71.0,99032.883852035,114.68531125144098,-88.5,-100.967116147965
4331,2016-02-03,712,68100,113.0,76515.4767267482,142.60031862087519,-131.9,-123.48452327325181
4332,2016-02-04,182,83400,83.0,83047.67252277416,106.7622077600364,-116.6,-116.95232747722584
4333,2016-02-05,418,80900,100.0,71284.88690994245,153.81697774217,-119.1,-128.71511309005757
4334,2016-02-08,305,83300,126.0,89410.75062107669,137.6203946667962,-116.7,-110.58924937892331
4335,2016-02-09,344,109400,67.0,95870.00972059838,125.39463781809111,-90.6,-104.12999027940162
4336,2016-02-10,307,99700,86.0,86715.89602295929,139.4875554504016,-100.3,-113.2841039770407
4337,2016-02-11,136,79400,88.0,78925.197126803,136.0537708496249,-120.6,-121.074802873197
4338,2016-02-12,147,60500,152.0,79765.75935832935,129.69363720598508,-139.5,-120.23424064167065
4339,2016-02-15,886,105300,115.0,113047.97749454009,97.21951005600732,-94.7,-86.95202250545991
4340,2016-02-16,721,68900,141.0,78659.7268575231,135.1099489874586,-131.1,-121.3402731424769
4341,2016-02-17,092,102800,74.0,114544.54209909157,77.44852058082864,-97.2,-85.45545790090843
4342,2016-02-18,934,111200,64.0,85850.09209805491,129.57484153414234,-88.8,-114.14990790194508
4343,2016-02-19,055,105800,62.0,115422.98606942767,99.49933615911563,-94.2,-84.57701393057232
4344,2016-02-22,456,81100,150.0,85338.38224500346,140.6767124728959,-118.89999999999999,-114.66161775499653
4345,2016-02-23,908,71000,92.0,92879.23258263973,120.82877851312428,-129.0,-107.12076741736027
4346,2016-02-24,837,87900,82.0,80902.46591052666,132.28748994977644,-112.1,-119.09753408947334
4347,2016-02-25,878,89700,78.0,115105.38594902445,99.63577682091048,-110.3,-84.89461405097555
4348,2016-02-26,250,138500,50.0,107885.48570891068,95.20898331535791,-61.5,-92.11451429108932
4349,2016-02-29,311,66800,169.0,77131.23354259641,165.3443389991768,-133.2,-122.86876645740358
4350,2016-03-01,099,128100,36.0,128983.80122540484,80.10957060916803,-71.9,-71.01619877459515
4351,2016-03-02,927,79800,88.0,81567.67838773954,135.1232575429896,-120.2,-118.43232161226047
4352,2016-03-03,002,96500,143.0,99888.87131034,126.39020033171231,-103.5,-100.11112868966
4353,2016-03-04,201,75400,105.0,94237.12568137184,123.30189485441684,-124.6,-105.76287431862816
4354,2016-03-07,405,103800,120.0,97557.74874849843,118.22422102497238,-96.2,-102.44225125150157
4355,2016-03-08,500,81000,100.0,102023.81994093794,122.8974753892897,-119.0,-97.97618005906206
4356,2016-03-09,334,97600,82.0,91559.95313118875,132.83785600746901,-102.39999999999999,-108.44004686881124
4357,2016-03-10,244,82800,93.0,94664.5379701255,124.19346887998098,-117.2,-105.33546202987449
4358,2016-03-11,200,95600,128.0,105920.1782121788,115.29454768732546,-104.39999999999999,-94.0798217878212
4359,2016-03-14,426,72400,135.0,83272.65053303615,135.00742908159094,-127.6,-116.72734946696384
4360,2016-03-15,986,114700,68.0,104872.54406938191,93.71036954555618,-85.3,-95.12745593061808
4361,2016-03-16,937,121500,54.0,84832.51724891558,129.14414546519288,-78.5,-115.16748275108442
4362,2016-03-17,146,104500,73.0,82977.2275170464,126.78654545286514,-95.5,-117.0227724829536
4363,2016-03-18,213,81500,93.0,73568.61884025426,158.90291698645618,-118.5,-126.43138115974574
4364,2016-03-21,257,80100,107.0,85330.95168182661,120.88192904502301,-119.89999999999999,-114.66904831817338
4365,2016-03-22,187,107700,49.0,85239.61154790722,107.13445113076565,-92.3,-114.76038845209278
4366,2016-03-23,355,93600,94.0,95137.01959934988,124.70420588682529,-106.39999999999999,-104.86298040065012
4367,2016-03-24,207,81500,108.0,87330.10824300788,136.182694634679,-118.5,-112.66989175699212
4368,2016-03-25,913,88200,80.0,75785.94907097564,147.08725994508,-111.8,-124.21405092902437
4369,2016-03-28,457,103300,76.0,91148.15692771575,116.55601708285258,-96.7,-108.85184307228424
4370,2016-03-29,446,96400,92.0,98261.15000933844,124.13334080901349,-103.6,-101.73884999066156
4371,2016-03-30,622,78600,112.0,89051.42504981566,136.53579667902318,-121.39999999999999,-110.94857495018434
4372,2016-03-31,654,108500,53.0,86868.79528138458,136.8223195322751,-91.5,-113.13120471861542
4373,2016-04-01,375,61600,134.0,91565.59552627617,108.73357664261545,-138.4,-108.43440447372383
4374,2016-04-04,304,92300,123.0,92031.6905433905,132.15629851723762,-107.7,-107.96830945660949
4375,2016-04-05,602,129800,61.0,99127.99495736908,114.00667492258556,-70.19999999999999,-100.87200504263092
4376,2016-04-06,878,114000,79.0,114543.60311775796,99.42085948008727,-86.0,-85.45639688224205
4377,2016-04-07,065,127500,44.0,112577.86128294698,89.54673383648283,-72.5,-87.42213871705302
4378,2016-04-08,863,98000,43.0,89811.098986095,111.91067953662356,-102.0,-110.188901013905
4379,2016-04-11,900,94100,92.0,100843.97424449398,123.53161474348931,-105.89999999999999,-99.15602575550602
4380,2016-04-12,813,73000,83.0,72145.5251565007,149.9350741034944,-127.0,-127.85447484349929
4381,2016-04-13,763,117500,57.0,94114.39183417377,108.85261011575125,-82.5,-105.88560816582623
4382,2016-04-14,661,97300,79.0,98055.8028815641,114.15159384203264,-102.7,-101.9441971184359
4383,2016-04-15,836,91200,67.0,82344.97614847004,131.70505065078058,-108.8,-117.65502385152996
4384,2016-04-18,180,97400,77.0,105736.90437320221,81.85481942586422,-102.6,-94.26309562679779
4385,2016-04-19,230,104400,63.0,101083.60510934392,109.34305201937251,-95.6,-98.91639489065608
4386,2016-04-20,660,69200,158.0,127458.38357596612,87.48725421778556,-130.8,-72.54161642403388
4387,2016-04-21,603,63600,110.0,97631.15706916616,117.31483505624267,-136.4,-102.36884293083384
4388,2016-04-22,099,105600,67.0,128983.80122540484,80.10957060916803,-94.39999999999999,-71.01619877459515
4389,2016-04-25,188,84500,118.0,93574.85983668789,110.32729125551585,-115.5,-106.42514016331211
4390,2016-04-26,263,91800,74.0,89534.48545860744,112.00165864097245,-108.2,-110.46551454139257
4391,2016-04-27,962,112600,49.0,93263.46771556848,108.8421202654652,-87.39999999999999,-106.73653228443152
4392,2016-04-28,183,73900,105.0,82462.46029449685,109.12690032360331,-126.1,-117.53753970550315
4393,2016-04-29,183,86400,72.0,82462.46029449685,109.12690032360331,-113.6,-117.53753970550315
4394,2016-05-02,701,108600,73.0,94965.52880132798,115.16841507656464,-91.39999999999999,-105.03447119867202
4395,2016-05-03,732,84600,75.0,82985.04771867015,128.217362609161,-115.39999999999999,-117.01495228132985
4396,2016-05-04,942,103400,57.0,87310.72468202017,121.12506427437933,-96.6,-112.68927531797983
4397,2016-05-05,987,105700,46.0,95455.21541381873,111.40175009575127,-94.3,-104.54478458618127
4398,2016-05-06,528,59500,158.0,76080.00371052968,143.111390171348,-140.5,-123.91999628947032
4399,2016-05-09,468,70900,189.0,90939.88795402336,111.7711164568918,-129.1,-109.06011204597664
4400,2016-05-10,933,107500,36.0,89065.0259491609,135.4245070013117,-92.5,-110.93497405083909
4401,2016-05-11,511,37200,324.0,80883.97277528982,148.35308808660224,-162.8,-119.11602722471018
4402,2016-05-12,497,100300,88.0,101510.92018197686,93.71697728784399,-99.7,-98.48907981802313
4403,2016-05-13,339,98400,72.0,85305.59062935167,142.52424159381493,-101.6,-114.69440937064833
4404,2016-05-16,975,99700,98.0,100638.54451368836,100.27538202800626,-100.3,-99.36145548631163
4405,2016-05-17,750,96300,80.0,108645.44642282883,94.93902129086315,-103.7,-91.35455357717117
4406,2016-05-18,590,82200,60.0,119948.5686594203,76.02182663097344,-117.8,-80.0514313405797
4407,2016-05-19,237,98900,67.0,80177.61047738293,132.62286128126726,-101.1,-119.82238952261707
4408,2016-05-20,402,85600,81.0,100135.9445461623,111.1914749618289,-114.39999999999999,-99.86405545383771
4409,2016-05-23,985,90800,159.0,100657.82828366221,96.55232476963018,-109.2,-99.34217171633779
4410,2016-05-24,664,115800,43.0,106580.27655291036,109.22095970088044,-84.2,-93.41972344708964
4411,2016-05-25,070,85600,154.0,119589.81899820371,84.50181515808575,-114.39999999999999,-80.41018100179629
4412,2016-05-26,642,92800,65.0,89355.91234049719,118.39134262249027,-107.2,-110.6440876595028
4413,2016-05-27,271,84400,56.0,85991.69251221477,106.99905138851642,-115.6,-114.00830748778523
4414,2016-05-30,921,82000,126.0,79247.26547198239,133.8113184651096,-118.0,-120.75273452801761
4415,2016-05-31,397,90500,100.0,96819.96879473983,97.29431869147572,-109.5,-103.18003120526016
4416,2016-06-01,658,87900,63.0,91038.7444595126,116.01061329205524,-112.1,-108.9612555404874
4417,2016-06-02,256,85600,123.0,88789.23254169509,118.14251456143727,-114.39999999999999,-111.2107674583049
4418,2016-06-03,093,120400,54.0,113552.52447738044,79.0123612748036,-79.6,-86.44747552261956
4419,2016-06-06,617,81200,129.0,76729.63737937144,145.23405675886818,-118.8,-123.27036262062856
4420,2016-06-07,034,132100,38.0,104889.50113288236,100.45789091150786,-67.9,-95.11049886711764
4421,2016-06-08,262,98200,81.0,99269.87972592904,113.16114872294918,-101.8,-100.73012027407096
4422,2016-06-09,355,108900,59.0,94922.38765261913,124.50542900106434,-91.1,-105.07761234738086
4423,2016-06-10,809,61100,110.0,91994.40012083635,120.97343681740398,-138.9,-108.00559987916365
4424,2016-06-13,244,112300,67.0,94392.3509228248,123.84423521954393,-87.7,-105.6076490771752
4425,2016-06-14,543,94600,61.0,81420.3776748906,143.7115196073429,-105.39999999999999,-118.5796223251094
4426,2016-06-15,742,80800,80.0,86895.47443324358,119.28482007399703,-119.2,-113.10452556675642
4427,2016-06-16,370,107600,57.0,111498.12211242034,83.55027100264236,-92.39999999999999,-88.50187788757965
4428,2016-06-17,063,95900,84.0,110335.64208278249,88.8325338696398,-104.1,-89.6643579172175
4429,2016-06-20,724,75800,120.0,82219.98971017882,132.85597757956216,-124.2,-117.78001028982118
4430,2016-06-21,615,72100,119.0,77941.73646337063,145.50209034635813,-127.89999999999999,-122.05826353662937
4431,2016-06-22,125,74800,107.0,71804.80709247314,165.8308177772022,-125.2,-128.19519290752686
4432,2016-06-23,693,84400,55.0,100109.99190360759,95.16038753680857,-115.6,-99.8900080963924
4433,2016-06-24,088,86600,69.0,120193.3930929506,85.21559219238513,-113.39999999999999,-79.8066069070494
4434,2016-06-27,440,74500,151.0,119662.78756835299,95.36333579309324,-125.5,-80.33721243164702
4435,2016-06-28,546,87000,59.0,92616.84887116677,119.3529209351472,-113.0,-107.38315112883322
4436,2016-06-29,748,78500,97.0,86258.40081182335,121.44417981889836,-121.5,-113.74159918817665
4437,2016-06-30,602,113500,65.0,99069.03162555098,113.14746085080884,-86.5,-100.93096837444901
4438,2016-07-01,958,108400,57.0,91974.50448216604,113.964085074155,-91.6,-108.02549551783396
4439,2016-07-04,728,62800,162.0,77206.96069030454,138.3118530315028,-137.2,-122.79303930969546
4440,2016-07-05,514,76800,122.0,78089.77068229875,143.95084224045073,-123.2,-121.91022931770125
4441,2016-07-06,510,87400,99.0,99339.87608647278,108.54586129336143,-112.6,-100.66012391352722
4442,2016-07-07,003,131900,44.0,96418.33103648922,132.125243411903,-68.1,-103.58166896351078
4443,2016-07-08,443,105600,66.0,96544.72401307499,123.07614541956364,-94.39999999999999,-103.45527598692502
4444,2016-07-11,826,77600,132.0,79264.03889556466,137.0294407414019,-122.39999999999999,-120.73596110443533
4445,2016-07-12,716,75000,117.0,77283.14072970451,144.00245271107983,-125.0,-122.71685927029549
4446,2016-07-13,291,83300,88.0,89485.0716359492,98.6350723840691,-116.7,-110.51492836405079
4447,2016-07-14,001,136600,40.0,99632.0600412473,124.49406882118626,-63.400000000000006,-100.3679399587527
4448,2016-07-15,292,106900,49.0,101857.74786505148,100.88600211679963,-93.1,-98.14225213494852
4449,2016-07-18,914,88800,106.0,77151.0129921176,143.70401282624448,-111.2,-122.8489870078824
4450,2016-07-19,804,82500,97.0,92070.50540815761,119.33036613353966,-117.5,-107.92949459184238
4451,2016-07-20,451,105100,45.0,87238.29296902398,115.82281803340726,-94.89999999999999,-112.76170703097601
4452,2016-07-21,095,95900,68.0,115422.09851464287,79.07409880975635,-104.1,-84.57790148535713
4453,2016-07-22,141,89100,86.0,90748.89649975923,125.40902419295684,-110.89999999999999,-109.25110350024077
4454,2016-07-25,097,131100,54.0,117227.73058482686,77.40647364837247,-68.9,-82.77226941517314
4455,2016-07-26,356,95800,81.0,90235.69580940422,117.48217210230354,-104.2,-109.76430419059578
4456,2016-07-27,052,113200,53.0,108029.00722007362,90.65998087611298,-86.8,-91.97099277992638
4457,2016-07-28,047,111100,50.0,102689.71039564883,99.00432529409181,-88.89999999999999,-97.31028960435117
4458,2016-07-29,532,99200,71.0,84600.33918342895,126.56246297019865,-100.8,-115.39966081657104
4459,2016-08-01,806,105000,76.0,92670.57211341594,119.6768196681991,-95.0,-107.32942788658406
4460,2016-08-02,206,101400,57.0,90488.72572522413,132.6770941266979,-98.6,-109.51127427477587
4461,2016-08-03,308,62900,103.0,82247.39888071957,143.58817800298496,-137.1,-117.75260111928043
4462,2016-08-04,867,127100,42.0,97551.94392204116,103.91699376434819,-72.89999999999999,-102.44805607795884
4463,2016-08-05,623,68700,108.0,83163.25411637934,132.19168655627854,-131.3,-116.83674588362067
4464,2016-08-08,682,98100,58.0,92735.99741982283,100.49887915960689,-101.89999999999999,-107.26400258017716
4465,2016-08-09,058,113900,45.0,99381.89420671601,99.41419321148437,-86.1,-100.61810579328399
4466,2016-08-10,472,86300,69.0,91946.0584519671,103.99052248543947,-113.7,-108.0539415480329
4467,2016-08-11,067,110300,50.0,110953.84936531066,88.65335427928976,-89.7,-89.04615063468934
4468,2016-08-12,377,88200,73.0,98777.79473438484,111.56403470571924,-111.8,-101.22220526561516
4469,2016-08-15,367,88700,89.0,91610.79648009811,111.35506808683984,-111.3,-108.38920351990188
4470,2016-08-16,773,70700,178.0,101593.89968955475,107.88243180621284,-129.3,-98.40610031044525
4471,2016-08-17,001,155800,39.0,99837.74159794522,122.83465414400645,-44.19999999999999,-100.16225840205477
4472,2016-08-18,142,100800,59.0,84412.82163090743,118.88294297158423,-99.2,-115.58717836909257
4473,2016-08-19,768,131100,44.0,96868.78483222077,104.79243830636827,-68.9,-103.13121516777923
4474,2016-08-22,621,72900,121.0,81000.37292071227,131.40036415483297,-127.1,-118.99962707928773
4475,2016-08-23,695,96100,84.0,105318.8606945022,92.12268593775535,-103.89999999999999,-94.6811393054978
4476,2016-08-24,431,103800,56.0,83246.79795401267,125.58597961207563,-96.2,-116.75320204598732
4477,2016-08-25,111,68000,459.0,50720.52767936297,860.0989805172109,-132.0,-149.27947232063704
4478,2016-08-26,100,51500,189.0,105010.06551721533,112.30999884433743,-148.5,-94.98993448278466
4479,2016-08-29,595,142900,59.0,111830.60366998664,99.60919748441738,-57.099999999999994,-88.16939633001336
4480,2016-08-30,988,112800,59.0,117702.85053598203,92.05448379347017,-87.2,-82.29714946401798
4481,2016-08-31,103,81900,80.0,90832.92226970941,128.4561304800869,-118.1,-109.16707773029059
4482,2016-09-01,054,113000,56.0,109888.03080672682,91.85241563497596,-87.0,-90.11196919327318
4483,2016-09-02,284,101500,54.0,88166.51900567657,104.26534409109959,-98.5,-111.83348099432342
4484,2016-09-05,337,76800,197.0,85969.31519674344,138.28588717741627,-123.2,-114.03068480325656
4485,2016-09-06,509,82700,71.0,92974.67176544815,123.01985585742122,-117.3,-107.02532823455185
4486,2016-09-07,701,92000,71.0,94811.85789997104,113.89703111622886,-108.0,-105.18814210002895
4487,2016-09-08,346,101500,49.0,88564.96799817283,121.520065471837,-98.5,-111.43503200182717
4488,2016-09-09,879,88400,66.0,101925.73371251186,97.22477953950218,-111.6,-98.07426628748813
4489,2016-09-12,450,113100,71.0,111049.05762824167,93.5278836272576,-86.89999999999999,-88.95094237175833
4490,2016-09-13,437,104400,41.0,83733.88804699507,129.70905637550106,-95.6,-116.26611195300494
4491,2016-09-14,927,76000,89.0,81604.6993210919,133.86494657635276,-124.0,-118.3953006789081
4492,2016-09-15,053,101200,56.0,107221.73359001649,93.08731150277447,-98.8,-92.7782664099835
4493,2016-09-16,804,110600,54.0,92070.50540815761,119.33036613353966,-89.39999999999999,-107.92949459184238
4494,2016-09-19,470,104500,65.0,114697.48081817522,81.51735999729414,-95.5,-85.30251918182478
4495,2016-09-20,401,86600,76.0,98675.90312777022,110.39450472671702,-113.39999999999999,-101.32409687222979
4496,2016-09-21,211,90600,74.0,79042.00054676969,157.05847613962578,-109.39999999999999,-120.95799945323031
4497,2016-09-22,373,101800,73.0,98723.29079547679,112.6128024062798,-98.2,-101.27670920452321
4498,2016-09-23,947,117000,55.0,91263.51227460531,116.95018908476872,-83.0,-108.7364877253947
4499,2016-09-26,545,126700,68.0,101652.78433990895,123.47709294369909,-73.3,-98.34721566009105
4500,2016-09-27,237,82400,70.0,80217.30401311864,130.7969622430605,-117.6,-119.78269598688135
4501,2016-09-28,139,90300,73.0,75756.56295835922,138.54832602874978,-109.7,-124.24343704164077
4502,2016-09-29,161,96300,63.0,92859.52073286059,116.4409272454139,-103.7,-107.14047926713941
4503,2016-09-30,719,79300,84.0,75022.87184813857,146.5767328124193,-120.7,-124.97712815186142
4504,2016-10-03,636,118900,78.0,97449.87153312721,131.0806367574268,-81.1,-102.55012846687279
4505,2016-10-04,167,92100,64.0,86261.40289960401,113.6088701031122,-107.89999999999999,-113.73859710039598
4506,2016-10-05,861,95700,57.0,85836.52754044112,112.14640891864941,-104.3,-114.16347245955888
4507,2016-10-06,787,85600,84.0,114123.29267275558,97.27234657943404,-114.39999999999999,-85.87670732724442
4508,2016-10-07,316,68800,123.0,71634.51357191837,166.2927152496831,-131.2,-128.36548642808162
4509,2016-10-10,657,108700,66.0,95876.22615623537,110.28762489207233,-91.3,-104.12377384376462
4510,2016-10-11,480,133100,49.0,111632.88280397943,79.69559002976051,-66.9,-88.36711719602057
4511,2016-10-12,829,78000,83.0,78251.04136371179,137.33543146858,-122.0,-121.74895863628821
4512,2016-10-13,662,140000,39.0,101479.25521242227,110.32410795460056,-60.0,-98.52074478757773
4513,2016-10-14,271,79200,55.0,85890.42409030661,105.84761045945326,-120.8,-114.10957590969339
4514,2016-10-17,946,111900,67.0,93139.15664817666,116.71410822971016,-88.1,-106.86084335182333
4515,2016-10-18,410,87000,71.0,101431.14572140547,102.74320805624137,-113.0,-98.56885427859453
4516,2016-10-19,774,112900,66.0,105689.04463220335,104.80165902160525,-87.1,-94.31095536779665
4517,2016-10-20,693,80400,54.0,100091.07799248853,94.65414353232066,-119.6,-99.90892200751146
4518,2016-10-21,471,70700,72.0,88602.17390643223,105.68479235419929,-129.3,-111.39782609356777
4519,2016-10-24,217,69500,149.0,69683.24325372466,165.7173637660676,-130.5,-130.31675674627533
4520,2016-10-25,111,86300,342.0,51308.960102300436,838.3100831925941,-113.7,-148.69103989769957
4521,2016-10-26,090,84000,81.0,123876.45531142456,77.5147999752631,-116.0,-76.12354468857544
4522,2016-10-27,640,105900,53.0,111491.65264238283,91.2279359005253,-94.1,-88.50834735761717
4523,2016-10-28,568,79900,84.0,93023.73190369012,109.52157397365177,-120.1,-106.97626809630988
4524,2016-10-31,485,103300,83.0,93584.36130004904,101.60092242399966,-96.7,-106.41563869995096
4525,2016-11-01,643,101800,63.0,90562.24520719105,117.61409599095208,-98.2,-109.43775479280895
4526,2016-11-02,215,85700,108.0,72008.86368411145,162.53822353718454,-114.3,-127.99113631588855
4527,2016-11-03,306,68400,120.0,89848.44872040984,134.1964373339902,-131.6,-110.15155127959015
4528,2016-11-04,971,115700,52.0,91240.01649545449,104.12809480216669,-84.3,-108.7599835045455
4529,2016-11-07,721,52600,174.0,78756.64955920278,131.9443698968629,-147.4,-121.24335044079722
4530,2016-11-08,994,137500,43.0,114903.17927222293,92.68057938444333,-62.5,-85.09682072777707
4531,2016-11-09,687,119400,36.0,101720.79682557892,93.85424941053779,-80.6,-98.27920317442108
4532,2016-11-10,526,84000,96.0,82969.67335712697,133.79639484492319,-116.0,-117.03032664287302
4533,2016-11-11,623,77300,82.0,83253.65522217896,131.1392453732057,-122.7,-116.74634477782104
4534,2016-11-14,244,93100,91.0,94411.3973842419,121.59093706759903,-106.89999999999999,-105.58860261575809
4535,2016-11-15,697,119000,44.0,108701.70796227593,87.96175143851414,-81.0,-91.29829203772407
4536,2016-11-16,396,72800,77.0,97980.46006852666,96.84620531693064,-127.2,-102.01953993147333
4537,2016-11-17,899,110000,49.0,119572.7357909563,87.87827823749699,-90.0,-80.4272642090437
4538,2016-11-18,281,91900,72.0,83597.76352343784,104.50809606197697,-108.1,-116.40223647656215
4539,2016-11-21,722,76800,110.0,86225.56921856545,135.81035587390866,-123.2,-113.77443078143455
4540,2016-11-22,325,65600,179.0,74771.18162132379,164.0481479403353,-134.4,-125.22881837867621
4541,2016-11-23,850,108900,51.0,102735.3092367299,98.46746758263487,-91.1,-97.2646907632701
4542,2016-11-24,839,87300,54.0,81415.9838648691,131.20314133596307,-112.7,-118.58401613513091
4543,2016-11-25,609,103300,63.0,95352.43256398854,118.95139858793698,-96.7,-104.64756743601146
4544,2016-11-28,090,80400,120.0,123876.45531142456,77.5147999752631,-119.6,-76.12354468857544
4545,2016-11-29,217,55000,110.0,69683.24325372466,165.7173637660676,-145.0,-130.31675674627533
4546,2016-11-30,628,78200,91.0,78104.15468378819,138.18823130125008,-121.8,-121.8958453162118
4547,2016-12-01,939,84600,130.0,95582.3371979617,132.83440703628102,-115.39999999999999,-104.41766280203831
4548,2016-12-02,336,70400,130.0,89161.00338571506,134.91311378880516,-129.6,-110.83899661428494
4549,2016-12-05,043,131400,63.0,107752.2124836702,92.77737995849611,-68.6,-92.2477875163298
4550,2016-12-06,699,107600,82.0,118723.22921364842,90.27875852005927,-92.39999999999999,-81.27677078635158
4551,2016-12-07,367,89000,100.0,91672.01427003021,109.62358175653945,-111.0,-108.32798572996978
4552,2016-12-08,087,117200,47.0,109427.39283833311,81.81854323695933,-82.8,-90.5726071616669
4553,2016-12-09,721,37600,287.0,78790.47361495193,130.7997910751521,-162.4,-121.20952638504806
4554,2016-12-12,687,89000,98.0,101746.09140826088,93.04425849987997,-111.0,-98.25390859173912
4555,2016-12-13,231,95200,58.0,78293.6120292584,138.0350838975291,-104.8,-121.7063879707416
4556,2016-12-14,915,90800,103.0,76234.4314841653,145.3728356402333,-109.2,-123.7655685158347
4557,2016-12-15,679,103400,70.0,103260.17875524997,96.59012942923378,-96.6,-96.73982124475002
4558,2016-12-16,073,113800,59.0,108511.01475460338,84.27892952010033,-86.2,-91.48898524539662
4559,2016-12-19,137,74800,111.0,76369.39057689418,134.522411786494,-125.2,-123.63060942310582
4560,2016-12-20,513,71900,109.0,76953.05979951614,142.24330438325075,-128.1,-123.04694020048386
4561,2016-12-21,651,81500,83.0,88175.49735902892,114.56998292775428,-118.5,-111.82450264097108
4562,2016-12-22,291,103000,41.0,89057.9965350802,96.9524129632858,-97.0,-110.94200346491981
4563,2016-12-23,153,100300,65.0,83439.28801620025,118.73947372311,-99.7,-116.56071198379975
4564,2016-12-26,934,100200,83.0,86238.96241985373,125.64782996270313,-99.8,-113.76103758014627
4565,2016-12-27,837,122500,50.0,80820.65384841496,129.18693641409888,-77.5,-119.17934615158504
4566,2016-12-28,007,95000,77.0,90696.06347751418,137.57578999141126,-105.0,-109.30393652248581
4567,2016-12-29,415,82900,125.0,77656.27188485253,141.7257494395566,-117.1,-122.34372811514747
4568,2016-12-30,767,134200,46.0,113064.05305336331,105.47189139463141,-65.80000000000001,-86.93594694663669
4569,2017-01-04,450,119500,47.0,110375.68407420575,93.30256524987043,-80.5,-89.62431592579425
4570,2017-01-05,387,112900,66.0,90584.8508110966,102.67536037289638,-87.1,-109.41514918890338
4571,2017-01-06,714,65600,126.0,76721.38452307059,140.80927730459499,-134.4,-123.2786154769294
4572,2017-01-09,076,102500,78.0,113819.63511573036,82.8172078078787,-97.5,-86.18036488426964
4573,2017-01-10,339,99400,79.0,85280.35447602005,141.1769066610369,-100.6,-114.71964552397995
4574,2017-01-11,694,91400,88.0,104195.2525013076,90.64236984953365,-108.6,-95.80474749869241
4575,2017-01-12,575,101200,96.0,107452.59951196918,107.19665232876407,-98.8,-92.54740048803082
4576,2017-01-13,211,64900,134.0,79132.44135660505,154.69067358110752,-135.1,-120.86755864339494
4577,2017-01-16,085,147000,61.0,107825.78941707844,83.86833548487077,-53.0,-92.17421058292156
4578,2017-01-17,649,124800,49.0,91235.88674974008,118.19714327881223,-75.2,-108.76411325025992
4579,2017-01-18,745,94500,50.0,90887.90513832921,116.73919790653218,-105.5,-109.11209486167078
4580,2017-01-19,697,79000,104.0,108613.87232967833,86.92881333067702,-121.0,-91.38612767032167
4581,2017-01-20,859,87900,75.0,91402.07291045667,112.92691256322456,-112.1,-108.59792708954333
4582,2017-01-23,857,102100,71.0,90681.85375956925,112.21255719636589,-97.89999999999999,-109.31814624043075
4583,2017-01-24,387,92200,76.0,90584.8508110966,102.67536037289638,-107.8,-109.41514918890338
4584,2017-01-25,644,116700,59.0,99538.21061482166,119.13726784721987,-83.3,-100.46178938517835
4585,2017-01-26,852,95200,51.0,84478.36894832218,117.28067806289894,-104.8,-115.52163105167782
4586,2017-01-27,132,107000,46.0,82495.26259429925,121.81361334694972,-93.0,-117.50473740570075
4587,2017-01-30,440,105300,144.0,119314.43800155424,93.54707153440404,-94.7,-80.68556199844576
4588,2017-01-31,837,83500,73.0,80820.65384841496,129.18693641409888,-116.5,-119.17934615158504
4589,2017-02-01,906,92200,94.0,97336.87697759416,115.35377915428303,-107.8,-102.66312302240584
4590,2017-02-02,292,100200,67.0,101497.0588509525,100.02271912617596,-99.8,-98.5029411490475
4591,2017-02-03,132,91200,50.0,82495.26259429925,121.81361334694972,-108.8,-117.50473740570075
4592,2017-02-06,762,107800,54.0,93526.82110848707,104.94722023648258,-92.2,-106.47317889151293
4593,2017-02-07,862,98800,59.0,89231.98738817111,108.59957178210375,-101.2,-110.7680126118289
4594,2017-02-08,828,78900,105.0,87895.44139561206,140.1969520789688,-121.1,-112.10455860438795
4595,2017-02-09,070,136600,54.0,118302.62631697502,83.64083954855917,-63.400000000000006,-81.69737368302498
4596,2017-02-10,261,94700,63.0,86870.31677666826,108.30521918826784,-105.3,-113.12968322333174
4597,2017-02-13,425,75600,133.0,81290.30205351047,139.49823453793485,-124.39999999999999,-118.70969794648953
4598,2017-02-14,027,108800,45.0,90920.08662104033,121.20720931261938,-91.2,-109.07991337895966
4599,2017-02-15,089,87000,42.0,111014.99417100992,81.99268893793372,-113.0,-88.98500582899007
4600,2017-02-16,464,149600,46.0,107426.81651168712,108.61571458777742,-50.400000000000006,-92.57318348831288
4601,2017-02-17,015,118500,65.0,90356.6456479868,125.76103524500155,-81.5,-109.64335435201319
4602,2017-02-20,890,97200,89.0,109778.75788059171,88.42437171049917,-102.8,-90.22124211940829
4603,2017-02-21,866,119000,45.0,104725.4291245402,107.35912270991436,-81.0,-95.2745708754598
4604,2017-02-22,893,96100,65.0,97791.2233865164,93.42752494415552,-103.89999999999999,-102.2087766134836
4605,2017-02-23,840,136800,37.0,102898.88871330448,95.12724125675881,-63.19999999999999,-97.10111128669553
4606,2017-02-24,631,100300,72.0,82155.12115489127,125.69590278976189,-99.7,-117.84487884510872
4607,2017-02-27,147,64200,138.0,79816.82994918636,124.86342691353934,-135.8,-120.18317005081364
4608,2017-02-28,788,109000,56.0,112253.16939904101,93.21036055892688,-91.0,-87.74683060095899
4609,2017-03-01,157,85500,75.0,81715.34340370804,120.82142561585148,-114.5,-118.28465659629195
4610,2017-03-02,449,133100,56.0,93782.98341881008,126.72349020132421,-66.9,-106.21701658118992
4611,2017-03-03,111,58200,613.0,52179.43394481947,812.7560183039461,-141.8,-147.82056605518054
4612,2017-03-06,226,74800,150.0,81238.5127272934,157.2989094046768,-125.2,-118.76148727270659
4613,2017-03-07,868,112600,61.0,110670.12216084474,105.2922073094561,-87.39999999999999,-89.32987783915526
4614,2017-03-08,959,130900,53.0,107003.71761813753,113.81213023370766,-69.1,-92.99628238186247
4615,2017-03-09,960,114600,65.0,116170.23692856876,83.53088632649452,-85.39999999999999,-83.82976307143123
4616,2017-03-10,689,82900,86.0,103105.47809181733,92.8708888885773,-117.1,-96.89452190818267
4617,2017-03-28,785,104900,77.0,98274.8175993769,95.43741485835129,-95.1,-101.7251824006231
4618,2017-03-14,101,106000,70.0,103145.42357113515,123.38073832742523,-94.0,-96.85457642886485
4619,2017-03-15,789,77500,97.0,94715.85001672787,109.02312946168747,-122.5,-105.28414998327213
4620,2017-03-16,101,98700,88.0,103145.42357113515,123.38073832742523,-101.3,-96.85457642886485
4621,2017-03-17,692,105200,65.0,99141.18828076114,92.3643517097103,-94.8,-100.85881171923886
4622,2017-03-20,164,97400,92.0,87883.86227428362,110.06454563879058,-102.6,-112.11613772571638
4623,2017-03-21,064,161100,25.0,112913.90955219243,85.47798961426182,-38.900000000000006,-87.08609044780756
4624,2017-03-22,712,63300,82.0,76559.10460209534,136.94364357788504,-136.7,-123.44089539790467
4625,2017-03-23,405,95000,65.0,97444.94776818177,114.34733759472607,-105.0,-102.55505223181824
4626,2017-03-24,719,95700,78.0,74928.14862851617,143.83555005511496,-104.3,-125.07185137148383
4627,2017-03-27,546,102400,64.0,93009.9789257375,115.5865688568543,-97.6,-106.9900210742625
4629,2017-03-29,053,117900,34.0,107414.30466381735,91.28129644144893,-82.1,-92.58569533618264
4630,2017-03-30,638,56700,142.0,81499.70769519018,130.3537893075979,-143.3,-118.50029230480982
4631,2017-03-31,226,97100,75.0,81238.5127272934,157.2989094046768,-102.89999999999999,-118.76148727270659
4632,2017-04-03,066,87600,104.0,121132.54851426772,90.56175570799637,-112.39999999999999,-78.86745148573227
4633,2017-04-04,642,85800,47.0,89472.88796828946,115.00010821849273,-114.2,-110.52711203171053
4634,2017-04-05,374,66000,128.0,92147.78007733083,103.28742222583841,-134.0,-107.85221992266918
4635,2017-04-06,984,137800,34.0,99731.99431366562,94.60439900227216,-62.19999999999999,-100.26800568633438
4636,2017-04-07,132,80700,73.0,82578.64926594846,120.34273843256193,-119.3,-117.42135073405153
4637,2017-04-10,473,112300,76.0,92794.49052199855,102.47854537474895,-87.7,-107.20550947800145
4638,2017-04-11,081,104500,43.0,104314.46223948366,80.72167889473116,-95.5,-95.68553776051634
4639,2017-04-12,353,105100,66.0,97495.04530318735,120.8278598517673,-94.89999999999999,-102.50495469681265
4640,2017-04-13,067,118000,45.0,110812.72066565733,86.99456608795434,-82.0,-89.18727933434268
4641,2017-04-14,535,99900,76.0,94721.89783077096,133.59545266564166,-100.1,-105.27810216922903
4642,2017-04-17,439,84000,111.0,83236.45928711502,130.28361365210608,-116.0,-116.76354071288497
4643,2017-04-18,833,112900,61.0,84804.59558083444,137.4658391100582,-87.1,-115.19540441916556
4644,2017-04-19,091,101400,60.0,111235.85052447638,75.49417294439421,-98.6,-88.76414947552362
4645,2017-04-20,771,106500,89.0,96794.9459474048,108.71560868232692,-93.5,-103.20505405259519
4646,2017-04-21,254,98200,83.0,89582.55317387823,112.442491924911,-101.8,-110.41744682612176
4647,2017-04-24,364,73700,121.0,93447.76052787842,106.85869173532137,-126.3,-106.55223947212158
4648,2017-04-25,849,124800,55.0,87641.38127658512,118.36710774574169,-75.2,-112.35861872341488
4649,2017-04-26,796,123500,56.0,109302.36262465827,85.12679775942354,-76.5,-90.69763737534173
4650,2017-04-27,799,90000,87.0,119683.01082191778,86.94768951596792,-110.0,-80.31698917808222
4651,2017-04-28,508,85900,97.0,89238.75575515929,122.3059632175766,-114.1,-110.76124424484071
4652,2017-05-01,525,89500,135.0,88939.40938550227,147.68222270633632,-110.5,-111.06059061449773
4653,2017-05-02,939,168200,39.0,95616.41285481496,129.8393991169058,-31.799999999999983,-104.38358714518503
4654,2017-05-03,479,93700,61.0,95933.71324686937,101.20121835778387,-106.3,-104.06628675313063
4655,2017-05-04,904,98900,67.0,96907.65964497844,114.33642892461843,-101.1,-103.09234035502156
4656,2017-05-05,433,111600,58.0,92265.56195737912,127.32350703468883,-88.39999999999999,-107.73443804262088
4657,2017-05-08,459,89000,80.0,90838.0636452791,114.82645498001084,-111.0,-109.16193635472091
4658,2017-05-09,768,91100,53.0,96991.84568833403,101.07242344541855,-108.89999999999999,-103.00815431166598
4659,2017-05-10,161,99300,74.0,92707.74603388074,113.95213531084748,-100.7,-107.29225396611926
4660,2017-05-11,895,103000,62.0,103057.19424992925,89.6285749292581,-97.0,-96.94280575007075
4661,2017-05-12,922,101100,61.0,86792.08634425481,135.78352304504443,-98.89999999999999,-113.20791365574519
4662,2017-05-15,682,100100,77.0,93048.62459308084,98.06567172390064,-99.89999999999999,-106.95137540691915
4663,2017-05-16,017,85800,88.0,87292.69012876683,126.96396750110247,-114.2,-112.70730987123316
4664,2017-05-17,597,109200,46.0,103293.37610833975,90.27653731490074,-90.8,-96.70662389166024
4665,2017-05-18,423,69200,99.0,84366.83440074699,125.2167884920772,-130.8,-115.63316559925302
4666,2017-05-19,909,110800,74.0,107307.5949197097,119.21206412450893,-89.2,-92.69240508029029
4667,2017-05-22,052,126700,50.0,108037.42492202959,87.75521277351176,-73.3,-91.96257507797041
4668,2017-05-23,509,76900,73.0,92997.74833593014,120.68168240444383,-123.1,-107.00225166406986
4669,2017-05-24,307,106600,57.0,86766.4836153647,135.00050809802988,-93.39999999999999,-113.2335163846353
4670,2017-05-25,039,90600,77.0,97022.83218858221,105.51761447584089,-109.39999999999999,-102.97716781141779
4671,2017-05-26,041,105000,59.0,106134.9493740718,89.00748497437633,-95.0,-93.86505062592819
4672,2017-05-29,990,99400,89.0,136243.3507026927,73.45438032032911,-100.6,-63.75664929730729
4673,2017-05-30,537,86300,65.0,83423.81187865102,128.12339192121246,-113.7,-116.57618812134898
4674,2017-05-31,471,81100,62.0,88484.20717563377,103.83102861059834,-118.89999999999999,-111.51579282436623
4675,2017-06-01,570,120200,45.0,114899.04401536289,80.49743952450983,-79.8,-85.10095598463711
4676,2017-06-02,622,75900,89.0,88832.56397175058,132.48279581669644,-124.1,-111.16743602824941
4677,2017-06-05,873,98600,81.0,91426.03741622086,102.72999519653517,-101.39999999999999,-108.57396258377914
4678,2017-06-06,289,81500,74.0,90282.97128147521,101.43676930153941,-118.5,-109.71702871852479
4679,2017-06-07,870,115100,56.0,112819.10250233141,79.91181674681738,-84.89999999999999,-87.18089749766858
4680,2017-06-08,037,97500,74.0,97676.38073482252,102.85508006658462,-102.5,-102.32361926517747
4681,2017-06-09,908,48800,135.0,92265.68022886864,117.25729471886198,-151.2,-107.73431977113135
4682,2017-06-12,172,67700,52.0,85001.80621690396,104.74531339726595,-132.3,-114.99819378309604
4683,2017-06-13,577,118100,53.0,105460.78996784559,105.03523135009573,-81.89999999999999,-94.53921003215441
4684,2017-06-14,428,79400,106.0,76678.72741886057,137.2722600103614,-120.6,-123.32127258113944
4685,2017-06-15,501,98100,76.0,96693.25563348398,110.28477662827079,-101.89999999999999,-103.30674436651603
4686,2017-06-16,540,103700,58.0,111012.81407323005,90.36533593548954,-96.3,-88.98718592676994
4687,2017-06-19,874,91700,119.0,95157.17418791649,99.28297388249716,-108.3,-104.8428258120835
4688,2017-06-20,671,115700,45.0,91822.69349502334,101.80792645270388,-84.3,-108.17730650497666
4689,2017-06-21,311,85400,73.0,77375.61925500848,160.06897355705823,-114.6,-122.62438074499151
4690,2017-06-22,375,79100,81.0,91772.80026560744,105.08046029252496,-120.89999999999999,-108.22719973439256
4691,2017-06-23,811,99400,83.0,76055.77239666923,150.48969446732426,-100.6,-123.94422760333077
4692,2017-06-26,242,125900,55.0,97097.1380074253,116.62570298064458,-74.1,-102.9028619925747
4693,2017-06-27,171,71800,79.0,91332.13498584037,110.63976268210756,-128.2,-108.66786501415963
4694,2017-06-28,796,97300,88.0,109302.36262465827,85.12679775942354,-102.7,-90.69763737534173
4695,2017-06-29,208,104200,60.0,83286.5091093432,136.89443275431975,-95.8,-116.7134908906568
4696,2017-06-30,161,98800,73.0,92707.74603388074,113.95213531084748,-101.2,-107.29225396611926
4697,2017-07-03,871,67200,125.0,87174.64814436977,104.31789168359578,-132.8,-112.82535185563023
4698,2017-07-04,713,66500,98.0,75468.20878752694,141.337009438684,-133.5,-124.53179121247307
4699,2017-07-05,749,107900,47.0,89790.2087567509,115.39894294474453,-92.1,-110.2097912432491
4700,2017-07-06,817,75100,92.0,72261.95105542518,143.67355577428344,-124.89999999999999,-127.73804894457483
4701,2017-07-07,346,104100,61.0,88947.02032653938,117.6416812615326,-95.89999999999999,-111.05297967346061
4702,2017-07-10,844,107800,48.0,92797.85406195313,123.71354331919323,-92.2,-107.20214593804687
4703,2017-07-11,010,60700,183.0,106977.48571377604,109.65243103922573,-139.3,-93.02251428622395
4704,2017-07-12,904,124500,48.0,96820.14102997354,113.44663108658078,-75.5,-103.17985897002646
4705,2017-07-13,159,87500,85.0,80375.14804148811,123.19890120709913,-112.5,-119.6248519585119
4706,2017-07-14,458,97400,54.0,87200.48675158988,116.28294722689135,-102.6,-112.79951324841012
4707,2017-07-17,401,85900,100.0,98633.59712931431,105.63745967395732,-114.1,-101.36640287068569
4708,2017-07-18,880,106100,57.0,126714.03096414893,78.66627379658935,-93.89999999999999,-73.28596903585107
4709,2017-07-19,332,113700,51.0,90693.74002503921,125.23464706923066,-86.3,-109.3062599749608
4710,2017-07-20,008,124200,65.0,86411.07301114379,141.18596503618156,-75.8,-113.58892698885622
4711,2017-07-21,109,66800,123.0,77054.94791730202,165.41576066063772,-133.2,-122.94505208269797
4712,2017-07-24,381,76100,79.0,83562.57981717458,104.4757514229674,-123.89999999999999,-116.43742018282542
4713,2017-07-25,661,105600,54.0,97886.02936019645,111.22527665268446,-94.39999999999999,-102.11397063980354
4714,2017-07-26,898,94500,64.0,125298.82915604374,84.3109980061078,-105.5,-74.70117084395626
4715,2017-07-27,593,105700,73.0,96838.48851088628,95.35420157051986,-94.3,-103.16151148911372
4716,2017-07-28,679,109400,52.0,102999.95561600939,94.70743020157815,-90.6,-97.0000443839906
4717,2017-07-31,718,62600,134.0,71738.95787773332,144.77167954774495,-137.4,-128.26104212226667
4718,2017-08-01,463,87000,75.0,94221.92366321202,105.2194164281402,-113.0,-105.77807633678798
4719,2017-08-02,722,75200,101.0,86133.81459230739,133.1360776667084,-124.8,-113.86618540769261
4720,2017-08-03,661,105400,93.0,97886.02936019645,111.22527665268446,-94.6,-102.11397063980354
4721,2017-08-04,082,134300,28.0,106312.04930543806,79.66619682202533,-65.69999999999999,-93.68795069456193
4722,2017-08-07,207,109300,62.0,87404.50178470333,130.3688567721905,-90.7,-112.59549821529667
4723,2017-08-08,594,82500,56.0,100770.76002448164,92.38304725832045,-117.5,-99.22923997551835
4724,2017-08-09,097,107600,40.0,116534.56562054313,74.72344192060454,-92.39999999999999,-83.46543437945687
4725,2017-08-10,229,92800,67.0,78029.73244346408,163.13603257847205,-107.2,-121.97026755653592
4726,2017-08-11,347,100700,47.0,85552.43919491515,119.53382519846649,-99.3,-114.44756080508485
4727,2017-08-14,693,80800,71.0,100181.48579995369,92.56140279694755,-119.2,-99.81851420004631
4728,2017-08-15,201,110000,65.0,94562.60317863707,115.73473486064157,-90.0,-105.43739682136292
4729,2017-08-16,508,96700,72.0,89121.9721659348,121.50834937440527,-103.3,-110.8780278340652
4730,2017-08-17,711,72100,98.0,79211.91752492587,143.68500399419366,-127.89999999999999,-120.78808247507413
4731,2017-08-18,105,85500,91.0,88739.0709446146,129.06986520873627,-114.5,-111.26092905538539
4732,2017-08-21,933,120800,53.0,89244.20120678765,132.84227441514415,-79.2,-110.75579879321235
4733,2017-08-22,015,124300,36.0,90547.52554572248,123.34669777942369,-75.7,-109.4524744542775
4734,2017-08-23,409,91500,68.0,93366.8297238606,117.84888192151968,-108.5,-106.6331702761394
4735,2017-08-24,432,111500,60.0,78589.08629533606,144.98118014921192,-88.5,-121.41091370466394
4736,2017-08-25,253,95000,72.0,87461.16451133181,112.81649165660771,-105.0,-112.53883548866818
4737,2017-08-28,185,95900,70.0,84128.21078019102,106.63367593296837,-104.1,-115.87178921980897
4738,2017-08-29,153,75000,85.0,83596.23471946872,116.22434149555347,-125.0,-116.40376528053127
4739,2017-08-30,862,105400,45.0,89382.00626811512,107.5311551747974,-94.6,-110.61799373188488
4740,2017-08-31,007,88700,84.0,90602.56012375408,134.98831550375738,-111.3,-109.39743987624591
4741,2017-09-01,906,83800,106.0,97308.44187186715,113.84807398488647,-116.2,-102.69155812813284
4742,2017-09-04,630,85400,125.0,105922.02584501814,95.54285079816805,-114.6,-94.07797415498186
4743,2017-09-05,058,105900,68.0,99477.93515417288,96.47619988724603,-94.1,-100.52206484582712
4744,2017-09-06,301,76700,104.0,92486.96284203109,120.78108755325961,-123.3,-107.51303715796891
4745,2017-09-07,297,83900,52.0,94961.8583449785,93.97641248997924,-116.1,-105.0381416550215
4746,2017-09-08,707,96900,83.0,105248.31961128718,118.66551996629859,-103.1,-94.75168038871281
4747,2017-09-11,199,74700,126.0,99309.5801434394,101.13565988732002,-125.3,-100.69041985656061
4748,2017-09-12,147,74900,73.0,79679.62934802135,123.5455623202705,-125.1,-120.32037065197865
4749,2017-09-13,302,81700,82.0,93755.7319417646,120.04924900451422,-118.3,-106.24426805823539
4750,2017-09-14,648,99000,60.0,87782.96989991784,117.79073843902823,-101.0,-112.21703010008216
4751,2017-09-15,132,67000,102.0,82306.75573929164,119.07552645841886,-133.0,-117.69324426070837
4752,2017-09-18,372,87600,71.0,88977.31107012501,102.34043178734757,-112.39999999999999,-111.02268892987499
4753,2017-09-19,005,113400,74.0,94044.19169952271,130.6099204795875,-86.6,-105.95580830047729
4754,2017-09-20,684,127800,53.0,97886.53727493431,95.58253747886872,-72.2,-102.11346272506569
4755,2017-09-21,276,119800,55.0,92683.31450261398,101.08028828616413,-80.2,-107.31668549738602
4756,2017-09-22,222,55700,536.0,57449.14786954952,749.108179028623,-144.3,-142.5508521304505
4757,2017-09-25,313,75400,153.0,81179.07574138737,160.51967372565866,-124.6,-118.82092425861264
4758,2017-09-26,214,79900,83.0,74429.00651656627,150.9433132427121,-120.1,-125.57099348343372
4759,2017-09-27,228,83100,103.0,75215.50550043483,162.58513925087186,-116.89999999999999,-124.78449449956517
4760,2017-09-28,347,88900,77.0,85642.6599705928,118.65261487026197,-111.1,-114.3573400294072
4761,2017-09-29,573,86500,103.0,93106.2802210597,102.27504416476205,-113.5,-106.8937197789403
4762,2017-10-02,321,61100,126.0,69893.42194131971,171.15535256810796,-138.9,-130.10657805868027
4763,2017-10-03,679,108800,59.0,102790.44308051608,94.45989953287894,-91.2,-97.20955691948392
4764,2017-10-04,925,67100,163.0,79991.47966601615,142.93606238422205,-132.9,-120.00852033398385
4765,2017-10-05,870,118700,47.0,112625.31883200533,78.76928694039269,-81.3,-87.37468116799467
4766,2017-10-06,656,123500,45.0,109745.77127915368,110.18122503187298,-76.5,-90.25422872084633
4767,2017-10-09,187,84400,82.0,85134.71257766233,102.6842158115376,-115.6,-114.86528742233767
4768,2017-10-10,925,97600,74.0,79991.47966601615,142.93606238422205,-102.39999999999999,-120.00852033398385
4769,2017-10-11,085,121100,48.0,108136.07558775973,81.47557660785182,-78.89999999999999,-91.86392441224027
4770,2017-10-12,933,100100,59.0,89348.3458240135,131.66815731196203,-99.89999999999999,-110.65165417598651
4771,2017-10-13,394,105100,66.0,95801.0787534898,94.71614479369372,-94.89999999999999,-104.1989212465102
4772,2017-10-16,236,68400,123.0,83469.58781664121,124.49111432308543,-131.6,-116.53041218335878
4773,2017-10-17,219,80700,79.0,69403.6322348786,163.4073108617337,-119.3,-130.59636776512139
4774,2017-10-18,021,122400,35.0,98204.36230804141,105.31982801431134,-77.6,-101.79563769195859
4775,2017-10-19,227,66700,116.0,78786.33138597917,155.57578379166173,-133.3,-121.21366861402083
4776,2017-10-20,420,73600,107.0,105546.0144233788,94.78675927410464,-126.39999999999999,-94.45398557662119
4777,2017-10-23,071,100300,72.0,106343.19522892022,79.9217713376551,-99.7,-93.65680477107978
4778,2017-10-24,252,91700,71.0,96717.22563013692,114.59658026483463,-108.3,-103.28277436986308
4779,2017-10-25,921,80200,92.0,79220.82493554031,129.46498245616203,-119.8,-120.7791750644597
4780,2017-10-26,072,75400,93.0,108910.21263385845,79.50580223569054,-124.6,-91.08978736614155
4781,2017-10-27,830,94800,89.0,98653.4416468952,99.32127716530192,-105.2,-101.3465583531048
4782,2017-10-30,205,103600,95.0,90756.30675759328,126.66602263424848,-96.39999999999999,-109.24369324240672
4783,2017-10-31,023,82300,68.0,97327.0299570773,110.18230631875353,-117.7,-102.67297004292269
4784,2017-11-01,046,122300,54.0,106956.35491127656,92.70057314388262,-77.7,-93.04364508872344
4785,2017-11-02,501,77700,82.0,96496.21072911745,108.8247279176137,-122.3,-103.50378927088255
4786,2017-11-03,221,69700,113.0,82935.94606282102,142.94831083488418,-130.3,-117.06405393717898
4787,2017-11-06,996,130500,72.0,120818.1750431177,86.9442539347532,-69.5,-79.1818249568823
4788,2017-11-07,496,114800,40.0,102727.94555069008,90.6722446835724,-85.2,-97.27205444930992
4789,2017-11-08,714,66100,96.0,76719.67686746888,137.35316089000452,-133.9,-123.28032313253112
4790,2017-11-09,836,99400,40.0,82903.37683317982,126.58619165314582,-100.6,-117.09662316682018
4791,2017-11-10,621,68700,107.0,81180.50326408287,126.80019038098958,-131.3,-118.81949673591713
4792,2017-11-13,732,75100,75.0,83183.1717554548,121.93673727265396,-124.89999999999999,-116.8168282445452
4793,2017-11-14,523,73400,105.0,82728.68499102548,128.67879467650764,-126.6,-117.27131500897451
4794,2017-11-15,385,52800,139.0,89654.56924944687,103.06404975784798,-147.2,-110.34543075055313
4795,2017-11-16,754,123600,47.0,93485.02442089038,108.2788171233884,-76.39999999999999,-106.51497557910962
4796,2017-11-17,434,121600,46.0,98346.89578892369,123.31769889343497,-78.39999999999999,-101.65310421107631
4797,2017-11-20,891,82800,89.0,93113.86115080184,93.62794916362161,-117.2,-106.88613884919816
4798,2017-11-21,176,101800,66.0,88541.95710462498,104.1121739026745,-98.2,-111.45804289537502
4799,2017-11-22,609,81000,74.0,95393.4933616523,115.03930639660639,-119.0,-104.6065066383477
4800,2017-11-23,794,95300,66.0,103380.36278830958,87.55474928779543,-104.7,-96.61963721169042
4801,2017-11-24,177,88000,124.0,92868.82841505005,111.09681564412081,-112.0,-107.13117158494994
4802,2017-11-27,173,90000,75.0,84207.71009264533,106.09006800458259,-110.0,-115.79228990735467
4803,2017-11-28,261,89000,72.0,86684.34050569404,105.90141614644884,-111.0,-113.31565949430596
4804,2017-11-29,782,83000,61.0,92350.65261119536,95.62737481209277,-117.0,-107.64934738880464
4805,2017-11-30,820,90900,73.0,97241.36921970242,101.00075166115798,-109.1,-102.75863078029758
4806,2017-12-01,242,122900,45.0,97148.33818690477,114.45270425645118,-77.1,-102.85166181309522
4807,2017-12-04,945,93900,70.0,91762.58882364255,114.80619120188649,-106.1,-108.23741117635744
4808,2017-12-05,233,125200,42.0,89915.56995830391,125.4650482603814,-74.8,-110.0844300416961
4809,2017-12-06,218,69700,89.0,66789.68982291583,163.65299194057854,-130.3,-133.21031017708418
4810,2017-12-07,618,67800,120.0,73086.56297560624,144.80963933208935,-132.2,-126.91343702439376
4811,2017-12-08,937,116300,34.0,84759.2097750738,123.04788268407124,-83.7,-115.2407902249262
4812,2017-12-11,278,79800,95.0,86782.7523110073,104.39718074364204,-120.2,-113.2172476889927
4813,2017-12-12,276,97900,47.0,92775.16521502641,100.13420864432602,-102.1,-107.22483478497358
4814,2017-12-13,043,122700,53.0,107635.9695006568,89.72212458512962,-77.3,-92.36403049934319
4815,2017-12-14,078,118700,50.0,106444.24943797258,83.00144130092568,-81.3,-93.55575056202741
4816,2017-12-15,542,123800,41.0,89155.40627334769,113.48887307100276,-76.2,-110.8445937266523
4817,2017-12-18,325,67600,186.0,75552.44917042907,158.86142901287903,-132.4,-124.44755082957093
4818,2017-12-19,162,95800,41.0,86078.71933087062,106.6539393535626,-104.2,-113.92128066912937
4819,2017-12-20,351,68200,96.0,84569.55371137682,114.04004096368828,-131.8,-115.43044628862317
4820,2017-12-21,663,127900,48.0,102979.11785927671,108.27677799910444,-72.1,-97.02088214072329
4821,2017-12-22,288,134600,43.0,97815.83754953535,103.40497109952393,-65.4,-102.18416245046464
4822,2017-12-25,720,102000,94.0,101098.88624214947,97.2447369454637,-98.0,-98.90111375785052
4823,2017-12-26,809,52800,116.0,91357.5989765027,116.76474254113245,-147.2,-108.6424010234973
4824,2017-12-27,372,81300,77.0,88831.37305469447,102.00727854373773,-118.7,-111.16862694530553
4825,2017-12-28,591,112500,63.0,92173.50184921414,96.23179845628901,-87.5,-107.82649815078585
4826,2017-12-29,842,95700,73.0,83561.98743587446,117.96807881659724,-104.3,-116.43801256412554
4827,2018-01-04,858,119400,62.0,103240.59618869699,112.69406883852307,-80.6,-96.759403811303
4828,2018-01-05,384,96500,79.0,89933.62670751978,100.9810559053629,-103.5,-110.06637329248022
4829,2018-01-08,976,111400,81.0,105111.98556944529,91.83327634721924,-88.6,-94.88801443055472
4830,2018-01-09,930,95300,90.0,103302.85616242242,96.82711545410064,-104.7,-96.69714383757757
4831,2018-01-10,634,73200,125.0,88572.05588369005,119.65828224685222,-126.8,-111.42794411630996
4832,2018-01-11,223,67900,133.0,83750.61899053793,144.8560599138163,-132.1,-116.24938100946207
4833,2018-01-12,413,78400,108.0,78502.4019769021,133.92577677232285,-121.6,-121.49759802309791
4834,2018-01-15,881,127600,70.0,98073.90771287445,101.62110584450087,-72.39999999999999,-101.92609228712554
4835,2018-01-16,368,73200,85.0,87250.18030151264,111.2677245916869,-126.8,-112.74981969848736
4836,2018-01-17,873,80700,70.0,91352.0825458981,101.25337104347027,-119.3,-108.6479174541019
4837,2018-01-18,916,69100,110.0,77720.57844336852,139.35124139724206,-130.89999999999998,-122.27942155663148
4838,2018-01-19,955,99200,49.0,100619.68813794751,115.83968976498494,-100.8,-99.3803118620525
4839,2018-01-22,122,39500,320.0,82240.62998227162,142.248950900662,-160.5,-117.75937001772837
4840,2018-01-23,327,56900,105.0,74554.77467108535,148.3217320395288,-143.1,-125.44522532891465
4841,2018-01-24,092,91600,78.0,113113.26533648056,74.04190506109427,-108.39999999999999,-86.88673466351943
4842,2018-01-25,282,117600,47.0,95395.22925487228,103.76676484760415,-82.39999999999999,-104.60477074512772
4843,2018-01-26,956,122200,54.0,97497.0061547349,106.76070587827171,-77.8,-102.5029938452651
4844,2018-01-29,415,74500,121.0,77736.27035898424,138.02762586347478,-125.5,-122.26372964101576
4845,2018-01-30,432,81400,62.0,78611.57989308589,142.67653605796576,-118.6,-121.38842010691411
4846,2018-01-31,437,105800,39.0,83947.32638594887,123.31274123948394,-94.2,-116.05267361405113
4847,2018-02-01,546,96900,53.0,93338.88949547283,113.05206973180552,-103.1,-106.66111050452717
4848,2018-02-02,291,85300,62.0,88654.3281071212,95.49354610189602,-114.7,-111.3456718928788
4849,2018-02-05,461,94400,102.0,89934.35582567709,104.38219660631576,-105.6,-110.06564417432291
4850,2018-02-06,139,87700,72.0,75912.52293726381,132.79401552353025,-112.3,-124.08747706273618
4851,2018-02-07,138,64300,85.0,72904.06512525071,134.98954193720658,-135.7,-127.09593487474929
4852,2018-02-08,448,102400,71.0,90736.42224716576,124.37549419644974,-97.6,-109.26357775283424
4853,2018-02-09,936,77100,68.0,86893.98966890921,122.32291420747885,-122.89999999999999,-113.10601033109079
4854,2018-02-12,221,53200,123.0,82569.31349865226,140.79475217648627,-146.8,-117.43068650134774
4855,2018-02-13,876,141900,38.0,91018.6856382779,113.26687051459236,-58.099999999999994,-108.9813143617221
4856,2018-02-14,347,81300,89.0,85739.38700971617,116.98269337916119,-118.7,-114.26061299028383
4857,2018-02-15,631,83100,80.0,82208.94230355459,122.43514559049301,-116.89999999999999,-117.7910576964454
4858,2018-02-16,725,57800,176.0,79327.11157397387,139.9965553189802,-142.2,-120.67288842602612
4859,2018-02-19,949,150900,64.0,102738.43200741237,116.27950857074298,-49.099999999999994,-97.26156799258763
4860,2018-02-20,271,49500,118.0,85122.89032950898,101.59460138768796,-150.5,-114.87710967049101
4861,2018-02-21,545,151500,53.0,102754.22900303907,117.48419229153737,-48.5,-97.24577099696093
4862,2018-02-22,320,85300,90.0,99033.62098711805,106.54313141732955,-114.7,-100.96637901288194
4863,2018-02-23,060,105300,94.0,119691.47300801896,82.708527657461,-94.7,-80.30852699198104
4864,2018-02-26,060,133600,77.0,119691.47300801896,82.708527657461,-66.4,-80.30852699198104
4865,2018-02-27,350,115500,45.0,106986.83730276843,94.77590667977374,-84.5,-93.01316269723156
4866,2018-02-28,839,86400,61.0,81333.48982867395,127.16579112122508,-113.6,-118.66651017132605
4867,2018-03-01,382,78100,77.0,86706.15084600096,100.76082234088769,-121.89999999999999,-113.29384915399903
4868,2018-03-02,776,147500,56.0,111567.59148241422,97.27028157362561,-52.5,-88.43240851758577
4869,2018-03-05,411,80500,111.0,82427.7369985404,136.95823000292012,-119.5,-117.5722630014596
4870,2018-03-06,586,101900,53.0,98325.77993174574,95.24033112517736,-98.1,-101.67422006825426
4871,2018-03-07,045,94000,79.0,107234.15421694773,91.7913688771128,-106.0,-92.76584578305227
4872,2018-03-08,123,49200,137.0,68541.13272144546,170.38737338779777,-150.8,-131.45886727855452
4873,2018-03-09,720,122200,48.0,101138.06517664279,96.79351711982314,-77.8,-98.8619348233572
4874,2018-03-12,497,103100,67.0,101266.05964896193,88.90426373987039,-96.89999999999999,-98.73394035103806
4875,2018-03-13,243,99400,47.0,87849.71183462285,111.80077557490401,-100.6,-112.15028816537715
4876,2018-03-14,363,98200,52.0,100777.63873391737,110.3006704469933,-101.8,-99.22236126608263
4877,2018-03-15,236,59000,89.0,83605.3892042355,122.25675426808706,-141.0,-116.39461079576449
4878,2018-03-16,399,123600,49.0,105870.00281579548,97.10410476017917,-76.39999999999999,-94.12999718420451
4879,2018-03-19,217,59600,150.0,69765.28751521585,155.94627445890947,-140.4,-130.23471248478415
4880,2018-03-20,118,79300,113.0,68474.76626251856,175.5154939323536,-120.7,-131.52523373748144
4881,2018-03-21,486,109000,41.0,96683.67480115172,95.36580188089015,-91.0,-103.31632519884828
4882,2018-03-22,029,119100,52.0,90528.63112058374,118.90881258113197,-80.89999999999999,-109.47136887941626
4883,2018-03-23,900,65400,123.0,99261.99105612846,121.36025430653825,-134.6,-100.73800894387153
4884,2018-03-26,484,131400,78.0,104189.5859640962,100.02186097379084,-68.6,-95.8104140359038
4885,2018-03-27,905,94700,72.0,95449.5020781152,114.8210964450311,-105.3,-104.5504979218848
4886,2018-03-28,800,112800,58.0,94666.06996076065,124.24742407325907,-87.2,-105.33393003923935
4887,2018-03-29,339,64200,141.0,85772.51775421125,136.70416676746112,-135.8,-114.22748224578875
4888,2018-03-30,950,109400,51.0,107460.5597573517,95.91359383597498,-90.6,-92.5394402426483
4889,2018-04-02,684,102200,99.0,98040.84766313691,94.01866352126916,-97.8,-101.95915233686308
4890,2018-04-03,507,99600,76.0,93293.48386324654,114.84460025543399,-100.39999999999999,-106.70651613675346
4891,2018-04-04,750,107500,63.0,107658.43127285084,93.91474193827487,-92.5,-92.34156872714917
4892,2018-04-05,352,100400,42.0,88012.73840501455,110.36767416307052,-99.6,-111.98726159498545
4893,2018-04-06,516,82800,96.0,77519.89669931572,139.0527806553615,-117.2,-122.48010330068428
4894,2018-04-09,760,116200,77.0,116486.31723078372,79.47831060856201,-83.8,-83.51368276921627
4895,2018-04-10,016,92800,54.0,90713.77966994452,120.22557985768753,-107.2,-109.28622033005549
4896,2018-04-11,759,124000,36.0,93649.88714657788,107.97779751273579,-76.0,-106.35011285342212
4897,2018-04-12,196,100600,46.0,92228.57779905928,95.6496412515557,-99.39999999999999,-107.77142220094072
4898,2018-04-13,775,118100,80.0,107025.45728448468,101.60669430871899,-81.89999999999999,-92.97454271551531
4899,2018-04-16,118,86000,129.0,68354.12205682366,174.48855740012743,-114.0,-131.64587794317634
4900,2018-04-17,993,132300,59.0,110504.70435965442,92.47266702358523,-67.69999999999999,-89.49529564034557
4901,2018-04-18,984,122500,46.0,100014.2971737197,92.00352624863123,-77.5,-99.9857028262803
4902,2018-04-19,159,98600,63.0,80349.47844488538,120.29332136163528,-101.39999999999999,-119.65052155511462
4903,2018-04-20,955,111200,51.0,100851.69838209801,114.54377081830941,-88.8,-99.14830161790199
4904,2018-04-23,716,85500,113.0,76789.69020370224,136.2461627480106,-114.5,-123.21030979629776
4905,2018-04-24,936,82700,64.0,86962.73943755146,121.45743306820827,-117.3,-113.03726056244854
4906,2018-04-25,081,90800,105.0,103204.73659260571,79.55813901456168,-109.2,-96.79526340739429
4907,2018-04-26,355,99800,87.0,95650.69859963897,118.33482622963564,-100.2,-104.34930140036103
4908,2018-04-27,714,63300,123.0,76477.61859317328,135.399752887579,-136.7,-123.52238140682672
4909,2018-04-30,002,141900,56.0,98467.67634962645,117.83140824161525,-58.099999999999994,-101.53232365037356
4910,2018-05-01,440,84100,91.0,119693.17386166341,90.51989602586224,-115.89999999999999,-80.30682613833659
4911,2018-05-02,372,66100,147.0,88602.4971775125,101.1100563786369,-133.9,-111.3975028224875
4912,2018-05-03,589,89200,76.0,98322.30074584215,94.79752766882191,-110.8,-101.67769925415784
4913,2018-05-04,119,68900,107.0,71158.01806836671,171.2936694215484,-131.1,-128.84198193163328
4914,2018-05-07,299,94100,77.0,104281.67987049067,95.71480446318878,-105.89999999999999,-95.71832012950932
4915,2018-05-08,909,86200,86.0,107240.71729671996,115.99821939006497,-113.8,-92.75928270328004
4916,2018-05-09,037,110300,37.0,97548.290253553,99.5680669717927,-89.7,-102.451709746447
4917,2018-05-10,402,94100,72.0,99757.03168620657,103.84092735372253,-105.89999999999999,-100.24296831379343
4918,2018-05-11,030,90600,52.0,107921.25611291215,104.30318570036982,-109.39999999999999,-92.07874388708785
4919,2018-05-14,604,114400,98.0,99200.63248033414,108.57646226270982,-85.6,-100.79936751966585
4920,2018-05-15,497,118600,41.0,101327.45384966097,88.45030877464771,-81.39999999999999,-98.67254615033902
4921,2018-05-16,909,90200,91.0,107240.71729671996,115.99821939006497,-109.8,-92.75928270328004
4922,2018-05-17,851,77800,72.0,81457.91263837884,116.54035198972372,-122.2,-118.54208736162116
4923,2018-05-18,934,102600,48.0,86609.32477888705,120.70289608237204,-97.39999999999999,-113.39067522111294
4924,2018-05-21,109,73600,130.0,77273.0383959286,156.11585041855682,-126.39999999999999,-122.7269616040714
4925,2018-05-22,531,68100,109.0,81146.70277440042,123.43682553610995,-131.9,-118.85329722559958
4926,2018-05-23,393,84700,73.0,103129.48708588157,98.87187855703155,-115.3,-96.87051291411842
4927,2018-05-24,496,115200,44.0,102972.38259345079,88.80738616678472,-84.8,-97.02761740654921
4928,2018-05-25,535,104200,62.0,95903.61996786288,127.22163864625924,-95.8,-104.09638003213712
4929,2018-05-28,513,64600,168.0,76860.19242377773,136.97367992400055,-135.4,-123.13980757622227
4930,2018-05-29,797,108700,87.0,122240.10838612584,86.23168928180024,-91.3,-77.75989161387416
4931,2018-05-30,648,90800,65.0,88055.88464552192,115.34381430368937,-109.2,-111.94411535447809
4932,2018-05-31,319,65800,106.0,68786.38106763162,163.52212241087415,-134.2,-131.21361893236838
4933,2018-06-01,669,64100,141.0,108289.19067956113,103.84635964702126,-135.9,-91.71080932043887
4934,2018-06-04,173,90700,81.0,83979.84980225631,105.1203807693355,-109.3,-116.02015019774369
4935,2018-06-05,269,94300,80.0,89025.53236561836,107.54773351412237,-105.7,-110.97446763438164
4936,2018-06-06,557,107000,90.0,98523.38284106064,114.78539418999976,-93.0,-101.47661715893936
4937,2018-06-07,653,100100,63.0,92893.95667364272,108.67350964947607,-99.89999999999999,-107.10604332635728
4938,2018-06-08,137,79100,87.0,76187.82675877667,128.41404371982796,-120.89999999999999,-123.81217324122332
4939,2018-06-11,413,91600,90.0,78369.54182682466,132.42253144284714,-108.39999999999999,-121.63045817317534
4940,2018-06-12,193,67400,93.0,87306.75354444454,97.83677418075207,-132.6,-112.69324645555545
4941,2018-06-13,642,89500,55.0,89747.27509168198,111.12682309947212,-110.5,-110.25272490831802
4942,2018-06-14,487,123600,48.0,95259.42315610268,94.53477638790456,-76.39999999999999,-104.74057684389732
4943,2018-06-15,765,96400,74.0,90406.7905357114,118.4317832239569,-103.6,-109.59320946428859
4944,2018-06-18,119,69200,183.0,71158.01806836671,171.2936694215484,-130.8,-128.84198193163328
4945,2018-06-19,182,114600,32.0,82343.31938419493,101.86438237523306,-85.39999999999999,-117.65668061580507
4946,2018-06-20,912,67900,98.0,77037.17617160236,133.84279524469628,-132.1,-122.96282382839763
4947,2018-06-21,018,87700,72.0,83328.32332770109,126.89234984951199,-112.3,-116.67167667229891
4948,2018-06-22,001,82500,108.0,98184.58269631697,116.52247269523991,-117.5,-101.81541730368303
4949,2018-06-25,549,109900,56.0,89447.87199520128,115.32342323147755,-90.1,-110.55212800479872
4950,2018-06-26,256,84200,88.0,89561.9096498022,109.77552004091115,-115.8,-110.4380903501978
4951,2018-06-27,032,108000,61.0,105454.02743003257,90.38658423713997,-92.0,-94.54597256996743
4952,2018-06-28,751,95600,45.0,85067.13125927007,111.49971428260741,-104.39999999999999,-114.93286874072993
4953,2018-06-29,349,112300,54.0,85402.4685603575,118.21038009795426,-87.7,-114.5975314396425
4954,2018-07-02,193,62700,143.0,87212.25169139875,97.02628350945263,-137.3,-112.78774830860125
4955,2018-07-03,489,104200,79.0,96740.53983598095,94.5358965767949,-95.8,-103.25946016401905
4956,2018-07-04,901,77400,90.0,86342.77704873447,129.12960857970577,-122.6,-113.65722295126552
4957,2018-07-05,668,117800,54.0,104091.62627294046,105.6203334946239,-82.2,-95.90837372705954
4958,2018-07-06,870,89200,80.0,113021.56056073139,78.06140438250301,-110.8,-86.97843943926861
4959,2018-07-09,061,118600,55.0,107457.99671147554,82.17714220324822,-81.39999999999999,-92.54200328852446
4960,2018-07-10,625,72200,114.0,81754.02298422268,135.80786431998044,-127.8,-118.24597701577731
4961,2018-07-11,223,84200,95.0,83316.60325632693,143.49338773781852,-115.8,-116.68339674367307
4962,2018-07-12,205,115000,58.0,90479.36183735765,123.57690238189868,-85.0,-109.52063816264236
4963,2018-07-13,989,111400,71.0,122301.92795018859,86.66842227378287,-88.6,-77.6980720498114
4964,2018-07-16,176,75700,85.0,88769.45011049627,101.65041960085334,-124.3,-111.23054988950373
4965,2018-07-17,877,87800,48.0,107323.29365196297,98.53056377023304,-112.2,-92.67670634803703
4966,2018-07-18,580,104500,54.0,112239.99209020493,77.85741237875733,-95.5,-87.76000790979506
4967,2018-07-19,051,96600,58.0,104685.16180846213,86.58931092425469,-103.39999999999999,-95.31483819153787
4968,2018-07-20,115,57700,156.0,74049.83331792308,163.4118157866426,-142.3,-125.95016668207691
4969,2018-07-23,330,78500,121.0,106339.34712984416,109.78180118422051,-121.5,-93.66065287015584
4970,2018-07-24,977,144400,40.0,112303.11028760378,95.7242637462251,-55.599999999999994,-87.69688971239623
4971,2018-07-25,778,83300,94.0,106597.05117847171,99.15690274227211,-116.7,-93.40294882152828
4972,2018-07-26,220,87600,94.0,106585.61580458391,107.8787919783038,-112.39999999999999,-93.41438419541609
4973,2018-07-27,241,94900,54.0,84622.84763461554,111.0501998572162,-105.1,-115.37715236538446
4974,2018-07-30,096,117500,81.0,118584.47755459759,72.9272737108614,-82.5,-81.41552244540242
4975,2018-07-31,430,111800,72.0,107829.01899026819,91.03131669993422,-88.2,-92.1709810097318
4976,2018-08-01,918,69100,115.0,73025.42364293917,141.23126436965734,-130.89999999999998,-126.97457635706083
4977,2018-08-02,644,104900,56.0,100213.2253341473,114.84408237043942,-95.1,-99.7867746658527
4978,2018-08-03,646,100000,49.0,106068.75327837632,112.1564981425227,-100.0,-93.93124672162368
4979,2018-08-06,047,121500,65.0,102514.06619499534,92.90628729095738,-78.5,-97.48593380500466
4980,2018-08-07,260,125900,46.0,111956.92064172235,80.3253971922919,-74.1,-88.04307935827765
4981,2018-08-08,529,76400,103.0,79635.51894220844,131.80275237038276,-123.6,-120.36448105779156
4982,2018-08-09,879,95000,60.0,101607.1282719637,91.82734317825185,-105.0,-98.3928717280363
4983,2018-08-10,890,54500,100.0,109871.36943292663,84.11135565730244,-145.5,-90.12863056707337
4984,2018-08-13,069,106300,62.0,109316.94177111812,85.17577672490035,-93.7,-90.68305822888188
4985,2018-08-14,322,106300,55.0,83884.23674489744,142.58699092141407,-93.7,-116.11576325510256
4986,2018-08-15,505,88300,112.0,106899.89863631314,116.34739923883339,-111.7,-93.10010136368686
4987,2018-08-16,480,122600,49.0,111731.4241005378,77.09937238334112,-77.39999999999999,-88.26857589946219
4988,2018-08-17,131,74900,103.0,83351.35206707273,138.31085953428627,-125.1,-116.64864793292726
4989,2018-08-20,203,56300,315.0,92532.61358415584,118.48864367833663,-143.7,-107.46738641584416
4990,2018-08-21,078,125800,39.0,107046.10955105649,82.12062389124705,-74.2,-92.95389044894351
4991,2018-08-22,308,65900,142.0,82985.66869987524,134.2245438701267,-134.1,-117.01433130012475
4992,2018-08-23,371,81800,81.0,85158.67280155822,103.36887693105662,-118.2,-114.84132719844177
4993,2018-08-24,075,128800,47.0,110955.11373056646,80.83884295361831,-71.19999999999999,-89.04488626943353
4994,2018-08-27,300,81500,150.0,100898.54110612549,114.9182864096958,-118.5,-99.10145889387451
4995,2018-08-28,650,111600,62.0,111695.82818803402,90.83919617530864,-88.39999999999999,-88.30417181196597
4996,2018-08-29,731,69300,128.0,79429.52814435743,122.92127531182953,-130.7,-120.57047185564257
4997,2018-08-30,943,85200,105.0,88953.53935163512,113.80037780840361,-114.8,-111.04646064836489
4998,2018-08-31,271,62400,95.0,84843.083118808,101.50206937781618,-137.6,-115.15691688119199
4999,2018-09-03,045,92800,94.0,107534.20128403664,90.15805864954284,-107.2,-92.46579871596336
5000,2018-09-04,317,53900,119.0,69045.96055650567,158.1734789199246,-146.1,-130.9540394434943
5001,2018-09-05,488,87300,88.0,104731.65959053622,97.62643096200281,-112.7,-95.26834040946378
5002,2018-09-06,480,93600,67.0,111418.74697776529,76.82160132281224,-106.39999999999999,-88.5812530222347
5003,2018-09-07,571,74200,92.0,88447.39611288719,101.60439757800746,-125.8,-111.55260388711281
5004,2018-09-10,635,120300,76.0,87552.32648445027,120.04070602203437,-79.7,-112.44767351554972
5005,2018-09-11,283,86200,67.0,85962.04432628345,100.83881951702197,-113.8,-114.03795567371655
5006,2018-09-12,739,109600,50.0,83449.50039030708,122.46639867286021,-90.39999999999999,-116.55049960969292
5007,2018-09-13,704,108400,69.0,95864.35951367405,109.3175166790222,-91.6,-104.13564048632595
5008,2018-09-14,589,102400,70.0,98399.00406645575,93.69843936628499,-97.6,-101.60099593354425
5009,2018-09-17,674,88200,96.0,100631.90399714245,93.48563250075377,-111.8,-99.36809600285754
5010,2018-09-18,960,121000,41.0,115963.8892234485,80.20612878682638,-79.0,-84.0361107765515
5011,2018-09-19,046,102100,65.0,107544.75509457123,90.10504488261849,-97.89999999999999,-92.45524490542877
5012,2018-09-20,234,87900,89.0,77139.30614701046,139.360283287639,-112.1,-122.86069385298954
5013,2018-09-21,681,83200,127.0,89621.97176224041,97.76700949334652,-116.8,-110.37802823775958
5014,2018-09-24,240,102300,77.0,109678.19919404249,84.86371884716391,-97.7,-90.32180080595751
5015,2018-09-25,365,127500,47.0,93638.222610465,104.17490006634193,-72.5,-106.36177738953499
5016,2018-09-26,763,108900,58.0,94536.09862260896,101.23389147540891,-91.1,-105.46390137739104
5017,2018-09-27,026,114000,54.0,94697.59327817848,111.73715434601714,-86.0,-105.30240672182151
5018,2018-09-28,669,108000,65.0,108383.25791817822,102.4864741855979,-92.0,-91.61674208182178
5019,2018-10-01,942,99100,65.0,87631.52208214982,112.88797730540213,-100.89999999999999,-112.36847791785017
5020,2018-10-02,461,104600,56.0,89880.47463174345,103.42235810911585,-95.39999999999999,-110.11952536825655
5021,2018-10-03,877,122400,50.0,107088.90960473282,97.80877951383337,-77.6,-92.91109039526718
5022,2018-10-04,449,100800,56.0,94747.41223648972,120.10805906208229,-99.2,-105.25258776351028
5023,2018-10-05,233,103000,72.0,89821.04507843239,123.20498592893688,-97.0,-110.17895492156761
5024,2018-10-08,361,87200,91.0,86695.24195361599,106.15253296511949,-112.8,-113.30475804638401
5025,2018-10-09,368,83200,76.0,87634.14874427098,108.77376181814992,-116.8,-112.36585125572903
5026,2018-10-10,131,90400,67.0,82990.09081536325,138.20072653624638,-109.6,-117.00990918463675
5027,2018-10-11,046,107900,51.0,107544.75509457123,90.10504488261849,-92.1,-92.45524490542877
5028,2018-10-12,046,100700,79.0,107544.75509457123,90.10504488261849,-99.3,-92.45524490542877
5029,2018-10-15,352,94000,74.0,87955.63821652996,109.03653728919264,-106.0,-112.04436178347004
5030,2018-10-16,870,98700,71.0,112603.34319021871,77.70196562134184,-101.3,-87.39665680978128
5031,2018-10-17,271,58700,92.0,84772.22599343027,101.34961189786895,-141.3,-115.22777400656973
5032,2018-10-18,083,83300,116.0,105446.11665867908,80.29026632019433,-116.7,-94.55388334132093
5033,2018-10-19,930,95500,69.0,102888.24015907205,95.41266255403292,-104.5,-97.11175984092795
5034,2018-10-22,098,71700,100.0,103117.87035261822,88.18755719255098,-128.3,-96.88212964738177
5035,2018-10-23,012,103800,56.0,85307.97483796092,129.68318468155732,-96.2,-114.69202516203907
5036,2018-10-24,049,97200,72.0,101593.558790019,94.6377031096605,-102.8,-98.406441209981
5037,2018-10-25,594,73700,93.0,100626.52086301427,89.88934519980661,-126.3,-99.37347913698572
5038,2018-10-26,244,89900,88.0,94967.86581919777,115.57237086412043,-110.1,-105.03213418080223
5039,2018-10-29,453,85300,108.0,91990.96232498912,107.36610812305719,-114.7,-108.00903767501089
5040,2018-10-30,546,83400,56.0,93762.86592186449,110.33950286727794,-116.6,-106.23713407813551
5041,2018-10-31,379,102500,73.0,91640.57679941587,101.0614156178281,-97.5,-108.35942320058413
5042,2018-11-01,458,94300,77.0,87916.3631721322,112.18918511404773,-105.7,-112.08363682786779
5043,2018-11-02,115,88800,102.0,73844.92597344797,163.14782660695982,-111.2,-126.15507402655203
5044,2018-11-05,735,82100,97.0,84624.21382232323,121.64101433904507,-117.89999999999999,-115.37578617767677
5045,2018-11-06,350,94900,66.0,106385.66600327655,92.58808072437456,-105.1,-93.61433399672345
5046,2018-11-07,142,108500,39.0,84182.50897976758,111.33588226837676,-91.5,-115.81749102023242
5047,2018-11-08,343,107100,76.0,98732.88428056908,115.03286413159907,-92.89999999999999,-101.26711571943092
5048,2018-11-09,209,95900,77.0,86927.93217210047,127.40283843964355,-104.1,-113.07206782789953
5049,2018-11-12,132,63300,121.0,82193.75567525784,115.46236825691174,-136.7,-117.80624432474217
5050,2018-11-13,309,77200,103.0,86148.43293717182,130.07529822169855,-122.8,-113.85156706282818
5051,2018-11-14,281,96800,56.0,82611.5229075211,100.9894643430844,-103.2,-117.38847709247891
5052,2018-11-15,105,79600,94.0,88392.18926324604,123.03812867364479,-120.39999999999999,-111.60781073675396
5053,2018-11-16,800,93000,66.0,93747.58859755707,123.17050414952949,-107.0,-106.25241140244293
5054,2018-11-19,775,134700,89.0,106974.38905124551,99.75064515024039,-65.30000000000001,-93.02561094875449
5055,2018-11-20,476,99700,54.0,99355.68070635786,93.9916124780184,-100.3,-100.64431929364214
5056,2018-11-21,885,124200,59.0,108387.95083798931,95.40232703264779,-75.8,-91.61204916201069
5057,2018-11-22,589,75900,107.0,98393.26672975703,93.36060437229605,-124.1,-101.60673327024297
5058,2018-11-23,275,102700,48.0,90369.15665003943,100.36896654141164,-97.3,-109.63084334996057
5059,2018-11-26,196,96400,74.0,92146.92434214432,93.5190869750584,-103.6,-107.85307565785567
5060,2018-11-27,948,111200,52.0,88268.72088532033,113.56018706357858,-88.8,-111.73127911467967
5061,2018-11-28,987,98400,41.0,94502.7900105839,102.28197027225296,-101.6,-105.49720998941609
5062,2018-11-29,405,78200,114.0,97412.44155403366,108.94992348450764,-121.8,-102.58755844596634
5063,2018-11-30,285,74200,106.0,88155.76751364664,100.2216760034749,-125.8,-111.84423248635336
5064,2018-12-03,313,84000,121.0,80926.30806412836,153.91562836205182,-116.0,-119.07369193587164
5065,2018-12-04,921,67500,80.0,79165.72550878613,125.73848982646616,-132.5,-120.83427449121388
5066,2018-12-05,009,97700,67.0,89934.84022341142,131.4711103003323,-102.3,-110.06515977658859
5067,2018-12-06,295,90900,91.0,93733.76799155376,93.20438563019782,-109.1,-106.26623200844624
5068,2018-12-07,223,74200,115.0,83339.56354271257,141.72239815548951,-125.8,-116.66043645728743
5069,2018-12-10,991,109700,70.0,104562.4838093693,92.73643345290348,-90.3,-95.4375161906307
5070,2018-12-11,656,129800,45.0,111021.97297529611,104.80919163161582,-70.19999999999999,-88.97802702470388
5071,2018-12-12,304,117400,55.0,92082.96353173374,120.55865605191454,-82.6,-107.91703646826626
5072,2018-12-13,136,76400,105.0,79571.40452122226,123.99673490837326,-123.6,-120.42859547877774
5073,2018-12-14,922,94100,60.0,86941.51347062958,130.21165498792973,-105.89999999999999,-113.05848652937041
5074,2018-12-17,234,76000,128.0,77202.68174039104,137.19127161530176,-124.0,-122.79731825960896
5075,2018-12-18,643,80100,92.0,91367.41509199642,110.25259862860531,-119.89999999999999,-108.63258490800358
5076,2018-12-19,871,87900,74.0,86821.61137529775,101.61588887312398,-112.1,-113.17838862470225
5077,2018-12-20,600,147100,49.0,100887.95141102036,116.44380589501714,-52.900000000000006,-99.11204858897963
5078,2018-12-21,100,100600,93.0,101864.12593639424,108.73284082931553,-99.39999999999999,-98.13587406360575
5079,2018-12-24,329,68400,148.0,74108.38286131882,147.56369228367322,-131.6,-125.89161713868117
5080,2018-12-25,442,120000,68.0,96250.35207167648,113.45181125384325,-80.0,-103.74964792832353
5081,2018-12-26,644,108300,79.0,100439.81521698933,113.23748541161841,-91.7,-99.56018478301067
5082,2018-12-27,080,124400,61.0,113763.58246077658,79.72922172290087,-75.6,-86.23641753922341
5083,2018-12-28,234,89300,96.0,77202.68174039104,137.19127161530176,-110.7,-122.79731825960896
5084,2019-01-04,804,111900,65.0,92203.32638619647,113.34318681418503,-88.1,-107.79667361380353
5085,2019-01-07,755,92400,119.0,99772.39834286066,111.87160109820068,-107.6,-100.22760165713935
5086,2019-01-08,088,94100,69.0,120158.94413876084,80.46570302214742,-105.89999999999999,-79.84105586123916
5087,2019-01-09,733,94700,84.0,88468.71518090442,127.60600282591855,-105.3,-111.53128481909559
5088,2019-01-10,654,108600,59.0,87308.64031619986,122.73629861232543,-91.39999999999999,-112.69135968380014
5089,2019-01-11,953,112500,66.0,90068.70298297022,110.12017619618821,-87.5,-109.93129701702978
5090,2019-01-14,650,147700,46.0,111167.37573508141,90.15150797774419,-52.29999999999998,-88.83262426491858
5091,2019-01-15,608,101400,78.0,91390.29284891507,115.323684300489,-98.6,-108.60970715108493
5092,2019-01-16,704,101600,71.0,95849.39701097754,108.95053339360754,-98.39999999999999,-104.15060298902246
5093,2019-01-17,162,87200,74.0,85905.84933145308,104.21679869102425,-112.8,-114.09415066854692
5094,2019-01-18,616,75800,126.0,87958.23351916982,138.02917805559278,-124.2,-112.04176648083018
5095,2019-01-21,702,95900,109.0,95671.82268958662,106.52078874001563,-104.1,-104.32817731041337
5096,2019-01-22,637,119400,40.0,85743.14786981615,119.40721746875818,-80.6,-114.25685213018384
5097,2019-01-23,249,105000,52.0,83869.50850900119,116.9206728657903,-95.0,-116.1304914909988
5098,2019-01-24,547,113800,57.0,90137.3536153417,111.75442442153665,-86.2,-109.8626463846583
5099,2019-01-25,079,110400,65.0,110389.13417060708,79.66005062851555,-89.6,-89.61086582939292
5100,2019-01-28,647,92600,117.0,92563.93419362271,108.26965370527861,-107.39999999999999,-107.43606580637729
5101,2019-01-29,596,100200,72.0,104812.90185961653,86.81116870213687,-99.8,-95.18709814038347
5102,2019-01-30,603,75200,129.0,97592.85158559876,107.83069882959495,-124.8,-102.40714841440123
5103,2019-01-31,210,88800,96.0,86766.07161423673,123.58511454886671,-111.2,-113.23392838576326
5104,2019-02-01,049,87400,85.0,101439.44831568227,93.71692728574261,-112.6,-98.56055168431773
5105,2019-02-04,766,127300,63.0,109932.67106124153,98.4249517932832,-72.7,-90.06732893875846
5106,2019-02-05,322,83800,84.0,83973.09555889136,139.96599081392858,-116.2,-116.02690444110864
5107,2019-02-06,660,71600,128.0,127066.12460824993,81.43878551989212,-128.39999999999998,-72.93387539175006
5108,2019-02-07,626,77600,115.0,94877.86459421786,125.7889460661279,-122.39999999999999,-105.12213540578215
5109,2019-02-08,684,108600,51.0,98253.77129440127,92.37339672114817,-91.39999999999999,-101.74622870559872
5110,2019-02-11,077,108500,93.0,119393.40477612981,83.34088720578073,-91.5,-80.60659522387019
5111,2019-02-12,882,117200,57.0,102077.70523885304,96.70041926548265,-82.8,-97.92229476114696
5112,2019-02-13,087,90600,80.0,109429.45837085092,77.35581889588397,-109.39999999999999,-90.57054162914908
5113,2019-02-14,446,98700,78.0,99395.23377193195,113.4373478289608,-101.3,-100.60476622806804
5114,2019-02-15,771,100100,86.0,96641.06645028913,104.30947769337935,-99.89999999999999,-103.35893354971087
5115,2019-02-18,878,82700,96.0,115232.44010910515,91.99442298604403,-117.3,-84.76755989089484
5116,2019-02-19,991,71400,107.0,104592.49021278555,92.18093073235727,-128.6,-95.40750978721445
5117,2019-02-20,956,163300,30.0,97929.27363745417,102.97152591586337,-36.69999999999999,-102.07072636254583
5118,2019-02-21,831,73400,110.0,76290.87838791314,127.1798054071565,-126.6,-123.70912161208686
5119,2019-02-22,672,97300,77.0,95717.41616273487,94.6889249662941,-102.7,-104.28258383726514
5120,2019-02-25,661,72700,174.0,98225.71390430776,106.32766345195154,-127.3,-101.77428609569223
5121,2019-02-26,635,118900,42.0,87753.30151617518,118.77307213115596,-81.1,-112.24669848382482
5122,2019-02-27,663,83200,89.0,103354.10407498709,104.62869554370441,-116.8,-96.64589592501291
5123,2019-02-28,366,68200,118.0,101335.66274101486,106.54051937367215,-131.8,-98.66433725898513
5124,2019-03-01,958,127800,60.0,92098.11899210131,107.34491631629236,-72.2,-107.90188100789868
5125,2019-03-04,123,54800,235.0,68071.42498969723,160.41693837970755,-145.2,-131.92857501030278
5126,2019-03-05,892,120500,50.0,96783.84866938365,88.87321814014264,-79.5,-103.21615133061636
5127,2019-03-06,637,94400,69.0,85864.0153679544,118.86381667721714,-105.6,-114.13598463204559
5128,2019-03-07,757,127100,47.0,105853.00810486314,108.19001699010857,-72.89999999999999,-94.14699189513686
5129,2019-03-08,097,124300,57.0,116387.28901962591,71.91332520443017,-75.7,-83.61271098037409
5130,2019-03-11,302,86600,123.0,93096.69037894705,115.8658898380903,-113.39999999999999,-106.90330962105294
5131,2019-03-12,030,95300,67.0,107189.6232616043,102.46195550472366,-104.7,-92.8103767383957
5132,2019-03-13,413,69800,99.0,78564.51781369303,130.33721015039148,-130.2,-121.43548218630697
5133,2019-03-14,449,104000,52.0,94913.35673184239,118.31458428426124,-96.0,-105.08664326815762
5134,2019-03-15,652,110400,60.0,92245.70804695586,105.32136545899168,-89.6,-107.75429195304415
5135,2019-03-18,631,68300,145.0,82148.58715469939,120.1691035907532,-131.7,-117.85141284530062
5136,2019-03-19,998,116000,57.0,119651.8093968206,83.47290598617701,-84.0,-80.3481906031794
5137,2019-03-20,431,126600,50.0,83315.06125148563,117.08990249977563,-73.39999999999999,-116.68493874851437
5138,2019-03-21,378,95900,68.0,88411.34418648257,102.72215343249955,-104.1,-111.58865581351742
5139,2019-03-22,148,105300,44.0,76203.64341130771,124.30245422760851,-94.7,-123.79635658869229
5140,2019-03-25,887,83500,148.0,112953.80137370992,89.35470338653855,-116.5,-87.04619862629008
5141,2019-03-26,556,85400,92.0,102778.71341836198,110.18454371088049,-114.6,-97.22128658163803
5142,2019-03-27,247,76800,93.0,84272.89478292274,114.07488209769922,-123.2,-115.72710521707725
5143,2019-03-28,967,105300,58.0,102725.76671574457,93.90230484679361,-94.7,-97.27423328425543
5144,2019-03-29,960,111200,43.0,115956.74372226757,79.43943328439588,-88.8,-84.04325627773244
5145,2019-04-01,373,91500,133.0,98778.41275150592,105.16646829318981,-108.5,-101.22158724849407
5146,2019-04-02,502,107700,62.0,97864.62039958083,105.51294707159275,-92.3,-102.13537960041917
5147,2019-04-03,942,115900,42.0,87785.4189020954,111.46987047299965,-84.1,-112.21458109790458
5148,2019-04-04,391,92300,66.0,88077.05019332469,95.74508549507546,-107.7,-111.92294980667532
5149,2019-04-05,699,98500,63.0,118596.82361663808,84.77578988274934,-101.5,-81.40317638336191
5150,2019-04-08,169,80100,88.0,85146.09857359083,108.35544280093822,-119.89999999999999,-114.85390142640917
5151,2019-04-09,745,115400,61.0,91470.37232933409,109.45584904548069,-84.6,-108.5296276706659
5152,2019-04-10,511,81100,79.0,80443.54840759971,139.4002052550996,-118.89999999999999,-119.5564515924003
5153,2019-04-11,026,121500,44.0,94603.20869976512,109.75285789460146,-78.5,-105.39679130023488
5154,2019-04-12,906,81200,77.0,97221.9186322976,109.0336021738177,-118.8,-102.7780813677024
5155,2019-04-15,167,94800,97.0,86511.32866012372,105.51661636853592,-105.2,-113.48867133987628
5156,2019-04-16,607,85400,83.0,95744.41488792187,109.40534497101108,-114.6,-104.25558511207812
5157,2019-04-17,765,100500,60.0,89951.34132559579,113.3568277963362,-99.5,-110.04865867440421
5158,2019-04-18,145,109100,46.0,83721.305123138,115.38401153645566,-90.89999999999999,-116.278694876862
5159,2019-04-19,984,100800,61.0,100034.78531150018,89.99701883559872,-99.2,-99.96521468849981
5160,2019-04-22,764,94100,82.0,98804.32048645723,96.07792923248688,-105.89999999999999,-101.19567951354277
5161,2019-04-23,452,90600,75.0,91378.39163998124,104.36006617469124,-109.39999999999999,-108.62160836001875
5162,2019-04-24,152,94300,63.0,83756.07005662973,109.45561463477608,-105.7,-116.24392994337026
5163,2019-04-25,830,70600,130.0,98085.50383116277,97.70192763352168,-129.39999999999998,-101.91449616883723
5164,2019-04-26,166,103500,79.0,94758.79218973889,109.37450206097253,-96.5,-105.24120781026112
5165,2019-04-29,746,91300,86.0,93209.10856881742,106.99462815759128,-108.7,-106.79089143118257
5166,2019-04-30,619,70700,111.0,76259.34317301125,136.9819730394032,-129.3,-123.74065682698875
5167,2019-05-01,335,110000,82.0,89236.36587394276,127.98560422367359,-90.0,-110.76363412605724
5168,2019-05-02,992,142900,35.0,108784.00968477623,88.96033714965733,-57.099999999999994,-91.21599031522376
5169,2019-05-03,349,85300,68.0,85770.10845298502,115.77124313291286,-114.7,-114.22989154701497
5170,2019-05-06,265,100100,79.0,92322.88515135775,101.89705109180106,-99.89999999999999,-107.67711484864225
5171,2019-05-07,705,71600,86.0,94572.90350721877,111.20991405514759,-128.39999999999998,-105.42709649278123
5172,2019-05-08,451,99000,57.0,87643.95492283591,107.55567895207749,-101.0,-112.35604507716408
5173,2019-05-09,983,102200,62.0,95856.82911558216,93.53657280736016,-97.8,-104.14317088441783
5174,2019-05-10,776,102800,68.0,111630.5979811168,94.60684046606885,-97.2,-88.36940201888319
5175,2019-05-13,482,115200,65.0,89584.43373628931,96.83175386707192,-84.8,-110.41556626371069
5176,2019-05-14,856,97600,64.0,93541.60389238001,105.61897717848265,-102.39999999999999,-106.45839610761999
5177,2019-05-15,314,69800,135.0,73694.45274479703,147.61583940357914,-130.2,-126.30554725520297
5178,2019-05-16,129,67500,110.0,70881.01729238048,147.56251301167416,-132.5,-129.11898270761952
5179,2019-05-17,647,81100,105.0,92603.45144826782,107.67974263497273,-118.89999999999999,-107.39654855173218
5180,2019-05-20,025,84000,83.0,91952.17843646456,118.72278281927447,-116.0,-108.04782156353544
5181,2019-05-21,193,77500,86.0,86992.16691823243,96.77742346519913,-122.5,-113.00783308176757
5182,2019-05-22,522,31200,300.0,88085.19719589577,127.07318462117912,-168.8,-111.91480280410423
5183,2019-05-23,381,88700,59.0,82878.70183503571,102.99199103243511,-111.3,-117.12129816496429
5184,2019-05-24,682,107500,69.0,93308.22608658987,94.16217394735447,-92.5,-106.69177391341013
5185,2019-05-27,718,74400,121.0,71611.24219100461,141.99959770734478,-125.6,-128.3887578089954
5186,2019-05-28,077,132200,34.0,118780.35983139415,83.62523604065922,-67.80000000000001,-81.21964016860585
5187,2019-05-29,779,105000,69.0,110762.76333280093,95.03909165039117,-95.0,-89.23723666719907
5188,2019-05-30,731,68500,96.0,79448.60573887642,121.92622145792443,-131.5,-120.55139426112358
5189,2019-05-31,943,65200,133.0,89191.4129709118,111.42136792390342,-134.8,-110.8085870290882
5190,2019-06-03,383,130700,65.0,96131.44992936518,105.22612453762513,-69.30000000000001,-103.86855007063483
5191,2019-06-04,755,113000,65.0,99700.63324718834,111.24543379407923,-87.0,-100.29936675281166
5192,2019-06-05,342,105800,47.0,88774.9736001403,108.03608850385002,-94.2,-111.22502639985969
5193,2019-06-06,856,108700,53.0,93541.60389238001,105.61897717848265,-91.3,-106.45839610761999
5194,2019-06-07,397,105500,61.0,96594.97629746443,90.44549782190768,-94.5,-103.40502370253557
5195,2019-06-10,814,86900,123.0,73828.05105694843,138.37446679524786,-113.1,-126.17194894305156
5196,2019-06-11,080,123500,39.0,113321.49820741788,79.94221177046397,-76.5,-86.67850179258211
5197,2019-06-12,246,63600,148.0,87850.21172882606,110.81084892494898,-136.4,-112.14978827117393
5198,2019-06-13,560,96800,105.0,116569.2759412638,78.99787364595039,-103.2,-83.4307240587362
5199,2019-06-14,683,86300,88.0,94345.48501194525,94.95397589217951,-113.7,-105.65451498805476
5200,2019-06-17,226,69800,167.0,81763.2720816749,144.64715803043865,-130.2,-118.23672791832509
5201,2019-06-18,055,113900,61.0,114846.92996359232,91.6181217205731,-86.1,-85.15307003640767
5202,2019-06-19,377,105100,82.0,98789.57140551745,104.39650522298878,-94.89999999999999,-101.21042859448255
5203,2019-06-20,942,113900,41.0,87716.50410507104,110.31372458271069,-86.1,-112.28349589492896
5204,2019-06-21,180,91900,42.0,103157.34777407718,78.79269603823616,-108.1,-96.84265222592282
5205,2019-06-24,011,86800,113.0,99210.90163898922,112.53588176967881,-113.2,-100.78909836101077
5206,2019-06-25,957,118500,49.0,95263.46664760211,102.80026464201376,-81.5,-104.73653335239788
5207,2019-06-26,720,93600,107.0,100675.76101515189,95.22248253631274,-106.39999999999999,-99.32423898484811
5208,2019-06-27,928,73400,102.0,78694.65748973686,128.6367871520674,-126.6,-121.30534251026315
5209,2019-06-28,202,91100,100.0,104921.81355597035,114.7554876503074,-108.89999999999999,-95.07818644402964
5210,2019-07-01,937,125800,55.0,84689.38101602434,119.11481365250124,-74.2,-115.31061898397566
5211,2019-07-02,214,80500,91.0,74353.38692628035,142.711614018555,-119.5,-125.64661307371965
5212,2019-07-03,297,88000,61.0,95146.61483907218,89.29090475128072,-112.0,-104.85338516092781
5213,2019-07-04,951,132300,41.0,84703.76202125399,111.53273776976539,-67.69999999999999,-115.296237978746
5214,2019-07-05,782,81700,82.0,92501.6437410134,93.44127562956491,-118.3,-107.4983562589866
5215,2019-07-08,458,95500,92.0,88117.56347081497,110.4283484234832,-104.5,-111.88243652918503
5216,2019-07-09,739,94800,50.0,83614.04783560908,120.59377223644022,-105.2,-116.38595216439093
5217,2019-07-10,763,99800,61.0,94667.90377494413,99.41448998681435,-100.2,-105.33209622505586
5218,2019-07-11,736,94700,68.0,86395.97857443658,117.24275203477923,-105.3,-113.60402142556342
5219,2019-07-12,273,73600,85.0,88070.90969935388,100.05584138246078,-126.39999999999999,-111.92909030064611
5220,2019-07-15,047,106900,94.0,102349.55776752825,91.24452987196692,-93.1,-97.65044223247175
5221,2019-07-16,502,110400,71.0,97715.27969974125,104.97335080220824,-89.6,-102.28472030025874
5222,2019-07-17,042,90000,100.0,108115.94174546447,84.54297857273578,-110.0,-91.88405825453553
5223,2019-07-18,808,97000,97.0,102691.66919155246,116.25291512306853,-103.0,-97.30833080844754
5224,2019-07-19,503,96400,86.0,96256.52343841214,108.8177845102565,-103.6,-103.74347656158785
5225,2019-07-22,060,139000,60.0,118713.1241612823,81.37964032700665,-61.0,-81.28687583871769
5226,2019-07-23,463,91300,71.0,94685.23237071944,99.62692719904054,-108.7,-105.31476762928055
5227,2019-07-24,799,113200,69.0,118825.44978895063,82.77064548560666,-86.8,-81.17455021104936
5228,2019-07-25,064,121000,41.0,113128.9588127634,79.7777070121897,-79.0,-86.8710411872366
5229,2019-07-26,519,89300,97.0,74262.28774752248,140.46554507226483,-110.7,-125.73771225247752
5230,2019-07-29,477,133900,64.0,103698.79296300048,99.92329104262107,-66.1,-96.30120703699951
5231,2019-07-30,195,122400,58.0,89482.64525077563,95.3651167978709,-77.6,-110.51735474922437
5232,2019-07-31,980,90600,68.0,117650.3611181396,72.7439099979275,-109.39999999999999,-82.3496388818604
5233,2019-08-01,079,101000,65.0,110271.73188532403,79.22636437653895,-99.0,-89.72826811467597
5234,2019-08-02,791,81800,77.0,94263.15575456117,89.1659634505378,-118.2,-105.73684424543883
5236,2019-08-06,912,86900,70.0,77101.33529544607,130.3379933025982,-113.1,-122.89866470455392
5237,2019-08-07,975,104200,73.0,100448.59326401532,92.74053873172453,-95.8,-99.55140673598468
5238,2019-08-08,859,94200,65.0,91751.91658254185,106.81404618683497,-105.8,-108.24808341745815
5239,2019-08-09,613,79500,95.0,77985.8263492087,132.0116850694631,-120.5,-122.01417365079129
5240,2019-08-12,596,105900,61.0,104944.90577347121,85.57873700411997,-94.1,-95.05509422652878
5241,2019-08-13,426,73300,91.0,84333.51723377773,120.95777689666471,-126.7,-115.66648276622226
5242,2019-08-14,882,111000,61.0,101750.92181247787,96.00232563023343,-89.0,-98.24907818752213
5243,2019-08-15,557,118100,51.0,98377.29741635102,111.903493030565,-81.89999999999999,-101.62270258364897
5244,2019-08-16,254,108300,47.0,90218.19624968403,105.24781619669756,-91.7,-109.78180375031597
5245,2019-08-19,009,102200,76.0,89409.48778466224,130.08585520129114,-97.8,-110.59051221533775
5246,2019-08-20,554,91500,102.0,100899.83350121196,109.51089765920896,-108.5,-99.10016649878803
5247,2019-08-21,430,109400,68.0,107679.02779365935,89.08263934527506,-90.6,-92.32097220634066
5248,2019-08-22,297,102900,57.0,95146.61483907218,89.29090475128072,-97.1,-104.85338516092781
5249,2019-08-23,633,103300,62.0,91435.11204056692,123.77983735684225,-96.7,-108.56488795943308
5250,2019-08-26,848,117000,79.0,99423.51004630569,114.26545592502242,-83.0,-100.5764899536943
5251,2019-08-27,680,127400,44.0,115408.70305081616,74.10687538090755,-72.6,-84.59129694918384
5252,2019-08-28,246,69200,108.0,87797.00278702822,110.12636210937039,-130.8,-112.20299721297178
5253,2019-08-29,856,86600,83.0,93564.05259390677,105.03828368204287,-113.39999999999999,-106.43594740609322
5254,2019-08-30,043,131100,57.0,107682.59803345156,86.54281712481777,-68.9,-92.31740196654843
5255,2019-09-02,971,79300,111.0,90726.24955389793,96.6719556990133,-120.7,-109.27375044610207
5256,2019-09-03,874,97500,98.0,95396.79288988594,95.09178811634422,-102.5,-104.60320711011406
5257,2019-09-04,012,112700,71.0,85349.47058088891,125.2897800112451,-87.3,-114.65052941911108
5258,2019-09-05,773,98100,99.0,101521.2182555706,101.05734349785013,-101.89999999999999,-98.4787817444294
5259,2019-09-06,489,110500,53.0,96924.68222544108,92.2803153924348,-89.5,-103.07531777455891
5260,2019-09-09,032,98500,94.0,105323.02999188821,88.39985108040442,-101.5,-94.6769700081118
5261,2019-09-10,169,82000,55.0,85334.05860344866,106.98916240480128,-118.0,-114.66594139655133
5263,2019-09-12,304,103100,62.0,91992.1286313326,119.13109634631289,-96.89999999999999,-108.0078713686674
5264,2019-09-13,910,77300,115.0,97366.82870332562,100.34854134430272,-122.7,-102.63317129667438
5265,2019-09-16,133,107300,68.0,85741.79333761349,125.12540196675054,-92.7,-114.25820666238651
5266,2019-09-17,323,86000,105.0,87159.47376648919,140.34495107231942,-114.0,-112.84052623351081
5267,2019-09-18,786,111800,50.0,102655.93659517508,87.16928585573288,-88.2,-97.34406340482492
5268,2019-09-19,583,71700,80.0,90969.77369381137,98.40819202714229,-128.3,-109.03022630618864
5269,2019-09-20,240,112900,44.0,109327.12988425883,83.34435716903877,-87.1,-90.67287011574116
5270,2019-09-23,825,70900,144.0,76655.99593774212,139.7953700556074,-129.1,-123.34400406225788
5271,2019-09-24,069,99900,66.0,109220.83280664214,82.76814123105076,-100.1,-90.77916719335786
5272,2019-09-25,665,135700,66.0,108590.05256366762,99.66181740409466,-64.30000000000001,-91.40994743633237
5273,2019-09-26,876,123300,53.0,90782.13593117913,107.12449191756029,-76.7,-109.21786406882087
5274,2019-09-27,286,98000,58.0,90955.27349025919,96.1536638667085,-102.0,-109.04472650974081
5275,2019-09-30,766,122000,57.0,109448.77422737822,97.0620094091279,-78.0,-90.55122577262178
5276,2019-10-01,597,103500,64.0,103399.59903678956,85.05129452425716,-96.5,-96.60040096321045
5277,2019-10-02,715,74000,104.0,75748.06252343899,135.4199878110987,-126.0,-124.25193747656101
5278,2019-10-03,635,96100,60.0,87988.21273144941,116.75073605006376,-103.89999999999999,-112.01178726855059
5279,2019-10-04,705,103600,70.0,94480.74492327758,110.12736661362202,-96.39999999999999,-105.51925507672242
5283,2019-10-10,191,99500,54.0,93866.08186198608,98.32837175175635,-100.5,-106.13391813801391
5284,2019-10-11,207,114300,42.0,87135.42976863413,122.62047047703238,-85.7,-112.86457023136587
5285,2019-10-14,163,71700,119.0,85799.3692217803,105.26654892614052,-128.3,-114.20063077821969
5286,2019-10-15,393,88000,84.0,102634.37921358502,96.39025878259713,-112.0,-97.36562078641498
5291,2019-10-22,158,95200,56.0,77862.53807938629,119.85769864140411,-104.8,-122.13746192061372
5292,2019-10-23,822,84700,95.0,82718.16984321136,132.34408474279425,-115.3,-117.28183015678863
5293,2019-10-24,530,97900,101.0,104877.7338846538,92.28774096200998,-102.1,-95.12226611534619
5294,2019-10-25,175,85600,96.0,86381.99601710773,102.35062871364234,-114.39999999999999,-113.61800398289228
5295,2019-10-28,762,99400,84.0,93771.03805188065,97.68232337327947,-100.6,-106.22896194811935
5296,2019-10-29,716,81600,74.0,77097.66191038443,132.55025641312795,-118.39999999999999,-122.90233808961557
5297,2019-10-30,920,103000,85.0,101585.36782807791,94.85232214740823,-97.0,-98.41463217192208
5298,2019-10-31,134,93100,70.0,81946.40487533527,117.77407342749065,-106.89999999999999,-118.05359512466472
5299,2019-11-01,317,63600,113.0,69319.96112706755,155.0996226857464,-136.4,-130.68003887293244
5300,2019-11-04,465,111400,66.0,98563.3311002532,97.22374290867886,-88.6,-101.43666889974679
5301,2019-11-05,601,105600,81.0,97246.92551523211,103.56361176177599,-94.39999999999999,-102.75307448476788
5302,2019-11-06,219,68400,86.0,69612.14624130738,152.95366310893897,-131.6,-130.38785375869264
5303,2019-11-07,612,67900,128.0,79230.37190136025,126.7283236588432,-132.1,-120.76962809863974
5304,2019-11-08,153,71100,78.0,83654.43606539603,111.14225464731075,-128.89999999999998,-116.34556393460397
5305,2019-11-11,544,80600,126.0,99127.02121489821,112.2617122102256,-119.39999999999999,-100.8729787851018
5306,2019-11-12,961,98500,50.0,89809.95999719,101.63220782854577,-101.5,-110.19004000281
5307,2019-11-13,828,76800,175.0,88512.58540610857,131.19431461303896,-123.2,-111.48741459389143
5308,2019-11-14,818,80200,122.0,82255.40371563855,142.50824098531737,-119.8,-117.74459628436145
5310,2019-11-18,275,79800,94.0,90550.91766819626,98.39510347642627,-120.2,-109.44908233180374
5311,2019-11-19,695,126700,36.0,105733.04929157077,84.05389925274933,-73.3,-94.26695070842922
5312,2019-11-20,363,100800,62.0,100800.24729593363,106.27443610400596,-99.2,-99.19975270406637
5313,2019-11-21,204,105200,66.0,92860.25452251581,114.96395522600413,-94.8,-107.13974547748418
5314,2019-11-22,094,113400,81.0,114933.59689927346,71.67420298393714,-86.6,-85.06640310072655
5315,2019-11-25,962,91800,90.0,93441.8628520985,98.56242719756258,-108.2,-106.5581371479015
5316,2019-11-26,118,68500,125.0,68192.14707074025,170.44937315218118,-131.5,-131.80785292925975
5317,2019-11-27,565,137500,50.0,110614.15087124954,100.78757590304242,-62.5,-89.38584912875045
5318,2019-11-28,491,104100,69.0,91424.84122014862,90.98192127394186,-95.89999999999999,-108.57515877985138
5319,2019-11-29,339,85800,90.0,85872.66338818763,130.2470053859229,-114.2,-114.12733661181237
5320,2019-12-02,448,86800,128.0,90895.53839356269,120.5480505564321,-113.2,-109.10446160643731
5321,2019-12-03,242,92400,60.0,97501.63278406856,109.64984051052411,-107.6,-102.49836721593144
5322,2019-12-04,340,88100,119.0,109806.40781021853,84.59934740800345,-111.89999999999999,-90.19359218978147
5324,2019-12-06,694,89400,83.0,104551.49610637335,83.82875089785497,-110.6,-95.44850389362665
5325,2019-12-09,869,99200,99.0,99022.50332759897,95.68503538748679,-100.8,-100.97749667240103
5326,2019-12-10,436,88000,60.0,88042.31569449788,114.68774267693051,-112.0,-111.95768430550211
5327,2019-12-11,247,78200,80.0,84338.92076865757,112.3547900336927,-121.8,-115.66107923134243
5328,2019-12-12,844,99100,74.0,93219.34789619656,117.63159479103024,-100.89999999999999,-106.78065210380343
5329,2019-12-13,865,93800,83.0,96101.0042577038,99.4204531117963,-106.2,-103.89899574229621
5330,2019-12-16,491,115400,83.0,91424.84122014862,90.98192127394186,-84.6,-108.57515877985138
5331,2019-12-17,392,84500,82.0,91978.66860671634,91.01030696986392,-115.5,-108.02133139328366
5332,2019-12-18,626,99500,93.0,94649.87467580177,124.40023954792635,-100.5,-105.35012532419823
5333,2019-12-19,680,111400,61.0,115423.98022359154,73.91899994852935,-88.6,-84.57601977640846
5334,2019-12-20,325,70500,162.0,75563.2025034242,149.95314026075718,-129.5,-124.4367974965758
5335,2019-12-23,349,87400,103.0,85858.97909762627,114.05639895200736,-112.6,-114.14102090237373
5336,2019-12-24,113,67300,177.0,75626.55572358408,153.00183466193815,-132.7,-124.37344427641591
5338,2019-12-26,914,88200,82.0,77366.51306918034,131.827808126875,-111.8,-122.63348693081966
5339,2019-12-27,475,103800,72.0,96643.36724953497,94.68473202644105,-96.2,-103.35663275046502
5340,2019-12-30,721,49500,246.0,78555.89269063092,122.32013507516977,-150.5,-121.44410730936907
5341,2020-01-06,887,115200,78.0,112810.11832798182,88.24653220551973,-84.8,-87.18988167201817
5342,2020-01-07,109,87400,96.0,76999.49448217463,145.66704143934203,-112.6,-123.00050551782536
5343,2020-01-08,527,75400,106.0,80460.26397754565,125.48248226411873,-124.6,-119.53973602245435
5344,2020-01-09,409,101300,88.0,93600.78460323422,110.51819751318376,-98.7,-106.39921539676578
5345,2020-01-10,785,105800,48.0,98508.99970031573,90.80701330534096,-94.2,-101.49100029968426
5346,2020-01-13,705,94500,112.0,94550.02419543949,109.72276486921609,-105.5,-105.44997580456051
5347,2020-01-14,428,78200,110.0,77429.91845700596,129.36725809866908,-121.8,-122.57008154299405
5348,2020-01-15,565,141100,40.0,110614.15087124954,100.78757590304242,-58.900000000000006,-89.38584912875045
5349,2020-01-16,592,107600,55.0,95693.78111498409,89.33148077198851,-92.39999999999999,-104.30621888501591
5350,2020-01-17,626,96500,79.0,94649.87467580177,124.40023954792635,-103.5,-105.35012532419823
5351,2020-01-20,485,109200,83.0,94248.44714685947,95.0525894894689,-90.8,-105.75155285314052
5352,2020-01-21,069,101900,47.0,109220.19787160939,82.40521865049307,-98.1,-90.77980212839061
5353,2020-01-22,444,117000,289.0,67592.57092525373,602.9361065329203,-83.0,-132.40742907474626
5354,2020-01-23,366,122300,40.0,101094.85146248635,104.81224518924688,-77.7,-98.90514853751365
5355,2020-01-24,629,74500,107.0,82070.95530306305,123.87070439993133,-125.5,-117.92904469693696
5356,2020-01-27,345,71900,160.0,81048.1854418108,128.74900170698493,-128.1,-118.9518145581892
5357,2020-01-28,002,158300,50.0,97919.24971417781,114.2909340543631,-41.69999999999999,-102.08075028582218
5358,2020-01-29,312,64800,101.0,74529.32113165027,140.4744967870813,-135.2,-125.47067886834972
5359,2020-01-30,472,95500,63.0,91878.29368169255,95.58871055177417,-104.5,-108.12170631830745
5360,2020-01-31,436,87000,59.0,88042.31569449788,114.68774267693051,-113.0,-111.95768430550211
5361,2020-02-03,272,84800,98.0,97515.04160637343,100.07639226610318,-115.2,-102.48495839362657
5362,2020-02-04,514,79800,110.0,78489.21724547757,130.55006534421503,-120.2,-121.51078275452242
5363,2020-02-05,108,70700,142.0,81500.25460574692,129.3070845218166,-129.3,-118.49974539425308
5364,2020-02-06,577,112300,59.0,105790.88228815973,98.47594578363457,-87.7,-94.20911771184026
5365,2020-02-07,433,105800,100.0,92439.15333411572,120.01418361758859,-94.2,-107.56084666588428
5366,2020-02-10,516,86800,118.0,77851.45024905771,132.81762112112574,-113.2,-122.14854975094228
5367,2020-02-11,720,87500,80.0,100610.29228380597,94.6274081114945,-112.5,-99.38970771619402
5368,2020-02-12,503,100400,76.0,96353.85666351626,107.79432844956932,-99.6,-103.64614333648375
5369,2020-02-13,123,50900,148.0,68511.7859798403,157.10020189693137,-149.1,-131.48821402015972
5370,2020-02-14,006,137900,55.0,93748.14114453296,123.18113992363499,-62.099999999999994,-106.25185885546703
5371,2020-02-17,005,121000,92.0,93245.39215222103,124.46925615809194,-79.0,-106.75460784777897
5372,2020-02-18,386,104400,58.0,92557.3515812099,95.76172081527069,-95.6,-107.44264841879009
5373,2020-02-19,461,89100,96.0,89962.13432998718,100.06199581880685,-110.89999999999999,-110.03786567001282
5374,2020-02-20,518,70300,153.0,71394.06622056534,143.71205352240455,-129.7,-128.60593377943468
5375,2020-02-21,206,104200,65.0,91001.27083529384,117.76697645536446,-95.8,-108.99872916470616
5376,2020-02-25,996,106700,88.0,121128.74663527422,81.50972384626981,-93.3,-78.87125336472577
5378,2020-02-26,528,70500,116.0,76868.23053357896,131.58507637817533,-129.5,-123.13176946642105
5379,2020-02-27,907,106200,53.0,94419.62450359021,109.04530069231284,-93.8,-105.58037549640979
5380,2020-02-28,780,113900,75.0,114290.20198476483,73.76837292458036,-86.1,-85.70979801523517
5381,2020-03-02,843,117300,77.0,85047.42435311696,114.33043936607571,-82.7,-114.95257564688303
5382,2020-03-03,178,80500,106.0,83055.41715441525,104.70466190091231,-119.5,-116.94458284558475
5383,2020-03-04,452,91800,78.0,91395.45591043383,102.57983900566613,-108.2,-108.60454408956618
5384,2020-03-05,073,110300,51.0,107667.76051286737,79.36887962926136,-89.7,-92.33223948713263
5385,2020-03-06,162,92800,59.0,85983.25217291748,101.88856536252604,-107.2,-114.01674782708253
5386,2020-03-09,921,73100,149.0,79073.37867453459,122.69706473472559,-126.89999999999999,-120.92662132546542
5387,2020-03-10,372,71700,100.0,88660.83111166707,98.36719170146829,-128.3,-111.33916888833294
5388,2020-03-11,168,72000,117.0,82291.13262533728,109.52172697631957,-128.0,-117.70886737466272
5389,2020-03-12,233,105500,67.0,89914.628564739,120.32146944930209,-94.5,-110.085371435261
5390,2020-03-13,504,75500,100.0,98106.18394070254,106.04740730830945,-124.5,-101.89381605929746
5391,2020-03-16,983,127300,49.0,95910.76394153638,92.50229720950809,-72.7,-104.08923605846361
5392,2020-03-17,679,90200,79.0,103643.48055688753,88.48964169420758,-109.8,-96.35651944311246
5393,2020-03-18,738,79100,94.0,80426.91813713218,123.4742820537336,-120.89999999999999,-119.57308186286782
5394,2020-03-19,376,90900,66.0,94826.82547799173,95.48372142890963,-109.1,-105.17317452200827
5395,2020-03-20,397,76300,69.0,96771.30433801463,88.64288731673003,-123.7,-103.22869566198537
5396,2020-03-23,063,102200,90.0,109942.97046756865,80.72640063676258,-97.8,-90.05702953243134
5397,2020-03-24,477,127900,34.0,103975.97523779052,98.60896193724952,-72.1,-96.02402476220948
5398,2020-03-25,509,88800,94.0,92963.03912929048,112.48425129281898,-111.2,-107.03696087070952
5399,2020-03-26,930,88300,121.0,102716.73191639884,93.16463138152028,-111.7,-97.28326808360116
5400,2020-03-27,938,120700,43.0,82203.73415485932,121.89866824248953,-79.3,-117.79626584514067
5401,2020-03-30,574,103900,80.0,97252.22110926043,93.82152616867833,-96.1,-102.74777889073957
5402,2020-03-31,724,59300,127.0,82532.18241851135,120.42830498209553,-140.7,-117.46781758148865
5403,2020-04-01,176,113500,43.0,88870.56884869542,98.55442847212797,-86.5,-111.12943115130459
5404,2020-04-02,010,128500,69.0,105121.80296545399,105.21230671890356,-71.5,-94.878197034546
5405,2020-04-03,802,94400,80.0,91827.84579798866,109.51831890206786,-105.6,-108.17215420201134
5406,2020-04-06,602,109000,99.0,98878.68092028756,102.3995703058244,-91.0,-101.12131907971244
5407,2020-04-07,221,81600,121.0,82174.4469920312,135.80302331738477,-118.39999999999999,-117.82555300796881
5408,2020-04-08,925,76600,114.0,80211.72570927146,133.84809466846042,-123.39999999999999,-119.78827429072854
5409,2020-04-09,505,103700,90.0,106811.44296288287,113.10651937414218,-96.3,-93.18855703711714
5410,2020-04-10,182,97600,41.0,82188.63886546636,100.46683309550777,-102.39999999999999,-117.81136113453364
5411,2020-04-13,684,107200,60.0,98425.65974414915,90.46165245300044,-92.8,-101.57434025585086
5412,2020-04-14,909,90300,77.0,106583.79041829347,111.09028130280304,-109.7,-93.41620958170653
5413,2020-04-15,962,122700,26.0,93447.99073405442,98.03508240093102,-77.3,-106.55200926594559
5414,2020-04-16,010,138900,54.0,105274.69621679002,104.99939425484762,-61.099999999999994,-94.72530378320998
5415,2020-04-17,391,89400,68.0,88239.41219983576,93.3564024658855,-110.6,-111.76058780016425
5416,2020-04-20,950,123700,37.0,106701.1216754888,91.51028933982239,-76.3,-93.2988783245112
5417,2020-04-21,889,101500,60.0,117015.30579417996,85.70365168363905,-98.5,-82.98469420582003
5418,2020-04-22,489,99500,54.0,97052.01054930776,91.35729689721404,-100.5,-102.94798945069225
5419,2020-04-23,804,79900,64.0,92264.34639294578,111.17053532806958,-120.1,-107.73565360705422
5420,2020-04-24,654,128600,34.0,88002.7244609951,116.49349841856773,-71.4,-111.9972755390049
5421,2020-04-27,867,110300,41.0,98171.59038062736,95.13516376037691,-89.7,-101.82840961937264
5422,2020-04-28,843,117600,33.0,85099.64081778839,114.18980433642025,-82.39999999999999,-114.90035918221162
5423,2020-04-29,457,105100,33.0,92132.90041099816,103.68630071433992,-94.89999999999999,-107.86709958900184
5424,2020-04-30,054,125700,32.0,110310.75924112802,83.05840317588397,-74.3,-89.68924075887197
5425,2020-05-01,815,88300,70.0,72808.5409595708,140.721835942197,-111.7,-127.1914590404292
5426,2020-05-04,534,106400,40.0,88166.75253620326,114.13116878516892,-93.6,-111.83324746379674
5427,2020-05-05,809,60200,62.0,91011.60731311719,112.85336864901507,-139.8,-108.9883926868828
5428,2020-05-06,348,94400,81.0,82470.91132509017,117.37929436264737,-105.6,-117.52908867490983
5429,2020-05-07,033,87300,70.0,110061.11841610669,95.99860571223914,-112.7,-89.9388815838933
5430,2020-05-08,278,94300,59.0,87160.64114853086,100.42331565271822,-105.7,-112.83935885146913
5431,2020-05-11,837,88900,57.0,80955.54353604521,121.99309293495693,-111.1,-119.04445646395479
5432,2020-05-12,996,124400,57.0,121261.01499024374,81.35778670452548,-75.6,-78.73898500975626
5433,2020-05-13,860,119800,37.0,111063.23161315177,80.66951258951856,-80.2,-88.93676838684823
5434,2020-05-14,700,70200,101.0,97217.42688487934,116.91127394562139,-129.8,-102.78257311512066
5435,2020-05-15,803,65300,131.0,90615.08885436601,113.1134956678371,-134.7,-109.38491114563399
5437,2020-05-19,162,93500,46.0,85985.28351612376,101.49086219240189,-106.5,-114.01471648387624
5438,2020-05-20,729,68700,102.0,80249.76115116014,123.72083474967108,-131.3,-119.75023884883986
5439,2020-05-21,684,103400,60.0,98498.10300210431,90.21320826349528,-96.6,-101.50189699789568
5443,2020-05-27,551,72700,106.0,92120.95899668147,114.32850356094663,-127.3,-107.87904100331853
5444,2020-05-28,343,129100,58.0,98954.12105856686,111.80919517305033,-70.9,-101.04587894143314
5445,2020-05-29,892,88900,71.0,96886.68722878575,87.37562612331735,-111.1,-103.11331277121424
5446,2020-06-01,536,86600,101.0,87444.32118134266,116.04259836076885,-113.39999999999999,-112.55567881865734
5447,2020-06-02,202,97300,62.0,105081.12833968364,112.93508438773266,-102.7,-94.91887166031636
5448,2020-06-03,697,115300,60.0,108574.13110670756,79.97031970796637,-84.7,-91.42586889329245
5449,2020-06-04,432,84100,81.0,78654.54676351958,129.91378386111413,-115.89999999999999,-121.34545323648041
5450,2020-06-05,863,67400,124.0,90675.81627497877,102.86583412494498,-132.6,-109.32418372502123
5451,2020-06-08,507,90800,117.0,93298.12488457697,110.39734912863004,-109.2,-106.70187511542302
5452,2020-06-09,744,105700,75.0,97047.9098233485,111.44752808318044,-94.3,-102.9520901766515
5453,2020-06-10,774,97500,77.0,105990.3977812064,96.4721093045653,-102.5,-94.0096022187936
5454,2020-06-11,383,121300,61.0,96560.43410891894,103.27537613505122,-78.7,-103.43956589108106
5455,2020-06-12,078,120400,53.0,106535.65526637874,80.53637925184707,-79.6,-93.46434473362126
5456,2020-06-15,712,62900,136.0,76291.92406383404,128.8962721812715,-137.1,-123.70807593616595
5457,2020-06-16,826,68400,110.0,79870.99856303597,125.76767587306651,-131.6,-120.12900143696403
5458,2020-06-17,153,86100,79.0,83526.4820926513,110.3184864640263,-113.89999999999999,-116.4735179073487
5459,2020-06-18,365,100700,74.0,93970.02214855529,100.24802001338618,-99.3,-106.02997785144471
5460,2020-06-19,734,81200,77.0,86026.80538048274,114.9459883645315,-118.8,-113.97319461951726
5461,2020-06-22,197,110200,84.0,90600.17234233092,91.27682829776896,-89.8,-109.39982765766908
5462,2020-06-23,988,104000,68.0,117751.93663110044,85.23274857320718,-96.0,-82.24806336889955
5463,2020-06-24,550,128900,51.0,116032.87410605184,95.00749460701718,-71.1,-83.96712589394816
5464,2020-06-25,981,107000,39.0,91060.95032939388,94.4775283698096,-93.0,-108.93904967060612
5465,2020-06-26,709,75900,103.0,93191.08411329507,109.55269525969743,-124.1,-106.80891588670492
5466,2020-06-29,801,81400,116.0,90197.85458650267,109.38690011148213,-118.6,-109.80214541349733
5467,2020-06-30,245,90100,86.0,88077.94766228585,108.52411197644562,-109.89999999999999,-111.92205233771415
5468,2020-07-01,358,33600,376.0,83636.4097424266,113.73014504155424,-166.4,-116.3635902575734
5469,2020-07-02,510,82600,114.0,98609.53329116608,98.91771780892135,-117.39999999999999,-101.39046670883391
5470,2020-07-03,464,112900,93.0,109524.85541893389,97.01627254003553,-87.1,-90.4751445810661
5471,2020-07-06,337,77500,127.0,86164.89989338492,127.51440202275252,-122.5,-113.83510010661507
5472,2020-07-07,112,82100,112.0,77836.04157726908,145.01958615347667,-117.89999999999999,-122.16395842273093
5473,2020-07-08,024,88300,97.0,96930.7469215432,103.44463931868583,-111.7,-103.0692530784568
5474,2020-07-09,339,85100,102.0,85875.49133750072,129.41515443737177,-114.89999999999999,-114.12450866249928
5475,2020-07-10,937,119000,54.0,84591.73645214316,116.71272224141279,-81.0,-115.40826354785683
5476,2020-07-13,182,105100,61.0,82263.18451477599,99.47142593102521,-94.89999999999999,-117.73681548522401
5477,2020-07-14,738,88800,66.0,80282.05165910907,121.95447541672489,-111.2,-119.71794834089093
5478,2020-07-15,697,94400,93.0,108616.27837080247,79.59178874797291,-105.6,-91.38372162919754
5479,2020-07-16,699,100400,84.0,118854.18787070549,82.47123876997647,-99.6,-81.14581212929451
5480,2020-07-17,613,75400,86.0,77999.67664834396,129.7472592415957,-124.6,-122.00032335165604
5481,2020-07-20,350,104400,96.0,106715.28485566119,89.39018565517438,-95.6,-93.28471514433882
5482,2020-07-21,378,81400,91.0,88742.24447056718,100.47879734021431,-118.6,-111.25775552943281
5483,2020-07-22,637,61800,112.0,85868.75230032452,115.3634951046775,-138.2,-114.13124769967548
5484,2020-07-23,097,115300,48.0,116268.89709418797,70.3996083801706,-84.7,-83.73110290581204
5485,2020-07-24,224,83400,117.0,83910.99914938945,136.89711377876458,-116.6,-116.08900085061055
5486,2020-07-27,495,92300,74.0,100429.06947771095,86.33601632898223,-107.7,-99.57093052228905
5487,2020-07-28,008,106400,73.0,85979.66095074214,132.61554792094282,-93.6,-114.02033904925786
5488,2020-07-29,902,82900,78.0,96053.16713757045,104.33698180973865,-117.1,-103.94683286242955
5489,2020-07-30,555,89600,366.0,69442.84082498716,591.6418790574123,-110.39999999999999,-130.55715917501283
5490,2020-07-31,130,85600,102.0,97454.20360988111,99.163351083176,-114.39999999999999,-102.5457963901189
5491,2020-08-03,009,76000,147.0,89469.04063766719,128.5132412858044,-124.0,-110.53095936233281
5492,2020-08-04,113,70900,136.0,75742.44963589472,152.23647197807156,-129.1,-124.25755036410527
5493,2020-08-05,229,84700,101.0,78377.97554683266,147.97416205557107,-115.3,-121.62202445316734
5494,2020-08-06,796,108500,52.0,109297.72707631033,79.09550016822756,-91.5,-90.70227292368966
5495,2020-08-07,332,97200,75.0,90559.0214605355,118.70482934638395,-102.8,-109.4409785394645
5496,2020-08-10,681,91600,102.0,89739.84190591409,95.08948152380952,-108.39999999999999,-110.26015809408591
5497,2020-08-11,871,95900,56.0,86885.87887742672,99.59799195494651,-104.1,-113.11412112257328
5498,2020-08-12,640,135000,43.0,111562.11820937824,83.3795774722322,-65.0,-88.43788179062176
5499,2020-08-13,998,101400,76.0,119815.13315820013,80.96777832297552,-98.6,-80.18486684179987
5500,2020-08-14,132,80700,83.0,82307.18528378833,113.23089743267938,-119.3,-117.69281471621166
5501,2020-08-17,858,89400,82.0,104190.55881200923,105.62029040645056,-110.6,-95.80944118799077
5503,2020-08-19,884,124200,74.0,107440.05145420972,91.72409590708783,-75.8,-92.55994854579028
5504,2020-08-20,611,83500,118.0,81266.44334228493,135.4768673113247,-116.5,-118.73355665771507
5505,2020-08-21,529,88400,91.0,79997.81006340512,126.26221223679785,-111.6,-120.00218993659487
5506,2020-08-24,317,70600,141.0,69307.52393753243,153.07488235169598,-129.39999999999998,-130.69247606246756
5507,2020-08-25,226,60400,160.0,82109.69494697786,141.4166618183511,-139.6,-117.89030505302213
5508,2020-08-26,687,107100,59.0,102254.41859252536,86.11913843776256,-92.89999999999999,-97.74558140747465
5509,2020-08-27,267,91000,69.0,90889.93800823661,99.45771851894916,-109.0,-109.11006199176339
5510,2020-08-28,930,99700,63.0,102567.09268457227,92.44179185574184,-100.3,-97.43290731542773
5511,2020-08-31,443,81600,151.0,97275.90778245806,110.66527147838498,-118.39999999999999,-102.72409221754194
5512,2020-09-01,838,101500,74.0,92495.48616807589,122.4924620114104,-98.5,-107.5045138319241
5513,2020-09-02,995,118600,66.0,116023.58409887057,84.84427805924592,-81.39999999999999,-83.97641590112943
5514,2020-09-03,716,77600,111.0,76783.82057158712,131.07163317435203,-122.39999999999999,-123.21617942841289
5515,2020-09-04,445,118300,79.0,98805.4151053416,110.82401936820601,-81.7,-101.1945848946584
5516,2020-09-07,793,103500,76.0,99267.21274980063,86.0171584284285,-96.5,-100.73278725019937
5517,2020-09-08,948,96800,66.0,88418.90465173675,109.14752354770825,-103.2,-111.58109534826325
5518,2020-09-09,461,99900,68.0,90147.11496312387,99.29539473049627,-100.1,-109.85288503687613
5519,2020-09-10,899,111200,71.0,118804.16688810269,81.22609425884842,-88.8,-81.19583311189731
5520,2020-09-11,195,106400,64.0,89622.77916853402,93.55032126615393,-93.6,-110.37722083146598
5521,2020-09-14,046,100600,105.0,107359.4793712564,86.5873972377774,-99.39999999999999,-92.6405206287436
5522,2020-09-15,848,100800,64.0,99721.70214280719,111.02407919061258,-99.2,-100.27829785719281
5523,2020-09-16,927,67500,123.0,81059.59018820421,121.49046837313007,-132.5,-118.94040981179579
5524,2020-09-17,376,95100,55.0,94889.94825384629,94.70311956859666,-104.89999999999999,-105.1100517461537
5525,2020-09-18,432,90900,82.0,79054.16804422402,127.92579207087644,-109.1,-120.94583195577599
5526,2020-09-21,240,76300,201.0,109472.67636164807,82.01014922429546,-123.7,-90.52732363835192
5527,2020-09-22,208,103600,52.0,83444.24984128571,126.09298948696541,-96.39999999999999,-116.55575015871429
5528,2020-09-23,365,96400,69.0,94114.84275780433,99.66290972828469,-103.6,-105.88515724219566
5529,2020-09-24,660,71800,161.0,126508.88380209172,79.11566980820356,-128.2,-73.49111619790828
5530,2020-09-25,040,96400,88.0,116443.57511872487,84.92065940550349,-103.6,-83.55642488127513
5531,2020-09-28,932,98300,100.0,83962.66951564321,115.47851476707909,-101.7,-116.03733048435679
5532,2020-09-29,969,110100,50.0,116012.75767893503,92.63688108304808,-89.89999999999999,-83.98724232106497
5533,2020-09-30,130,96500,87.0,97325.54686866069,99.0816750604724,-103.5,-102.6744531313393
5534,2020-10-01,659,116600,60.0,96246.49809062367,100.86114163088016,-83.39999999999999,-103.75350190937633
5535,2020-10-02,040,121000,93.0,116443.57511872487,84.92065940550349,-79.0,-83.55642488127513
5536,2020-10-05,160,95800,97.0,107801.57615156105,78.91686617630275,-104.2,-92.19842384843895
5537,2020-10-06,472,82000,71.0,91977.89350891949,94.33026757929858,-118.0,-108.0221064910805
5538,2020-10-07,944,107200,58.0,97839.37402340402,110.94521790562469,-92.8,-102.16062597659598
5539,2020-10-08,277,95000,57.0,97374.17359864384,101.79215356590504,-105.0,-102.62582640135615
5540,2020-10-09,820,100000,86.0,96789.17910691288,97.49066776239334,-100.0,-103.21082089308712
5541,2020-10-12,979,126000,72.0,119234.70885305064,86.84348052814823,-74.0,-80.76529114694935
5542,2020-10-13,300,85900,120.0,100262.60214052073,111.92863697904555,-114.1,-99.73739785947927
5543,2020-10-14,424,83100,104.0,95406.38480740778,118.7136021500504,-116.89999999999999,-104.59361519259221
5544,2020-10-15,650,128200,56.0,111650.89132484191,86.93505224925572,-71.80000000000001,-88.34910867515809
5545,2020-10-16,680,107600,48.0,115756.39279569563,72.75744375370543,-92.39999999999999,-84.24360720430437
5556,2020-11-02,761,125800,60.0,89991.41649115553,99.26605237241849,-74.2,-110.00858350884447
5557,2020-11-03,210,92200,86.0,87148.84130778778,119.8347824250544,-107.8,-112.85115869221222
5558,2020-11-04,322,73300,100.0,84029.98285619257,135.82585512309734,-126.7,-115.97001714380742
5559,2020-11-05,993,99200,64.0,109962.57041185921,87.67369433016802,-100.8,-90.03742958814078
5560,2020-11-06,415,81200,112.0,77932.73715949935,130.2000472263013,-118.8,-122.06726284050065
5561,2020-11-09,174,84400,100.0,86513.9438390846,99.38333957045954,-115.6,-113.4860561609154
5562,2020-11-10,242,114400,45.0,97907.98211169502,107.5191166168173,-85.6,-102.09201788830498
5563,2020-11-11,287,109300,51.0,89604.19820387043,94.84598762733931,-90.7,-110.39580179612958
5564,2020-11-12,475,92400,57.0,96686.57662196652,93.37743732386707,-107.6,-103.31342337803348
5565,2020-11-13,922,96600,87.0,86693.43904598264,125.44819734297097,-103.39999999999999,-113.30656095401736
5566,2020-11-16,842,94600,92.0,83843.79836794053,112.06076285643877,-105.39999999999999,-116.15620163205946
5567,2020-11-17,136,71900,80.0,79672.01577806403,120.68258123093528,-128.1,-120.32798422193596
5568,2020-11-18,346,91400,76.0,89939.62352160527,107.98928645765339,-108.6,-110.06037647839473
5569,2020-11-19,000,93000,345.0,70729.42810662229,557.0291451189078,-107.0,-129.2705718933777
5570,2020-11-20,321,61400,108.0,69586.96520796497,152.84254378390176,-138.6,-130.41303479203503
5571,2020-11-23,014,91200,75.0,92654.17904204834,109.87242082043768,-108.8,-107.34582095795166
5572,2020-11-24,998,106900,72.0,119570.86303092734,80.7000407320634,-93.1,-80.42913696907266
5573,2020-11-25,945,100800,60.0,92286.20810452472,106.73819564456166,-99.2,-107.71379189547528
5574,2020-11-26,171,95900,54.0,90455.82692226199,104.93104903621585,-104.1,-109.54417307773801
5575,2020-11-27,282,78100,70.0,95548.34716923046,99.15067222506475,-121.89999999999999,-104.45165283076953
5576,2020-11-30,571,98600,75.0,88557.75186746562,98.6657523320383,-101.39999999999999,-111.44224813253439
5577,2020-12-01,659,107100,68.0,96321.28806244535,100.50484486834866,-92.89999999999999,-103.67871193755464
5578,2020-12-02,729,73000,98.0,80080.61543662644,122.65490518366079,-127.0,-119.91938456337355
5579,2020-12-03,275,81100,78.0,90636.11553383245,97.05382966146567,-118.89999999999999,-109.36388446616755
5580,2020-12-04,201,108600,77.0,93367.71112231203,108.74945656594612,-91.39999999999999,-106.63228887768797
5581,2020-12-07,314,60100,215.0,73914.3367099508,142.9075519578966,-139.9,-126.0856632900492
5582,2020-12-08,898,98900,69.0,125861.01747685656,77.81647745684289,-101.1,-74.13898252314344
5583,2020-12-09,823,71300,120.0,78170.85124619464,125.87012513295488,-128.7,-121.82914875380536
5585,2020-12-11,831,64500,117.0,76542.93486377985,124.12751695322969,-135.5,-123.45706513622014
5586,2020-12-14,688,76000,195.0,111673.3247597488,88.44150056267486,-124.0,-88.3266752402512
5587,2020-12-15,377,105800,82.0,98917.22319887561,102.19401451502479,-94.2,-101.08277680112438
5588,2020-12-16,364,105700,53.0,94299.84567405563,97.5907751742363,-94.3,-105.70015432594437
5589,2020-12-17,711,84400,106.0,78422.28460073537,137.6000817857482,-115.6,-121.57771539926463
5590,2020-12-18,017,93300,81.0,86956.92476865707,116.46854507535947,-106.7,-113.04307523134293
5591,2020-12-21,421,74400,116.0,82043.7894593278,116.11951509656303,-125.6,-117.95621054067219
5592,2020-12-22,689,99100,98.0,103703.4753972434,85.30393600409974,-100.89999999999999,-96.2965246027566
5593,2020-12-23,485,117100,59.0,94461.95327732411,93.27183462486346,-82.89999999999999,-105.53804672267589
5594,2020-12-24,316,64700,148.0,72372.2493236967,147.485511901245,-135.3,-127.6277506763033
5595,2020-12-25,588,130300,69.0,106360.12124806378,93.43483161585502,-69.69999999999999,-93.63987875193622
5596,2020-12-28,925,72200,183.0,80340.9767069253,131.3708186208377,-127.8,-119.6590232930747
5597,2020-12-29,439,75600,87.0,84220.23384344093,117.63119588685987,-124.39999999999999,-115.77976615655906
5598,2020-12-30,013,88900,98.0,92158.43897825894,110.0409544837007,-111.1,-107.84156102174106
5599,2021-01-04,489,93000,139.0,97126.9081490391,90.23041142007283,-107.0,-102.8730918509609
5600,2021-01-05,715,69400,133.0,75527.3408747956,133.53785716138373,-130.6,-124.4726591252044
5601,2021-01-06,325,65300,139.0,75880.09419563787,146.47155762831866,-134.7,-124.11990580436213
5602,2021-01-07,762,99100,73.0,93891.28558108059,95.56762787487355,-100.89999999999999,-106.1087144189194
5603,2021-01-08,229,95400,87.0,78355.1321870935,146.33739849113286,-104.6,-121.6448678129065
5604,2021-01-11,051,103400,81.0,104190.36928581638,84.32662080710855,-96.6,-95.80963071418361
5605,2021-01-12,197,99900,86.0,90847.43083885919,90.5997722803507,-100.1,-109.1525691611408
5606,2021-01-13,517,75400,134.0,74574.55799182603,135.28984347353622,-124.6,-125.42544200817396
5607,2021-01-14,053,123400,48.0,107042.46700315905,85.00765927032224,-76.6,-92.95753299684095
5608,2021-01-15,740,116500,64.0,106867.46288804019,85.52851122777948,-83.5,-93.1325371119598
5609,2021-01-18,240,106100,89.0,109324.01029167614,82.02141499563271,-93.89999999999999,-90.67598970832385
5610,2021-01-19,355,84400,119.0,95687.9109312394,112.84444624171124,-115.6,-104.3120890687606
5611,2021-01-20,294,93400,70.0,94223.50260491461,87.95603780082358,-106.6,-105.77649739508539
5612,2021-01-21,923,77600,115.0,81869.58355634697,120.96961370033966,-122.39999999999999,-118.13041644365302
5613,2021-01-22,635,99500,71.0,88008.46470701208,114.4217350803814,-100.5,-111.99153529298792
5614,2021-01-25,196,88800,102.0,92422.76286056679,90.12384594542766,-111.2,-107.57723713943321
5615,2021-01-26,240,114500,70.0,109324.01029167614,82.02141499563271,-85.5,-90.67598970832385
5616,2021-01-27,602,105100,79.0,98682.6222091552,101.36384039452697,-94.89999999999999,-101.31737779084479
5617,2021-01-28,951,114500,45.0,84793.2238207533,108.82419054099367,-85.5,-115.2067761792467
5618,2021-01-29,698,113100,78.0,106507.3623079463,81.01646133161869,-86.89999999999999,-93.4926376920537
5619,2021-02-01,514,81300,153.0,78467.062175009,129.1898010191292,-118.7,-121.532937824991
5620,2021-02-02,509,92800,77.0,92557.84950114749,111.73233719039686,-107.2,-107.44215049885251
5621,2021-02-03,398,97900,72.0,95053.39178299837,89.83704137237089,-102.1,-104.94660821700163
5622,2021-02-04,704,112900,75.0,95447.22988956286,105.61407791518855,-87.1,-104.55277011043714
5623,2021-02-05,281,89700,71.0,82805.42558740293,98.45194080921829,-110.3,-117.19457441259706
5624,2021-02-08,357,65600,178.0,87337.23002366083,108.29976555522616,-134.4,-112.66276997633916
5625,2021-02-09,486,78400,78.0,97360.65223026564,90.11660595341266,-121.6,-102.63934776973436
5626,2021-02-10,843,111900,74.0,85252.8267148951,112.5177667336365,-88.1,-114.7471732851049
5627,2021-02-11,641,97900,62.0,86557.64671495654,108.2353320355526,-102.1,-113.44235328504345
5628,2021-02-12,000,119800,301.0,71281.36976134886,550.593102108231,-80.2,-128.71863023865114
5629,2021-02-15,744,135800,76.0,96903.42721058476,110.31923186371642,-64.19999999999999,-103.09657278941523
5630,2021-02-16,785,116300,59.0,98511.02951799476,89.2958745629378,-83.7,-101.48897048200524
5631,2021-02-17,003,141900,77.0,95070.52542425258,118.55743700035926,-58.099999999999994,-104.92947457574742
5632,2021-02-18,912,55600,109.0,77186.14186298149,127.02042215865092,-144.4,-122.81385813701851
5633,2021-02-19,154,115400,72.0,86185.5525975231,106.6417369169173,-84.6,-113.8144474024769
5634,2021-02-22,179,112100,82.0,86107.05300615692,100.30490305846419,-87.89999999999999,-113.89294699384308
5635,2021-02-23,862,80900,52.0,89908.4787813575,99.87267169065348,-119.1,-110.0915212186425
5636,2021-02-24,385,51800,152.0,89986.49996422093,97.66788271613497,-148.2,-110.01350003577907
5637,2021-02-25,997,127300,80.0,120121.39660135772,79.74857786684915,-72.7,-79.87860339864228
5638,2021-02-26,298,79500,110.0,93449.36734517649,89.24354080174842,-120.5,-106.5506326548235
5639,2021-03-01,246,69600,147.0,87930.99133171688,107.31455916833164,-130.39999999999998,-112.06900866828312
5640,2021-03-02,934,97600,84.0,86959.45463134255,113.45756396644899,-102.39999999999999,-113.04054536865745
5641,2021-03-03,291,80700,98.0,88003.30319689315,90.62634987821147,-119.3,-111.99669680310686
5642,2021-03-04,931,78600,101.0,80231.83352018936,118.76013240883172,-121.39999999999999,-119.76816647981063
5643,2021-03-05,831,63900,127.0,76581.85731963649,123.771974099937,-136.1,-123.41814268036352
5644,2021-03-08,097,108000,123.0,116292.3004517491,70.01252572892103,-92.0,-83.70769954825089
5645,2021-03-09,807,96300,56.0,89613.15885861484,111.93160214863667,-103.7,-110.38684114138516
5646,2021-03-10,566,84200,132.0,107976.38548409288,97.99320024154,-115.8,-92.02361451590711
5647,2021-03-11,767,91700,85.0,114272.22125191223,93.42479184531638,-108.3,-85.72777874808777
5648,2021-03-12,759,121000,50.0,94033.31075192847,101.21546926101888,-79.0,-105.96668924807153
5649,2021-03-15,351,56800,164.0,84763.9361669077,108.01969714812167,-143.2,-115.23606383309229
5650,2021-03-16,642,67100,99.0,90239.76010089443,104.43844396526511,-132.9,-109.76023989910557
5651,2021-03-17,881,123000,56.0,97793.04866236885,96.72914431071769,-77.0,-102.20695133763115
5652,2021-03-18,347,92300,84.0,86248.53058158554,110.63830352327523,-107.7,-113.75146941841446
5653,2021-03-19,989,102600,74.0,122186.82774188473,82.34629514527526,-97.39999999999999,-77.81317225811527
5654,2021-03-22,048,116100,81.0,97270.77321988353,94.24942622002942,-83.89999999999999,-102.72922678011646
5655,2021-03-23,369,51200,189.0,90916.25138522281,101.6155803789332,-148.8,-109.08374861477718
5656,2021-03-24,876,116700,43.0,91475.48172755964,102.545577483973,-83.3,-108.52451827244036
5657,2021-03-25,548,107700,48.0,86462.00403466659,112.77029570816771,-92.3,-113.53799596533341
5658,2021-03-26,020,121600,60.0,107763.67385049479,99.00742753154411,-78.39999999999999,-92.23632614950522
5659,2021-03-29,574,120600,72.0,97292.40964411834,92.41046252729282,-79.39999999999999,-102.70759035588166
5660,2021-03-30,526,79200,109.0,83766.29922007702,119.98825208026052,-120.8,-116.23370077992297
5661,2021-03-31,985,121600,58.0,101244.95179545626,87.73444332289917,-78.39999999999999,-98.75504820454374
5662,2021-04-01,655,126200,65.0,103324.34860184844,105.53439268434661,-73.8,-96.67565139815156
5663,2021-04-02,933,85200,82.0,89217.1195497433,123.63551200151552,-114.8,-110.78288045025671
5664,2021-04-05,415,68400,168.0,77967.15707974673,129.72037031475776,-131.6,-122.03284292025327
5665,2021-04-06,053,114500,62.0,107112.50832605411,84.7541871984592,-85.5,-92.88749167394589
5666,2021-04-07,742,67300,117.0,87106.24488684798,106.7721574726433,-132.7,-112.89375511315201
5667,2021-04-08,611,84800,105.0,81333.78777907582,134.28667010637201,-115.2,-118.66621222092418
5668,2021-04-09,684,84700,127.0,98567.77832589198,88.87888583619225,-115.3,-101.43222167410802
5669,2021-04-12,178,54500,204.0,83245.17786841013,103.33915655612222,-145.5,-116.75482213158986
5670,2021-04-13,136,65400,135.0,79742.2845514931,120.10121841267633,-134.6,-120.2577154485069
5671,2021-04-14,680,120500,77.0,115774.07635786833,72.49711561798539,-79.5,-84.22592364213168
5672,2021-04-15,016,107700,96.0,90689.71214285244,112.86573854980554,-92.3,-109.31028785714756
5673,2021-04-16,623,67800,129.0,84090.27985551543,117.7937100467085,-132.2,-115.90972014448457
5674,2021-04-19,750,108300,117.0,107123.12469474287,88.92898252788022,-91.7,-92.87687530525713
5675,2021-04-20,526,81500,115.0,83766.29922007702,119.98825208026052,-118.5,-116.23370077992297
5676,2021-04-21,258,69700,113.0,81705.14674699029,113.3315990857153,-130.3,-118.29485325300972
5677,2021-04-22,148,91900,74.0,76463.20613729127,121.18819088773907,-108.1,-123.53679386270872
5678,2021-04-23,762,100400,102.0,93869.92705173983,95.20376203190038,-99.6,-106.13007294826018
5679,2021-04-26,109,76900,172.0,77339.12576437178,141.1257000567565,-123.1,-122.66087423562821
5680,2021-04-27,053,117600,52.0,107079.08046877584,84.88206702777626,-82.39999999999999,-92.92091953122416
5681,2021-04-28,537,81900,96.0,83801.67548765929,118.20034603631443,-118.1,-116.1983245123407
5682,2021-04-29,755,101800,56.0,99840.92543038665,107.61944516457172,-98.2,-100.15907456961335
5683,2021-04-30,050,110800,86.0,113168.89353026575,90.52355449685606,-89.2,-86.83110646973425
5684,2021-05-03,971,96400,95.0,90614.67949131112,94.88378896039087,-103.6,-109.38532050868888
5685,2021-05-04,465,109800,80.0,98546.62300560632,94.83455127920246,-90.2,-101.45337699439368
5686,2021-05-05,782,81700,104.0,92616.34427114317,90.94861030393938,-118.3,-107.38365572885682
5687,2021-05-06,475,85700,90.0,96615.19359513046,93.08315344973562,-114.3,-103.38480640486954
5688,2021-05-07,068,120600,69.0,105540.4215451144,83.80554423181115,-79.39999999999999,-94.4595784548856
5689,2021-05-10,860,116500,106.0,111120.45594674896,79.11776323839499,-83.5,-88.87954405325104
5690,2021-05-11,753,66300,139.0,89539.76586979597,105.12762167290104,-133.7,-110.46023413020403
5691,2021-05-12,265,95200,62.0,92386.4698573345,98.84539813184767,-104.8,-107.61353014266551
5692,2021-05-13,958,89200,75.0,92196.80432543688,103.06372933209212,-110.8,-107.80319567456311
5693,2021-05-14,863,69300,105.0,90615.82744857922,100.99633211946225,-130.7,-109.38417255142078
5694,2021-05-17,615,74800,136.0,78139.5823500767,130.15633575471819,-125.2,-121.86041764992329
5695,2021-05-18,270,91900,81.0,109437.19163461312,75.45284247974251,-108.1,-90.56280836538689
5696,2021-05-19,855,95500,84.0,96046.13285062392,112.10504538097958,-104.5,-103.95386714937608
5697,2021-05-20,130,96900,99.0,97376.46101090801,98.65195433523783,-103.1,-102.62353898909198
5698,2021-05-21,151,92500,115.0,89899.37826263948,112.19315176908009,-107.5,-110.10062173736051
5699,2021-05-24,052,87900,130.0,107386.32933312512,82.57921803503503,-112.1,-92.61367066687488
5700,2021-05-25,369,56400,176.0,90714.1355406129,101.89180344685717,-143.6,-109.2858644593871
5701,2021-05-26,576,85300,71.0,101261.18770508372,89.78575505230606,-114.7,-98.73881229491627
5702,2021-05-27,635,88900,82.0,87810.8295328467,114.11756418876583,-111.1,-112.18917046715329
5703,2021-05-28,282,112000,76.0,95263.4148518985,98.26875675554999,-88.0,-104.7365851481015
5704,2021-05-31,493,89900,86.0,96174.20023609043,87.99491695776042,-110.1,-103.82579976390957
5705,2021-06-01,117,62700,172.0,71482.45658984057,159.8085250579527,-137.3,-128.51754341015942
5706,2021-06-02,948,105900,79.0,88300.37414013581,108.43044283653917,-94.1,-111.69962585986418
5707,2021-06-03,633,85700,91.0,91537.45115605784,120.64510368824236,-114.3,-108.46254884394216
5708,2021-06-04,227,65600,137.0,78772.0948423659,143.92468106973485,-134.4,-121.2279051576341
5709,2021-06-07,118,35000,367.0,68324.08997301632,167.6714797418316,-165.0,-131.67591002698367
5710,2021-06-08,841,90900,109.0,79874.34334621186,115.23180192310792,-109.1,-120.12565665378814
5711,2021-06-09,736,82400,79.0,86416.37132609289,113.66813043813832,-117.6,-113.5836286739071
5712,2021-06-10,746,105300,56.0,93135.23937598933,103.19421482983319,-94.7,-106.86476062401067
5713,2021-06-11,695,97600,107.0,105573.90629940605,82.52551638166142,-102.39999999999999,-94.42609370059395
5714,2021-06-14,901,97900,109.0,86192.23394384405,118.87387469314633,-102.1,-113.80776605615594
5715,2021-06-15,108,64800,145.0,81629.69197456977,127.35331549135142,-135.2,-118.37030802543023
5716,2021-06-16,553,94300,150.0,96863.51676458803,111.12460022321417,-105.7,-103.13648323541197
5717,2021-06-17,089,84600,107.0,111049.42208047799,75.7249966395824,-115.39999999999999,-88.950577919522
5718,2021-06-18,752,84400,113.0,88680.28772578962,103.72631551111112,-115.6,-111.31971227421037
5719,2021-06-21,367,79700,177.0,92369.31993725679,99.30734544066382,-120.3,-107.63068006274321
5720,2021-06-22,400,102900,127.0,101877.13047005773,110.2301847305398,-97.1,-98.12286952994226
5721,2021-06-23,836,97400,48.0,83131.8244004242,118.40584107874139,-102.6,-116.86817559957579
5722,2021-06-24,153,72200,144.0,83515.90104772853,109.64906082713283,-127.8,-116.48409895227147
5723,2021-06-25,093,102100,108.0,111594.67014881152,72.84103844190662,-97.89999999999999,-88.40532985118848
5724,2021-06-28,479,78000,147.0,96295.7647594307,92.67571896859553,-122.0,-103.70423524056929
5725,2021-06-29,736,79500,126.0,86416.37132609289,113.66813043813832,-120.5,-113.5836286739071
5726,2021-06-30,389,82800,116.0,92324.51712484505,94.60113186321503,-117.2,-107.67548287515496
5727,2021-07-01,472,74200,76.0,91950.27814853865,93.78298308564342,-125.8,-108.04972185146134
5728,2021-07-02,759,91400,117.0,93916.00813658355,100.99619409694377,-108.6,-106.08399186341644
5729,2021-07-05,591,101900,107.0,91683.70030984319,90.99203663123872,-98.1,-108.31629969015681
5730,2021-07-06,641,101600,103.0,86465.19687706348,107.67280324103156,-98.39999999999999,-113.53480312293651
5731,2021-07-07,888,70700,505.0,83524.16493583278,436.1084036686525,-129.3,-116.47583506416721
5732,2021-07-08,758,69200,153.0,90286.61925397329,104.08043122873407,-130.8,-109.71338074602671
5733,2021-07-09,292,104100,74.0,101175.42400260338,90.98203088716137,-95.89999999999999,-98.82457599739662
5734,2021-07-12,768,100900,164.0,97432.05705447982,93.73927548837551,-99.1,-102.56794294552017
5735,2021-07-13,293,95300,74.0,91202.78758608362,90.53501967418318,-104.7,-108.79721241391638
5736,2021-07-14,740,95300,149.0,107155.2624922028,84.88462015018024,-104.7,-92.84473750779719
5737,2021-07-15,920,81400,140.0,101613.02359048734,93.00424938362265,-118.6,-98.38697640951266
5738,2021-07-16,090,67300,131.0,120632.92582456056,72.19187310344147,-132.7,-79.36707417543944
5739,2021-07-19,415,56800,211.0,77837.00322335602,129.38902084449074,-143.2,-122.16299677664398
5740,2021-07-20,900,87100,143.0,98394.42533190857,115.17131731872247,-112.89999999999999,-101.60557466809144
5741,2021-07-21,803,96500,78.0,90543.02774558394,111.00491145269075,-103.5,-109.45697225441606
5742,2021-07-22,764,91400,108.0,98819.9138448081,92.4050288889545,-108.6,-101.18008615519189
5743,2021-07-23,378,68000,150.0,88506.52741508199,99.98122538842229,-132.0,-111.49347258491801
5744,2021-07-26,388,91100,201.0,99419.17711655686,98.20996021190953,-108.89999999999999,-100.58082288344313
5745,2021-07-27,556,86500,134.0,102525.19453383224,105.83546780200344,-113.5,-97.47480546616775
5746,2021-07-28,614,72800,160.0,79325.98222484603,126.13457935456091,-127.2,-120.67401777515397
5747,2021-07-29,764,89900,125.0,98819.9138448081,92.4050288889545,-110.1,-101.18008615519189
5748,2021-07-30,704,83000,144.0,95718.34588226266,104.6765730663313,-117.0,-104.28165411773735
5749,2021-08-02,239,57700,259.0,80111.74423120852,120.59105480603733,-142.3,-119.88825576879148
5750,2021-08-03,240,49300,253.0,109610.65044989105,81.6183282286638,-150.7,-90.38934955010895
5751,2021-08-04,696,101700,117.0,121829.72969209995,81.12588413311268,-98.3,-78.17027030790004
5752,2021-08-05,345,88100,91.0,81403.58278441898,124.30222332678301,-111.89999999999999,-118.59641721558103
5753,2021-08-06,163,58700,254.0,85611.97101914992,103.6364597010324,-141.3,-114.38802898085008
5754,2021-08-09,419,56700,287.0,74674.26017087985,134.30596401421928,-143.3,-125.32573982912015
5755,2021-08-10,599,104300,148.0,112626.76309310959,86.80386147423131,-95.7,-87.37323690689041
5756,2021-08-11,261,70800,151.0,86502.89526613818,100.00556178207451,-129.2,-113.49710473386182
5757,2021-08-12,745,88300,142.0,91419.80135489475,105.4744401184245,-111.7,-108.58019864510526
5758,2021-08-13,707,80500,241.0,104648.40440772989,110.90755131183678,-119.5,-95.35159559227012
5759,2021-08-16,746,67600,247.0,93113.15401578018,102.83273981750762,-132.4,-106.88684598421982
5760,2021-08-17,630,67700,233.0,105520.4579527164,89.41426460764387,-132.3,-94.4795420472836
5761,2021-08-18,144,72400,229.0,90408.60499349772,114.70284113220825,-127.6,-109.59139500650228
5762,2021-08-19,034,84100,160.0,104918.01233119288,89.71915336879997,-115.89999999999999,-95.08198766880712
5763,2021-08-20,862,73500,166.0,89784.51317011508,99.48140617065323,-126.5,-110.21548682988491
5764,2021-08-23,128,50900,316.0,68017.82504531842,148.07868853361447,-149.1,-131.98217495468157
5765,2021-08-24,841,74200,120.0,79889.27192989335,115.08414325963601,-125.8,-120.11072807010665
5766,2021-08-25,760,114800,69.0,116206.62596669502,75.57664270702426,-85.2,-83.79337403330497
5767,2021-08-26,987,74100,159.0,95966.26248406991,94.39771042346634,-125.89999999999999,-104.03373751593008
5768,2021-08-27,413,65000,214.0,78643.7305752874,126.02402162018332,-135.0,-121.35626942471261
5769,2021-08-30,412,57700,350.0,79899.34857202746,121.5008752950927,-142.3,-120.10065142797254
5770,2021-08-31,335,90200,78.0,89166.67113341029,124.40608461607657,-109.8,-110.83332886658971
5771,2021-09-01,502,59300,360.0,97751.45441856948,102.36617143911388,-140.7,-102.24854558143052
5772,2021-09-02,933,84400,193.0,89057.81441078894,123.35001675327098,-115.6,-110.94218558921106
5773,2021-09-03,099,60600,390.0,126801.15227345096,73.37350510021942,-139.4,-73.19884772654903
5774,2021-09-06,595,79100,321.0,112391.59188650473,88.81743737798763,-120.89999999999999,-87.60840811349527
5775,2021-09-07,059,55100,293.0,102887.06177578599,89.19840830702422,-144.9,-97.112938224214
5776,2021-09-08,547,65700,294.0,90201.14574074426,107.09782617539251,-134.3,-109.79885425925573
5777,2021-09-09,916,74400,99.0,77478.2477849403,129.73568717845734,-125.6,-122.5217522150597
5778,2021-09-10,931,66900,241.0,79917.20402021622,119.26915829591223,-133.1,-120.08279597978378
5779,2021-09-13,040,66800,424.0,115783.64776501941,85.3176406875592,-133.2,-84.21635223498059
5780,2021-09-14,468,81200,70.0,91922.77859496334,100.05103147357995,-118.8,-108.07722140503665
5781,2021-09-15,032,49200,428.0,104796.95703494782,88.20596760554734,-150.8,-95.20304296505218
5782,2021-09-16,662,82300,213.0,102022.45152927467,99.44394573359024,-117.7,-97.97754847072534
5783,2021-09-17,714,62100,153.0,76518.0379755394,129.27306535674984,-137.9,-123.4819620244606
5784,2021-09-20,723,56000,192.0,81015.8048274328,120.42703629229281,-144.0,-118.9841951725672
5785,2021-09-21,114,82000,101.0,75906.92640948697,150.51999518271347,-118.0,-124.09307359051303
5786,2021-09-22,708,115600,63.0,89012.45335164497,112.18440609199077,-84.39999999999999,-110.98754664835502
5787,2021-09-23,975,100500,69.0,100304.35997996773,90.14207939455024,-99.5,-99.69564002003227
5788,2021-09-24,262,113100,47.0,99347.76534639846,100.545752075872,-86.89999999999999,-100.65223465360154
5789,2021-09-27,275,80300,78.0,90234.75971630897,97.55838123486443,-119.7,-109.76524028369103
5790,2021-09-28,226,81800,108.0,81906.72971097553,139.81974420910183,-118.2,-118.09327028902447
5791,2021-09-29,610,84600,121.0,99474.57343146845,97.47676212531339,-115.39999999999999,-100.52542656853154
5792,2021-09-30,606,74200,78.0,109334.10587718093,107.35000469225419,-125.8,-90.66589412281907
5793,2021-10-01,910,75900,123.0,96821.55586304633,99.98582980143813,-124.1,-103.17844413695366
5794,2021-10-04,876,137300,52.0,91954.874631021,101.03915738438086,-62.69999999999999,-108.045125368979
5795,2021-10-05,033,103500,58.0,109183.355058549,96.8651864534301,-96.5,-90.816644941451
5796,2021-10-06,649,81500,60.0,91682.63168228867,106.50777506799365,-118.5,-108.31736831771133
5797,2021-10-07,716,77100,86.0,76761.99361543223,129.6640688402823,-122.89999999999999,-123.23800638456777
5798,2021-10-08,071,110000,42.0,104394.37095362325,78.56275449417913,-90.0,-95.60562904637675
5799,2021-10-11,473,99300,80.0,92676.29538106482,95.04543390702536,-100.7,-107.32370461893518
5800,2021-10-12,461,88900,56.0,89838.08361352197,99.04338934814544,-111.1,-110.16191638647803
5801,2021-10-13,642,87300,52.0,90023.03216891014,104.45756657117123,-112.7,-109.97696783108985
5802,2021-10-14,019,118100,59.0,86013.65061080156,119.98639055699368,-81.89999999999999,-113.98634938919844
5803,2021-10-15,968,125200,53.0,99327.55052277885,93.06319652898026,-74.8,-100.67244947722115
5804,2021-10-18,527,69500,121.0,80086.22589512785,123.74287288458933,-130.5,-119.91377410487215
5805,2021-10-19,491,114100,42.0,91171.84030231248,90.0580480162205,-85.89999999999999,-108.82815969768751
5806,2021-10-20,353,115300,41.0,98080.74698727338,110.08058737784805,-84.7,-101.91925301272661
5807,2021-10-21,722,77400,132.0,85992.38416936723,124.07295669639358,-122.6,-114.00761583063277
5808,2021-10-22,426,75100,122.0,84090.38167600085,117.91526937273811,-124.89999999999999,-115.90961832399915
5809,2021-10-25,970,99500,73.0,116549.31697502737,73.54825855669098,-100.5,-83.45068302497263
5810,2021-10-26,495,103400,51.0,99805.0518988775,86.5087542619783,-96.6,-100.19494810112249
5811,2021-10-27,488,118200,45.0,104272.62088758282,93.92171991194348,-81.8,-95.72737911241718
5812,2021-10-28,187,94200,54.0,85082.53839349434,99.00369768591652,-105.8,-114.91746160650565
5813,2021-10-29,236,58000,119.0,83690.95736539543,115.9564230479669,-142.0,-116.30904263460457
5814,2021-11-01,042,92800,99.0,107515.12411460574,83.82849627216932,-107.2,-92.48487588539426
5815,2021-11-02,265,91800,56.0,92068.65742994145,99.54127996858935,-108.2,-107.93134257005855
5816,2021-11-03,188,98400,56.0,92964.48964889122,102.50983966865064,-101.6,-107.03551035110878
5817,2021-11-04,063,111500,75.0,109257.23051805387,81.03733512543285,-88.5,-90.74276948194613
5818,2021-11-05,169,81700,59.0,84545.8812279641,106.91941956401759,-118.3,-115.4541187720359
5819,2021-11-08,576,94900,96.0,101008.62076303805,90.06410208389094,-105.1,-98.99137923696195
5820,2021-11-09,024,94400,55.0,96496.73729158544,103.34952926101538,-105.6,-103.50326270841457
5821,2021-11-10,905,91700,75.0,94671.46529674098,108.97976659233046,-108.3,-105.32853470325902
5822,2021-11-11,748,93100,59.0,86500.82933093159,109.58268254027983,-106.89999999999999,-113.4991706690684
5823,2021-11-12,635,78900,116.0,87687.2574991549,114.2437381291031,-121.1,-112.31274250084509
5824,2021-11-15,245,77200,89.0,87569.79218474784,108.73569549668336,-122.8,-112.43020781525216
5825,2021-11-17,313,84400,100.0,81095.41141442006,147.47951423705317,-115.6,-118.90458858557994
5827,2021-11-18,802,92200,62.0,91719.56893878628,107.64956461353995,-107.8,-108.28043106121372
5828,2021-11-19,571,78500,67.0,88418.83663193359,98.34418519006266,-121.5,-111.58116336806641
5829,2021-11-22,363,113500,88.0,100526.36273615542,103.59565260110016,-86.5,-99.47363726384458
5830,2021-11-23,549,102000,58.0,89298.08098036992,109.86400956798433,-98.0,-110.70191901963007
5831,2021-11-24,448,77100,93.0,90814.05402406356,117.44752748229568,-122.89999999999999,-109.18594597593643
5832,2021-11-25,357,49400,149.0,86931.2737589802,108.26137543570124,-150.6,-113.0687262410198
5833,2021-11-26,931,97300,51.0,79776.89525942384,119.52982288094019,-102.7,-120.22310474057616
5834,2021-11-29,935,80800,131.0,85299.20870038874,117.02518025690712,-119.2,-114.70079129961125
5835,2021-11-30,840,89200,85.0,102340.34369771143,88.78066030259576,-110.8,-97.65965630228857
5836,2021-12-01,126,60700,114.0,74206.94651530248,136.19771924844397,-139.3,-125.79305348469752
5837,2021-12-02,398,97700,63.0,94521.37400530593,90.38143774697514,-102.3,-105.47862599469407
5838,2021-12-03,856,85800,85.0,93573.16242328931,101.76384209199766,-114.2,-106.4268375767107
5839,2021-12-06,075,108200,90.0,109794.99083229537,79.00367286202565,-91.8,-90.20500916770463
5840,2021-12-07,871,110900,41.0,87088.49864126416,98.15678068327078,-89.1,-112.91150135873583
5841,2021-12-08,570,157100,26.0,113771.82021604695,75.85573833405417,-42.900000000000006,-86.22817978395305
5842,2021-12-09,398,94700,80.0,94521.37400530593,90.38143774697514,-105.3,-105.47862599469407
5843,2021-12-10,540,116300,69.0,110176.70490134376,84.80752184242115,-83.7,-89.82329509865623
5844,2021-12-13,418,68600,169.0,71618.80556821033,138.50090898779436,-131.39999999999998,-128.38119443178965
5845,2021-12-14,702,109900,51.0,94799.03421808615,104.02535809126164,-90.1,-105.20096578191385
5846,2021-12-15,728,67800,156.0,77016.9812695969,125.10166005627916,-132.2,-122.9830187304031
5847,2021-12-17,074,113500,54.0,110083.49504780097,77.26825074768175,-86.5,-89.91650495219903
5849,2021-12-20,245,93500,87.0,87334.06985501196,108.62764459519781,-106.5,-112.66593014498804
5850,2021-12-21,858,130700,37.0,103734.80995767987,104.17363378161905,-69.30000000000001,-96.26519004232013
5851,2021-12-22,365,83300,105.0,93514.17871007566,99.67154416169413,-116.7,-106.48582128992433
5852,2021-12-23,486,87100,73.0,97086.96060989708,89.59662298436564,-112.89999999999999,-102.91303939010291
5853,2021-12-24,069,105100,55.0,107984.95257269613,82.87659684592404,-94.89999999999999,-92.01504742730387
5854,2021-12-27,692,96600,85.0,98996.70665560977,84.3917841931586,-103.39999999999999,-101.00329334439023
5855,2021-12-28,553,109800,80.0,96757.40603789032,110.85741144874235,-90.2,-103.24259396210968
5856,2021-12-29,737,109300,64.0,93893.77190952258,119.79943689589653,-90.7,-106.10622809047742
5857,2022-01-03,131,72600,121.0,83235.84673925613,132.7013984903344,-127.39999999999999,-116.76415326074387
5858,2022-01-04,394,96700,74.0,95399.72753253487,88.32825398849074,-103.3,-104.60027246746512
5859,2022-01-05,917,66900,169.0,75181.51670843277,131.54460186723801,-133.1,-124.81848329156723
5860,2022-01-06,201,105900,41.0,93142.08285490368,108.91662244079319,-94.1,-106.85791714509632
5861,2022-01-07,698,126800,38.0,106120.02044098308,81.18084614044841,-73.2,-93.87997955901692
5862,2022-01-10,758,83000,112.0,90419.20302445319,103.83440012585847,-117.0,-109.5807969755468
5863,2022-01-11,906,102900,87.0,96257.91493008018,106.00319206306324,-97.1,-103.74208506991982
5864,2022-01-12,372,81800,102.0,88511.78548804227,96.64536886460385,-118.2,-111.48821451195774
5865,2022-01-13,387,97200,61.0,90956.97670953584,94.84266725656846,-102.8,-109.04302329046416
5866,2022-01-14,946,84500,66.0,93535.18729453097,103.54613219582049,-115.5,-106.46481270546903
5867,2022-01-17,529,67300,195.0,79419.92724629304,126.10639231401396,-132.7,-120.58007275370696
5868,2022-01-18,118,40800,267.0,68374.61142754891,166.7639859797412,-159.2,-131.62538857245107
5869,2022-01-19,330,86400,119.0,105825.6643744917,104.5754611743541,-113.6,-94.1743356255083
5870,2022-01-20,739,92700,49.0,83317.28021033961,117.20991742932434,-107.3,-116.68271978966038
5871,2022-01-21,597,93800,77.0,102969.23937572705,83.74670046285158,-106.2,-97.03076062427294
5872,2022-01-24,207,100000,104.0,87037.3935846878,119.40226183096492,-100.0,-112.9626064153122
5873,2022-01-25,607,121000,85.0,94923.19705400382,106.20681931094211,-79.0,-105.07680294599618
5874,2022-01-26,988,109500,72.0,117159.5786133284,83.96432759332735,-90.5,-82.8404213866716
5875,2022-01-27,995,148800,49.0,115572.51113096172,84.6445820018365,-51.19999999999999,-84.42748886903827
5876,2022-01-28,355,83900,105.0,95390.10900166364,112.6751825423155,-116.1,-104.60989099833635
5877,2022-01-31,125,59600,225.0,72649.15570074272,147.42395207772438,-140.4,-127.35084429925728
5878,2022-02-01,372,76000,91.0,88511.78548804227,96.64536886460385,-124.0,-111.48821451195774
5879,2022-02-02,160,133900,44.0,107050.21817472429,79.51802383834479,-66.1,-92.9497818252757
5880,2022-02-03,839,76200,76.0,81387.60549227092,119.49875755574276,-123.8,-118.61239450772908
5881,2022-02-04,094,91800,87.0,114226.64305678899,71.31768432366094,-108.2,-85.77335694321101
5882,2022-02-07,138,69400,125.0,72572.82134556437,130.63983865613963,-130.6,-127.42717865443562
5883,2022-02-08,355,88400,114.0,95251.46732401794,112.63634619963916,-111.6,-104.74853267598206
5884,2022-02-09,008,122800,40.0,85568.78218131672,132.043381149438,-77.2,-114.43121781868328
5885,2022-02-10,577,94000,68.0,105417.47999199771,96.8631968108833,-106.0,-94.58252000800229
5886,2022-02-11,888,74400,453.0,83366.7777487924,435.4211590644463,-125.6,-116.6332222512076
5887,2022-02-14,973,100800,79.0,95330.25699315502,92.64308057233781,-99.2,-104.66974300684497
5888,2022-02-15,280,122600,61.0,106594.89418023691,75.27462044755181,-77.39999999999999,-93.4051058197631
5889,2022-02-16,494,108100,117.0,110593.29369583284,86.83333318746902,-91.89999999999999,-89.40670630416716
5890,2022-02-17,719,72000,198.0,74093.62448817081,133.64694080799785,-128.0,-125.90637551182918
5891,2022-02-18,098,73600,98.0,103734.5631821496,82.97968409309435,-126.39999999999999,-96.26543681785039
5892,2022-02-21,991,100100,82.0,104245.41830035576,89.2620244975228,-99.89999999999999,-95.75458169964425
5893,2022-02-22,481,115400,48.0,86049.38077336141,96.37835644506505,-84.6,-113.9506192266386
5894,2022-02-23,520,110800,68.0,102477.70194056831,93.05493149681578,-89.2,-97.52229805943169
5895,2022-02-24,811,84200,116.0,75477.61593801957,142.91353539898947,-115.8,-124.52238406198042
5896,2022-02-25,951,105600,52.0,84635.64264720514,107.99401058175641,-94.39999999999999,-115.36435735279485
5897,2022-02-28,358,32300,520.0,83122.45343669299,113.18908724688023,-167.7,-116.877546563307
5898,2022-03-01,463,75400,113.0,94418.24617414668,96.50739697765196,-124.6,-105.58175382585331
5899,2022-03-02,735,67100,108.0,84711.04277027077,115.91220123594609,-132.9,-115.28895722972923
5900,2022-03-03,907,81500,139.0,93838.35309620075,106.84836916532582,-118.5,-106.16164690379925
5901,2022-03-04,432,102100,77.0,79352.75473236502,125.51146816293574,-97.89999999999999,-120.64724526763497
5902,2022-03-07,493,98400,75.0,96060.78937450907,87.47635373303791,-101.6,-103.93921062549093
5903,2022-03-08,348,85900,71.0,82010.12087180186,116.12702195368819,-114.1,-117.98987912819814
5904,2022-03-09,516,73000,134.0,77311.7451147067,131.09188398907997,-127.0,-122.68825488529329
5905,2022-03-10,920,76400,196.0,101068.5635260911,93.6398752204142,-123.6,-98.9314364739089
5906,2022-03-11,790,116200,67.0,121481.48224499772,66.85152809529805,-83.8,-78.51851775500228
5907,2022-03-14,552,131200,67.0,95683.8351069825,109.45799976022427,-68.80000000000001,-104.3161648930175
5908,2022-03-15,805,79400,106.0,90638.54668849369,111.94562223872084,-120.6,-109.36145331150631
5909,2022-03-16,567,80900,155.0,90105.8820586844,107.3833125750734,-119.1,-109.8941179413156
5910,2022-03-17,798,57000,256.0,106631.25109271238,79.22478033996364,-143.0,-93.36874890728761
5911,2022-03-18,529,76900,90.0,79377.68379340948,126.0058369014005,-123.1,-120.62231620659051
5912,2022-03-21,133,99700,94.0,85083.11413839963,124.9321794622301,-100.3,-114.91688586160036
5913,2022-03-22,428,78600,78.0,77013.90901623818,126.77267860868312,-121.39999999999999,-122.98609098376183
5914,2022-03-23,028,112700,113.0,86588.34781832946,114.37455378574647,-87.3,-113.41165218167053
5915,2022-03-24,959,118000,90.0,107077.33998272807,101.62672079963099,-82.0,-92.92266001727194
5916,2022-03-25,928,54000,311.0,78540.6486651843,123.79252053378123,-146.0,-121.4593513348157
5917,2022-03-28,943,96100,122.0,88910.48047371801,107.63460949201038,-103.89999999999999,-111.08951952628199
5918,2022-03-29,515,83300,145.0,84959.64799748099,136.8785191285279,-116.7,-115.040352002519
5919,2022-03-30,522,88300,122.0,87629.71959546316,124.03650940572678,-111.7,-112.37028040453684
5920,2022-03-31,733,105500,47.0,88296.72087544652,122.8634669172881,-94.5,-111.70327912455348
5921,2022-04-01,194,77600,236.0,89230.9082814536,91.87121246962519,-122.39999999999999,-110.7690917185464
5922,2022-04-04,060,125700,88.0,117888.20853018215,79.923855695487,-74.3,-82.11179146981785
5923,2022-04-05,106,82600,88.0,88362.03838901398,118.37324411482369,-117.39999999999999,-111.63796161098603
5924,2022-04-06,922,91400,104.0,86424.7510823768,124.81620346929628,-108.6,-113.5752489176232
5925,2022-04-07,622,52500,371.0,88687.58649701395,121.80326001095875,-147.5,-111.31241350298605
5926,2022-04-08,683,78600,81.0,94406.05891621298,91.60212402482887,-121.39999999999999,-105.59394108378702
5927,2022-04-11,391,81200,106.0,87999.80992826939,92.58250207803025,-118.8,-112.00019007173061
5928,2022-04-12,338,109300,82.0,82045.3376961756,133.23578792434157,-90.7,-117.95466230382439
5929,2022-04-13,882,97100,64.0,101945.89694408755,92.8825984189911,-102.89999999999999,-98.05410305591245
5930,2022-04-14,859,81200,179.0,91322.42547117193,103.50240478694978,-118.8,-108.67757452882807
5931,2022-04-15,451,74300,75.0,87336.77255813526,104.68709389352404,-125.7,-112.66322744186473
5932,2022-04-18,950,92200,91.0,107020.26392590175,89.72107265141119,-107.8,-92.97973607409826
5933,2022-04-19,124,81600,98.0,75745.62215878147,131.91449722943614,-118.39999999999999,-124.25437784121853
5934,2022-04-20,162,97100,43.0,85470.83270088451,101.36913418051293,-102.89999999999999,-114.52916729911549
5935,2022-04-21,040,118200,69.0,115520.12624145618,85.562418862797,-81.8,-84.47987375854382
5936,2022-04-22,193,71700,127.0,86658.53681510355,94.39896359676092,-128.3,-113.34146318489644
5937,2022-04-25,696,104000,74.0,121352.10615996865,81.33565018858654,-96.0,-78.64789384003134
5938,2022-04-26,939,103900,53.0,95038.6114454128,118.1302431090211,-96.1,-104.9613885545872
5939,2022-04-27,183,73400,120.0,81770.57402051537,101.26452619836269,-126.6,-118.22942597948463
5940,2022-04-28,621,76300,118.0,80896.89479713424,118.377521506118,-123.7,-119.10310520286576
5941,2022-04-29,226,60200,173.0,81950.48453736753,138.437885836097,-139.8,-118.04951546263247
5942,2022-05-02,468,81300,107.0,91703.00590028931,99.48148224203388,-118.7,-108.29699409971069
5943,2022-05-03,985,107700,61.0,101012.97545973252,87.05453427700577,-92.3,-98.98702454026747
5944,2022-05-04,394,66700,173.0,95239.59205688805,88.53443003772686,-133.3,-104.76040794311194
5945,2022-05-05,655,80500,203.0,103107.98590048353,104.51144939092949,-119.5,-96.89201409951647
5946,2022-05-06,529,67300,132.0,79280.96304572801,126.1929978584072,-132.7,-120.71903695427198
5947,2022-05-09,283,80900,128.0,85843.15340154858,97.11600786859138,-119.1,-114.15684659845142
5948,2022-05-10,408,98700,112.0,89134.67955791867,112.65745296727933,-101.3,-110.86532044208133
5949,2022-05-11,713,64700,107.0,75077.95659128651,131.2125585234926,-135.3,-124.92204340871349
5950,2022-05-12,264,80400,78.0,92042.7218859099,97.31657964046369,-119.6,-107.9572781140901
5951,2022-05-13,612,77000,96.0,78714.43249359963,124.747003583784,-123.0,-121.28556750640037
5952,2022-05-16,981,103600,65.0,91182.26405799316,92.08013323957897,-96.39999999999999,-108.81773594200683
5953,2022-05-17,150,109100,71.0,102352.20549157228,90.88074628118116,-90.89999999999999,-97.64779450842771
5954,2022-05-18,007,85500,116.0,89602.67231615892,125.3366944083655,-114.5,-110.39732768384108
5955,2022-05-19,603,96600,81.0,96781.83017907782,104.87360225224724,-103.39999999999999,-103.21816982092217
5956,2022-05-20,941,111000,47.0,83508.81196078865,110.81019461855969,-89.0,-116.49118803921135
5957,2022-05-23,319,55600,157.0,68722.346165008,153.22182129315212,-144.4,-131.277653834992
5958,2022-05-24,123,57400,145.0,69096.76039241576,150.69649191304285,-142.6,-130.90323960758423
5959,2022-05-25,940,122700,59.0,107053.14794634253,85.57854186503033,-77.3,-92.94685205365747
5960,2022-05-26,544,105100,61.0,98957.30005967141,108.97825895578833,-94.89999999999999,-101.04269994032859
5961,2022-05-27,431,94800,55.0,83027.13547933086,113.92461761931821,-105.2,-116.97286452066915
5962,2022-05-30,250,110500,84.0,106076.84016007248,88.43472166700032,-89.5,-93.92315983992752
5963,2022-05-31,790,116200,51.0,121421.75685477488,66.89051062268446,-83.8,-78.57824314522512
5964,2022-06-01,030,134000,43.0,106984.02433917175,99.25302900399362,-66.0,-93.01597566082825
5965,2022-06-02,044,86100,121.0,115119.3775213279,89.40700624644481,-113.89999999999999,-84.8806224786721
5966,2022-06-03,677,111400,88.0,110692.11842859672,91.55921032631163,-88.6,-89.30788157140329
5967,2022-06-06,739,82500,101.0,83157.1899309872,117.24605381568902,-117.5,-116.8428100690128
5968,2022-06-08,936,68800,93.0,86766.98727921756,113.79006620334273,-131.2,-113.23301272078244
5970,2022-06-09,415,65000,134.0,77405.05772813469,130.0152753035265,-135.0,-122.5949422718653
5971,2022-06-10,274,73200,109.0,90337.2488538226,95.1982063100167,-126.8,-109.6627511461774
5972,2022-06-13,272,97700,80.0,97392.09026687944,98.09908900967177,-102.3,-102.60790973312055
5973,2022-06-14,753,75000,74.0,89413.0286148538,104.29174700223714,-125.0,-110.5869713851462
5974,2022-06-16,492,101800,55.0,95019.77830013723,86.81177741347034,-98.2,-104.98022169986277
5976,2022-06-17,087,113100,65.0,108726.73383353738,76.31069954394482,-86.89999999999999,-91.27326616646262
5977,2022-06-21,112,83800,148.0,77695.26037468508,143.0199520369853,-116.2,-122.30473962531492
5979,2022-06-22,377,92300,104.0,98607.98163993753,101.70823431949508,-107.7,-101.39201836006247
5980,2022-06-23,844,113100,72.0,93429.44732681476,113.0064690720355,-86.89999999999999,-106.57055267318525
5981,2022-06-24,959,86500,83.0,106887.66230491728,102.10336254569071,-113.5,-93.11233769508272
5982,2022-06-27,953,91200,100.0,90055.62822141498,104.8730426587042,-108.8,-109.94437177858501
5983,2022-06-28,098,72600,181.0,103377.05255804794,83.11638203144655,-127.39999999999999,-96.62294744195205
5984,2022-06-29,483,103400,78.0,90477.07792785211,94.23768832729195,-96.6,-109.52292207214789
5985,2022-06-30,134,101800,69.0,81159.44893322144,116.76415446281395,-98.2,-118.84055106677856
5986,2022-07-01,089,87600,174.0,109948.16161939177,76.788833049397,-112.39999999999999,-90.05183838060823
5987,2022-07-04,671,94600,67.0,91690.46282334368,93.59840621565182,-105.39999999999999,-108.30953717665632
5988,2022-07-05,640,125300,58.0,111123.82544283062,82.70892524515457,-74.7,-88.87617455716938
5989,2022-07-06,771,107400,74.0,96523.01618403605,100.21545975212538,-92.6,-103.47698381596395
5990,2022-07-07,628,80400,78.0,78340.46052702678,124.92530339510054,-119.6,-121.65953947297322
5991,2022-07-08,641,98900,55.0,86142.53734567907,107.39605051352876,-101.1,-113.85746265432093
5992,2022-07-11,606,103100,85.0,109204.37541689248,106.25263190594906,-96.89999999999999,-90.79562458310753
5993,2022-07-12,043,113500,66.0,106784.39887984956,86.11737834217318,-86.5,-93.21560112015044
5994,2022-07-13,689,125200,56.0,102970.80384873427,85.44924964864123,-74.8,-97.02919615126572
5995,2022-07-14,949,99300,90.0,102288.15045661085,106.7456381566706,-100.7,-97.71184954338915
5996,2022-07-15,359,89000,73.0,85942.68011670298,110.59448771841187,-111.0,-114.05731988329703
5997,2022-07-18,994,120500,77.0,114326.25260325035,83.4589787441608,-79.5,-85.67374739674965
5998,2022-07-19,459,58700,112.0,90791.03157824744,104.98341029452347,-141.3,-109.20896842175256
5999,2022-07-20,941,93700,55.0,83487.93172442168,110.13389093541765,-106.3,-116.51206827557832
6000,2022-07-21,217,41600,268.0,69672.6674717713,145.93863329838317,-158.4,-130.32733252822868
6001,2022-07-22,414,96000,85.0,87951.6504218023,127.91575289549289,-104.0,-112.0483495781977
6002,2022-07-25,370,94000,68.0,109429.37712132912,76.83392588766898,-106.0,-90.57062287867087
6003,2022-07-26,208,104700,35.0,83229.63417438867,124.50291098831242,-95.3,-116.77036582561132
6004,2022-07-28,047,76500,92.0,101374.71821237433,90.33153911999752,-123.5,-98.62528178762567
6006,2022-07-29,705,72100,135.0,93892.02086227704,107.77495364429734,-127.89999999999999,-106.10797913772295
6007,2022-08-01,827,81400,105.0,77397.3173813158,124.24618442347528,-118.6,-122.6026826186842
6008,2022-08-02,890,82600,62.0,109889.62555275655,77.06509946220079,-117.39999999999999,-90.11037444724344
6009,2022-08-03,818,66900,139.0,82027.87269396988,136.56922402560136,-133.1,-117.97212730603012
6010,2022-08-04,475,98700,70.0,96124.67513764846,92.7855155448148,-101.3,-103.87532486235153
6011,2022-08-05,509,78700,93.0,91712.80980951722,112.28020695471024,-121.3,-108.28719019048278
6012,2022-08-08,546,92400,149.0,93420.51968551295,104.32069134167917,-107.6,-106.57948031448706
6013,2022-08-09,498,77100,67.0,98978.33704561637,85.89839898833817,-122.89999999999999,-101.02166295438363
6014,2022-08-10,257,82300,75.0,85188.2738124143,107.86448675711172,-117.7,-114.81172618758569
6015,2022-08-11,802,101900,56.0,91763.57995152927,106.77294536192399,-98.1,-108.23642004847072
6016,2022-08-12,731,65800,121.0,79315.47134700483,117.67906802939483,-134.2,-120.68452865299517
6017,2022-08-15,033,95100,89.0,108998.34674407956,96.65550956975864,-104.89999999999999,-91.00165325592043
6018,2022-08-16,624,71000,102.0,84952.3501702939,115.53972074654699,-129.0,-115.0476498297061
6019,2022-08-18,287,76900,180.0,89219.88010419227,94.35052232954158,-123.1,-110.78011989580773
6021,2022-08-19,462,98100,79.0,93352.36194557014,95.36584682561318,-101.89999999999999,-106.64763805442986
6022,2022-08-22,849,114300,74.0,87424.30571998695,108.92664988660935,-85.7,-112.57569428001305
6023,2022-08-23,048,107200,46.0,96483.14385803568,94.92883641501061,-92.8,-103.51685614196433
6024,2022-08-24,877,93100,82.0,107153.70182282281,93.44997522756832,-106.89999999999999,-92.84629817717719
6025,2022-08-25,252,109600,66.0,96648.23030119522,105.58095534932426,-90.39999999999999,-103.35176969880479
6026,2022-08-26,514,72800,129.0,77922.47829952955,128.64065837704243,-127.2,-122.07752170047044
6027,2022-08-29,988,113700,87.0,116976.12805533639,83.75395417386339,-86.3,-83.02387194466361
6028,2022-08-30,879,77000,67.0,101439.71794842581,87.63777447504754,-123.0,-98.56028205157419
6029,2022-08-31,685,72200,284.0,99266.45754926157,88.53282081568386,-127.8,-100.73354245073843
6030,2022-09-01,353,106700,66.0,97982.15019184371,108.73214118768806,-93.3,-102.01784980815629
6031,2022-09-02,347,89600,68.0,85555.40338893274,110.89046233759292,-110.39999999999999,-114.44459661106725
6032,2022-09-05,591,91700,81.0,91509.77302717042,90.37554094488596,-108.3,-108.49022697282957
6033,2022-09-07,114,93900,89.0,75855.57548797099,149.37538220900103,-106.1,-124.14442451202902
6035,2022-09-08,020,87400,131.0,107777.53798176032,98.51792078267302,-112.6,-92.22246201823967
6036,2022-09-09,566,100500,86.0,107534.82763791928,97.48622265142232,-99.5,-92.46517236208072
6037,2022-09-12,411,109100,91.0,81844.39555263342,131.34849870493966,-90.89999999999999,-118.15560444736658
6038,2022-09-13,170,85300,171.0,105021.79121546992,77.66864961675289,-114.7,-94.97820878453008
6039,2022-09-14,318,61500,145.0,66176.58054434838,156.26878335018912,-138.5,-133.82341945565162
6040,2022-09-15,988,109400,56.0,116920.892879552,83.82803323844857,-90.6,-83.079107120448
6041,2022-09-16,979,98200,56.0,118386.63916897356,85.88339075803255,-101.8,-81.61336083102644
6042,2022-09-19,445,80700,176.0,98186.348372534,109.9005115465085,-119.3,-101.81365162746599
6043,2022-09-20,232,91800,36.0,94786.91009763599,111.44127818970875,-108.2,-105.213089902364
6044,2022-09-21,281,110000,30.0,82694.39858273171,97.64382703257928,-90.0,-117.30560141726829
6045,2022-09-22,595,125700,33.0,112034.28822363912,87.95800936164282,-74.3,-87.96571177636088
6046,2022-09-23,278,101900,42.0,86618.34432615245,99.52245705353761,-98.1,-113.38165567384755
6047,2022-09-26,222,61000,648.0,59735.25757942632,681.072418195842,-139.0,-140.26474242057367
6048,2022-09-27,443,101500,84.0,96853.93431447899,109.50855158938751,-98.5,-103.14606568552101
6049,2022-09-28,727,60300,214.0,89884.14095836031,123.55497974549232,-139.7,-110.1158590416397
6050,2022-09-30,274,67600,85.0,90204.91511335189,95.06415569843683,-132.4,-109.79508488664811
6052,2022-10-03,394,86700,68.0,95090.14556710466,88.4267161209963,-113.3,-104.90985443289534
6053,2022-10-04,009,85200,100.0,88668.67042705044,128.0598523088677,-114.8,-111.33132957294956
6054,2022-10-05,146,101700,53.0,82921.44025889134,112.33215119754071,-98.3,-117.07855974110866
6055,2022-10-06,432,99200,69.0,78847.82158149645,125.69329359420436,-100.8,-121.15217841850355
6056,2022-10-07,031,94400,62.0,96396.45261057455,99.0183885757639,-105.6,-103.60354738942546
6057,2022-10-10,139,74800,62.0,75046.88968194167,127.15539214417812,-125.2,-124.95311031805834
6058,2022-10-11,601,111600,73.0,96618.98576825207,101.78903537636539,-88.39999999999999,-103.38101423174793
6059,2022-10-12,630,86700,86.0,105090.09301737984,89.0576194429411,-113.3,-94.90990698262016
6060,2022-10-13,280,120600,39.0,106557.33810452551,75.23455407856767,-79.39999999999999,-93.44266189547449
6061,2022-10-14,595,100000,97.0,112034.28822363912,87.95800936164282,-100.0,-87.96571177636088
6062,2022-10-17,763,93600,108.0,94490.19398191955,95.682668068348,-106.39999999999999,-105.50980601808044
6063,2022-10-18,809,76800,82.0,89991.08096855144,111.16573373059762,-123.2,-110.00891903144856
6064,2022-10-19,002,106200,100.0,97713.0378162574,112.54090966279121,-93.8,-102.28696218374259
6065,2022-10-20,804,115200,47.0,91874.88265526167,108.17589264802967,-84.8,-108.12511734473833
6066,2022-10-24,570,103900,93.0,113834.30375692729,75.04283584386131,-96.1,-86.16569624307272
6068,2022-10-25,046,78000,184.0,106014.3498941049,87.39780310326938,-122.0,-93.98565010589509
6069,2022-10-26,605,99600,85.0,96997.54372926279,105.38581036938494,-100.39999999999999,-103.00245627073721
6070,2022-10-27,850,93700,64.0,102981.43027473525,92.13582977573036,-106.3,-97.01856972526475
6071,2022-10-28,849,104100,83.0,87402.8946020397,108.68552306030368,-95.89999999999999,-112.5971053979603
6072,2022-10-31,986,125500,66.0,105300.5819879977,83.04449111875012,-74.5,-94.6994180120023
6073,2022-11-01,281,113500,36.0,82694.39858273171,97.64382703257928,-86.5,-117.30560141726829
6074,2022-11-02,746,97600,76.0,92691.73503981596,102.59312855777395,-102.39999999999999,-107.30826496018403
6075,2022-11-03,065,132400,43.0,111628.1652630941,80.35384685083804,-67.6,-88.3718347369059
6076,2022-11-04,763,106800,63.0,94490.19398191955,95.682668068348,-93.2,-105.50980601808044
6077,2022-11-07,089,66700,100.0,109558.36649700937,76.94904004916518,-133.3,-90.44163350299063
6078,2022-11-08,800,70300,87.0,94074.50543114051,119.26596998556361,-129.7,-105.92549456885949
6079,2022-11-09,054,92700,57.0,109108.6184878141,83.39930707477968,-107.3,-90.89138151218589
6080,2022-11-10,394,71300,163.0,95090.14556710466,88.4267161209963,-128.7,-104.90985443289534
6081,2022-11-11,754,123200,56.0,93628.02283622806,99.66455347860712,-76.8,-106.37197716377193
6082,2022-11-14,659,85800,202.0,95220.21999869733,100.75420865606385,-114.2,-104.77978000130267
6083,2022-11-15,641,88500,90.0,86241.06228131143,107.00021920647214,-111.5,-113.75893771868857
6084,2022-11-17,930,71000,185.0,102390.19651598427,90.98222488766221,-129.0,-97.60980348401573
6086,2022-11-18,947,96200,52.0,90782.16026652388,104.35358350198884,-103.8,-109.21783973347613
6087,2022-11-21,590,90800,65.0,117960.91500655326,69.58030592983947,-109.2,-82.03908499344674
6088,2022-11-22,348,103300,65.0,81851.54603452608,115.86851028307505,-96.7,-118.14845396547392
6089,2022-11-23,533,100800,54.0,90321.04022378293,121.73878223254084,-99.2,-109.67895977621707
6090,2022-11-24,438,98200,99.0,80343.17411149439,120.30052845982473,-101.8,-119.65682588850561
6091,2022-11-25,424,61600,338.0,94780.2421542619,115.77122899671359,-138.4,-105.2197578457381
6092,2022-11-28,754,104700,78.0,93630.08937560912,99.698567470714,-95.3,-106.36991062439087
6093,2022-11-29,386,83100,66.0,92187.18076009766,93.60597850254794,-116.89999999999999,-107.81281923990234
6094,2022-11-30,589,75500,107.0,97846.38526708916,89.9354855220989,-124.5,-102.15361473291084
6095,2022-12-01,978,92800,88.0,102087.35289576503,86.52140940721857,-107.2,-97.91264710423498
6096,2022-12-05,447,100000,91.0,94616.17183382208,112.0749040023784,-100.0,-105.38382816617792
6098,2022-12-06,658,101300,61.0,92002.92924574968,102.70729380344753,-98.7,-107.99707075425032
6099,2022-12-07,745,70100,103.0,91095.24621229841,105.05936192696505,-129.89999999999998,-108.90475378770158
6100,2022-12-08,671,81000,201.0,91625.53142163015,93.42898860156265,-119.0,-108.37446857836984
6101,2022-12-09,742,73900,79.0,86948.06559642278,105.41805909500744,-126.1,-113.05193440357722
6102,2022-12-12,636,79400,276.0,98249.55885586428,113.32095860874614,-120.6,-101.75044114413572
6103,2022-12-13,638,68500,95.0,81835.47974930842,118.62918923653315,-131.5,-118.16452025069158
6104,2022-12-14,799,123000,54.0,117837.84831806346,81.3611756261503,-77.0,-82.16215168193654
6105,2022-12-15,613,63200,219.0,77710.08832884103,127.52389049274387,-136.8,-122.28991167115898
6106,2022-12-16,559,112900,97.0,97126.10925479063,111.24695205931617,-87.1,-102.87389074520937
6107,2022-12-19,460,103500,103.0,115420.00193570479,75.68116026983378,-96.5,-84.57999806429521
6108,2022-12-20,229,93400,106.0,77849.44766036553,145.39693794911352,-106.6,-122.15055233963446
6109,2022-12-21,947,98400,72.0,90742.24023232097,104.38853889307676,-101.6,-109.25775976767903
6110,2022-12-22,035,103100,73.0,100250.45052636457,94.83416641708489,-96.89999999999999,-99.74954947363543
6111,2022-12-23,329,78100,131.0,73742.9574895825,139.85767714902263,-121.89999999999999,-126.25704251041749
6112,2022-12-26,857,111100,80.0,90843.3443315963,102.30676304367874,-88.89999999999999,-109.1566556684037
6113,2022-12-27,929,82500,115.0,90737.06807296588,121.8111225369668,-117.5,-109.26293192703412
6114,2022-12-28,958,55600,385.0,91977.23809801175,102.0369914098026,-144.4,-108.02276190198825
6115,2022-12-29,194,92600,82.0,88986.19121376469,91.67985655803,-107.39999999999999,-111.01380878623532
6116,2023-01-03,953,72200,106.0,89915.02078615029,104.34993530342875,-127.8,-110.0849792138497
6117,2023-01-04,091,118600,55.0,107820.12963106789,72.50093851152502,-81.39999999999999,-92.17987036893211
6118,2023-01-05,433,74600,258.0,92211.57120522273,117.61533182564521,-125.39999999999999,-107.78842879477726
6119,2023-01-06,185,80000,167.0,83856.05797868471,100.29908701823791,-120.0,-116.14394202131528
6120,2023-01-09,661,120400,67.0,97920.7104888785,101.63021878111498,-79.6,-102.0792895111215
6121,2023-01-10,203,113900,64.0,92195.99953134845,111.8649804247334,-86.1,-107.80400046865154
6122,2023-01-11,895,102600,77.0,102974.93853883918,82.94266747866861,-97.39999999999999,-97.02506146116082
6123,2023-01-12,055,116900,75.0,113661.89591874325,90.92625813668914,-83.1,-86.33810408125674
6124,2023-01-13,118,69700,150.0,68206.99869260221,165.22934903965188,-130.3,-131.7930013073978
6125,2023-01-16,169,78100,98.0,84004.13349636017,106.27788586271444,-121.89999999999999,-115.99586650363983
6126,2023-01-17,625,65900,152.0,82045.97342857833,127.80410720690953,-134.1,-117.95402657142166
6127,2023-01-18,963,69200,116.0,94072.80182071282,96.66220557121973,-130.8,-105.92719817928717
6128,2023-01-19,611,84000,102.0,81313.73339449006,132.7235704688662,-116.0,-118.68626660550994
6129,2023-01-20,630,88500,88.0,104973.69884837083,89.05171987056326,-111.5,-95.02630115162917
6130,2023-01-23,606,80900,132.0,108831.79431032484,105.51700449397818,-119.1,-91.16820568967516
6131,2023-01-24,167,105700,95.0,85700.83705393951,103.25384404835069,-94.3,-114.29916294606049
6132,2023-01-25,252,102100,80.0,96675.14732624363,104.56144199064437,-97.89999999999999,-103.32485267375637
6133,2023-01-26,637,72700,171.0,85374.39876797753,113.89294456291812,-127.3,-114.62560123202246
6134,2023-01-27,310,77600,125.0,93925.45669661662,106.2761623305898,-122.39999999999999,-106.07454330338338
6135,2023-01-30,108,78100,134.0,81002.8542088548,126.48060455934039,-121.89999999999999,-118.9971457911452
6136,2023-01-31,482,71400,232.0,89844.42599816553,92.29234286881605,-128.6,-110.15557400183447
6137,2023-02-01,226,62000,175.0,81913.07607456316,138.0894387003616,-138.0,-118.08692392543684
6138,2023-02-02,596,102200,65.0,104174.11631633028,83.09896380508535,-97.8,-95.82588368366972
6139,2023-02-03,566,119900,61.0,107513.45886687658,97.51958066726588,-80.1,-92.48654113312342
6140,2023-02-06,514,73800,150.0,78008.39887689766,127.82977879483823,-126.2,-121.99160112310234
6141,2023-02-07,168,62100,166.0,81713.46391906965,108.04299813082226,-137.9,-118.28653608093035
6142,2023-02-08,716,77700,102.0,76549.7438754446,128.60940989485798,-122.3,-123.4502561245554
6143,2023-02-09,310,96500,99.0,93873.68786061175,106.14327916393093,-103.5,-106.12631213938825
6144,2023-02-10,470,109100,67.0,113141.23043893225,74.24476228276374,-90.89999999999999,-86.85876956106775
6145,2023-02-13,309,86100,148.0,85146.64087751374,124.61133861764336,-113.89999999999999,-114.85335912248625
6146,2023-02-14,727,87800,101.0,89560.71019123225,123.82603292469216,-112.2,-110.43928980876774
6147,2023-02-15,268,79400,103.0,85764.40922915755,103.68619771722258,-120.6,-114.23559077084245
6148,2023-02-16,657,118700,48.0,95900.78224511884,98.55503275371406,-81.3,-104.09921775488115
6149,2023-02-17,986,118500,40.0,105158.2924136256,82.76032034418893,-81.5,-94.8417075863744
6150,2023-02-20,800,96300,97.0,93867.93293493614,118.55897642588184,-103.7,-106.13206706506386
6151,2023-02-21,520,101400,78.0,102385.42833994806,92.30291049425358,-98.6,-97.61457166005194
6152,2023-02-22,460,108000,70.0,115291.71662633092,75.76611580981617,-92.0,-84.70828337366908
6153,2023-02-23,909,108600,71.0,104516.27288752084,108.97662315176275,-91.39999999999999,-95.48372711247916
6154,2023-02-24,432,98700,69.0,79079.65660273713,125.06316192867718,-101.3,-120.92034339726287
6155,2023-02-27,424,99100,99.0,94508.4324191283,116.51015053805722,-100.89999999999999,-105.4915675808717
6156,2023-02-28,715,50500,258.0,75236.43552829344,131.65750447936497,-149.5,-124.76356447170656
6157,2023-03-01,989,95200,78.0,121202.41878190877,81.63859351514324,-104.8,-78.79758121809122
6158,2023-03-02,474,130000,45.0,106257.42763179884,93.39958166072145,-70.0,-93.74257236820115
6159,2023-03-03,609,96500,72.0,93601.93873313462,108.30543742344123,-103.5,-106.39806126686537
6160,2023-03-06,145,64700,313.0,83077.63158214827,112.58762847545464,-135.3,-116.92236841785173
6161,2023-03-07,276,80000,84.0,92536.96131841796,93.98624498143793,-120.0,-107.46303868158203
6162,2023-03-08,175,82400,107.0,85680.23432915262,100.96566461383333,-117.6,-114.31976567084737
6163,2023-03-09,092,95200,107.0,110867.64055110743,71.13629549006127,-104.8,-89.13235944889257
6164,2023-03-10,429,69600,154.0,79594.4139169154,123.23547457091838,-130.39999999999998,-120.4055860830846
6165,2023-03-13,674,91900,133.0,100347.65617482002,88.24077745274744,-108.1,-99.65234382517998
6166,2023-03-14,144,111100,61.0,90128.63209699729,114.40889721364547,-88.89999999999999,-109.8713679030027
6167,2023-03-15,134,83300,76.0,81299.5415666664,115.96364956811179,-116.7,-118.7004584333336
6168,2023-03-16,232,99900,61.0,94676.44997176307,111.1897523070076,-100.1,-105.32355002823694
6169,2023-03-17,161,115800,78.0,91780.34732293442,105.18924595612263,-84.2,-108.21965267706557
6170,2023-03-20,675,116600,99.0,101315.74954765239,88.76159261630272,-83.39999999999999,-98.68425045234761
6171,2023-03-21,337,109900,66.0,85771.7120204163,126.16095443446387,-90.1,-114.22828797958371
6172,2023-03-22,928,75400,120.0,78310.60719992984,123.11888198933941,-124.6,-121.68939280007015
6173,2023-03-23,325,59900,158.0,75410.50391053388,145.27363809157944,-140.1,-124.58949608946612
6174,2023-03-24,484,72000,177.0,104041.3493767309,92.7999752749002,-128.0,-95.9586506232691
6175,2023-03-27,321,52200,366.0,69997.92942870625,147.38582815894853,-147.8,-130.00207057129376
6176,2023-03-28,137,88900,67.0,75769.22765021966,123.94592244137597,-111.1,-124.23077234978034
6177,2023-03-29,320,87500,98.0,98614.08388078654,99.39435760343197,-112.5,-101.38591611921346
6178,2023-03-30,839,86900,51.0,81055.76735677314,119.01394438290221,-113.1,-118.94423264322685
6179,2023-03-31,694,80000,85.0,103841.1777247899,81.79606686976553,-120.0,-96.1588222752101
6180,2023-04-03,009,92300,127.0,88625.06857511424,127.62623126543987,-107.7,-111.37493142488576
6181,2023-04-04,911,65100,139.0,79185.53830949626,135.60679121782957,-134.9,-120.81446169050373
6182,2023-04-05,644,96800,120.0,100133.0940281169,106.70428486771088,-103.2,-99.8669059718831
6183,2023-04-06,258,58300,253.0,81088.37270628246,112.63712074466993,-141.7,-118.91162729371753
6184,2023-04-07,278,81200,78.0,86745.11524759508,99.03851895458513,-118.8,-113.25488475240492
6185,2023-04-10,847,99000,122.0,86980.47140843212,107.54756126776446,-101.0,-113.01952859156788
6186,2023-04-11,600,128800,56.0,100490.38032174743,112.51175212096037,-71.19999999999999,-99.50961967825256
6187,2023-04-12,890,56200,111.0,109143.53010433509,77.23829326290175,-143.8,-90.8564698956649
6188,2023-04-13,101,75200,146.0,101752.29716571023,110.99195872216623,-124.8,-98.24770283428977
6189,2023-04-14,543,113800,58.0,82170.59786065643,121.83684371831579,-86.2,-117.82940213934357
6190,2023-04-17,072,103800,66.0,107179.93992492674,76.71533672349261,-96.2,-92.82006007507326
6191,2023-04-18,188,73700,204.0,92860.21964618155,101.17265538182222,-126.3,-107.13978035381845
6192,2023-04-19,733,107200,61.0,88605.21407216738,121.18440553067364,-92.8,-111.39478592783261
6193,2023-04-20,423,69800,115.0,84368.13664880997,114.8707424536164,-130.2,-115.63186335119002
6194,2023-04-21,962,98500,55.0,92926.70715250379,95.61611659543875,-101.5,-107.0732928474962
6195,2023-04-24,178,54400,298.0,82580.11643349969,103.20375721721503,-145.6,-117.41988356650032
6196,2023-04-25,273,73400,71.0,87816.99672491863,97.17266276624667,-126.6,-112.18300327508136
6197,2023-04-26,799,130200,58.0,118052.07409979643,80.55868082102185,-69.80000000000001,-81.94792590020357
6198,2023-04-27,958,93800,79.0,91727.44952422356,102.00992294062553,-106.2,-108.27255047577644
6199,2023-04-28,953,96100,90.0,89683.83549788933,104.45983119964801,-103.89999999999999,-110.31616450211067
6200,2023-05-01,237,68800,291.0,80063.66428408919,118.22890664053713,-131.2,-119.93633571591081
6201,2023-05-02,372,63500,290.0,88481.83084563012,96.29293725738316,-136.5,-111.51816915436989
6202,2023-05-03,828,78700,108.0,87943.41355712857,123.67255899175629,-121.3,-112.05658644287142
6203,2023-05-04,019,100000,60.0,85260.98446308052,118.94905470959864,-100.0,-114.73901553691948
6204,2023-05-05,788,120300,66.0,111982.89760797664,85.79785151343653,-79.7,-88.01710239202336
6205,2023-05-08,734,96500,78.0,85824.22463957388,112.10823959508225,-103.5,-114.17577536042612
6206,2023-05-09,675,102700,65.0,101363.26631308992,88.68166938457664,-97.3,-98.63673368691008
6207,2023-05-10,746,95000,51.0,92700.14526470595,102.41079253871206,-105.0,-107.29985473529405
6208,2023-05-11,218,82900,84.0,66546.64787242207,152.56774053222233,-117.1,-133.45335212757794
6209,2023-05-12,140,110300,46.0,104989.96131770495,83.93321457648081,-89.7,-95.01003868229505
6210,2023-05-15,055,93500,99.0,113957.39431922918,90.35419704054071,-106.5,-86.04260568077082
6211,2023-05-16,464,116800,50.0,108225.50957140565,95.05372225032949,-83.2,-91.77449042859435
6212,2023-05-17,620,99000,80.0,103560.14894585415,90.55888253453526,-101.0,-96.43985105414585
6213,2023-05-18,350,75600,213.0,105907.26315094024,89.64311997027391,-124.39999999999999,-94.09273684905976
6214,2023-05-19,138,80300,61.0,72541.67789333206,129.29247364025764,-119.7,-127.45832210666794
6215,2023-05-22,292,92100,74.0,100394.61111625556,90.0949193746242,-107.89999999999999,-99.60538888374444
6216,2023-05-23,931,68700,82.0,79704.97047327633,117.63629514148266,-131.3,-120.29502952672367
6217,2023-05-24,584,93500,74.0,94637.63316796554,91.46345704320699,-106.5,-105.36236683203445
6218,2023-05-25,908,66400,94.0,90445.58918210746,109.50944433841612,-133.6,-109.55441081789253
6219,2023-05-26,277,92700,59.0,96884.09001301888,101.22080428478807,-107.3,-103.11590998698112
6220,2023-05-29,022,103500,75.0,104590.6674397131,103.2103519703693,-96.5,-95.4093325602869
6221,2023-05-30,041,122500,45.0,104201.08852936963,84.70002252737417,-77.5,-95.79891147063036
6222,2023-05-31,047,101200,75.0,101138.74583253157,89.95899794794083,-98.8,-98.86125416746843
6223,2023-06-01,608,103900,67.0,90526.95712046704,110.37697674075906,-96.1,-109.47304287953297
6224,2023-06-02,322,78000,210.0,84249.30246936026,132.49953403789021,-122.0,-115.75069753063974
6225,2023-06-05,753,73800,115.0,89294.5837241305,103.98343556524124,-126.2,-110.7054162758695
6226,2023-06-06,076,116700,70.0,112481.69719970305,76.2595904739833,-83.3,-87.51830280029695
6227,2023-06-07,995,112100,60.0,115115.14222825458,83.74726402691135,-87.89999999999999,-84.88485777174542
6228,2023-06-08,232,106700,75.0,94677.18460994502,110.6219392228432,-93.3,-105.32281539005498
6229,2023-06-09,583,66300,95.0,90781.09419381896,95.13909152641295,-133.7,-109.21890580618103
6230,2023-06-12,088,83700,101.0,118463.68495281563,78.82143028738936,-116.3,-81.53631504718436
6231,2023-06-13,370,113000,37.0,109155.1277820179,76.78133948908354,-87.0,-90.8448722179821
6232,2023-06-14,809,55700,98.0,89765.99978865287,110.50991492732815,-144.3,-110.23400021134712
6233,2023-06-15,469,95500,76.0,94673.18477158627,97.08738422048269,-104.5,-105.32681522841374
6234,2023-06-16,377,73600,208.0,98525.32157026423,101.59350697961364,-126.39999999999999,-101.47467842973576
6235,2023-06-19,893,81900,96.0,97483.17264620891,85.96154530481246,-118.1,-102.51682735379109
6236,2023-06-20,499,100400,88.0,109776.03238670791,87.14746677399324,-99.6,-90.22396761329209
6237,2023-06-21,941,72500,204.0,83311.35700700508,109.83748711123953,-127.5,-116.68864299299491
6238,2023-06-22,357,63100,243.0,86640.91645022939,107.83576889376481,-136.9,-113.35908354977062
6239,2023-06-23,781,119100,41.0,88786.34291284805,92.79814127588213,-80.89999999999999,-111.21365708715194
6240,2023-06-26,600,91300,101.0,100470.58623175875,111.97512658387556,-108.7,-99.52941376824126
6241,2023-06-27,305,89800,86.0,88986.35319634488,119.67578823257081,-110.2,-111.01364680365512
6242,2023-06-28,342,102700,60.0,88476.08422815397,104.37528248437083,-97.3,-111.52391577184603
6243,2023-06-29,795,82400,202.0,103848.56043202935,81.97980389734875,-117.6,-96.15143956797066
6244,2023-06-30,455,71500,235.0,100001.76366274226,106.51016728632821,-128.5,-99.99823633725774
6245,2023-07-03,430,90800,136.0,106977.9447848547,86.70632777718046,-109.2,-93.0220552151453
6246,2023-07-04,921,68800,105.0,78883.32736151757,119.24671716488179,-131.2,-121.11667263848243
6247,2023-07-05,574,88000,81.0,96759.09749992828,91.79658962937623,-112.0,-103.24090250007173
6248,2023-07-06,893,92600,70.0,97452.83090662054,85.87101396488946,-107.39999999999999,-102.54716909337945
6249,2023-07-07,637,73900,205.0,85345.0035726724,113.53404034471161,-126.1,-114.6549964273276
6250,2023-07-10,888,78200,453.0,82799.52154348716,436.42507560165546,-121.8,-117.20047845651284
6251,2023-07-11,688,127400,55.0,111235.25897547365,87.30549670173444,-72.6,-88.76474102452634
6252,2023-07-12,339,74300,100.0,84884.27685155493,128.9079984806,-125.7,-115.11572314844507
6253,2023-07-13,112,78600,101.0,78096.5377327368,141.13596363801136,-121.39999999999999,-121.9034622672632
6254,2023-07-14,642,100700,70.0,89855.34183978713,103.25994018996235,-99.3,-110.14465816021287
6255,2023-07-17,974,101900,77.0,98959.58301000916,88.62575888757,-98.1,-101.04041698999085
6256,2023-07-18,097,78600,96.0,114263.66215175932,71.22723805487696,-121.39999999999999,-85.73633784824068
6257,2023-07-19,857,104700,123.0,90676.92786020796,102.09037113196867,-95.3,-109.32307213979205
6258,2023-07-20,430,118500,75.0,106977.9447848547,86.70632777718046,-81.5,-93.0220552151453
6259,2023-07-21,831,62100,158.0,76440.26311242241,121.24396041819129,-137.9,-123.55973688757759
6260,2023-07-24,785,132000,57.0,98210.4232629012,87.96556176842574,-68.0,-101.7895767370988
6261,2023-07-25,023,103300,55.0,96307.89491614379,102.17740918064962,-96.7,-103.6921050838562
6262,2023-07-26,199,91200,81.0,97726.85438518872,95.19817185605098,-108.8,-102.27314561481127
6263,2023-07-27,243,100200,96.0,87796.13094757589,105.37255065991997,-99.8,-112.20386905242411
6264,2023-07-28,558,82300,203.0,93778.22690136763,113.17819457616638,-117.7,-106.22177309863237
6265,2023-07-31,353,95300,106.0,97604.57354825817,108.22891901568055,-104.7,-102.39542645174183
6266,2023-08-01,684,75600,120.0,98074.1676878638,87.69470217043379,-124.39999999999999,-101.92583231213621
6267,2023-08-02,507,83500,90.0,92100.67886973478,108.93063041924444,-116.5,-107.89932113026522
6268,2023-08-03,427,61700,165.0,80459.90969323023,120.13216741485654,-138.3,-119.54009030676977
6269,2023-08-04,485,83800,161.0,93770.040647701,92.30203930017062,-116.2,-106.229959352299
6270,2023-08-07,555,81300,454.0,70677.27299967964,572.5493916695264,-118.7,-129.32272700032036
6271,2023-08-08,422,63600,233.0,89995.02763874918,117.59842377340861,-136.4,-110.00497236125082
6272,2023-08-09,840,123100,52.0,102075.36361874733,87.40724623783298,-76.89999999999999,-97.92463638125267
6273,2023-08-10,692,110600,91.0,98586.76697677244,83.95405789824767,-89.39999999999999,-101.41323302322755
6274,2023-08-11,485,98000,72.0,93770.040647701,92.30203930017062,-102.0,-106.229959352299
6275,2023-08-14,622,79100,128.0,89162.6576700005,119.58491327342684,-120.89999999999999,-110.8373423299995
6276,2023-08-15,747,93800,81.0,100672.80836205569,107.1258521474369,-106.2,-99.32719163794431
6277,2023-08-16,748,88600,72.0,86254.0129664926,108.20402025367017,-111.39999999999999,-113.74598703350739
6278,2023-08-17,068,125900,52.0,103936.59302805227,84.22788648630448,-74.1,-96.06340697194773
6279,2023-08-18,035,110900,49.0,100159.6841118233,94.54957156227627,-89.1,-99.8403158881767
6280,2023-08-21,846,81400,113.0,89323.9003836913,105.80339288465439,-118.6,-110.67609961630869
6281,2023-08-22,935,81000,114.0,84906.92652336514,115.71959686236846,-119.0,-115.09307347663486
6282,2023-08-23,326,57200,263.0,77452.52421658124,133.33969223854396,-142.8,-122.54747578341876
6283,2023-08-24,758,81900,85.0,89980.06073380694,103.06580780372252,-118.1,-110.01993926619306
6284,2023-08-25,901,93500,96.0,85445.33288079877,118.3868407932832,-106.5,-114.55466711920123
6285,2023-08-28,075,95400,181.0,109118.94603328755,78.75648342771856,-104.6,-90.88105396671246
6286,2023-08-29,672,107600,59.0,95466.92094590548,90.44666903799822,-92.39999999999999,-104.53307905409451
6287,2023-08-30,216,64600,144.0,72528.18753861087,141.75686928077235,-135.4,-127.47181246138912
6288,2023-08-31,052,124600,69.0,106270.96562972415,82.75288646608574,-75.39999999999999,-93.72903437027585
6289,2023-09-01,781,88700,158.0,88756.41949454843,92.82414581374874,-111.3,-111.24358050545156
6290,2023-09-04,940,95100,86.0,106488.27338496658,84.59012275337585,-104.89999999999999,-93.51172661503341
6291,2023-09-05,007,99500,96.0,89303.17024607012,124.5630975431906,-100.5,-110.69682975392988
6292,2023-09-06,117,41200,263.0,71126.43969705129,158.7332277631602,-158.8,-128.8735603029487
6293,2023-09-07,164,83700,95.0,87540.70793849458,100.98840168981822,-116.3,-112.45929206150541
6294,2023-09-08,928,74100,103.0,78149.86055033351,122.38452065312043,-125.89999999999999,-121.85013944966649
6295,2023-09-11,286,78600,168.0,90379.20243151976,93.59950850414846,-121.39999999999999,-109.62079756848023
6296,2023-09-12,917,67000,126.0,74818.71018416365,130.16201512592525,-133.0,-125.18128981583635
6297,2023-09-13,751,79100,71.0,84833.163503461,106.23267377863426,-120.89999999999999,-115.166836496539
6298,2023-09-14,580,99400,62.0,110857.76977207448,74.75462731023367,-100.6,-89.14223022792552
6299,2023-09-15,579,75400,173.0,96778.80624894956,92.74490937934861,-124.6,-103.22119375105044
6300,2023-09-18,577,103500,77.0,104949.78469408196,96.87898452303612,-96.5,-95.05021530591804
6301,2023-09-19,484,114200,48.0,103797.40612357276,92.61295679312092,-85.8,-96.20259387642724
6302,2023-09-20,669,88000,113.0,107261.80152387818,96.4836283111354,-112.0,-92.73819847612182
6303,2023-09-21,876,94200,47.0,91563.67802898333,100.1606529126057,-105.8,-108.43632197101667
6304,2023-09-22,017,67500,265.0,86122.21453326447,116.10593506409941,-132.5,-113.87778546673553
6305,2023-09-25,951,86400,96.0,84276.40430692177,107.16041098403927,-113.6,-115.72359569307822
6306,2023-09-26,251,104300,75.0,83985.63655189585,105.38423126634224,-95.7,-116.01436344810415
6307,2023-09-27,305,90400,67.0,88984.08728800107,119.54643833576105,-109.6,-111.01591271199892
6308,2023-09-28,184,98900,58.0,83919.07024772913,98.67244150021112,-101.1,-116.08092975227086
6309,2023-09-29,103,72400,177.0,89924.22764162172,113.51848800625956,-127.6,-110.07577235837827
6310,2023-10-02,951,108200,81.0,84276.40430692177,107.16041098403927,-91.8,-115.72359569307822
6311,2023-10-03,220,110200,73.0,106224.16561257422,100.74807180036527,-89.8,-93.77583438742579
6312,2023-10-04,484,107300,72.0,103797.40612357276,92.61295679312092,-92.7,-96.20259387642724
6313,2023-10-05,068,76800,229.0,103945.72050503815,84.11967229947122,-123.2,-96.05427949496185
6314,2023-10-06,235,81900,92.0,82953.08215624049,116.0615910574729,-118.1,-117.04691784375952
6315,2023-10-09,209,101600,92.0,85594.43251092188,121.22269349167821,-98.39999999999999,-114.40556748907812
6316,2023-10-10,414,93500,108.0,87834.17877467074,126.0669350850048,-106.5,-112.16582122532925
6317,2023-10-11,590,65300,286.0,117163.95133936382,69.69273144763461,-134.7,-82.83604866063618
6318,2023-10-12,550,104900,88.0,115150.88612210898,94.1089571722965,-95.1,-84.84911387789103
6319,2023-10-13,549,60000,156.0,88679.57109095792,109.20508356970495,-140.0,-111.32042890904208
6320,2023-10-16,149,101500,70.0,78270.67505252291,118.20554354228665,-98.5,-121.72932494747708
6321,2023-10-17,844,107000,45.0,93386.4489553318,112.27634091374429,-93.0,-106.6135510446682
6322,2023-10-18,373,71000,110.0,98201.9038401392,100.37845393127047,-129.0,-101.79809615986079
6323,2023-10-19,985,109200,36.0,100647.38724650095,86.49592188859472,-90.8,-99.35261275349905
6324,2023-10-20,712,75300,91.0,76327.1190170451,125.21991923623487,-124.7,-123.6728809829549
6325,2023-10-23,110,84000,190.0,100067.52554609321,107.91086874336551,-116.0,-99.93247445390679
6326,2023-10-24,509,76900,88.0,91099.09644003448,111.19386252969097,-123.1,-108.90090355996551
6327,2023-10-25,880,106600,68.0,125684.69218153163,73.0681750221716,-93.39999999999999,-74.31530781846837
6328,2023-10-26,878,124600,72.0,114659.83477264014,86.35840039012449,-75.39999999999999,-85.34016522735986
6329,2023-10-27,374,77800,103.0,91679.34223056356,95.46792030706776,-122.2,-108.32065776943644
6330,2023-10-30,400,102100,90.0,101319.26281925103,109.95979897819248,-97.89999999999999,-98.68073718074896
6331,2023-10-31,645,98000,93.0,94097.34100428206,102.80285671908912,-102.0,-105.90265899571794
6332,2023-11-01,208,93100,74.0,82749.97109017348,123.92367333759408,-106.89999999999999,-117.25002890982653
6333,2023-11-02,840,93300,73.0,102150.96862640002,87.29978172459924,-106.7,-97.84903137359998
6334,2023-11-03,006,128000,59.0,93034.0025422914,120.86574223047762,-72.0,-106.9659974577086
6335,2023-11-06,282,111400,73.0,94868.08452152928,96.44825517353463,-88.6,-105.13191547847072
6336,2023-11-07,595,100600,58.0,111150.4000041305,88.0235421136035,-99.39999999999999,-88.8495999958695
6337,2023-11-08,114,61400,245.0,75985.39591962473,148.55300406361147,-138.6,-124.01460408037526
6338,2023-11-09,866,93400,63.0,105324.80916194274,96.77822842517972,-106.6,-94.67519083805726
6339,2023-11-10,060,84900,188.0,117567.10473089053,78.38114743410446,-115.1,-82.43289526910947
6340,2023-11-13,566,129600,69.0,107297.64530630893,96.92179084345082,-70.4,-92.70235469369106
6341,2023-11-14,208,105600,54.0,82707.15204005917,123.6893533190291,-94.39999999999999,-117.29284795994083
6342,2023-11-15,802,86300,93.0,91564.7282766533,104.91151046058319,-113.7,-108.4352717233467
6343,2023-11-16,105,54200,350.0,87459.25061345374,118.99243506937873,-145.8,-112.54074938654625
6344,2023-11-17,158,97400,71.0,76991.53072638767,117.71356161307821,-102.6,-123.00846927361232
6345,2023-11-20,502,91000,92.0,96937.97585125953,101.74090963943638,-109.0,-103.06202414874046
6346,2023-11-21,109,71000,125.0,76029.72697490604,141.24983989481674,-129.0,-123.97027302509396
6347,2023-11-22,584,106200,65.0,94516.49734620129,91.15020132890427,-93.8,-105.48350265379871
6348,2023-11-23,443,116800,64.0,96915.040707155,108.64845412551301,-83.2,-103.084959292845
6349,2023-11-24,470,63100,376.0,112773.46966569492,74.31033261494305,-136.9,-87.22653033430507
6350,2023-11-27,770,89500,110.0,123406.92144455203,77.22216056795018,-110.5,-76.59307855544796
6351,2023-11-28,041,115000,46.0,104134.27578668999,84.6481134170612,-85.0,-95.86572421331
6352,2023-11-29,949,70600,302.0,101465.74353017479,105.12488702998567,-129.39999999999998,-98.53425646982521
6353,2023-11-30,060,125600,35.0,117489.38096877378,78.48168052826331,-74.39999999999999,-82.51061903122621
6354,2023-12-01,082,90100,69.0,104480.42958117617,76.24695027738017,-109.89999999999999,-95.51957041882383
6355,2023-12-04,511,74100,197.0,80311.77879483467,134.53911485695065,-125.89999999999999,-119.68822120516533
6356,2023-12-05,557,96200,85.0,97743.75885781366,108.48707740318945,-103.8,-102.25624114218634
6357,2023-12-06,204,74400,112.0,92361.5116979261,111.15936290805095,-125.6,-107.63848830207391
6358,2023-12-07,384,58200,383.0,89601.11794580931,94.68844980248772,-141.8,-110.3988820541907
6359,2023-12-08,183,82400,117.0,81524.3038614024,101.0746514792662,-117.6,-118.4756961385976
6360,2023-12-11,558,59600,477.0,93609.49061673282,112.84886489881995,-140.4,-106.39050938326719
6361,2023-12-12,544,93700,78.0,98914.99923436315,108.04891434073241,-106.3,-101.08500076563685
6362,2023-12-13,104,72300,131.0,90130.4593564474,113.61709990501734,-127.7,-109.8695406435526
6363,2023-12-14,169,86400,58.0,83777.845508627,106.58849868284004,-113.6,-116.222154491373
6364,2023-12-15,230,103400,77.0,100391.83829038225,95.24081250685049,-96.6,-99.60816170961775
6365,2023-12-18,532,101600,76.0,84912.00967627554,112.77434569375202,-98.39999999999999,-115.08799032372445
6366,2023-12-19,118,61500,213.0,67991.75198557963,165.20111216982963,-138.5,-132.00824801442036
6367,2023-12-20,153,69500,118.0,82861.56573053065,109.94969562056262,-130.5,-117.13843426946934
6368,2023-12-21,304,61400,332.0,91480.4697013508,114.24907141403769,-138.6,-108.5195302986492
6369,2023-12-22,850,111900,60.0,101820.38467045498,91.99749153844797,-88.1,-98.17961532954502
6370,2023-12-25,049,88300,132.0,99175.91294513363,92.48653710749696,-111.7,-100.82408705486637
6371,2023-12-26,906,97300,89.0,95580.88843575906,104.2513025318349,-102.7,-104.41911156424094
6372,2023-12-27,451,67800,126.0,87324.65595704292,104.0096840247641,-132.2,-112.67534404295708
6373,2023-12-28,090,50500,454.0,118913.3561554598,71.59216689859755,-149.5,-81.0866438445402
6374,2023-12-29,429,80200,121.0,79599.45655884917,122.74540574487455,-119.8,-120.40054344115083
6375,2024-01-04,013,92600,87.0,91533.92959194085,109.33232819360673,-107.39999999999999,-108.46607040805915
6376,2024-01-05,491,57800,372.0,90724.26617988036,89.47786580433251,-142.2,-109.27573382011964
6377,2024-01-08,565,113600,87.0,109574.03893675309,96.42828227516057,-86.39999999999999,-90.42596106324692
6378,2024-01-09,389,115000,43.0,91206.02259947886,94.84057866214165,-85.0,-108.79397740052113
6379,2024-01-10,460,103300,110.0,115114.60207095506,75.5632560886852,-96.7,-84.88539792904493
6380,2024-01-11,341,88700,103.0,84896.77649403454,107.9983487160572,-111.3,-115.10322350596546
6381,2024-01-12,919,96400,125.0,83784.30138971607,131.72114884920367,-103.6,-116.21569861028392
6382,2024-01-15,833,106000,96.0,85112.3071523674,125.08070548973119,-94.0,-114.8876928476326
6383,2024-01-16,780,118300,33.0,113893.95442399685,71.46158622377789,-81.7,-86.10604557600314
6384,2024-01-17,320,92500,93.0,98462.67310579827,99.27658354755154,-107.5,-101.53732689420173
6385,2024-01-18,604,97400,131.0,98180.99043378707,101.52159648064952,-102.6,-101.81900956621293
6386,2024-01-19,091,83800,73.0,107247.32817673085,72.67426420520633,-116.2,-92.75267182326915
6387,2024-01-22,385,61100,137.0,89165.87676763008,96.95364174379407,-138.9,-110.83412323236992
6388,2024-01-23,715,69300,122.0,75114.2524944696,131.38450275613707,-130.7,-124.88574750553039
6389,2024-01-24,725,68400,133.0,78957.69011502786,130.72782664089448,-131.6,-121.04230988497214
6390,2024-01-25,796,121100,46.0,108104.73608474791,78.46441647368884,-78.89999999999999,-91.89526391525209
6391,2024-01-26,101,73200,245.0,101416.06971114608,110.24073438426892,-126.8,-98.58393028885392
6392,2024-01-29,419,82100,101.0,73945.91190546767,133.969108358846,-117.89999999999999,-126.05408809453233
6393,2024-01-30,802,73600,89.0,91612.72585858495,104.55193024044674,-126.39999999999999,-108.38727414141505
6394,2024-01-31,723,57600,169.0,80965.19318246763,118.5525414931018,-142.4,-119.03480681753237
6395,2024-02-01,310,58900,180.0,93404.95047580758,106.32819397067432,-141.1,-106.59504952419242
6396,2024-02-02,546,109200,84.0,93473.59758785214,103.44988233617055,-90.8,-106.52640241214786
6397,2024-02-05,458,89000,83.0,87596.48460089929,106.31759496967483,-111.0,-112.40351539910071
6398,2024-02-06,945,70100,192.0,91528.82782990873,104.90432044072399,-129.89999999999998,-108.47117217009128
6399,2024-02-07,791,109900,49.0,93463.13976185308,87.09980654318348,-90.1,-106.53686023814693
6400,2024-02-08,948,104600,80.0,87917.66211508804,106.34648534151381,-95.39999999999999,-112.08233788491196
6401,2024-02-09,706,119500,68.0,94804.43729532647,104.56423739661624,-80.5,-105.19556270467353
6402,2024-02-12,916,57200,408.0,76869.86175757155,128.53763041835313,-142.8,-123.13013824242846
6403,2024-02-13,055,101800,64.0,113043.16439980411,90.90504954413488,-98.2,-86.95683560019589
6404,2024-02-14,692,90500,176.0,98293.21208742374,84.36106573307424,-109.5,-101.70678791257626
6405,2024-02-15,963,66800,102.0,93547.57095542217,96.87898912144912,-133.2,-106.45242904457783
6406,2024-02-16,394,74700,132.0,94254.7646527372,89.29321726009955,-125.3,-105.7452353472628
6407,2024-02-19,920,90500,116.0,100596.00357166238,92.07491527515303,-109.5,-99.40399642833762
6408,2024-02-20,541,77800,125.0,85658.27256523716,108.30765087145987,-122.2,-114.34172743476284
6409,2024-02-21,105,72400,110.0,87280.7481283648,119.05200793714596,-127.6,-112.71925187163521
6410,2024-02-22,633,111600,45.0,91254.17872654441,118.96056762186633,-88.39999999999999,-108.74582127345559
6411,2024-02-23,834,118700,58.0,82888.28167773853,114.97952170647999,-81.3,-117.11171832226147
6412,2024-02-26,834,72100,395.0,82888.28167773853,114.97952170647999,-127.89999999999999,-117.11171832226147
6413,2024-02-27,358,34100,332.0,82728.47291957276,112.53035239038161,-165.9,-117.27152708042725
6414,2024-02-28,983,88900,54.0,95555.20456597576,89.28500315153562,-111.1,-104.44479543402424
6415,2024-02-29,414,107600,94.0,87900.15508157838,125.74915400479172,-92.39999999999999,-112.09984491842161
6416,2024-03-01,367,115500,61.0,91426.13023806231,99.47940405161992,-84.5,-108.57386976193769
6417,2024-03-04,017,64300,348.0,85758.39082922385,116.58985156736777,-135.7,-114.24160917077614
6418,2024-03-05,566,147300,53.0,107259.73044535938,97.07316948499535,-52.69999999999999,-92.74026955464062
6419,2024-03-06,395,93100,84.0,93859.69208252849,91.29855934931219,-106.89999999999999,-106.1403079174715
6420,2024-03-07,956,75500,118.0,97179.80066558483,97.47487225594729,-124.5,-102.82019933441516
6421,2024-03-08,810,79300,136.0,92580.68358105679,100.4329701810018,-120.7,-107.41931641894321
6422,2024-03-11,366,94700,155.0,100316.67073075288,102.45094976689207,-105.3,-99.68332926924711
6423,2024-03-12,494,94000,115.0,109187.5212588696,86.88897865787084,-106.0,-90.81247874113039
6424,2024-03-13,388,98000,73.0,98824.5224721087,97.33652847256577,-102.0,-101.1754775278913
6425,2024-03-14,833,54500,180.0,85186.62006574162,124.97217901122848,-145.5,-114.81337993425838
6426,2024-03-15,957,113400,117.0,94407.05646093343,99.08812679008531,-86.6,-105.59294353906657
6427,2024-03-18,378,56400,362.0,88023.69141468663,99.30745689083548,-143.6,-111.97630858531336
6428,2024-03-19,991,131500,49.0,103490.31084999283,88.7390629475562,-68.5,-96.50968915000716
6429,2024-03-20,978,97400,86.0,102072.29299071,85.61539277705609,-102.6,-97.92770700928999
6430,2024-03-21,495,102200,71.0,98735.44535615934,86.67897545701105,-97.8,-101.26455464384065
6431,2024-03-22,059,91300,69.0,100572.87883203644,90.49537214736327,-108.7,-99.42712116796356
6432,2024-03-25,391,83500,95.0,87005.53544976532,93.633723076391,-116.5,-112.99446455023468
6433,2024-03-26,504,85100,84.0,96788.57223634023,103.7826873805288,-114.89999999999999,-103.21142776365977
6434,2024-03-27,346,63400,273.0,89136.09489452788,107.07177727077642,-136.6,-110.86390510547211
6435,2024-03-28,578,96500,83.0,94115.93651552901,94.09468253659102,-103.5,-105.88406348447099
6436,2024-03-29,150,91100,176.0,101152.73479419752,91.12640353366218,-108.89999999999999,-98.84726520580249
6437,2024-04-01,603,63700,380.0,96368.96803049896,103.52894375245077,-136.3,-103.63103196950104
6438,2024-04-02,440,86900,84.0,118200.82840584236,85.50215395337574,-113.1,-81.79917159415764
6439,2024-04-03,992,106000,112.0,107941.88555862839,85.70086413514704,-94.0,-92.05811444137161
6440,2024-04-04,965,137600,42.0,99694.79258475824,92.79204601426588,-62.400000000000006,-100.30520741524177
6441,2024-04-05,639,68400,75.0,84358.4860376855,116.20631445182728,-131.6,-115.64151396231449
6442,2024-04-08,881,116200,104.0,97638.2447395799,94.39956745056818,-83.8,-102.3617552604201
6443,2024-04-09,018,80300,82.0,81879.88896798092,121.8004164944109,-119.7,-118.12011103201908
6444,2024-04-10,668,137200,48.0,103886.56921784695,97.64793142356461,-62.79999999999998,-96.11343078215305
6445,2024-04-11,627,84900,101.0,81924.1845786093,118.29453198662306,-115.1,-118.0758154213907
6446,2024-04-12,490,56300,423.0,115780.40974235408,69.52365447209579,-143.7,-84.21959025764592
6447,2024-04-15,089,57600,245.0,108559.02592247022,76.73459639580082,-142.4,-91.44097407752979
6448,2024-04-16,081,96700,75.0,100830.91820876834,78.3486035847663,-103.3,-99.16908179123165
6449,2024-04-17,180,77900,115.0,101594.00024941927,77.60393896574412,-122.1,-98.40599975058072
6450,2024-04-18,736,101900,70.0,85877.64283015738,112.62887080550675,-98.1,-114.12235716984262
6451,2024-04-19,910,66200,146.0,96050.46904850053,98.30357729470927,-133.8,-103.94953095149947
6452,2024-04-22,941,88300,105.0,83153.09528834422,109.86286325590243,-111.7,-116.84690471165578
6453,2024-04-23,806,98500,64.0,91437.31179433431,107.6915481475997,-101.5,-108.5626882056657
6454,2024-04-24,975,95700,123.0,99551.40993448827,89.59897362860995,-104.3,-100.44859006551172
6455,2024-04-25,981,80200,62.0,90711.54896208642,91.29570882319737,-119.8,-109.28845103791357
6456,2024-04-26,279,62200,147.0,89066.36711861458,97.64748451872268,-137.8,-110.93363288138542
6457,2024-04-29,898,78400,71.0,124575.13196903524,76.31766806244127,-121.6,-75.42486803096476
6458,2024-04-30,020,120500,83.0,107012.6289692747,97.77806161974262,-79.5,-92.9873710307253
6459,2024-05-01,907,73200,240.0,92621.28845992999,106.55223666580282,-126.8,-107.37871154007001
6460,2024-05-02,313,91400,100.0,80328.37854417229,145.62891264159842,-108.6,-119.67162145582772
6461,2024-05-03,666,78600,426.0,78812.85735785453,489.93912483400385,-121.39999999999999,-121.18714264214546
6462,2024-05-06,827,83300,118.0,77393.74881710624,122.56132973831359,-116.7,-122.60625118289376
6463,2024-05-07,282,53200,398.0,94644.45635350503,96.59827179282509,-146.8,-105.35554364649498
6464,2024-05-08,412,90700,90.0,79829.16671018426,120.44468745330963,-109.3,-120.17083328981573
6465,2024-05-09,271,49800,304.0,84277.76289636368,98.39500388766665,-150.2,-115.72223710363632
6466,2024-05-10,473,107500,57.0,92128.32665230193,94.88812709469671,-92.5,-107.87167334769808
6467,2024-05-13,186,89600,115.0,85970.95252306324,97.62985504059947,-110.39999999999999,-114.02904747693675
6468,2024-05-14,772,96700,49.0,100186.67182503709,96.7689079439897,-103.3,-99.8133281749629
6469,2024-05-15,219,74100,108.0,68714.10993774116,149.8801745416821,-125.89999999999999,-131.28589006225883
6470,2024-05-16,943,66200,212.0,88480.32321869355,106.75320765509967,-133.8,-111.51967678130644
6471,2024-05-17,872,78000,149.0,90678.59615282733,93.37447109888137,-122.0,-109.32140384717266
6472,2024-05-20,156,53600,418.0,84732.87126362893,108.96428538863557,-146.4,-115.26712873637108
6473,2024-05-21,526,41600,506.0,83107.01030541165,118.9364245912263,-158.4,-116.89298969458835
6474,2024-05-22,719,85900,84.0,73618.61029317848,133.24080083406562,-114.1,-126.38138970682151
6475,2024-05-23,268,83600,72.0,85724.07930970017,103.30933055660044,-116.39999999999999,-114.27592069029983
6476,2024-05-24,267,88200,70.0,90118.88234024057,98.9546651249025,-111.8,-109.88111765975943
6477,2024-05-27,161,116600,66.0,91278.21237993265,105.60823623579688,-83.39999999999999,-108.72178762006735
6478,2024-05-28,564,95200,167.0,98514.60213775244,93.58315762326848,-104.8,-101.48539786224755
6479,2024-05-29,419,59500,152.0,73906.82815005466,134.23974729925507,-140.5,-126.09317184994534
6480,2024-05-30,933,49300,441.0,88544.36342100654,121.65308024309856,-150.7,-111.45563657899346
6481,2024-05-31,904,114400,42.0,95111.00790030244,104.31913498969384,-85.6,-104.88899209969756
6482,2024-06-03,199,81700,132.0,97431.40994328304,95.51427354764279,-118.3,-102.56859005671696
6483,2024-06-04,478,118300,59.0,92567.77991084816,94.38652002796881,-81.7,-107.43222008915184
6484,2024-06-05,712,80600,83.0,76419.17390239374,125.07877937210907,-119.39999999999999,-123.58082609760626
6485,2024-06-06,781,85500,70.0,88541.3847564258,92.84720427477602,-114.5,-111.4586152435742
6486,2024-06-07,455,130200,69.0,99659.78913164306,106.38692938949688,-69.80000000000001,-100.34021086835693
6487,2024-06-10,760,65400,441.0,114807.00028703923,75.40548763508677,-134.6,-85.19299971296077
6488,2024-06-11,529,46100,404.0,78917.64390847417,125.36718382491834,-153.9,-121.08235609152582
6489,2024-06-12,788,69700,263.0,111937.30881449448,85.07876449809132,-130.3,-88.06269118550551
6490,2024-06-13,435,117100,62.0,86885.12036487501,112.92159221019578,-82.89999999999999,-113.11487963512499
6491,2024-06-14,632,71000,244.0,85911.65843370049,110.58768509895884,-129.0,-114.0883415662995
6492,2024-06-17,421,64600,289.0,81944.38388413802,114.45212113402403,-135.4,-118.05561611586198
6493,2024-06-18,119,43900,430.0,70065.29406134713,162.57888563164394,-156.1,-129.93470593865288
6494,2024-06-19,665,83100,248.0,108211.01277268416,95.85208865032098,-116.89999999999999,-91.78898722731584
6495,2024-06-20,017,100300,83.0,85464.6886571329,117.16229942708335,-99.7,-114.5353113428671
6496,2024-06-21,668,118300,87.0,103905.23872234777,97.57639577028938,-81.7,-96.09476127765222
6497,2024-06-24,484,96400,77.0,103474.03806777627,92.62417674636883,-103.6,-96.52596193222372
6498,2024-06-25,018,60600,245.0,81774.29435973249,121.69722556654266,-139.4,-118.2257056402675
6499,2024-06-26,426,72500,144.0,83942.40679480808,116.25538694662876,-127.5,-116.05759320519192
6500,2024-06-27,280,108200,38.0,105195.67338452295,75.83351633458231,-91.8,-94.80432661547705
6501,2024-06-28,364,96600,112.0,93346.77399984248,97.44101114427039,-103.39999999999999,-106.65322600015752
6502,2024-07-01,724,56200,264.0,82381.45401766074,116.542538110502,-143.8,-117.61854598233926
6503,2024-07-02,732,69500,178.0,83040.39679184141,112.98675780563224,-130.5,-116.95960320815858
6504,2024-07-03,094,108000,155.0,111867.53485042756,72.90417468112538,-92.0,-88.13246514957244
6505,2024-07-04,575,95400,178.0,107037.27579301163,95.27347325134275,-104.6,-92.96272420698837
6506,2024-07-05,993,124900,66.0,108405.24703309109,87.20428523181278,-75.1,-91.59475296690891
6507,2024-07-08,810,74300,152.0,91960.13564910919,101.1536689642747,-125.7,-108.03986435089081
6508,2024-07-09,273,75800,192.0,87340.08493696475,98.24282561986651,-124.2,-112.65991506303526
6509,2024-07-10,224,80700,174.0,83958.96129005906,132.76727774690835,-119.3,-116.04103870994093
6510,2024-07-11,335,75700,86.0,88672.66013394752,123.54239150771527,-124.3,-111.32733986605248
6511,2024-07-12,475,84600,112.0,95750.82118133047,93.14045726340996,-115.39999999999999,-104.24917881866953
6512,2024-07-15,098,47200,463.0,101304.57081705258,83.30510994157636,-152.8,-98.69542918294742
6513,2024-07-16,884,75900,195.0,107112.62380953871,88.82662716641472,-124.1,-92.88737619046128
6514,2024-07-17,100,44800,487.0,101509.0798442971,106.6087551097709,-155.2,-98.4909201557029
6515,2024-07-18,864,99800,83.0,94331.91614719588,94.93878915836322,-100.2,-105.66808385280412
6516,2024-07-19,086,75000,242.0,108894.070843376,76.48576237327254,-125.0,-91.105929156624
6517,2024-07-22,937,89700,99.0,83824.49126251011,114.74684248312045,-110.3,-116.17550873748989
6518,2024-07-23,620,111100,63.0,103156.18758459971,90.45055086815665,-88.89999999999999,-96.84381241540028
6519,2024-07-24,643,63400,301.0,91097.0682952119,104.23284275027737,-136.6,-108.9029317047881
6520,2024-07-25,503,94000,71.0,94796.12992638428,106.12406876102021,-106.0,-105.20387007361572
6521,2024-07-26,498,103100,68.0,98283.77989627617,85.6456984375081,-96.89999999999999,-101.71622010372383
6522,2024-07-29,853,64800,85.0,85676.49569590465,107.56374656266134,-135.2,-114.32350430409534
6523,2024-07-30,343,111800,66.0,98081.5090536498,108.55965770714178,-88.2,-101.91849094635019
6524,2024-07-31,392,70800,248.0,90611.02015407346,90.88601989136431,-129.2,-109.38897984592654
6525,2024-08-01,098,60800,293.0,101304.57081705258,83.30510994157636,-139.2,-98.69542918294742
6526,2024-08-02,127,51100,322.0,70765.01862190128,140.4615202739797,-148.9,-129.23498137809872
6527,2024-08-05,280,73600,160.0,105195.67338452295,75.83351633458231,-126.39999999999999,-94.80432661547705
6528,2024-08-06,802,51000,147.0,91156.16749071103,105.11400319626709,-149.0,-108.84383250928897
6529,2024-08-07,862,65100,224.0,89567.204773575,97.74437647501304,-134.9,-110.432795226425
6530,2024-08-08,036,69700,248.0,99378.8716887982,94.70084884148469,-130.3,-100.6211283112018
6531,2024-08-09,270,117500,32.0,107695.55671026351,76.42317046503155,-82.5,-92.30444328973648
6532,2024-08-12,580,96100,144.0,109636.3173247254,75.5700374321384,-103.89999999999999,-90.36368267527459
6533,2024-08-13,701,113700,54.0,92880.20308027824,103.36982686183374,-86.3,-107.11979691972176
6534,2024-08-14,051,105800,59.0,102432.64701419015,85.3952148163511,-94.2,-97.56735298580985
6535,2024-08-15,337,108800,70.0,85532.06640951287,126.0429926203544,-91.2,-114.46793359048712
6536,2024-08-16,322,85700,83.0,84201.28619593523,131.97361625312018,-114.3,-115.79871380406477
6537,2024-08-19,684,83000,193.0,97978.30540109132,87.52509589937215,-117.0,-102.02169459890868
6538,2024-08-20,772,138800,47.0,100068.03795674018,97.1167965728807,-61.19999999999999,-99.93196204325982
6539,2024-08-21,803,77500,98.0,89510.91761552241,109.30380867276948,-122.5,-110.48908238447758
6540,2024-08-22,801,60600,153.0,89134.25097367763,106.73477283336845,-139.4,-110.86574902632238
6541,2024-08-23,067,131500,66.0,108255.15608765093,81.6499188641324,-68.5,-91.74484391234907
6542,2024-08-26,900,86700,153.0,96706.09601045203,115.56053509621984,-113.3,-103.29390398954796
6543,2024-08-27,376,119900,54.0,93815.3885408536,94.94365582331457,-80.1,-106.1846114591464
6544,2024-08-28,656,143600,52.0,110116.6593597439,97.56494036766351,-56.400000000000006,-89.8833406402561
6545,2024-08-29,355,71400,131.0,94836.4672520405,111.73447606387514,-128.6,-105.1635327479595
6546,2024-08-30,864,91400,105.0,94179.66783043089,95.30605366657235,-108.6,-105.82033216956911
6547,2024-09-02,398,80300,72.0,92985.15197050154,91.11081975943287,-119.7,-107.01484802949847
6548,2024-09-03,216,60600,252.0,72336.84595189936,142.43574713280188,-139.4,-127.66315404810064
6549,2024-09-04,385,52600,232.0,88652.09572424203,97.75205487900827,-147.4,-111.34790427575797
6550,2024-09-05,666,94500,323.0,78917.25430850792,489.08321258282285,-105.5,-121.08274569149208
6551,2024-09-06,827,39600,259.0,77360.00653789385,122.26930729325441,-160.4,-122.63999346210615
6552,2024-09-09,500,104500,79.0,98493.17137198313,114.70479363176382,-95.5,-101.50682862801686
6553,2024-09-10,811,41200,490.0,75471.33809757068,138.6454428391398,-158.8,-124.52866190242932
6554,2024-09-11,508,101500,75.0,87342.57389183724,114.09429223966875,-98.5,-112.65742610816277
6555,2024-09-12,527,83700,103.0,79805.80771033344,122.3350299714305,-116.3,-120.19419228966656
6556,2024-09-13,215,78500,156.0,71997.8347102224,143.48134624527694,-121.5,-128.0021652897776
6557,2024-09-16,319,53100,249.0,67879.91228492456,154.49875376065668,-146.9,-132.12008771507544
6558,2024-09-17,669,102100,73.0,107251.7090663684,96.4734088557879,-97.89999999999999,-92.7482909336316
6559,2024-09-18,430,96800,90.0,106182.74848599768,87.23552197101213,-103.2,-93.81725151400231
6560,2024-09-19,297,76600,88.0,93501.09167290003,89.25950748985336,-123.39999999999999,-106.49890832709997
6561,2024-09-20,776,111500,94.0,111405.53460188356,89.91247190093597,-88.5,-88.59446539811644
6562,2024-09-23,808,49500,299.0,100715.37002039938,109.47420097612851,-150.5,-99.28462997960062
6563,2024-09-24,844,64100,217.0,93331.24233274051,111.33213952914156,-135.9,-106.66875766725948
6564,2024-09-25,835,38400,483.0,81167.80614904372,118.77305852733869,-161.6,-118.83219385095627
6565,2024-09-26,841,108800,42.0,79545.05532153013,113.25272838356847,-91.2,-120.45494467846987
6566,2024-09-27,171,102700,55.0,89238.84321858914,104.2224672609933,-97.3,-110.76115678141086
6567,2024-09-30,549,60800,354.0,88491.97193886463,109.5966456689666,-139.2,-111.50802806113536
6568,2024-10-01,484,48100,331.0,103299.63153004134,93.0479997825542,-151.9,-96.70036846995866
6569,2024-10-02,190,87400,122.0,106679.55577925337,73.78294627270043,-112.6,-93.32044422074664
6570,2024-10-03,097,119200,63.0,112649.04403678651,73.06580262207784,-80.8,-87.3509559632135
6571,2024-10-04,610,82400,95.0,98437.56250080206,96.41349320933648,-117.6,-101.56243749919794
6572,2024-10-07,477,105100,76.0,103095.76868111423,96.99659196061518,-94.89999999999999,-96.90423131888576
6573,2024-10-08,014,101600,57.0,91259.1588388382,109.90098189287947,-98.39999999999999,-108.74084116116181
6574,2024-10-09,113,66200,129.0,75523.1923685039,148.590334424992,-133.8,-124.4768076314961
6575,2024-10-10,264,100600,68.0,91807.48926407352,97.60778968161634,-99.39999999999999,-108.19251073592648
6576,2024-10-11,751,77700,118.0,84547.69407634399,106.40703988139782,-122.3,-115.452305923656
6577,2024-10-14,202,101400,76.0,103932.81117697679,108.88599826757617,-98.6,-96.06718882302322
6578,2024-10-15,582,83200,134.0,89291.73836917778,94.68467598998006,-116.8,-110.70826163082222
6579,2024-10-16,983,105100,33.0,94933.7567777915,89.9970522720504,-94.89999999999999,-105.0662432222085
6580,2024-10-17,546,127200,47.0,93457.53982960954,103.59538195178496,-72.8,-106.54246017039046
6581,2024-10-18,411,85700,89.0,81997.11713369068,129.37145734616286,-114.3,-118.00288286630932
6582,2024-10-21,934,66300,306.0,86019.77799753062,112.42247582980983,-133.7,-113.98022200246938
6583,2024-10-22,731,39000,573.0,79101.51308797377,117.16579076533887,-161.0,-120.89848691202623
6584,2024-10-23,691,102400,51.0,93825.97989814452,88.31245362468891,-97.6,-106.17402010185548
6585,2024-10-24,021,120500,29.0,96309.71208901316,99.2156789475173,-79.5,-103.69028791098684
6586,2024-10-25,783,120800,66.0,92861.0632354915,91.22607339138315,-79.2,-107.1389367645085
6587,2024-10-28,830,85600,117.0,96659.06625601686,94.14890551987335,-114.39999999999999,-103.34093374398314
6588,2024-10-29,161,122700,52.0,91021.30833472351,106.13643025207855,-77.3,-108.97869166527649
6589,2024-10-30,060,45100,497.0,116190.9581626606,80.15090706196078,-154.9,-83.80904183733941
6590,2024-10-31,133,51900,330.0,84980.62351545678,123.0648233034245,-148.1,-115.01937648454322
6591,2024-11-01,241,47800,472.0,84480.73266788962,106.08579116904372,-152.2,-115.51926733211037
6592,2024-11-04,187,57300,347.0,83945.57336292877,99.5701469985907,-142.7,-116.05442663707123
6593,2024-11-05,290,84000,165.0,110580.3004350329,71.75723502235465,-116.0,-89.4196995649671
6594,2024-11-06,359,78600,80.0,85177.48388778817,111.31819501533111,-121.39999999999999,-114.82251611221183
6595,2024-11-07,395,108800,42.0,93704.14096262606,91.73094410210223,-91.2,-106.29585903737394
6596,2024-11-08,984,101100,65.0,99089.33029104468,86.35411787131251,-98.89999999999999,-100.91066970895531
6597,2024-11-11,230,117700,75.0,99847.41832287771,95.46391711619381,-82.3,-100.15258167712228
6598,2024-11-12,518,53200,346.0,70222.40264608493,140.7933015605823,-146.8,-129.77759735391507
6599,2024-11-13,091,70500,193.0,105698.79637174465,74.566348250015,-129.5,-94.30120362825534
6600,2024-11-14,530,77200,99.0,103090.13591643263,90.7152696100907,-122.8,-96.90986408356737
6601,2024-11-15,091,95100,95.0,105698.79637174465,74.566348250015,-104.89999999999999,-94.30120362825534
6602,2024-11-18,035,42700,506.0,99225.55234145248,95.36021317393826,-157.3,-100.77444765854752
6603,2024-11-19,956,133800,39.0,97138.59367573382,97.43245187883672,-66.19999999999999,-102.86140632426618
6604,2024-11-20,406,116200,54.0,96140.97360984082,104.36006903494899,-83.8,-103.85902639015919
6605,2024-11-21,138,55400,152.0,71699.71620180963,130.9639655464229,-144.6,-128.30028379819038
6606,2024-11-22,147,38000,589.0,78929.24222929214,116.5584851094122,-162.0,-121.07075777070786
6607,2024-11-25,566,84000,151.0,107542.167260723,96.58608870250204,-116.0,-92.457832739277
6608,2024-11-26,814,89000,78.0,73067.10419268589,132.68820799428664,-111.0,-126.93289580731411
6609,2024-11-27,638,64400,163.0,81213.45815999816,118.85650330590744,-135.6,-118.78654184000183
6610,2024-11-28,878,125700,30.0,114254.40350709326,85.93490719728199,-74.3,-85.74559649290674
6611,2024-11-29,656,66900,299.0,110014.37907506128,97.57424473792496,-133.1,-89.98562092493871
6612,2024-12-02,175,82300,126.0,85082.81039443711,102.36874414418776,-117.7,-114.91718960556288
6613,2024-12-03,340,46400,544.0,108223.57222401538,83.6055008116596,-153.6,-91.77642777598462
6614,2024-12-04,179,92600,113.0,84287.8893812581,103.06948260180948,-107.39999999999999,-115.7121106187419
6615,2024-12-05,710,75500,121.0,95055.84229383328,98.32892266368681,-124.5,-104.94415770616672
6616,2024-12-06,281,36400,662.0,81639.17388787796,99.12091966488182,-163.6,-118.36082611212204
6617,2024-12-09,692,104100,54.0,98052.42563402496,85.19910841879945,-95.89999999999999,-101.94757436597504
6618,2024-12-10,205,107000,57.0,89177.19319020465,116.8873573948852,-93.0,-110.82280680979535
6619,2024-12-11,431,77900,138.0,83032.30094097693,112.5427277924782,-122.1,-116.96769905902308
6620,2024-12-12,989,42600,531.0,120303.3677889301,80.53104755372021,-157.4,-79.6966322110699
6621,2024-12-13,409,84500,91.0,90989.15650680149,110.57155287091902,-115.5,-109.01084349319851
6622,2024-12-16,632,110000,46.0,85849.79457814539,110.72243828103409,-90.0,-114.15020542185461
6623,2024-12-17,264,88500,76.0,91945.23038155043,97.32491193674416,-111.5,-108.05476961844957
6624,2024-12-18,108,57500,137.0,79680.92119056825,128.0023042424742,-142.5,-120.31907880943176
6625,2024-12-19,873,102400,74.0,90924.23550101292,95.18492463051679,-97.6,-109.07576449898707
6626,2024-12-20,052,103900,98.0,105290.65663926909,83.78217722622651,-96.1,-94.70934336073091
6627,2024-12-23,495,82300,187.0,98773.60510912175,86.9402985116115,-117.7,-101.22639489087824
6628,2024-12-24,496,97400,68.0,101898.74700063482,84.10866881553589,-102.6,-98.10125299936519
6629,2024-12-25,404,105100,90.0,108251.33437524075,103.25272906651271,-94.89999999999999,-91.74866562475924
6630,2024-12-26,315,47900,224.0,71345.44274310906,146.98712547115005,-152.1,-128.65455725689094
6631,2024-12-27,953,69700,272.0,89173.76668568733,104.84361203144576,-130.3,-110.82623331431267
6632,2024-12-30,303,44300,620.0,99496.3617450888,117.90573555272884,-155.7,-100.5036382549112
6633,2025-01-06,188,88700,172.0,91583.24495166063,102.97811621819318,-111.3,-108.41675504833937
6634,2025-01-07,238,68100,202.0,75969.67985707095,124.5403069498393,-131.9,-124.03032014292904
6635,2025-01-08,462,81700,112.0,93361.24621363304,95.40020158449063,-118.3,-106.63875378636695
6636,2025-01-09,207,39900,630.0,85999.60569606135,119.49289578688004,-160.1,-114.00039430393865
6637,2025-01-10,669,113400,88.0,107354.64843648009,96.28085460241684,-86.6,-92.64535156351991
6638,2025-01-13,265,111800,55.0,91469.91429710895,99.42357607956438,-88.2,-108.53008570289106
6639,2025-01-14,606,74400,139.0,107359.28750363932,105.78341361527045,-125.6,-92.64071249636068
6640,2025-01-15,216,67300,111.0,72386.77508901569,141.87795943410177,-132.7,-127.61322491098431
6641,2025-01-16,100,103200,73.0,100350.92566920396,108.3574468226418,-96.8,-99.64907433079604
6642,2025-01-17,944,70600,289.0,97423.06873396084,108.01500149672678,-129.39999999999998,-102.57693126603915
6643,2025-01-20,672,114100,61.0,95508.13095831963,90.52318667317245,-85.89999999999999,-104.49186904168037
6644,2025-01-21,496,102100,65.0,101924.34317113776,83.99215968340778,-97.89999999999999,-98.07565682886224
6645,2025-01-22,842,104400,45.0,83332.46212438753,109.26835608897541,-95.6,-116.66753787561247
6646,2025-01-23,239,76400,137.0,78647.98216842084,122.47420974997146,-123.6,-121.35201783157916
6647,2025-01-24,557,101300,122.0,97809.2366847447,108.05593683885648,-98.7,-102.1907633152553
6648,2025-01-27,169,67900,195.0,83168.4549046211,108.47185459013939,-132.1,-116.8315450953789
6649,2025-01-28,763,65800,266.0,94380.02978775908,95.48560941594769,-134.2,-105.61997021224091
6650,2025-01-29,314,72200,136.0,73450.47499473147,140.61116990764793,-127.8,-126.54952500526853
6651,2025-01-30,577,92600,161.0,104759.89186557602,96.60469612834895,-107.39999999999999,-95.24010813442398
6652,2025-01-31,020,111600,56.0,105731.6549350492,98.83112763887392,-88.39999999999999,-94.2683450649508
6653,2025-02-03,168,48200,323.0,80582.99860779109,110.41055827939321,-151.8,-119.41700139220892
6654,2025-02-04,799,90100,141.0,117698.50557198739,80.36832925704684,-109.89999999999999,-82.3014944280126
6655,2025-02-05,973,116400,57.0,94507.93827640367,92.70269470548867,-83.6,-105.49206172359632
6656,2025-02-06,033,72300,183.0,107192.83626415924,97.37747769747011,-127.7,-92.80716373584076
6657,2025-02-07,100,107300,68.0,100350.92566920396,108.3574468226418,-92.7,-99.64907433079604
6658,2025-02-10,249,88700,116.0,82451.39059743329,114.04775381926353,-111.3,-117.54860940256671
6659,2025-02-11,086,147400,27.0,107777.08435469554,78.0195310150428,-52.599999999999994,-92.22291564530445
6660,2025-02-12,427,68100,111.0,80517.62378106076,120.06080151817721,-131.9,-119.48237621893924
6661,2025-02-13,354,70300,158.0,90797.59856992691,103.26173139934558,-129.7,-109.2024014300731
6662,2025-02-14,720,103400,86.0,99344.95498080649,92.59777986574089,-96.6,-100.65504501919351
6663,2025-02-17,796,124500,58.0,108481.96261186295,78.06157854333004,-75.5,-91.51803738813705
6664,2025-02-18,804,77700,165.0,90282.84239756003,108.46853338196433,-122.3,-109.71715760243997
6665,2025-02-19,157,85300,75.0,80410.49328976647,114.0994394903205,-114.7,-119.58950671023352
6666,2025-02-20,770,101400,47.0,122313.02614455485,78.00335940331911,-98.6,-77.68697385544515
6667,2025-02-21,531,81100,104.0,80334.5981438749,118.15805126536485,-118.89999999999999,-119.6654018561251
6668,2025-02-24,423,70600,137.0,84350.46469439675,114.44668080913668,-129.39999999999998,-115.64953530560325
6669,2025-02-25,185,104100,63.0,82305.1035759031,103.59439983052647,-95.89999999999999,-117.69489642409691
6670,2025-02-26,996,84700,107.0,119818.36520637058,79.48944925826474,-115.3,-80.18163479362941
6671,2025-02-27,372,76800,94.0,87959.39271109027,97.68564795970116,-123.2,-112.04060728890973
6672,2025-02-28,394,84800,92.0,94063.50580374013,90.16243275634771,-115.2,-105.93649419625987
6673,2025-03-03,422,90800,84.0,89982.4750937856,117.21337699957893,-109.2,-110.01752490621439
6674,2025-03-04,638,83100,91.0,81076.12669450755,119.08495503264474,-116.89999999999999,-118.92387330549245
6675,2025-03-05,052,127000,45.0,104781.84198714867,84.59321989240819,-73.0,-95.21815801285133
6676,2025-03-06,417,58100,151.0,74449.17579566363,131.9580908229544,-141.9,-125.55082420433637
6677,2025-03-07,128,64300,116.0,67214.94718965137,147.91492324998416,-135.7,-132.78505281034865
6678,2025-03-10,959,132300,53.0,104794.3396420541,101.22206404945332,-67.69999999999999,-95.2056603579459
6679,2025-03-11,036,88900,79.0,98704.33153987884,95.77416406094395,-111.1,-101.29566846012116
6680,2025-03-12,312,40300,226.0,74364.97201498103,135.78617857082892,-159.7,-125.63502798501897
6681,2025-03-13,946,95300,71.0,93295.7675348998,101.86364836150223,-104.7,-106.70423246510019
6682,2025-03-14,766,103200,105.0,109866.03737209145,92.27913072037569,-96.8,-90.13396262790855
6683,2025-03-17,187,90300,70.0,83703.92410386256,100.4099050053738,-109.7,-116.29607589613744
6684,2025-03-18,150,106200,69.0,100246.05431620644,93.04859605408411,-93.8,-99.75394568379356
6685,2025-03-19,099,67200,226.0,122255.85710920348,76.28379057554912,-132.8,-77.74414289079651
6686,2025-03-20,320,34600,297.0,97601.48586017924,99.81600881570981,-165.4,-102.39851413982076
6687,2025-03-21,146,90600,58.0,82610.46739096948,113.08739322704439,-109.39999999999999,-117.38953260903051
6688,2025-03-24,948,108100,61.0,87417.38499607188,106.90377096136856,-91.89999999999999,-112.58261500392811
6689,2025-03-25,990,60600,355.0,131403.0160418345,69.18865631315471,-139.4,-68.59698395816551
6690,2025-03-26,029,84900,82.0,87639.9626510727,113.9236920239184,-115.1,-112.3600373489273
6691,2025-03-27,725,67700,110.0,79592.00864929805,129.2704539816609,-132.3,-120.40799135070195
6692,2025-03-28,730,74800,166.0,99996.84181273138,91.78083643812371,-125.2,-100.00315818726862
6693,2025-03-31,337,78300,181.0,85143.71235150509,127.21723185122534,-121.7,-114.85628764849491
6694,2025-04-01,515,92300,84.0,83535.037681737,136.34025037215798,-107.7,-116.464962318263
6695,2025-04-02,964,93800,82.0,98283.48788014907,92.31618299934456,-106.2,-101.71651211985093
6696,2025-04-03,129,58900,165.0,69625.49671007236,144.85239662148697,-141.1,-130.37450328992765
6697,2025-04-04,214,74000,140.0,74134.71862409053,136.28758173201464,-126.0,-125.86528137590948
6698,2025-04-07,623,70400,167.0,83544.81777343337,116.10930519761867,-129.6,-116.45518222656662
6699,2025-04-08,457,74100,167.0,91432.47201085964,102.19567341569406,-125.89999999999999,-108.56752798914036
6700,2025-04-09,046,86900,133.0,104598.2596951619,88.33028579475445,-113.1,-95.40174030483809
6701,2025-04-10,467,70700,160.0,96472.3645898508,94.00098152637324,-129.3,-103.5276354101492
6702,2025-04-11,543,133900,59.0,81567.20078668602,122.92640032416865,-66.1,-118.43279921331397
6703,2025-04-14,313,80200,150.0,79741.61111863208,145.74402786861177,-119.8,-120.25838888136792
6704,2025-04-15,574,95400,69.0,96659.64327080359,91.8739554142131,-104.6,-103.34035672919642
6705,2025-04-16,629,79700,97.0,80900.90969027372,121.24003815741602,-120.3,-119.09909030972628
6706,2025-04-17,249,104800,59.0,82438.07328894976,113.92466694896154,-95.2,-117.56192671105023
6707,2025-04-18,440,87400,121.0,117068.96157204447,86.45834231117863,-112.6,-82.93103842795553
6708,2025-04-21,637,102000,82.0,85398.89796493213,113.12873443394994,-98.0,-114.60110203506787
6709,2025-04-22,020,120200,100.0,105508.38842941489,98.40250141031318,-79.8,-94.4916115705851
6710,2025-04-23,896,90700,148.0,106447.43301080473,79.10347064520093,-109.3,-93.55256698919527
6711,2025-04-24,978,100400,58.0,101563.81367271923,85.49409373346639,-99.6,-98.43618632728077
6712,2025-04-25,446,125400,65.0,98788.85274615478,107.75375188891407,-74.6,-101.21114725384523
6713,2025-04-28,718,63100,262.0,70845.75137234763,136.1712775399905,-136.9,-129.15424862765235
6714,2025-04-29,253,79100,102.0,86592.33729603878,105.89510428956706,-120.89999999999999,-113.40766270396122
6715,2025-04-30,878,88700,194.0,113863.31014097897,85.98591665314551,-111.3,-86.13668985902103
6716,2025-05-01,752,98700,107.0,88271.23642520362,102.75411754111605,-101.3,-111.72876357479637
6717,2025-05-02,652,87700,161.0,91771.47484279287,100.23777411155507,-112.3,-108.22852515720713
6718,2025-05-05,133,104000,58.0,84405.27837266045,124.85196092703528,-96.0,-115.59472162733954
6719,2025-05-06,157,82600,78.0,80420.9870122302,113.9792714985828,-117.39999999999999,-119.5790129877698
6720,2025-05-07,990,96500,99.0,130507.49924291958,70.12999792557964,-103.5,-69.49250075708042
6721,2025-05-08,990,87700,88.0,130507.49924291958,70.12999792557964,-112.3,-69.49250075708042
6722,2025-05-09,190,43000,394.0,105829.63465344491,74.83701485494663,-157.0,-94.17036534655509
6723,2025-05-12,502,103400,83.0,95782.55038722734,102.56878822926251,-96.6,-104.21744961277265
6724,2025-05-13,152,70100,74.0,82668.21112001747,107.89144515208581,-129.89999999999998,-117.33178887998253
6725,2025-05-14,122,74400,109.0,81541.90206515678,132.354945949835,-125.6,-118.45809793484321
6726,2025-05-15,371,65500,218.0,84033.90429415702,101.49684614512613,-134.5,-115.96609570584297
6727,2025-05-16,611,82200,103.0,80630.95985242927,133.1592621075921,-117.8,-119.36904014757073
6728,2025-05-19,870,108200,95.0,109948.43657780372,75.80103231890965,-91.8,-90.05156342219628
6729,2025-05-20,263,115400,56.0,89070.54817525494,99.93168279720028,-84.6,-110.92945182474506
6730,2025-05-21,355,79000,113.0,94214.13232017338,113.2668258147939,-121.0,-105.78586767982662
6731,2025-05-22,680,124500,40.0,112918.64391065303,73.21985263959799,-75.5,-87.08135608934697
6732,2025-05-23,752,84100,81.0,88271.23642520362,102.75411754111605,-115.89999999999999,-111.72876357479637
6733,2025-05-26,902,80300,188.0,94108.29755536371,103.34265619196606,-119.7,-105.8917024446363
6734,2025-05-27,238,88700,94.0,75869.95597399915,124.6976672301841,-111.3,-124.13004402600085
6735,2025-05-28,564,71100,226.0,98619.38228656675,93.23964633089109,-128.89999999999998,-101.38061771343325
6736,2025-05-29,849,95800,65.0,86790.0954868077,107.80101857847568,-104.2,-113.2099045131923
6737,2025-05-30,549,105200,44.0,88385.25838561496,109.58408569198298,-94.8,-111.61474161438504
6738,2025-06-02,898,108600,71.0,123091.17643011121,76.80582650205852,-91.39999999999999,-76.90882356988878
6739,2025-06-03,800,91400,63.0,92435.43725008937,118.73582342808888,-108.6,-107.56456274991064
6740,2025-06-04,819,58700,138.0,71353.16458743815,136.32464588745782,-141.3,-128.64683541256184
6741,2025-06-05,066,95200,63.0,118213.66505139181,84.44920259140028,-104.8,-81.78633494860819
6742,2025-06-06,227,54200,279.0,78430.71537182652,142.18479014762914,-145.8,-121.56928462817348
6743,2025-06-09,490,127800,47.0,114169.02862451794,71.48575148779537,-72.2,-85.83097137548205
6744,2025-06-10,284,105400,43.0,87528.4762602652,95.77091917506942,-94.6,-112.47152373973479
6745,2025-06-11,918,77700,159.0,71896.55064446284,134.98587003718367,-122.3,-128.10344935553715
6746,2025-06-12,535,112800,39.0,94062.42647842206,118.92014973129324,-87.2,-105.93757352157795
6747,2025-06-13,069,100900,60.0,105069.23705007958,85.0038603623317,-99.1,-94.93076294992042
6748,2025-06-16,040,117200,108.0,112983.43206782656,85.62919357283495,-82.8,-87.01656793217343
6749,2025-06-17,482,82200,116.0,88866.68896080357,93.89911937723122,-117.8,-111.13331103919643
6750,2025-06-18,120,52200,350.0,96187.2290664838,98.49386105785393,-147.8,-103.8127709335162
6751,2025-06-19,695,120500,45.0,103942.18110385424,83.18684996481781,-79.5,-96.05781889614576
6752,2025-06-20,536,103600,59.0,86501.39142766874,113.85037254105815,-96.39999999999999,-113.49860857233125
6753,2025-06-23,870,119200,56.0,109616.88123151365,76.27969799417023,-80.8,-90.38311876848636
6754,2025-06-24,652,95600,76.0,91756.50560856886,100.2010355513991,-104.39999999999999,-108.24349439143114
6755,2025-06-25,306,97800,106.0,88255.76615257726,119.66727423891713,-102.2,-111.74423384742275
6756,2025-06-26,458,62300,201.0,87062.6553094007,106.89256368905019,-137.7,-112.9373446905993
6757,2025-06-27,621,59300,240.0,80865.57914506552,116.39656889036581,-140.7,-119.13442085493448
6758,2025-06-30,149,93000,74.0,77730.15815058128,119.95373224569784,-107.0,-122.26984184941873
6759,2025-07-01,307,88100,80.0,84663.21351645792,123.65463810146544,-111.89999999999999,-115.33678648354207
6760,2025-07-02,897,134400,34.0,106082.06070340854,78.46584904021442,-65.6,-93.91793929659146
6761,2025-07-03,108,57800,106.0,79217.34029430128,128.5837342875723,-142.2,-120.78265970569872
6762,2025-07-04,407,81200,88.0,92029.09258278654,107.7734052165582,-118.8,-107.97090741721345
6763,2025-07-07,190,83000,92.0,105331.7343216723,75.42078671820934,-117.0,-94.6682656783277
6764,2025-07-08,614,79800,90.0,78953.8797129393,124.58960589985594,-120.2,-121.04612028706069
6765,2025-07-09,843,120700,41.0,84500.65831985231,109.98616575282969,-79.3,-115.49934168014768
6766,2025-07-10,364,81100,130.0,93349.54791077068,97.31724906305864,-118.89999999999999,-106.65045208922932
6767,2025-07-11,324,77100,150.0,79339.68205873741,127.67114067990256,-122.89999999999999,-120.66031794126259
6768,2025-07-14,588,83100,160.0,104799.6342452839,93.03541058668264,-116.89999999999999,-95.2003657547161
6769,2025-07-15,548,92600,73.0,85452.88860543689,111.17947465927415,-107.39999999999999,-114.5471113945631
6770,2025-07-16,693,70200,71.0,98502.60773371262,86.59241541774725,-129.8,-101.49739226628738
6771,2025-07-17,442,125900,57.0,96092.15718779282,106.9143693379489,-74.1,-103.90784281220718
6772,2025-07-18,601,90700,126.0,95180.8540313233,101.85801359275092,-109.3,-104.81914596867671
6773,2025-07-21,224,92600,103.0,83838.67655711484,132.46004325919273,-107.39999999999999,-116.16132344288516
6774,2025-07-22,168,63800,153.0,80769.82083138592,109.64139938534267,-136.2,-119.23017916861407
6775,2025-07-23,801,80300,80.0,88246.56128871087,107.96815923558033,-119.7,-111.75343871128912
6776,2025-07-24,671,71000,229.0,90997.9178350579,94.51984060143602,-129.0,-109.0020821649421
6777,2025-07-25,294,91600,84.0,92462.54048211795,89.99315109374454,-108.39999999999999,-107.53745951788204
6778,2025-07-28,648,60100,223.0,87955.15546665237,106.94438343955716,-139.9,-112.04484453334763
6779,2025-07-29,524,57100,159.0,84128.63427224575,115.87468893391441,-142.9,-115.87136572775425
6780,2025-07-30,491,91400,72.0,89627.95941569896,91.91374711147824,-108.6,-110.37204058430103
6781,2025-07-31,244,90500,77.0,94645.13866291523,109.04561717328588,-109.5,-105.35486133708477
6782,2025-08-01,808,70600,154.0,99539.10628059364,111.3271778897842,-129.39999999999998,-100.46089371940636
6783,2025-08-04,856,82700,189.0,92871.02948531884,100.13268932616225,-117.3,-107.12897051468116
6784,2025-08-05,361,83400,79.0,85674.57802433208,103.05507133676927,-116.6,-114.32542197566792
6785,2025-08-06,300,67500,236.0,99135.4159627219,111.09037043165424,-132.5,-100.86458403727809
6786,2025-08-07,207,103700,47.0,85607.5233686421,119.89281584872393,-96.3,-114.3924766313579
6787,2025-08-08,657,138400,43.0,96091.22394426078,97.61361523328677,-61.599999999999994,-103.90877605573921
6788,2025-08-11,090,98900,79.0,115350.38464661504,75.61927379645125,-101.1,-84.64961535338496
6789,2025-08-12,462,78400,110.0,93413.76021731153,94.94550301082955,-121.6,-106.58623978268847
6790,2025-08-13,766,157900,32.0,109496.18923249617,92.69556079546165,-42.099999999999994,-90.50381076750384
6791,2025-08-14,142,103100,58.0,83521.51531135626,107.53939992689246,-96.89999999999999,-116.47848468864375
6792,2025-08-15,486,87600,67.0,96136.05978139091,89.5250629796789,-112.39999999999999,-103.86394021860909
6793,2025-08-18,776,99700,87.0,111082.39024313913,90.16023323216022,-100.3,-88.91760975686087
6794,2025-08-19,631,88600,152.0,81467.5994672705,115.40340804825978,-111.39999999999999,-118.5324005327295
6795,2025-08-20,218,71300,106.0,65960.54547484817,152.8618178980918,-128.7,-134.03945452515183
6796,2025-08-21,741,61300,179.0,82580.9270517329,109.94671272914192,-138.7,-117.4190729482671
6797,2025-08-22,461,77400,113.0,89135.870717232,98.88654827561199,-122.6,-110.864129282768
6798,2025-08-25,313,83900,120.0,79810.44031918033,145.31454376805328,-116.1,-120.18955968081967
6799,2025-08-26,650,119100,63.0,109541.96124181927,87.05814441038342,-80.89999999999999,-90.45803875818073
6800,2025-08-27,038,95100,101.0,89909.85916090324,103.29097853991702,-104.89999999999999,-110.09014083909675
6801,2025-08-28,186,91300,43.0,85032.78781065672,99.3385293929095,-108.7,-114.96721218934327
6802,2025-08-29,805,97100,81.0,88575.43696077664,111.88552103230462,-102.89999999999999,-111.42456303922336
6803,2025-09-01,229,83900,115.0,77160.49671341626,146.02130719747174,-116.1,-122.83950328658374
6804,2025-09-02,275,87800,49.0,89500.52132217349,97.86726695933874,-112.2,-110.49947867782652
6805,2025-09-03,806,97600,48.0,90412.92312771261,108.79952171923858,-102.39999999999999,-109.58707687228738
6806,2025-09-04,131,70200,227.0,81668.0708324971,132.45168873182362,-129.8,-118.33192916750289
6807,2025-09-05,856,102600,66.0,92865.61699823335,100.01131893911754,-97.39999999999999,-107.13438300176665
6808,2025-09-08,572,94300,74.0,91585.85916957028,95.02744755895256,-105.7,-108.41414083042972
6809,2025-09-09,891,79100,166.0,91108.09539718987,89.50489574330983,-120.89999999999999,-108.89190460281013
6810,2025-09-10,777,69100,434.0,78806.881062401,477.89844602362456,-130.89999999999998,-121.19311893759901
6811,2025-09-11,827,36600,496.0,77167.61648588233,122.74815771776446,-163.4,-122.83238351411767
6812,2025-09-12,411,99800,73.0,81328.01167667464,130.9102384745894,-100.2,-118.67198832332537
6813,2025-09-15,573,90900,70.0,92286.91706042727,96.30524167998058,-109.1,-107.71308293957273
6814,2025-09-16,672,108700,41.0,95327.59694732536,90.64296529463026,-91.3,-104.67240305267464
6815,2025-09-17,578,106300,46.0,93648.2904322722,94.43529625722866,-93.7,-106.3517095677278
6816,2025-09-18,368,76400,93.0,86435.59462574043,104.57188408817316,-123.6,-113.56440537425956
6817,2025-09-19,630,93200,96.0,103135.062579444,90.03180765487674,-106.8,-96.864937420556
6818,2025-09-22,064,120100,66.0,110079.4236203808,79.85702351701538,-79.89999999999999,-89.9205763796192
6819,2025-09-23,072,63400,274.0,105063.10930083586,79.03519859781602,-136.6,-94.93689069916414
6820,2025-09-24,055,91500,134.0,111244.93090695895,92.5289432865879,-108.5,-88.75506909304104
6821,2025-09-25,439,71800,156.0,82636.05683974737,117.82473196341006,-128.2,-117.36394316025263
6822,2025-09-26,049,65100,257.0,97555.40610878417,94.43307874383996,-134.9,-102.44459389121583
6823,2025-09-29,789,95400,144.0,93630.71223300113,95.90033466242419,-104.6,-106.36928776699887
6824,2025-09-30,194,84800,88.0,87529.86429610784,94.60318457028063,-115.2,-112.47013570389215
6825,2025-10-01,213,73200,128.0,73585.16631215008,137.0562483925946,-126.8,-126.41483368784992
6826,2025-10-02,936,81800,89.0,86095.41957102022,112.68954239044523,-118.2,-113.90458042897978
6827,2025-10-03,279,88300,67.0,88592.66487891492,98.49475521331851,-111.7,-111.40733512108508
6828,2025-10-06,523,78000,122.0,82382.48694664391,118.38492042298971,-122.0,-117.61751305335609
6829,2025-10-07,654,104100,42.0,88421.0917195232,111.26291074608405,-95.89999999999999,-111.5789082804768
6830,2025-10-08,404,114300,52.0,107624.430968708,103.43309013218337,-85.7,-92.375569031292
6831,2025-10-09,636,87600,185.0,97540.08939278849,112.60612392682039,-112.39999999999999,-102.45991060721151
6832,2025-10-10,708,106500,77.0,87321.72678417704,111.68442619759726,-93.5,-112.67827321582295
6833,2025-10-13,278,86100,87.0,86067.18465124271,99.88441738408741,-113.89999999999999,-113.93281534875729
6834,2025-10-14,404,63400,331.0,107624.430968708,103.43309013218337,-136.6,-92.375569031292
6835,2025-10-15,374,85200,94.0,91434.69384342353,95.97822867466708,-114.8,-108.56530615657647
6836,2025-10-16,157,70300,137.0,80474.95475426987,113.60177839871787,-129.7,-119.52504524573013
6837,2025-10-17,729,83000,111.0,79292.17529936279,121.65795629319027,-117.0,-120.7078247006372
6838,2025-10-20,518,81500,157.0,70196.45530095224,140.60742205003262,-118.5,-129.80354469904776
6839,2025-10-21,204,71700,177.0,91346.90573996065,111.67428053271539,-128.3,-108.65309426003934
6840,2025-10-22,139,60900,216.0,74089.28871721006,128.85300741748756,-139.1,-125.91071128278993
6841,2025-10-23,209,78700,65.0,84141.57739153462,123.1229064580099,-121.3,-115.85842260846537
6842,2025-10-24,472,76800,97.0,91347.06506456366,93.62454407009372,-123.2,-108.65293493543633
6843,2025-10-27,631,80600,99.0,81473.10625917395,115.34694859033391,-119.39999999999999,-118.52689374082605
6844,2025-10-28,656,123700,55.0,109696.75240690548,97.10799093105742,-76.3,-90.30324759309453
6845,2025-10-29,652,83700,154.0,91758.83484230738,99.83501882737181,-116.3,-108.24116515769262
6846,2025-10-30,013,95600,51.0,89857.1190182166,110.91380023486143,-104.39999999999999,-110.14288098178339
6847,2025-10-31,395,81800,143.0,93179.49104600876,92.34138240889217,-118.2,-106.82050895399124
6848,2025-11-03,810,45700,397.0,90481.6893641471,103.06749881956723,-154.3,-109.5183106358529
6849,2025-11-04,684,73300,151.0,97631.5941237899,87.49756397624029,-126.7,-102.3684058762101
6850,2025-11-05,344,118500,61.0,95993.83878366982,109.2852472241349,-81.5,-104.00616121633017
6851,2025-11-06,199,62900,256.0,95855.85052778886,98.26158278818248,-137.1,-104.14414947221114
6852,2025-11-07,289,71300,129.0,88746.51096422186,95.6392771219116,-128.7,-111.25348903577814
6853,2025-11-10,256,86800,106.0,88960.51334867238,103.85954351391513,-113.2,-111.03948665132762
6854,2025-11-11,758,50700,426.0,89675.93527649557,102.45397463720484,-149.3,-110.32406472350443
6855,2025-11-12,663,73300,272.0,102462.5647222824,99.19655325323366,-126.7,-97.53743527771759
6856,2025-11-13,790,81200,186.0,117879.74605383138,68.81945850836881,-118.8,-82.12025394616862
6857,2025-11-14,706,112100,87.0,94170.93617940553,105.02470649278716,-87.89999999999999,-105.82906382059447
6858,2025-11-17,567,63200,334.0,89566.5934971224,107.06401231672162,-136.8,-110.43340650287759
6859,2025-11-18,143,81800,141.0,83015.47334908207,110.69268751968863,-118.2,-116.98452665091793
6860,2025-11-19,379,53400,410.0,89897.24610184328,98.82849159114996,-146.6,-110.10275389815672
6861,2025-11-20,909,81000,98.0,101616.6314460732,110.96222016063255,-119.0,-98.3833685539268
6862,2025-11-21,619,70100,113.0,74728.67683877762,133.0101060610121,-129.89999999999998,-125.27132316122237
6863,2025-11-24,836,77300,119.0,82520.77887633417,115.71625478891471,-122.7,-117.47922112366584
6864,2025-11-25,873,67100,202.0,90809.02322753574,95.240056012344,-132.9,-109.19097677246425
6865,2025-11-26,106,80300,165.0,86573.60986425528,118.87104058721378,-119.7,-113.42639013574471
6866,2025-11-27,861,94100,54.0,85150.49448770947,102.18175821149077,-105.89999999999999,-114.84950551229053
6867,2025-11-28,656,52700,459.0,109696.75240690548,97.10799093105742,-147.3,-90.30324759309453
6868,2025-12-01,886,110100,62.0,112317.68401294923,85.3036873828208,-89.89999999999999,-87.68231598705076
6869,2025-12-02,584,107300,60.0,93790.79573327262,91.79635419542454,-92.7,-106.20920426672738
6870,2025-12-03,156,82900,95.0,84316.25567125002,109.37887355382806,-117.1,-115.68374432874998
6871,2025-12-04,973,36400,814.0,94172.11030798267,93.14014483191966,-163.6,-105.82788969201732
6872,2025-12-05,835,61600,96.0,80863.34595782275,119.03275654559876,-138.4,-119.13665404217726
6873,2025-12-08,412,70300,224.0,79464.71836253304,120.40533585979253,-129.7,-120.53528163746697
6874,2025-12-09,735,63300,207.0,84313.33230330622,114.84613911374214,-136.7,-115.68666769669377
6875,2025-12-10,983,55000,310.0,94419.18066602305,90.45886468804171,-145.0,-105.58081933397695
6876,2025-12-11,270,120600,39.0,106486.70479761632,77.60316949235028,-79.39999999999999,-93.51329520238369
6877,2025-12-12,567,91500,115.0,89566.5934971224,107.06401231672162,-108.5,-110.43340650287759
6878,2025-12-15,355,79400,177.0,94352.97358946745,112.35913326900139,-120.6,-105.64702641053255
6879,2025-12-16,003,62300,393.0,93125.55533286271,119.16431695055914,-137.7,-106.87444466713728
6880,2025-12-17,249,55200,394.0,82387.06682399202,113.34100168900468,-144.8,-117.61293317600799
6881,2025-12-18,558,90800,182.0,92945.03734478909,113.03841366861548,-109.2,-107.05496265521091
6882,2025-12-19,837,57000,404.0,80264.90545007946,117.72352869038508,-143.0,-119.73509454992053
6883,2025-12-22,919,82700,185.0,82479.58292068775,135.25756047785578,-117.3,-117.52041707931224
6884,2025-12-23,112,81400,99.0,77218.3958434217,142.42569116177887,-118.6,-122.7816041565783
6885,2025-12-24,862,103100,53.0,89147.77127728194,97.98897402596802,-96.89999999999999,-110.85222872271807
6886,2025-12-25,319,51400,383.0,67594.30040043272,154.52584995815053,-148.6,-132.40569959956727
6887,2025-12-26,395,95500,58.0,93179.49104600876,92.34138240889217,-104.5,-106.82050895399124
6888,2025-12-29,089,58100,341.0,106213.27953282563,79.04666820982271,-141.9,-93.78672046717436
6889,2025-12-30,921,55100,265.0,78175.67980103455,120.2850859900126,-144.9,-121.82432019896545
6890,2026-01-05,622,53400,441.0,89005.70902587553,118.74790965845695,-146.6,-110.99429097412447
6891,2026-01-06,696,125200,55.0,118922.97566962801,81.36846477589586,-74.8,-81.07702433037198
6892,2026-01-07,620,35300,782.0,102135.50938745667,90.98923572173696,-164.7,-97.86449061254334
6893,2026-01-08,649,101200,53.0,90786.64346801885,105.17531392675589,-98.8,-109.21335653198115
6894,2026-01-09,673,47700,554.0,95784.90407691777,92.18421308455999,-152.3,-104.21509592308223
6895,2026-01-12,982,66800,360.0,93269.7116009042,89.9680810678897,-133.2,-106.73028839909581
6896,2026-01-13,784,95500,89.0,96624.3777177853,87.74223498959431,-104.5,-103.37562228221469
6897,2026-01-14,325,69500,138.0,75499.15774953246,143.17336618758333,-130.5,-124.50084225046754
6898,2026-01-15,345,76700,150.0,80812.78532911486,124.45647801429988,-123.3,-119.18721467088514
6899,2026-01-16,597,50500,574.0,101207.98103017504,85.0393751510815,-149.5,-98.79201896982495
6900,2026-01-19,590,100300,63.0,113845.95430003079,72.63288491759059,-99.7,-86.1540456999692
6901,2026-01-20,932,44700,520.0,82668.61482606495,114.5948847398269,-155.3,-117.33138517393505
6902,2026-01-21,949,114000,94.0,100093.9648613157,107.08602161099256,-86.0,-99.90603513868429
6903,2026-01-22,527,37200,594.0,79667.0325522984,122.4412860381236,-162.8,-120.33296744770159
6904,2026-01-23,443,127800,61.0,96891.39390225841,107.89460985199737,-72.2,-103.10860609774159
6905,2026-01-26,643,60000,383.0,91079.2790805414,103.45143099776703,-140.0,-108.9207209194586
6906,2026-01-27,073,137100,34.0,104138.92491618096,81.69064914095566,-62.900000000000006,-95.86107508381905
6907,2026-01-28,447,104400,65.0,94795.16300969088,110.71363986079163,-95.6,-105.20483699030912
6908,2026-01-29,461,80700,141.0,89068.83580826035,98.79838459581856,-119.3,-110.93116419173964
6909,2026-01-30,388,126500,70.0,97570.9607915059,98.9609157037389,-73.5,-102.42903920849409
6910,2026-02-02,037,78300,267.0,94187.37464827337,99.36087519549015,-121.7,-105.81262535172662
6911,2026-02-03,105,67400,256.0,85802.11028200289,120.79171757102611,-132.6,-114.19788971799711
6912,2026-02-04,160,55600,451.0,104653.42523555453,81.02626838079445,-144.4,-95.34657476444546
6913,2026-02-05,470,129100,39.0,110930.7977274847,75.97215195403011,-70.9,-89.06920227251528
6914,2026-02-06,388,123500,67.0,97570.9607915059,98.9609157037389,-76.5,-102.42903920849409
6915,2026-02-09,316,47900,255.0,71431.87872646864,145.43761451594418,-152.1,-128.56812127353135
6916,2026-02-10,293,108900,53.0,89419.74077900585,92.59398168788594,-91.1,-110.58025922099415
6917,2026-02-11,224,80000,82.0,83935.2252082345,131.33025824842218,-120.0,-116.0647747917655
6918,2026-02-12,827,77100,78.0,77109.94003151913,122.60969058281867,-122.89999999999999,-122.89005996848087
6919,2026-02-13,493,50300,495.0,94468.73687551622,89.19520808229483,-149.7,-105.53126312448379
6920,2026-02-16,758,91500,112.0,89453.76015307994,103.06885606863248,-108.5,-110.54623984692006
6921,2026-02-17,269,81700,91.0,87421.16681248065,103.07669770815448,-118.3,-112.57883318751935
6922,2026-02-18,979,108800,144.0,115870.09481860897,86.84800975124065,-91.2,-84.12990518139104
6923,2026-02-19,135,94300,72.0,77713.13578961154,123.36278555873874,-105.7,-122.28686421038846
6924,2026-02-20,918,91600,76.0,71714.92410632953,135.45630967883298,-108.39999999999999,-128.28507589367047
6925,2026-02-23,843,102800,62.0,84304.18249171253,110.1097047588071,-97.2,-115.69581750828746
6926,2026-02-24,490,45100,513.0,113854.27082739808,71.3442938059558,-154.9,-86.14572917260192
6927,2026-02-25,099,83600,97.0,120392.31183039861,78.08242373920667,-116.39999999999999,-79.60768816960139
6928,2026-02-26,123,67100,127.0,68545.34023161653,151.6005345819357,-132.9,-131.45465976838346
6929,2026-02-27,682,86000,124.0,92411.83215978013,90.63883255508827,-114.0,-107.58816784021987
6930,2026-03-02,132,93500,52.0,81225.99051875707,113.47138253750417,-106.5,-118.77400948124293
6931,2026-03-03,731,59100,215.0,78529.57426745037,118.9443345604777,-140.9,-121.47042573254963
6932,2026-03-04,971,111500,52.0,88805.17425402526,96.89180633742191,-88.5,-111.19482574597474
6933,2026-03-05,903,87600,97.0,91769.57576982716,108.57561658708153,-112.39999999999999,-108.23042423017283
6934,2026-03-06,314,70200,122.0,73327.73930229194,139.8986615746044,-129.8,-126.67226069770805
6935,2026-03-09,413,60900,232.0,77988.48588995957,125.43241457592036,-139.1,-122.01151411004042
6936,2026-03-10,917,73000,127.0,74259.23503910082,131.95627061963327,-127.0,-125.74076496089917
6937,2026-03-11,540,109400,104.0,108173.67128942604,84.7200434864872,-90.6,-91.82632871057396
6938,2026-03-12,614,77000,94.0,78869.85777082329,124.43599035313703,-123.0,-121.13014222917671
6939,2026-03-13,670,55500,483.0,115440.5231893827,73.73509994514129,-144.5,-84.5594768106173
6940,2026-03-16,423,81000,107.0,84257.93184590201,114.1287804273227,-119.0,-115.74206815409798
6941,2026-03-17,834,108900,47.0,82074.9550873472,115.91821317194557,-91.1,-117.9250449126528
6942,2026-03-18,128,63500,181.0,67080.2669921659,146.9048392636689,-136.5,-132.9197330078341
6943,2026-03-19,690,63700,332.0,117631.28168109058,70.38047897508036,-136.3,-82.36871831890942
6944,2026-03-20,319,50200,140.0,67233.49403087095,155.7620256780534,-149.8,-132.76650596912907
6945,2026-03-23,191,82100,135.0,90259.56453836795,100.61683403777134,-117.89999999999999,-109.74043546163205
6946,2026-03-24,619,53300,225.0,74567.97504360424,133.33568932998728,-146.7,-125.43202495639576
6947,2026-03-25,141,112700,72.0,88504.01992872126,114.1555868730628,-87.3,-111.49598007127874
6948,2026-03-26,413,34400,608.0,77954.5780183423,125.53789410730072,-165.6,-122.0454219816577
6949,2026-03-27,048,122200,56.0,94113.36029911715,96.08901938681034,-77.8,-105.88663970088285
6950,2026-03-30,860,106300,77.0,107613.57950971187,80.51367157877424,-93.7,-92.38642049028813
6951,2026-03-31,048,97000,66.0,94113.36029911715,96.08901938681034,-103.0,-105.88663970088285
6952,2026-04-01,063,65800,329.0,106078.14763891803,83.01244367391791,-134.2,-93.92185236108196
6953,2026-04-02,095,111600,100.0,109133.00083612291,76.98525408748421,-88.39999999999999,-90.86699916387708
6954,2026-04-03,479,90600,125.0,94403.8564153961,94.3551157152257,-109.39999999999999,-105.5961435846039
6955,2026-04-06,881,51800,555.0,95953.26390449432,97.20447735145116,-148.2,-104.04673609550568
6956,2026-04-07,228,83200,107.0,74668.78995686043,147.16891878615922,-116.8,-125.33121004313956
6957,2026-04-08,941,60700,275.0,81978.37972529723,112.42645824942538,-139.3,-118.02162027470277
6958,2026-04-09,944,105600,52.0,96688.93257806177,109.01944299358006,-94.39999999999999,-103.31106742193823
6959,2026-04-10,047,36400,757.0,99145.00912087585,92.21646718373184,-163.6,-100.85499087912414
6960,2026-04-13,528,74000,130.0,75927.48871366741,127.49014182556779,-126.0,-124.07251128633258
6961,2026-04-14,186,93900,38.0,84832.55381629491,99.67022898291626,-106.1,-115.1674461837051
6962,2026-04-15,099,70700,201.0,120235.6945785745,78.28789821759133,-129.3,-79.76430542142549
6963,2026-04-16,039,83800,93.0,92549.42242396357,102.65968875965744,-116.2,-107.45057757603644
6964,2026-04-17,133,76500,101.0,84601.01246427711,124.33367540682869,-123.5,-115.39898753572288
6965,2026-04-20,231,46300,446.0,77389.49385192967,124.47399252502801,-153.7,-122.61050614807033
6966,2026-04-21,202,52100,455.0,102316.98846837837,109.92087420685229,-147.9,-97.68301153162162
6967,2026-04-22,801,33200,739.0,87599.64038770815,109.79443896729154,-166.8,-112.40035961229185
6968,2026-04-23,377,116800,48.0,97270.88088927898,103.41074084549122,-83.2,-102.72911911072102
6969,2026-04-24,137,59300,125.0,74992.00188881304,126.2705250141804,-140.7,-125.00799811118695
6970,2026-04-27,425,60400,242.0,82112.9919555739,124.62898092378552,-139.6,-117.8870080444261
6971,2026-04-28,837,48000,517.0,80271.91705927884,117.7592464502665,-152.0,-119.72808294072115
6972,2026-04-29,818,81000,110.0,80675.64702279483,134.96457812862636,-119.0,-119.32435297720517
6973,2026-04-30,035,118200,58.0,98030.93561353057,96.99909819383885,-81.8,-101.96906438646943
6974,2026-05-01,706,127800,51.0,94017.21771966139,105.22733862414007,-72.2,-105.98278228033861
6975,2026-05-04,791,46400,693.0,91730.70375055773,90.5773133360888,-153.6,-108.26929624944226
6976,2026-05-05,579,113300,49.0,95885.04750932739,94.21012483046827,-86.7,-104.11495249067261
6977,2026-05-06,369,31000,670.0,88630.02641421041,103.73647078000992,-169.0,-111.36997358578958
6978,2026-05-07,256,82700,67.0,88684.2012004981,104.52198893333784,-117.3,-111.3157987995019
6979,2026-05-08,647,108000,56.0,92088.7772202015,102.42958967081823,-92.0,-107.91122277979849
6980,2026-05-11,971,108600,51.0,88373.88249642904,98.02323856047015,-91.39999999999999,-111.62611750357095
6981,2026-05-12,760,122800,55.0,112548.69727508286,77.95878957412323,-77.2,-87.45130272491714
6982,2026-05-13,848,121500,56.0,98010.83009944476,106.85718994694446,-78.5,-101.98916990055524
6983,2026-05-14,674,78300,142.0,100015.69576216665,88.41882844647137,-121.7,-99.98430423783334
6984,2026-05-15,685,58600,374.0,98243.79512083268,88.4275023940192,-141.4,-101.75620487916731
6985,2026-05-18,621,74400,158.0,80413.50861662895,117.72018415438217,-125.6,-119.58649138337104
6986,2026-05-19,284,100800,41.0,87405.02565704934,95.29317542298432,-99.2,-112.59497434295066
6987,2026-05-20,762,36300,807.0,92889.56418325768,95.50734436034574,-163.7,-107.11043581674232
6988,2026-05-21,127,29100,773.0,70319.8015358656,141.25533839664425,-170.9,-129.6801984641344
6989,2026-05-22,253,95800,67.0,86450.02398639572,105.97094808869478,-104.2,-113.54997601360428
6990,2026-05-25,097,113500,99.0,110199.30533429266,75.87235787020064,-86.5,-89.80069466570734
6991,2026-05-26,667,74400,234.0,108674.02342627951,93.25417000491538,-125.6,-91.32597657372048
6992,2026-05-27,255,90500,74.0,92983.67680333978,111.46795294138798,-109.5,-107.01632319666021
6993,2026-05-28,274,62800,245.0,89506.73801354901,96.41238115505915,-137.2,-110.49326198645099
6994,2026-05-29,692,37300,736.0,96727.32511809625,87.00056957016815,-162.7,-103.27267488190374
6995,2026-06-01,286,80400,85.0,89390.82434286714,94.63017461560202,-119.6,-110.60917565713285
6996,2026-06-02,625,52800,269.0,82369.44497434533,124.7138542006826,-147.2,-117.63055502565467
6997,2026-06-03,948,90300,83.0,87326.09383586374,106.5030744583898,-109.7,-112.67390616413626
6998,2026-06-04,030,134100,34.0,103172.29697261253,101.66005386880941,-65.9,-96.82770302738747
6999,2026-06-05,360,95000,59.0,108215.2893972815,81.2139927897234,-105.0,-91.78471060271849
7000,2026-06-08,649,93300,91.0,90390.35945574113,105.8071903843583,-106.7,-109.60964054425887
7001,2026-06-09,633,116200,54.0,90890.87374020494,118.66140329485721,-83.8,-109.10912625979505
7002,2026-06-10,159,37400,716.0,77857.09587046565,118.80802946321099,-162.6,-122.14290412953434
7003,2026-06-11,707,106100,98.0,101262.14053529207,111.3266684490613,-93.89999999999999,-98.73785946470792
7004,2026-06-12,008,108500,92.0,83221.08588487729,132.73359265945172,-91.5,-116.7789141151227
7005,2026-06-15,016,51400,586.0,87375.87767112491,115.9818289460278,-148.6,-112.62412232887509
7006,2026-06-16,577,135800,43.0,104364.29828116234,97.06675642400108,-64.19999999999999,-95.63570171883767
7007,2026-06-17,096,48900,579.0,112215.11644870687,74.71015427765722,-151.1,-87.78488355129312
7008,2026-06-18,936,76400,43.0,85483.24581108363,114.0946644042143,-123.6,-114.51675418891637
7009,2026-06-19,651,83100,118.0,86844.12780409752,106.17281864556277,-116.89999999999999,-113.15587219590249
7010,2026-06-22,166,77200,100.0,93238.24111450335,107.27427413384812,-122.8,-106.76175888549665
7011,2026-06-23,495,103200,45.0,97873.02628059084,87.88101909067447,-96.8,-102.12697371940915
7012,2026-06-24,527,72300,114.0,79474.01006078716,122.70099971852285,-127.7,-120.52598993921283
7013,2026-06-25,873,98600,67.0,90161.72620776125,97.00580246578212,-101.39999999999999,-109.83827379223874
7014,2026-06-26,481,70300,138.0,84494.19560205826,98.26508661446633,-129.7,-115.50580439794174
7015,2026-06-29,554,54700,532.0,100552.04560639829,104.42826604403723,-145.3,-99.44795439360172
7016,2026-06-30,629,65600,121.0,80429.34980693286,121.4049269884242,-134.4,-119.57065019306714
7017,2026-07-01,026,88800,75.0,91688.47516022119,108.09348800882107,-111.2,-108.31152483977881
7018,2026-07-02,768,118500,36.0,96765.18753015075,92.55835293201024,-81.5,-103.23481246984925
7019,2026-07-03,304,100600,91.0,89997.96193395488,115.39236579829499,-99.39999999999999,-110.00203806604512
7020,2026-07-06,069,96900,79.0,103873.44625048246,86.14860851416637,-103.1,-96.12655374951754
7021,2026-07-07,134,93100,96.0,80559.51844149537,117.00375050744819,-106.89999999999999,-119.44048155850463
7022,2026-07-08,830,96100,74.0,94976.54594620797,96.87381729947133,-103.89999999999999,-105.02345405379202
7023,2026-07-09,826,86000,78.0,79286.46722654936,120.04542081521073,-114.0,-120.71353277345064
7024,2026-07-10,097,83400,183.0,110199.30533429266,75.87235787020064,-116.6,-89.80069466570734
7025,2026-07-13,549,80300,276.0,87790.4480635468,110.26195454261557,-119.7,-112.2095519364532
7026,2026-07-14,939,127700,51.0,92578.81029324779,118.37642947783448,-72.3,-107.4211897067522
7027,2026-07-15,583,55600,283.0,89422.27210437434,96.63460677444805,-144.4,-110.57772789562566
7028,2026-07-16,456,92000,51.0,87218.97089713227,112.81359303082925,-108.0,-112.78102910286773
7029,2026-07-17,388,108200,78.0,97801.07289637144,98.16714835334515,-91.8,-102.19892710362856
7030,2026-07-20,053,87600,128.0,103096.6011460294,88.18643218624682,-112.39999999999999,-96.9033988539706
7031,2026-07-21,413,85000,83.0,77848.84949875386,125.6709458035259,-115.0,-122.15115050124614
7032,2026-07-22,492,101000,52.0,93165.80111354821,89.0944721595197,-99.0,-106.83419888645179
7033,2026-07-23,147,79100,64.0,78440.04867744149,117.3951773089883,-120.89999999999999,-121.5599513225585
7034,2026-07-24,777,80400,373.0,78395.1318184083,480.15465973742096,-119.6,-121.6048681815917
7035,2026-07-27,432,48000,517.0,79242.72314502612,124.36759132471593,-152.0,-120.75727685497388
7036,2026-07-28,420,90300,77.0,102633.78929374655,90.53917479787114,-109.7,-97.36621070625344
7037,2026-07-29,038,96200,66.0,89672.67942606627,103.36631078118278,-103.8,-110.32732057393373
7038,2026-07-30,424,50100,388.0,94169.9460254105,114.85361325854956,-149.9,-105.83005397458949
7039,2026-07-31,838,86200,85.0,90794.52006326901,117.71747407023531,-113.8,-109.20547993673098
7040,2026-08-03,313,68400,161.0,79642.80338270117,145.59971009209985,-131.6,-120.35719661729883
7041,2026-08-04,722,34400,700.0,85658.02954974065,122.62558086286622,-165.6,-114.34197045025935
7042,2026-08-05,750,120400,65.0,104144.0478186521,91.63547556375264,-79.6,-95.85595218134789
7043,2026-08-06,163,83000,78.0,83757.00890435248,106.17605186854617,-117.0,-116.24299109564753
7044,2026-08-07,487,101700,55.0,94223.31454028934,90.79548370135565,-98.3,-105.77668545971065
7045,2026-08-10,180,69000,70.0,99435.88735159398,80.27331391953484,-131.0,-100.56411264840602
7046,2026-08-11,507,112200,84.0,90694.89334861109,110.21840243157115,-87.8,-109.30510665138891
7047,2026-08-12,380,89500,96.0,103260.85513255351,79.69032819960194,-110.5,-96.73914486744648
7048,2026-08-13,770,98600,77.0,120104.1083727218,80.94927654341184,-101.39999999999999,-79.89589162727819
7049,2026-08-14,638,70200,139.0,81267.1943314795,117.25806664119091,-129.8,-118.7328056685205
