draw_no,date,number,d100,d10,d1,straight_winners,straight_prize_yen
1,1994-10-07,191,1,9,1,,119800
2,1994-10-14,988,9,8,8,,333500
3,1994-10-21,194,1,9,4,,71700
4,1994-10-28,105,1,0,5,,57200
5,1994-11-04,592,5,9,2,,113400
6,1994-11-11,792,7,9,2,,102600
7,1994-11-18,708,7,0,8,,149100
8,1994-11-25,234,2,3,4,,58200
9,1994-12-02,243,2,4,3,,83600
10,1994-12-09,340,3,4,0,,154600
11,1994-12-16,326,3,2,6,,47500
12,1994-12-23,247,2,4,7,,45800
13,1994-12-30,229,2,2,9,,112700
14,1995-01-06,743,7,4,3,,91400
15,1995-01-10,019,0,1,9,,62000
16,1995-01-13,179,1,7,9,,78900
17,1995-01-17,475,4,7,5,,110900
18,1995-01-20,291,2,9,1,,63400
19,1995-01-24,852,8,5,2,,49300
20,1995-01-27,502,5,0,2,,78800
21,1995-01-31,558,5,5,8,,250100
22,1995-02-03,951,9,5,1,,88000
23,1995-02-07,912,9,1,2,,61900
24,1995-02-10,039,0,3,9,,97600
25,1995-02-14,458,4,5,8,,110700
26,1995-02-17,984,9,8,4,,190100
27,1995-02-21,917,9,1,7,,69500
28,1995-02-24,789,7,8,9,,90300
29,1995-02-28,589,5,8,9,,91500
30,1995-03-03,725,7,2,5,,48300
31,1995-03-07,073,0,7,3,,94600
32,1995-03-10,547,5,4,7,,96000
33,1995-03-14,063,0,6,3,,98700
34,1995-03-17,634,6,3,4,,84500
35,1995-03-21,333,3,3,3,,65500
36,1995-03-24,405,4,0,5,,97600
37,1995-03-28,168,1,6,8,,86400
38,1995-03-31,389,3,8,9,,103700
39,1995-04-04,587,5,8,7,,116100
40,1995-04-07,304,3,0,4,,102400
41,1995-04-11,048,0,4,8,,82800
42,1995-04-14,228,2,2,8,,69700
43,1995-04-18,922,9,2,2,,111600
44,1995-04-21,697,6,9,7,,199500
45,1995-04-25,970,9,7,0,,186600
46,1995-04-28,298,2,9,8,,73700
47,1995-05-02,989,9,8,9,,110400
48,1995-05-05,202,2,0,2,,137400
49,1995-05-09,476,4,7,6,,118400
50,1995-05-12,042,0,4,2,,95800
51,1995-05-16,802,8,0,2,,86500
52,1995-05-19,717,7,1,7,,106600
53,1995-05-23,889,8,8,9,,120000
54,1995-05-26,226,2,2,6,,61000
55,1995-05-30,728,7,2,8,,66500
56,1995-06-02,929,9,2,9,,70900
57,1995-06-06,836,8,3,6,,105600
58,1995-06-09,383,3,8,3,,131200
59,1995-06-13,410,4,1,0,,81000
60,1995-06-16,980,9,8,0,,109600
61,1995-06-20,542,5,4,2,,99700
62,1995-06-23,725,7,2,5,,57300
63,1995-06-27,251,2,5,1,,68800
64,1995-06-30,260,2,6,0,,122700
65,1995-07-04,588,5,8,8,,149400
66,1995-07-07,512,5,1,2,,61600
67,1995-07-11,512,5,1,2,,48900
68,1995-07-14,750,7,5,0,,144400
69,1995-07-18,902,9,0,2,,69900
70,1995-07-21,963,9,6,3,,97100
71,1995-07-25,661,6,6,1,,145000
72,1995-07-28,879,8,7,9,,120200
73,1995-08-01,452,4,5,2,,89500
74,1995-08-04,174,1,7,4,,78900
75,1995-08-08,283,2,8,3,,86400
76,1995-08-11,238,2,3,8,,55600
77,1995-08-15,972,9,7,2,,78000
78,1995-08-18,241,2,4,1,,77300
79,1995-08-22,310,3,1,0,,67300
80,1995-08-25,882,8,8,2,,85700
81,1995-08-29,269,2,6,9,,83100
82,1995-09-01,144,1,4,4,,161600
83,1995-09-05,174,1,7,4,,65900
84,1995-09-08,882,8,8,2,,81600
85,1995-09-12,307,3,0,7,,92600
86,1995-09-15,864,8,6,4,,123300
87,1995-09-19,370,3,7,0,,108300
88,1995-09-22,739,7,3,9,,139300
89,1995-09-26,697,6,9,7,,147900
90,1995-09-29,689,6,8,9,,69400
91,1995-10-03,168,1,6,8,,87300
92,1995-10-06,957,9,5,7,,121800
93,1995-10-10,910,9,1,0,,63800
94,1995-10-13,933,9,3,3,,196400
95,1995-10-17,306,3,0,6,,85100
96,1995-10-20,944,9,4,4,,201900
97,1995-10-24,988,9,8,8,,52300
98,1995-10-27,562,5,6,2,,96800
99,1995-10-31,571,5,7,1,,99600
100,1995-11-03,899,8,9,9,,92200
101,1995-11-07,945,9,4,5,,123100
102,1995-11-10,560,5,6,0,,179300
103,1995-11-14,824,8,2,4,,69300
104,1995-11-17,610,6,1,0,,98900
105,1995-11-21,619,6,1,9,,86800
106,1995-11-24,086,0,8,6,,139100
107,1995-11-28,082,0,8,2,,77200
108,1995-12-01,254,2,5,4,,90200
109,1995-12-05,191,1,9,1,,153400
110,1995-12-08,385,3,8,5,,70100
111,1995-12-12,056,0,5,6,,141100
112,1995-12-15,167,1,6,7,,100100
113,1995-12-19,744,7,4,4,,191100
114,1995-12-22,205,2,0,5,,91100
115,1995-12-26,770,7,7,0,,215000
116,1995-12-29,366,3,6,6,,129600
117,1996-01-05,952,9,5,2,,76200
118,1996-01-09,635,6,3,5,,87100
119,1996-01-12,952,9,5,2,,70400
120,1996-01-16,650,6,5,0,,119200
121,1996-01-19,439,4,3,9,,123700
122,1996-01-23,458,4,5,8,,97100
123,1996-01-26,513,5,1,3,,64300
124,1996-01-30,863,8,6,3,,76500
125,1996-02-02,409,4,0,9,,110900
126,1996-02-06,318,3,1,8,,56800
127,1996-02-09,217,2,1,7,,57300
128,1996-02-13,855,8,5,5,,140900
129,1996-02-16,620,6,2,0,,87300
130,1996-02-20,559,5,5,9,,151800
131,1996-02-23,820,8,2,0,,86600
132,1996-02-27,016,0,1,6,,137700
133,1996-03-01,926,9,2,6,,65800
134,1996-03-05,603,6,0,3,,79000
135,1996-03-08,454,4,5,4,,157400
136,1996-03-12,295,2,9,5,,77900
137,1996-03-15,819,8,1,9,,79000
138,1996-03-19,995,9,9,5,,179800
139,1996-03-22,356,3,5,6,,72500
140,1996-03-26,054,0,5,4,,133900
141,1996-03-29,783,7,8,3,,111100
142,1996-04-02,077,0,7,7,,158300
143,1996-04-05,694,6,9,4,,117200
144,1996-04-09,594,5,9,4,,100900
145,1996-04-12,125,1,2,5,,53800
146,1996-04-16,766,7,6,6,,166900
147,1996-04-19,464,4,6,4,,135800
148,1996-04-23,489,4,8,9,,85400
149,1996-04-26,003,0,0,3,,201000
150,1996-04-30,538,5,3,8,,68000
151,1996-05-03,332,3,3,2,,97700
152,1996-05-07,224,2,2,4,,65900
153,1996-05-10,750,7,5,0,,128500
154,1996-05-14,791,7,9,1,,126100
155,1996-05-17,126,1,2,6,,66400
156,1996-05-21,991,9,9,1,,110900
157,1996-05-24,570,5,7,0,,128700
158,1996-05-28,604,6,0,4,,110300
159,1996-05-31,259,2,5,9,,48400
160,1996-06-04,839,8,3,9,,110400
161,1996-06-07,284,2,8,4,,75900
162,1996-06-11,516,5,1,6,,76800
163,1996-06-14,648,6,4,8,,86400
164,1996-06-18,198,1,9,8,,124900
165,1996-06-21,563,5,6,3,,84500
166,1996-06-25,331,3,3,1,,78800
167,1996-06-28,233,2,3,3,,113400
168,1996-07-02,107,1,0,7,,72200
169,1996-07-05,351,3,5,1,,69500
170,1996-07-09,574,5,7,4,,106600
171,1996-07-12,679,6,7,9,,127400
172,1996-07-16,355,3,5,5,,113300
173,1996-07-19,581,5,8,1,,100300
174,1996-07-23,967,9,6,7,,152200
175,1996-07-26,683,6,8,3,,92900
176,1996-07-30,203,2,0,3,,98600
177,1996-08-02,845,8,4,5,,91200
178,1996-08-06,464,4,6,4,,120200
179,1996-08-09,168,1,6,8,,81300
180,1996-08-13,632,6,3,2,,88100
181,1996-08-16,890,8,9,0,,107600
182,1996-08-20,439,4,3,9,,112900
183,1996-08-23,589,5,8,9,,80700
184,1996-08-27,492,4,9,2,,104200
185,1996-08-30,882,8,8,2,,72500
186,1996-09-03,439,4,3,9,,95900
187,1996-09-06,975,9,7,5,,120300
188,1996-09-10,254,2,5,4,,60800
189,1996-09-13,199,1,9,9,,140100
190,1996-09-17,170,1,7,0,,136400
191,1996-09-20,424,4,2,4,,106000
192,1996-09-24,021,0,2,1,,115000
193,1996-09-27,656,6,5,6,,142800
194,1996-10-01,812,8,1,2,,75100
195,1996-10-04,819,8,1,9,,82800
196,1996-10-08,907,9,0,7,,93300
197,1996-10-11,728,7,2,8,,69300
198,1996-10-15,374,3,7,4,,81600
199,1996-10-18,269,2,6,9,,72800
200,1996-10-22,411,4,1,1,,98000
201,1996-10-25,176,1,7,6,,100200
202,1996-10-29,676,6,7,6,,176900
203,1996-11-01,093,0,9,3,,118100
204,1996-11-05,211,2,1,1,,71900
205,1996-11-08,531,5,3,1,,59300
206,1996-11-12,938,9,3,8,,109500
207,1996-11-15,413,4,1,3,,82200
208,1996-11-19,781,7,8,1,,88800
209,1996-11-22,920,9,2,0,,76600
210,1996-11-26,192,1,9,2,,77700
211,1996-11-29,022,0,2,2,,137600
212,1996-12-03,151,1,5,1,,112200
213,1996-12-06,502,5,0,2,,80800
214,1996-12-10,870,8,7,0,,145300
215,1996-12-13,215,2,1,5,,45600
216,1996-12-17,337,3,3,7,,102600
217,1996-12-20,712,7,1,2,,48600
218,1996-12-24,594,5,9,4,,106200
219,1996-12-27,260,2,6,0,,118800
220,1997-01-07,112,1,1,2,,54500
221,1997-01-10,514,5,1,4,,67600
222,1997-01-14,227,2,2,7,,71100
223,1997-01-17,333,3,3,3,,67800
224,1997-01-21,466,4,6,6,,128900
225,1997-01-24,751,7,5,1,,90000
226,1997-01-28,952,9,5,2,,57400
227,1997-01-31,188,1,8,8,,115000
228,1997-02-04,014,0,1,4,,111000
229,1997-02-07,409,4,0,9,,100000
230,1997-02-11,383,3,8,3,,121100
231,1997-02-14,523,5,2,3,,62400
232,1997-02-18,945,9,4,5,,98600
233,1997-02-21,065,0,6,5,,109100
234,1997-02-25,317,3,1,7,,59800
235,1997-02-28,582,5,8,2,,63500
236,1997-03-04,830,8,3,0,,90200
237,1997-03-07,648,6,4,8,,100500
238,1997-03-11,414,4,1,4,,65900
239,1997-03-14,741,7,4,1,,55400
240,1997-03-18,229,2,2,9,,59200
241,1997-03-21,400,4,0,0,,150200
242,1997-03-25,066,0,6,6,,123100
243,1997-03-28,608,6,0,8,,119800
244,1997-04-01,140,1,4,0,,85300
245,1997-04-04,827,8,2,7,,96000
246,1997-04-08,593,5,9,3,,65000
247,1997-04-11,537,5,3,7,,74900
248,1997-04-15,193,1,9,3,,82300
249,1997-04-18,624,6,2,4,,67500
250,1997-04-22,180,1,8,0,,110900
251,1997-04-25,227,2,2,7,,76300
252,1997-04-29,004,0,0,4,,184900
253,1997-05-02,616,6,1,6,,88500
254,1997-05-06,238,2,3,8,,78100
255,1997-05-09,770,7,7,0,,92100
256,1997-05-13,088,0,8,8,,107300
257,1997-05-16,935,9,3,5,,85800
258,1997-05-20,447,4,4,7,,85500
259,1997-05-23,216,2,1,6,,59500
260,1997-05-27,061,0,6,1,,126600
261,1997-05-30,596,5,9,6,,98000
262,1997-06-03,042,0,4,2,,117900
263,1997-06-06,839,8,3,9,,80900
264,1997-06-10,362,3,6,2,,79300
265,1997-06-13,928,9,2,8,,68500
266,1997-06-17,972,9,7,2,,121500
267,1997-06-20,093,0,9,3,,119900
268,1997-06-24,024,0,2,4,,91700
269,1997-06-27,782,7,8,2,,109700
270,1997-07-01,793,7,9,3,,108100
271,1997-07-04,823,8,2,3,,66600
272,1997-07-08,783,7,8,3,,94900
273,1997-07-11,526,5,2,6,,72400
274,1997-07-15,854,8,5,4,,108300
275,1997-07-18,806,8,0,6,,137900
276,1997-07-22,385,3,8,5,,69600
277,1997-07-25,632,6,3,2,,84300
278,1997-07-29,877,8,7,7,,149700
279,1997-08-01,891,8,9,1,,81500
280,1997-08-05,326,3,2,6,,54900
281,1997-08-08,907,9,0,7,,123500
282,1997-08-12,743,7,4,3,,95100
283,1997-08-15,940,9,4,0,,144600
284,1997-08-19,588,5,8,8,,115100
285,1997-08-22,760,7,6,0,,137100
286,1997-08-26,272,2,7,2,,100300
287,1997-08-29,925,9,2,5,,54300
288,1997-09-02,144,1,4,4,,87900
289,1997-09-05,838,8,3,8,,122300
290,1997-09-09,167,1,6,7,,120300
291,1997-09-12,085,0,8,5,,130600
292,1997-09-16,737,7,3,7,,149000
293,1997-09-19,663,6,6,3,,96200
294,1997-09-23,107,1,0,7,,87400
295,1997-09-26,075,0,7,5,,114000
296,1997-09-30,880,8,8,0,,112100
297,1997-10-03,144,1,4,4,,108200
298,1997-10-06,104,1,0,4,,42800
299,1997-10-08,155,1,5,5,,101600
300,1997-10-10,126,1,2,6,,64900
301,1997-10-13,330,3,3,0,,67000
302,1997-10-15,001,0,0,1,,103100
303,1997-10-17,497,4,9,7,,125100
304,1997-10-20,399,3,9,9,,118700
305,1997-10-22,367,3,6,7,,108100
306,1997-10-24,748,7,4,8,,110300
307,1997-10-27,690,6,9,0,,122400
308,1997-10-29,519,5,1,9,,79200
309,1997-10-31,777,7,7,7,,57100
310,1997-11-03,575,5,7,5,,118900
311,1997-11-05,104,1,0,4,,79700
312,1997-11-07,068,0,6,8,,128800
313,1997-11-10,069,0,6,9,,120000
314,1997-11-12,242,2,4,2,,88100
315,1997-11-14,137,1,3,7,,74700
316,1997-11-17,218,2,1,8,,67100
317,1997-11-19,190,1,9,0,,86000
318,1997-11-21,537,5,3,7,,81000
319,1997-11-24,395,3,9,5,,108300
320,1997-11-26,598,5,9,8,,140900
321,1997-11-28,429,4,2,9,,66400
322,1997-12-01,064,0,6,4,,117300
323,1997-12-03,375,3,7,5,,65500
324,1997-12-05,805,8,0,5,,106200
325,1997-12-08,531,5,3,1,,64400
326,1997-12-10,930,9,3,0,,85000
327,1997-12-12,980,9,8,0,,119400
328,1997-12-15,736,7,3,6,,112400
329,1997-12-17,543,5,4,3,,142500
330,1997-12-19,179,1,7,9,,94800
331,1997-12-22,196,1,9,6,,110300
332,1997-12-24,167,1,6,7,,89500
333,1997-12-26,238,2,3,8,,68000
334,1997-12-29,480,4,8,0,,118600
335,1998-01-05,950,9,5,0,,86700
336,1998-01-07,551,5,5,1,,98400
337,1998-01-09,632,6,3,2,,81400
338,1998-01-12,704,7,0,4,,90700
339,1998-01-14,152,1,5,2,,78900
340,1998-01-16,992,9,9,2,,139100
341,1998-01-19,259,2,5,9,,52300
342,1998-01-21,686,6,8,6,,162600
343,1998-01-23,997,9,9,7,,152200
344,1998-01-26,035,0,3,5,,82700
345,1998-01-28,513,5,1,3,,61600
346,1998-01-30,000,0,0,0,,101100
347,1998-02-02,718,7,1,8,,99300
348,1998-02-04,394,3,9,4,,110700
349,1998-02-06,431,4,3,1,,111100
350,1998-02-09,638,6,3,8,,84000
351,1998-02-11,417,4,1,7,,57000
352,1998-02-13,038,0,3,8,,95400
353,1998-02-16,996,9,9,6,,135700
354,1998-02-18,750,7,5,0,,102600
355,1998-02-20,487,4,8,7,,141900
356,1998-02-23,852,8,5,2,,68100
357,1998-02-25,756,7,5,6,,138800
358,1998-02-27,469,4,6,9,,86500
359,1998-03-02,277,2,7,7,,117600
360,1998-03-04,965,9,6,5,,116800
361,1998-03-06,965,9,6,5,,128600
362,1998-03-09,640,6,4,0,,133400
363,1998-03-11,458,4,5,8,,81700
364,1998-03-13,908,9,0,8,,110200
365,1998-03-16,887,8,8,7,,154200
366,1998-03-18,841,8,4,1,,99900
367,1998-03-20,778,7,7,8,,97700
368,1998-03-23,805,8,0,5,,118100
369,1998-03-25,135,1,3,5,,52500
370,1998-03-27,091,0,9,1,,112000
371,1998-03-30,798,7,9,8,,112900
372,1998-04-01,202,2,0,2,,116700
373,1998-04-03,417,4,1,7,,59600
374,1998-04-06,409,4,0,9,,91300
375,1998-04-08,994,9,9,4,,96500
376,1998-04-10,274,2,7,4,,97000
377,1998-04-13,155,1,5,5,,104300
378,1998-04-15,075,0,7,5,,95500
379,1998-04-17,649,6,4,9,,102500
380,1998-04-20,820,8,2,0,,83600
381,1998-04-22,885,8,8,5,,112200
382,1998-04-24,606,6,0,6,,116200
383,1998-04-27,081,0,8,1,,133400
384,1998-04-29,690,6,9,0,,114700
385,1998-05-01,332,3,3,2,,97300
386,1998-05-04,578,5,7,8,,111900
387,1998-05-06,396,3,9,6,,90800
388,1998-05-08,227,2,2,7,,64000
389,1998-05-11,275,2,7,5,,73100
390,1998-05-13,956,9,5,6,,100000
391,1998-05-15,066,0,6,6,,130400
392,1998-05-18,426,4,2,6,,68300
393,1998-05-20,029,0,2,9,,94700
394,1998-05-22,729,7,2,9,,70400
395,1998-05-25,440,4,4,0,,99300
396,1998-05-27,963,9,6,3,,79800
397,1998-05-29,345,3,4,5,,104000
398,1998-06-01,274,2,7,4,,81600
399,1998-06-03,816,8,1,6,,73600
400,1998-06-05,596,5,9,6,,83200
401,1998-06-08,354,3,5,4,,129900
402,1998-06-10,058,0,5,8,,101200
403,1998-06-12,431,4,3,1,,115700
404,1998-06-15,109,1,0,9,,73300
405,1998-06-17,891,8,9,1,,94800
406,1998-06-19,222,2,2,2,,62500
407,1998-06-22,042,0,4,2,,104100
408,1998-06-24,237,2,3,7,,75800
409,1998-06-26,400,4,0,0,,164000
410,1998-06-29,866,8,6,6,,159900
411,1998-07-01,636,6,3,6,,140600
412,1998-07-03,514,5,1,4,,68400
413,1998-07-06,910,9,1,0,,86400
414,1998-07-08,737,7,3,7,,107100
415,1998-07-10,834,8,3,4,,110200
416,1998-07-13,001,0,0,1,,126800
417,1998-07-15,371,3,7,1,,79700
418,1998-07-17,429,4,2,9,,76300
419,1998-07-20,723,7,2,3,,61300
420,1998-07-22,427,4,2,7,,64600
421,1998-07-24,402,4,0,2,,102400
422,1998-07-27,495,4,9,5,,127800
423,1998-07-29,367,3,6,7,,88800
424,1998-07-31,043,0,4,3,,86100
425,1998-08-03,535,5,3,5,,121900
426,1998-08-05,618,6,1,8,,70000
427,1998-08-07,159,1,5,9,,98300
428,1998-08-10,512,5,1,2,,62400
429,1998-08-12,641,6,4,1,,99700
430,1998-08-14,652,6,5,2,,94000
431,1998-08-17,219,2,1,9,,81100
432,1998-08-19,163,1,6,3,,70300
433,1998-08-21,255,2,5,5,,101300
434,1998-08-24,698,6,9,8,,139700
435,1998-08-26,161,1,6,1,,123800
436,1998-08-28,244,2,4,4,,113400
437,1998-08-31,727,7,2,7,,75500
438,1998-09-02,235,2,3,5,,59200
439,1998-09-04,605,6,0,5,,97900
440,1998-09-07,520,5,2,0,,96200
441,1998-09-09,196,1,9,6,,94100
442,1998-09-11,174,1,7,4,,79300
443,1998-09-14,198,1,9,8,,90000
444,1998-09-16,107,1,0,7,,88400
445,1998-09-18,087,0,8,7,,113200
446,1998-09-21,531,5,3,1,,56800
447,1998-09-23,453,4,5,3,,101600
448,1998-09-25,785,7,8,5,,131600
449,1998-09-28,048,0,4,8,,117900
450,1998-09-30,033,0,3,3,,120700
451,1998-10-02,423,4,2,3,,82200
452,1998-10-05,666,6,6,6,,68100
453,1998-10-07,102,1,0,2,,68900
454,1998-10-09,713,7,1,3,,72500
455,1998-10-12,612,6,1,2,,67200
456,1998-10-14,887,8,8,7,,128400
457,1998-10-16,189,1,8,9,,76800
458,1998-10-19,383,3,8,3,,132600
459,1998-10-21,620,6,2,0,,99400
460,1998-10-23,150,1,5,0,,107200
461,1998-10-26,190,1,9,0,,78900
462,1998-10-28,292,2,9,2,,111100
463,1998-10-30,994,9,9,4,,117700
464,1998-11-02,086,0,8,6,,147400
465,1998-11-04,095,0,9,5,,93900
466,1998-11-06,256,2,5,6,,78700
467,1998-11-09,882,8,8,2,,94100
468,1998-11-11,687,6,8,7,,122200
469,1998-11-13,949,9,4,9,,206500
470,1998-11-16,577,5,7,7,,130500
471,1998-11-18,301,3,0,1,,72800
472,1998-11-20,616,6,1,6,,90200
473,1998-11-23,407,4,0,7,,95400
474,1998-11-25,041,0,4,1,,103100
475,1998-11-27,583,5,8,3,,85300
476,1998-11-30,111,1,1,1,,39800
477,1998-12-02,498,4,9,8,,131400
478,1998-12-04,277,2,7,7,,108700
479,1998-12-07,962,9,6,2,,92300
480,1998-12-09,335,3,3,5,,75700
481,1998-12-11,550,5,5,0,,84900
482,1998-12-14,818,8,1,8,,89400
483,1998-12-16,075,0,7,5,,102800
484,1998-12-18,899,8,9,9,,99800
485,1998-12-21,485,4,8,5,,94700
486,1998-12-23,932,9,3,2,,93600
487,1998-12-25,856,8,5,6,,100300
488,1998-12-28,115,1,1,5,,64300
489,1998-12-30,618,6,1,8,,75500
490,1999-01-04,634,6,3,4,,99400
491,1999-01-06,995,9,9,5,,117700
492,1999-01-08,931,9,3,1,,103900
493,1999-01-11,385,3,8,5,,48900
494,1999-01-13,153,1,5,3,,63300
495,1999-01-15,827,8,2,7,,71900
496,1999-01-18,028,0,2,8,,101400
497,1999-01-20,595,5,9,5,,100600
498,1999-01-22,211,2,1,1,,81300
499,1999-01-25,012,0,1,2,,74400
500,1999-01-27,679,6,7,9,,125700
501,1999-01-29,640,6,4,0,,103400
502,1999-02-01,929,9,2,9,,99000
503,1999-02-03,782,7,8,2,,116200
504,1999-02-05,947,9,4,7,,106800
505,1999-02-08,480,4,8,0,,138300
506,1999-02-10,993,9,9,3,,108100
507,1999-02-12,172,1,7,2,,99300
508,1999-02-15,295,2,9,5,,64000
509,1999-02-17,831,8,3,1,,69500
510,1999-02-19,253,2,5,3,,73500
511,1999-02-22,914,9,1,4,,78900
512,1999-02-24,947,9,4,7,,132300
513,1999-02-26,900,9,0,0,,140500
514,1999-03-01,122,1,2,2,,83600
515,1999-03-03,286,2,8,6,,87600
516,1999-03-05,583,5,8,3,,77800
517,1999-03-08,287,2,8,7,,105700
518,1999-03-10,402,4,0,2,,104100
519,1999-03-12,658,6,5,8,,113900
520,1999-03-15,493,4,9,3,,108700
521,1999-03-17,535,5,3,5,,120400
522,1999-03-19,073,0,7,3,,118700
523,1999-03-22,532,5,3,2,,83000
524,1999-03-24,036,0,3,6,,98800
525,1999-03-26,919,9,1,9,,81600
526,1999-03-29,357,3,5,7,,51100
527,1999-03-31,593,5,9,3,,61600
528,1999-04-02,743,7,4,3,,106800
529,1999-04-05,413,4,1,3,,77700
530,1999-04-07,719,7,1,9,,85200
531,1999-04-09,835,8,3,5,,62200
532,1999-04-12,277,2,7,7,,120300
533,1999-04-14,200,2,0,0,,160500
534,1999-04-16,432,4,3,2,,108100
535,1999-04-19,205,2,0,5,,100400
536,1999-04-21,951,9,5,1,,91600
537,1999-04-23,998,9,9,8,,52300
538,1999-04-26,628,6,2,8,,72200
539,1999-04-28,435,4,3,5,,79900
540,1999-04-30,154,1,5,4,,111000
541,1999-05-03,033,0,3,3,,123100
542,1999-05-05,614,6,1,4,,83300
543,1999-05-07,362,3,6,2,,75300
544,1999-05-10,269,2,6,9,,82500
545,1999-05-12,838,8,3,8,,107800
546,1999-05-14,098,0,9,8,,112700
547,1999-05-17,806,8,0,6,,120300
548,1999-05-19,411,4,1,1,,95000
549,1999-05-21,450,4,5,0,,140300
550,1999-05-24,666,6,6,6,,90800
551,1999-05-26,300,3,0,0,,135000
552,1999-05-28,993,9,9,3,,88100
553,1999-05-31,019,0,1,9,,82700
554,1999-06-02,355,3,5,5,,94800
555,1999-06-04,602,6,0,2,,97300
556,1999-06-07,331,3,3,1,,77500
557,1999-06-09,443,4,4,3,,111500
558,1999-06-11,666,6,6,6,,73400
559,1999-06-14,297,2,9,7,,104100
560,1999-06-16,057,0,5,7,,108200
561,1999-06-18,190,1,9,0,,92000
562,1999-06-21,382,3,8,2,,85200
563,1999-06-23,080,0,8,0,,164200
564,1999-06-25,732,7,3,2,,58500
565,1999-06-28,982,9,8,2,,97500
566,1999-06-30,906,9,0,6,,109100
567,1999-07-02,433,4,3,3,,66700
568,1999-07-05,953,9,5,3,,94100
569,1999-07-07,049,0,4,9,,124800
570,1999-07-09,587,5,8,7,,101300
571,1999-07-12,798,7,9,8,,123800
572,1999-07-14,731,7,3,1,,75600
573,1999-07-16,597,5,9,7,,123700
574,1999-07-19,910,9,1,0,,71200
575,1999-07-21,939,9,3,9,,90800
576,1999-07-23,487,4,8,7,,126400
577,1999-07-26,228,2,2,8,,81700
578,1999-07-28,398,3,9,8,,74300
579,1999-07-30,588,5,8,8,,111200
580,1999-08-02,385,3,8,5,,48300
581,1999-08-04,160,1,6,0,,122400
582,1999-08-06,315,3,1,5,,50600
583,1999-08-09,850,8,5,0,,85000
584,1999-08-11,085,0,8,5,,114700
585,1999-08-13,365,3,6,5,,71300
586,1999-08-16,207,2,0,7,,87400
587,1999-08-18,569,5,6,9,,111300
588,1999-08-20,652,6,5,2,,103800
589,1999-08-23,485,4,8,5,,95700
590,1999-08-25,947,9,4,7,,87300
591,1999-08-27,046,0,4,6,,119400
592,1999-08-30,036,0,3,6,,93200
593,1999-09-01,829,8,2,9,,69000
594,1999-09-03,130,1,3,0,,99800
595,1999-09-06,162,1,6,2,,101700
596,1999-09-08,193,1,9,3,,66000
597,1999-09-10,429,4,2,9,,81700
598,1999-09-13,306,3,0,6,,97600
599,1999-09-15,554,5,5,4,,120400
600,1999-09-17,752,7,5,2,,68600
601,1999-09-20,421,4,2,1,,82000
602,1999-09-22,979,9,7,9,,132400
603,1999-09-24,699,6,9,9,,132000
604,1999-09-27,939,9,3,9,,105400
605,1999-09-29,030,0,3,0,,112700
606,1999-10-01,638,6,3,8,,82300
607,1999-10-04,405,4,0,5,,94700
608,1999-10-06,964,9,6,4,,93800
609,1999-10-08,178,1,7,8,,98200
610,1999-10-11,337,3,3,7,,93200
611,1999-10-13,801,8,0,1,,100100
612,1999-10-15,730,7,3,0,,91000
613,1999-10-18,591,5,9,1,,100200
614,1999-10-20,369,3,6,9,,52100
615,1999-10-22,142,1,4,2,,102900
616,1999-10-25,475,4,7,5,,86500
617,1999-10-27,092,0,9,2,,107700
618,1999-10-29,279,2,7,9,,71400
619,1999-11-01,567,5,6,7,,113300
620,1999-11-03,866,8,6,6,,123500
621,1999-11-05,044,0,4,4,,127900
622,1999-11-08,639,6,3,9,,63000
623,1999-11-10,308,3,0,8,,78100
624,1999-11-12,675,6,7,5,,152400
625,1999-11-15,546,5,4,6,,95600
626,1999-11-17,588,5,8,8,,143600
627,1999-11-19,472,4,7,2,,87500
628,1999-11-22,201,2,0,1,,96100
629,1999-11-24,118,1,1,8,,67900
630,1999-11-26,223,2,2,3,,70800
631,1999-11-29,194,1,9,4,,90100
632,1999-12-01,182,1,8,2,,81100
633,1999-12-03,446,4,4,6,,138700
634,1999-12-06,382,3,8,2,,88200
635,1999-12-08,669,6,6,9,,89100
636,1999-12-10,403,4,0,3,,102600
637,1999-12-13,633,6,3,3,,90600
638,1999-12-15,951,9,5,1,,87200
639,1999-12-17,783,7,8,3,,101000
640,1999-12-20,908,9,0,8,,103000
641,1999-12-22,636,6,3,6,,108900
642,1999-12-24,433,4,3,3,,104800
643,1999-12-27,364,3,6,4,,76500
644,1999-12-29,949,9,4,9,,96400
645,2000-01-05,584,5,8,4,,112800
646,2000-01-07,732,7,3,2,,84700
647,2000-01-10,175,1,7,5,,91500
648,2000-01-12,044,0,4,4,,163700
649,2000-01-14,282,2,8,2,,101500
650,2000-01-17,969,9,6,9,,74300
651,2000-01-19,345,3,4,5,,81300
652,2000-01-21,258,2,5,8,,51600
653,2000-01-24,037,0,3,7,,99600
654,2000-01-26,507,5,0,7,,102800
655,2000-01-28,798,7,9,8,,86300
656,2000-01-31,028,0,2,8,,111700
657,2000-02-02,959,9,5,9,,79100
658,2000-02-04,553,5,5,3,,106700
659,2000-02-07,649,6,4,9,,109800
660,2000-02-09,875,8,7,5,,100200
661,2000-02-11,081,0,8,1,,131100
662,2000-02-14,646,6,4,6,,83900
663,2000-02-16,070,0,7,0,,156000
664,2000-02-18,195,1,9,5,,88000
665,2000-02-21,297,2,9,7,,96600
666,2000-02-23,277,2,7,7,,78600
667,2000-02-25,943,9,4,3,,100800
668,2000-02-28,157,1,5,7,,102500
669,2000-03-01,367,3,6,7,,90300
670,2000-03-03,811,8,1,1,,106700
671,2000-03-06,682,6,8,2,,91400
672,2000-03-08,916,9,1,6,,78100
673,2000-03-10,385,3,8,5,,44800
674,2000-03-13,478,4,7,8,,101500
675,2000-03-15,944,9,4,4,,105300
676,2000-03-17,830,8,3,0,,104500
677,2000-03-20,068,0,6,8,,116000
678,2000-03-22,628,6,2,8,,87800
679,2000-03-24,261,2,6,1,,108900
680,2000-03-27,277,2,7,7,,83500
681,2000-03-29,503,5,0,3,,78700
682,2000-03-31,973,9,7,3,,105200
683,2000-04-03,632,6,3,2,,72600
684,2000-04-05,715,7,1,5,,81600
685,2000-04-07,947,9,4,7,,72700
686,2000-04-10,790,7,9,0,,136000
687,2000-04-12,751,7,5,1,,110700
688,2000-04-14,232,2,3,2,,123200
689,2000-04-17,042,0,4,2,,88800
690,2000-04-19,274,2,7,4,,70600
691,2000-04-21,132,1,3,2,,102000
692,2000-04-24,548,5,4,8,,106400
693,2000-04-26,094,0,9,4,,124100
694,2000-04-28,900,9,0,0,,123700
695,2000-05-01,797,7,9,7,,129200
696,2000-05-03,003,0,0,3,,167200
697,2000-05-05,971,9,7,1,,99600
698,2000-05-08,907,9,0,7,,68800
699,2000-05-10,278,2,7,8,,72200
700,2000-05-12,232,2,3,2,,103000
701,2000-05-15,883,8,8,3,,109200
702,2000-05-17,993,9,9,3,,62000
703,2000-05-19,424,4,2,4,,90600
704,2000-05-22,869,8,6,9,,124900
705,2000-05-24,094,0,9,4,,105100
706,2000-05-26,948,9,4,8,,97100
707,2000-05-29,851,8,5,1,,104400
708,2000-05-31,337,3,3,7,,89200
709,2000-06-02,762,7,6,2,,82600
710,2000-06-05,114,1,1,4,,84000
711,2000-06-07,755,7,5,5,,146800
712,2000-06-09,428,4,2,8,,72900
713,2000-06-12,620,6,2,0,,93500
714,2000-06-14,943,9,4,3,,95600
715,2000-06-16,040,0,4,0,,112600
716,2000-06-19,469,4,6,9,,81600
717,2000-06-21,743,7,4,3,,99200
718,2000-06-23,241,2,4,1,,101600
719,2000-06-26,234,2,3,4,,86000
720,2000-06-28,217,2,1,7,,79000
721,2000-06-30,889,8,8,9,,80800
722,2000-07-03,214,2,1,4,,88000
723,2000-07-05,739,7,3,9,,83000
724,2000-07-07,376,3,7,6,,90200
725,2000-07-10,397,3,9,7,,89500
726,2000-07-12,629,6,2,9,,66100
727,2000-07-14,125,1,2,5,,62500
728,2000-07-17,743,7,4,3,,84400
729,2000-07-19,189,1,8,9,,90200
730,2000-07-21,974,9,7,4,,90200
731,2000-07-24,808,8,0,8,,99200
732,2000-07-26,715,7,1,5,,76300
733,2000-07-28,179,1,7,9,,86100
734,2000-07-31,496,4,9,6,,95100
735,2000-08-02,610,6,1,0,,112500
736,2000-08-04,603,6,0,3,,102300
737,2000-08-07,821,8,2,1,,89500
738,2000-08-09,065,0,6,5,,146100
739,2000-08-11,918,9,1,8,,77600
740,2000-08-14,602,6,0,2,,84400
741,2000-08-16,054,0,5,4,,135400
742,2000-08-18,286,2,8,6,,94500
743,2000-08-21,854,8,5,4,,98000
744,2000-08-23,946,9,4,6,,72100
745,2000-08-25,031,0,3,1,,117500
746,2000-08-28,134,1,3,4,,104100
747,2000-08-30,831,8,3,1,,66900
748,2000-09-01,617,6,1,7,,88400
749,2000-09-04,920,9,2,0,,67800
750,2000-09-06,912,9,1,2,,60400
751,2000-09-08,266,2,6,6,,113700
752,2000-09-11,370,3,7,0,,104700
753,2000-09-13,208,2,0,8,,96400
754,2000-09-15,307,3,0,7,,93000
755,2000-09-18,982,9,8,2,,82900
756,2000-09-20,386,3,8,6,,84600
757,2000-09-22,375,3,7,5,,64800
758,2000-09-25,088,0,8,8,,149100
759,2000-09-27,548,5,4,8,,99000
760,2000-09-29,699,6,9,9,,131500
761,2000-10-02,805,8,0,5,,82100
762,2000-10-04,804,8,0,4,,105200
763,2000-10-06,610,6,1,0,,84000
764,2000-10-09,094,0,9,4,,93600
765,2000-10-11,117,1,1,7,,69200
766,2000-10-13,835,8,3,5,,67000
767,2000-10-16,618,6,1,8,,61700
768,2000-10-18,192,1,9,2,,77800
769,2000-10-20,220,2,2,0,,92400
770,2000-10-23,325,3,2,5,,59900
771,2000-10-25,522,5,2,2,,74700
772,2000-10-27,574,5,7,4,,110700
773,2000-10-30,811,8,1,1,,123700
774,2000-11-01,080,0,8,0,,87800
775,2000-11-03,923,9,2,3,,65600
776,2000-11-06,302,3,0,2,,93700
777,2000-11-08,237,2,3,7,,58400
778,2000-11-10,226,2,2,6,,84600
779,2000-11-13,167,1,6,7,,109200
780,2000-11-15,033,0,3,3,,103100
781,2000-11-17,472,4,7,2,,78000
782,2000-11-20,014,0,1,4,,115200
783,2000-11-22,924,9,2,4,,67600
784,2000-11-24,703,7,0,3,,69400
785,2000-11-27,908,9,0,8,,87700
786,2000-11-29,160,1,6,0,,130400
787,2000-12-01,221,2,2,1,,93700
788,2000-12-04,433,4,3,3,,131900
789,2000-12-06,787,7,8,7,,141300
790,2000-12-08,807,8,0,7,,97200
791,2000-12-11,552,5,5,2,,101500
792,2000-12-13,220,2,2,0,,96900
793,2000-12-15,685,6,8,5,,118300
794,2000-12-18,199,1,9,9,,122000
795,2000-12-20,461,4,6,1,,94400
796,2000-12-22,360,3,6,0,,89400
797,2000-12-25,418,4,1,8,,84100
798,2000-12-27,477,4,7,7,,113300
799,2000-12-29,953,9,5,3,,88500
800,2001-01-05,817,8,1,7,,98500
801,2001-01-08,793,7,9,3,,88300
802,2001-01-10,468,4,6,8,,88200
803,2001-01-12,405,4,0,5,,97100
804,2001-01-15,331,3,3,1,,83000
805,2001-01-17,224,2,2,4,,58900
806,2001-01-19,221,2,2,1,,63500
807,2001-01-22,122,1,2,2,,40800
808,2001-01-24,296,2,9,6,,111400
809,2001-01-26,127,1,2,7,,38600
810,2001-01-29,929,9,2,9,,87000
811,2001-01-31,559,5,5,9,,126900
812,2001-02-02,614,6,1,4,,89800
813,2001-02-05,096,0,9,6,,108600
814,2001-02-07,873,8,7,3,,87900
815,2001-02-09,839,8,3,9,,93200
816,2001-02-12,650,6,5,0,,131700
817,2001-02-14,922,9,2,2,,91200
818,2001-02-16,427,4,2,7,,55400
819,2001-02-19,369,3,6,9,,47200
820,2001-02-21,033,0,3,3,,94100
821,2001-02-23,292,2,9,2,,97600
822,2001-02-26,459,4,5,9,,102300
823,2001-02-28,535,5,3,5,,103100
824,2001-03-02,102,1,0,2,280.0,95700
825,2001-03-05,339,3,3,9,521.0,66000
826,2001-03-07,823,8,2,3,401.0,58500
827,2001-03-09,802,8,0,2,240.0,92200
828,2001-03-12,939,9,3,9,565.0,55400
829,2001-03-14,442,4,4,2,267.0,92000
830,2001-03-16,247,2,4,7,298.0,74900
831,2001-03-19,764,7,6,4,253.0,116600
832,2001-03-21,626,6,2,6,338.0,82900
833,2001-03-23,826,8,2,6,345.0,73600
834,2001-03-26,594,5,9,4,246.0,117100
835,2001-03-28,309,3,0,9,369.0,67400
836,2001-03-30,926,9,2,6,326.0,69300
837,2001-04-02,539,5,3,9,344.0,76400
838,2001-04-04,524,5,2,4,282.0,72300
839,2001-04-06,679,6,7,9,196.0,126300
840,2001-04-09,059,0,5,9,209.0,112500
841,2001-04-11,306,3,0,6,275.0,84600
842,2001-04-13,219,2,1,9,334.0,70200
843,2001-04-16,768,7,6,8,166.0,161000
844,2001-04-18,170,1,7,0,151.0,132300
845,2001-04-20,274,2,7,4,323.0,68200
846,2001-04-23,531,5,3,1,545.0,55900
847,2001-04-25,473,4,7,3,248.0,86700
848,2001-04-27,098,0,9,8,181.0,105400
849,2001-04-30,539,5,3,9,439.0,59800
850,2001-05-02,646,6,4,6,172.0,146700
851,2001-05-04,717,7,1,7,235.0,102700
852,2001-05-07,057,0,5,7,263.0,90100
853,2001-05-09,363,3,6,3,284.0,96300
854,2001-05-11,112,1,1,2,421.0,68700
855,2001-05-14,939,9,3,9,451.0,67400
856,2001-05-16,099,0,9,9,354.0,89800
857,2001-05-18,921,9,2,1,326.0,63300
858,2001-05-21,510,5,1,0,419.0,82600
859,2001-05-23,400,4,0,0,130.0,170300
860,2001-05-25,963,9,6,3,231.0,84800
861,2001-05-28,931,9,3,1,207.0,92300
862,2001-05-30,883,8,8,3,255.0,94100
863,2001-06-01,585,5,8,5,211.0,107300
864,2001-06-04,426,4,2,6,391.0,65800
865,2001-06-06,329,3,2,9,353.0,60600
866,2001-06-08,571,5,7,1,253.0,85400
867,2001-06-11,432,4,3,2,284.0,85800
868,2001-06-13,634,6,3,4,330.0,79000
869,2001-06-15,245,2,4,5,251.0,90700
870,2001-06-18,772,7,7,2,221.0,99100
871,2001-06-20,639,6,3,9,464.0,44700
872,2001-06-22,755,7,5,5,163.0,143900
873,2001-06-25,367,3,6,7,333.0,78200
874,2001-06-27,454,4,5,4,201.0,125800
875,2001-06-29,778,7,7,8,199.0,145900
876,2001-07-02,845,8,4,5,299.0,88800
877,2001-07-04,589,5,8,9,309.0,94100
878,2001-07-06,318,3,1,8,318.0,82400
879,2001-07-09,908,9,0,8,204.0,113800
880,2001-07-11,678,6,7,8,223.0,106000
881,2001-07-13,494,4,9,4,154.0,133800
882,2001-07-16,703,7,0,3,264.0,87500
883,2001-07-18,745,7,4,5,200.0,99300
884,2001-07-20,388,3,8,8,197.0,104200
885,2001-07-23,307,3,0,7,262.0,92600
886,2001-07-25,302,3,0,2,201.0,110700
887,2001-07-27,672,6,7,2,160.0,94300
888,2001-07-30,691,6,9,1,172.0,114100
889,2001-08-01,139,1,3,9,309.0,64300
890,2001-08-03,332,3,3,2,308.0,79000
891,2001-08-06,254,2,5,4,259.0,87500
892,2001-08-08,353,3,5,3,271.0,95800
893,2001-08-10,184,1,8,4,143.0,109800
894,2001-08-13,592,5,9,2,204.0,85200
895,2001-08-15,614,6,1,4,216.0,89500
896,2001-08-17,108,1,0,8,285.0,83700
897,2001-08-20,055,0,5,5,210.0,133100
898,2001-08-22,980,9,8,0,143.0,113400
899,2001-08-24,350,3,5,0,182.0,112100
900,2001-08-27,088,0,8,8,367.0,76500
901,2001-08-29,694,6,9,4,196.0,104300
902,2001-08-31,377,3,7,7,284.0,88500
903,2001-09-03,648,6,4,8,266.0,99100
904,2001-09-05,005,0,0,5,139.0,141400
905,2001-09-07,812,8,1,2,275.0,77900
906,2001-09-10,202,2,0,2,276.0,85000
907,2001-09-12,865,8,6,5,330.0,72900
908,2001-09-14,042,0,4,2,258.0,96900
909,2001-09-17,116,1,1,6,327.0,81100
910,2001-09-19,947,9,4,7,344.0,70400
911,2001-09-21,972,9,7,2,136.0,102800
912,2001-09-24,891,8,9,1,149.0,99700
913,2001-09-26,524,5,2,4,273.0,75100
914,2001-09-28,737,7,3,7,198.0,104900
915,2001-10-01,356,3,5,6,392.0,67700
916,2001-10-03,276,2,7,6,172.0,107100
917,2001-10-05,502,5,0,2,270.0,86500
918,2001-10-08,997,9,9,7,225.0,99500
919,2001-10-10,223,2,2,3,359.0,61800
920,2001-10-12,498,4,9,8,135.0,131700
921,2001-10-15,315,3,1,5,528.0,51500
922,2001-10-17,893,8,9,3,305.0,63000
923,2001-10-19,232,2,3,2,287.0,84000
924,2001-10-22,511,5,1,1,237.0,100600
925,2001-10-24,971,9,7,1,130.0,133700
926,2001-10-26,373,3,7,3,362.0,77000
927,2001-10-29,468,4,6,8,449.0,68900
928,2001-10-31,848,8,4,8,160.0,140300
929,2001-11-02,032,0,3,2,211.0,103600
930,2001-11-05,905,9,0,5,250.0,100200
931,2001-11-07,330,3,3,0,420.0,60100
932,2001-11-09,471,4,7,1,257.0,81200
933,2001-11-12,337,3,3,7,475.0,61800
934,2001-11-14,361,3,6,1,315.0,78300
935,2001-11-16,304,3,0,4,209.0,117800
936,2001-11-19,666,6,6,6,1424.0,53500
937,2001-11-21,865,8,6,5,128.0,140300
938,2001-11-23,603,6,0,3,258.0,81300
939,2001-11-26,308,3,0,8,530.0,60100
940,2001-11-28,188,1,8,8,232.0,102700
941,2001-11-30,059,0,5,9,138.0,138100
942,2001-12-03,614,6,1,4,277.0,80400
943,2001-12-05,881,8,8,1,233.0,122200
944,2001-12-07,937,9,3,7,270.0,90500
945,2001-12-10,019,0,1,9,262.0,85600
946,2001-12-12,361,3,6,1,279.0,78500
947,2001-12-14,220,2,2,0,535.0,51500
948,2001-12-17,478,4,7,8,248.0,103700
949,2001-12-19,788,7,8,8,177.0,144300
950,2001-12-21,707,7,0,7,269.0,96600
951,2001-12-24,147,1,4,7,357.0,66100
952,2001-12-26,549,5,4,9,168.0,102700
953,2001-12-28,875,8,7,5,230.0,110800
954,2002-01-04,103,1,0,3,429.0,68300
955,2002-01-07,845,8,4,5,183.0,100500
956,2002-01-09,981,9,8,1,187.0,104700
957,2002-01-11,533,5,3,3,197.0,110200
958,2002-01-14,454,4,5,4,291.0,94700
959,2002-01-16,911,9,1,1,336.0,90900
960,2002-01-18,060,0,6,0,224.0,119100
961,2002-01-21,345,3,4,5,403.0,73800
962,2002-01-23,559,5,5,9,228.0,112900
963,2002-01-25,805,8,0,5,267.0,95000
964,2002-01-28,230,2,3,0,289.0,92700
965,2002-01-30,131,1,3,1,491.0,54200
966,2002-02-01,832,8,3,2,207.0,85800
967,2002-02-04,715,7,1,5,302.0,83400
968,2002-02-06,181,1,8,1,212.0,107300
969,2002-02-08,950,9,5,0,165.0,121700
970,2002-02-11,749,7,4,9,158.0,107600
971,2002-02-13,147,1,4,7,359.0,64600
972,2002-02-15,337,3,3,7,662.0,43800
973,2002-02-18,557,5,5,7,355.0,105400
974,2002-02-20,795,7,9,5,161.0,129600
975,2002-02-22,432,4,3,2,258.0,92800
976,2002-02-25,000,0,0,0,740.0,112400
977,2002-02-27,192,1,9,2,190.0,97200
978,2002-03-01,158,1,5,8,256.0,95600
979,2002-03-04,011,0,1,1,351.0,82500
980,2002-03-06,420,4,2,0,257.0,100400
981,2002-03-08,250,2,5,0,211.0,112200
982,2002-03-11,071,0,7,1,143.0,145600
983,2002-03-13,727,7,2,7,347.0,71400
984,2002-03-15,824,8,2,4,261.0,90100
985,2002-03-18,622,6,2,2,305.0,85100
986,2002-03-20,505,5,0,5,352.0,87000
987,2002-03-22,683,6,8,3,157.0,103600
988,2002-03-25,241,2,4,1,245.0,91900
989,2002-03-27,979,9,7,9,207.0,104700
990,2002-03-29,543,5,4,3,211.0,109200
991,2002-04-01,505,5,0,5,310.0,107200
992,2002-04-03,124,1,2,4,344.0,72600
993,2002-04-05,393,3,9,3,380.0,67400
994,2002-04-08,658,6,5,8,187.0,113000
995,2002-04-10,312,3,1,2,305.0,76200
996,2002-04-12,931,9,3,1,256.0,79500
997,2002-04-15,168,1,6,8,282.0,95500
998,2002-04-17,851,8,5,1,156.0,117800
999,2002-04-19,189,1,8,9,263.0,79500
1000,2002-04-22,165,1,6,5,193.0,107800
1001,2002-04-24,828,8,2,8,437.0,68400
1002,2002-04-26,324,3,2,4,442.0,64700
1003,2002-04-29,241,2,4,1,266.0,80100
1004,2002-05-01,629,6,2,9,260.0,92100
1005,2002-05-03,215,2,1,5,332.0,58100
1006,2002-05-06,233,2,3,3,235.0,86400
1007,2002-05-08,297,2,9,7,175.0,106100
1008,2002-05-10,381,3,8,1,253.0,82700
1009,2002-05-13,699,6,9,9,117.0,183800
1010,2002-05-15,695,6,9,5,104.0,132400
1011,2002-05-17,813,8,1,3,345.0,69900
1012,2002-05-20,690,6,9,0,143.0,141800
1013,2002-05-22,199,1,9,9,176.0,117300
1014,2002-05-24,758,7,5,8,205.0,121100
1015,2002-05-27,922,9,2,2,221.0,107000
1016,2002-05-29,810,8,1,0,242.0,96200
1017,2002-05-31,463,4,6,3,274.0,89400
1018,2002-06-03,749,7,4,9,163.0,110000
1019,2002-06-05,546,5,4,6,348.0,77400
1020,2002-06-07,140,1,4,0,131.0,134100
1021,2002-06-10,642,6,4,2,213.0,94000
1022,2002-06-12,463,4,6,3,205.0,100000
1023,2002-06-14,224,2,2,4,319.0,78000
1024,2002-06-17,423,4,2,3,381.0,54200
1025,2002-06-19,793,7,9,3,145.0,113100
1026,2002-06-21,554,5,5,4,204.0,124300
1027,2002-06-24,794,7,9,4,273.0,87700
1028,2002-06-26,441,4,4,1,252.0,98600
1029,2002-06-28,825,8,2,5,360.0,71200
1030,2002-07-01,260,2,6,0,195.0,118600
1031,2002-07-03,216,2,1,6,328.0,69300
1032,2002-07-05,404,4,0,4,211.0,125500
1033,2002-07-08,466,4,6,6,237.0,107200
1034,2002-07-10,249,2,4,9,182.0,92500
1035,2002-07-12,067,0,6,7,117.0,168300
1036,2002-07-15,524,5,2,4,356.0,64000
1037,2002-07-17,925,9,2,5,333.0,76500
1038,2002-07-19,143,1,4,3,232.0,91000
1039,2002-07-22,258,2,5,8,448.0,58900
1040,2002-07-24,108,1,0,8,265.0,79200
1041,2002-07-26,526,5,2,6,313.0,66200
1042,2002-07-29,647,6,4,7,220.0,97000
1043,2002-07-31,844,8,4,4,158.0,100800
1044,2002-08-02,883,8,8,3,227.0,96800
1045,2002-08-05,267,2,6,7,226.0,89600
1046,2002-08-07,676,6,7,6,114.0,135600
1047,2002-08-09,165,1,6,5,179.0,112300
1048,2002-08-12,602,6,0,2,181.0,98800
1049,2002-08-14,006,0,0,6,147.0,131400
1050,2002-08-16,290,2,9,0,110.0,125000
1051,2002-08-19,538,5,3,8,395.0,58000
1052,2002-08-21,642,6,4,2,214.0,71600
1053,2002-08-23,670,6,7,0,126.0,146500
1054,2002-08-26,911,9,1,1,236.0,96600
1055,2002-08-28,552,5,5,2,157.0,110300
1056,2002-08-30,646,6,4,6,201.0,107400
1057,2002-09-02,137,1,3,7,273.0,74700
1058,2002-09-04,347,3,4,7,263.0,83100
1059,2002-09-06,879,8,7,9,145.0,131000
1060,2002-09-09,966,9,6,6,186.0,123200
1061,2002-09-11,995,9,9,5,188.0,110900
1062,2002-09-13,165,1,6,5,183.0,105100
1063,2002-09-16,966,9,6,6,144.0,136100
1064,2002-09-18,228,2,2,8,310.0,80500
1065,2002-09-20,385,3,8,5,338.0,62200
1066,2002-09-23,571,5,7,1,172.0,101300
1067,2002-09-25,259,2,5,9,245.0,66900
1068,2002-09-27,330,3,3,0,290.0,77200
1069,2002-09-30,670,6,7,0,143.0,148800
1070,2002-10-02,853,8,5,3,175.0,84700
1071,2002-10-04,910,9,1,0,257.0,84600
1072,2002-10-07,382,3,8,2,201.0,89000
1073,2002-10-09,461,4,6,1,230.0,83400
1074,2002-10-11,866,8,6,6,187.0,120400
1075,2002-10-14,567,5,6,7,197.0,97100
1076,2002-10-16,954,9,5,4,143.0,112600
1077,2002-10-18,294,2,9,4,204.0,92400
1078,2002-10-21,408,4,0,8,193.0,119700
1079,2002-10-23,438,4,3,8,138.0,113800
1080,2002-10-25,410,4,1,0,191.0,109000
1081,2002-10-28,465,4,6,5,217.0,99300
1082,2002-10-30,486,4,8,6,222.0,80200
1083,2002-11-01,334,3,3,4,220.0,105900
1084,2002-11-04,721,7,2,1,313.0,75000
1085,2002-11-06,175,1,7,5,221.0,85600
1086,2002-11-08,750,7,5,0,212.0,104100
1087,2002-11-11,299,2,9,9,147.0,111600
1088,2002-11-13,305,3,0,5,289.0,85700
1089,2002-11-15,670,6,7,0,295.0,91900
1090,2002-11-18,549,5,4,9,187.0,105800
1091,2002-11-20,621,6,2,1,242.0,88700
1092,2002-11-22,779,7,7,9,238.0,108700
1093,2002-11-25,782,7,8,2,117.0,118800
1094,2002-11-27,798,7,9,8,220.0,85800
1095,2002-11-29,289,2,8,9,230.0,80500
1096,2002-12-02,601,6,0,1,160.0,109900
1097,2002-12-04,188,1,8,8,192.0,97800
1098,2002-12-06,053,0,5,3,279.0,88800
1099,2002-12-09,180,1,8,0,156.0,108200
1100,2002-12-11,390,3,9,0,151.0,109900
1101,2002-12-13,232,2,3,2,274.0,76200
1102,2002-12-16,015,0,1,5,198.0,99900
1103,2002-12-18,270,2,7,0,189.0,102000
1104,2002-12-20,386,3,8,6,197.0,94900
1105,2002-12-23,748,7,4,8,149.0,118600
1106,2002-12-25,821,8,2,1,293.0,63600
1107,2002-12-27,519,5,1,9,299.0,79700
1108,2002-12-30,407,4,0,7,242.0,93300
1109,2003-01-06,739,7,3,9,232.0,89100
1110,2003-01-08,904,9,0,4,194.0,110100
1111,2003-01-10,850,8,5,0,157.0,119000
1112,2003-01-13,417,4,1,7,415.0,57400
1113,2003-01-15,735,7,3,5,333.0,64000
1114,2003-01-17,685,6,8,5,138.0,125200
1115,2003-01-20,703,7,0,3,310.0,73500
1116,2003-01-22,409,4,0,9,223.0,103800
1117,2003-01-24,718,7,1,8,286.0,86600
1118,2003-01-27,816,8,1,6,304.0,85500
1119,2003-01-29,264,2,6,4,297.0,70500
1120,2003-01-31,789,7,8,9,247.0,101800
1121,2003-02-03,996,9,9,6,207.0,112700
1122,2003-02-05,702,7,0,2,228.0,96400
1123,2003-02-07,687,6,8,7,164.0,107000
1124,2003-02-10,818,8,1,8,354.0,81200
1125,2003-02-12,820,8,2,0,230.0,88600
1126,2003-02-14,361,3,6,1,360.0,68800
1127,2003-02-17,554,5,5,4,215.0,124500
1128,2003-02-19,956,9,5,6,142.0,110200
1129,2003-02-21,264,2,6,4,301.0,72000
1130,2003-02-24,036,0,3,6,335.0,76200
1131,2003-02-26,210,2,1,0,450.0,65800
1132,2003-02-28,418,4,1,8,373.0,72500
1133,2003-03-03,036,0,3,6,271.0,89500
1134,2003-03-05,251,2,5,1,291.0,71700
1135,2003-03-07,887,8,8,7,134.0,162300
1136,2003-03-10,410,4,1,0,317.0,87700
1137,2003-03-12,233,2,3,3,303.0,82100
1138,2003-03-14,250,2,5,0,184.0,107100
1139,2003-03-17,072,0,7,2,257.0,86700
1140,2003-03-19,757,7,5,7,198.0,110800
1141,2003-03-21,917,9,1,7,208.0,89300
1142,2003-03-24,540,5,4,0,140.0,116400
1143,2003-03-26,129,1,2,9,353.0,67000
1144,2003-03-28,999,9,9,9,957.0,74200
1145,2003-03-31,126,1,2,6,406.0,63600
1146,2003-04-02,442,4,4,2,156.0,105300
1147,2003-04-04,428,4,2,8,322.0,69000
1148,2003-04-07,016,0,1,6,184.0,107000
1149,2003-04-09,511,5,1,1,246.0,91200
1150,2003-04-11,831,8,3,1,255.0,76200
1151,2003-04-14,714,7,1,4,416.0,54200
1152,2003-04-16,177,1,7,7,164.0,116200
1153,2003-04-18,687,6,8,7,171.0,108500
1154,2003-04-21,142,1,4,2,185.0,72200
1155,2003-04-23,309,3,0,9,262.0,71000
1156,2003-04-25,198,1,9,8,194.0,83400
1157,2003-04-28,041,0,4,1,220.0,101700
1158,2003-04-30,971,9,7,1,126.0,120000
1159,2003-05-02,806,8,0,6,192.0,108800
1160,2003-05-05,831,8,3,1,270.0,70900
1161,2003-05-07,577,5,7,7,158.0,141100
1162,2003-05-09,366,3,6,6,183.0,112000
1163,2003-05-12,990,9,9,0,240.0,121200
1164,2003-05-14,835,8,3,5,212.0,72200
1165,2003-05-16,644,6,4,4,197.0,118800
1166,2003-05-19,254,2,5,4,281.0,78100
1167,2003-05-21,183,1,8,3,205.0,80300
1168,2003-05-23,280,2,8,0,153.0,118300
1169,2003-05-26,400,4,0,0,243.0,120500
1170,2003-05-28,617,6,1,7,252.0,82600
1171,2003-05-30,581,5,8,1,156.0,92600
1172,2003-06-02,020,0,2,0,165.0,156800
1173,2003-06-04,271,2,7,1,192.0,88900
1174,2003-06-06,170,1,7,0,144.0,108600
1175,2003-06-09,493,4,9,3,153.0,110100
1176,2003-06-11,608,6,0,8,191.0,102900
1177,2003-06-13,441,4,4,1,199.0,100300
1178,2003-06-16,996,9,9,6,168.0,123700
1179,2003-06-18,889,8,8,9,257.0,85600
1180,2003-06-20,044,0,4,4,176.0,116200
1181,2003-06-23,346,3,4,6,205.0,101600
1182,2003-06-25,903,9,0,3,201.0,101500
1183,2003-06-27,609,6,0,9,279.0,94000
1184,2003-06-30,749,7,4,9,187.0,111400
1185,2003-07-02,342,3,4,2,153.0,112900
1186,2003-07-04,422,4,2,2,342.0,66500
1187,2003-07-07,184,1,8,4,272.0,87400
1188,2003-07-09,865,8,6,5,200.0,91700
1189,2003-07-11,463,4,6,3,252.0,87500
1190,2003-07-14,556,5,5,6,369.0,73700
1191,2003-07-16,269,2,6,9,238.0,82900
1192,2003-07-18,664,6,6,4,231.0,94900
1193,2003-07-21,686,6,8,6,142.0,144400
1194,2003-07-23,438,4,3,8,177.0,94300
1195,2003-07-25,416,4,1,6,332.0,66400
1196,2003-07-28,897,8,9,7,149.0,124600
1197,2003-07-30,695,6,9,5,145.0,122300
1198,2003-08-01,547,5,4,7,174.0,98700
1199,2003-08-04,152,1,5,2,187.0,92900
1200,2003-08-06,944,9,4,4,142.0,135900
1201,2003-08-08,957,9,5,7,150.0,109100
1202,2003-08-11,459,4,5,9,262.0,73000
1203,2003-08-13,989,9,8,9,200.0,113200
1204,2003-08-15,820,8,2,0,233.0,82300
1205,2003-08-18,766,7,6,6,224.0,121800
1206,2003-08-20,943,9,4,3,120.0,128600
1207,2003-08-22,958,9,5,8,204.0,92200
1208,2003-08-25,160,1,6,0,173.0,116600
1209,2003-08-27,612,6,1,2,284.0,71700
1210,2003-08-29,162,1,6,2,278.0,76600
1211,2003-09-01,304,3,0,4,214.0,106900
1212,2003-09-03,638,6,3,8,233.0,81700
1213,2003-09-05,415,4,1,5,346.0,70300
1214,2003-09-08,911,9,1,1,454.0,65500
1215,2003-09-10,979,9,7,9,146.0,114000
1216,2003-09-12,221,2,2,1,247.0,89500
1217,2003-09-15,279,2,7,9,218.0,75600
1218,2003-09-17,933,9,3,3,165.0,104500
1219,2003-09-19,825,8,2,5,280.0,72100
1220,2003-09-22,118,1,1,8,313.0,74700
1221,2003-09-24,496,4,9,6,151.0,86500
1222,2003-09-26,267,2,6,7,189.0,94200
1223,2003-09-29,784,7,8,4,146.0,115100
1224,2003-10-01,495,4,9,5,138.0,104100
1225,2003-10-03,913,9,1,3,320.0,66800
1226,2003-10-06,337,3,3,7,337.0,75600
1227,2003-10-08,953,9,5,3,183.0,92900
1228,2003-10-10,899,8,9,9,137.0,123800
1229,2003-10-13,842,8,4,2,98.0,105100
1230,2003-10-15,274,2,7,4,309.0,59500
1231,2003-10-17,260,2,6,0,142.0,110700
1232,2003-10-20,317,3,1,7,354.0,65100
1233,2003-10-22,738,7,3,8,212.0,97000
1234,2003-10-24,796,7,9,6,125.0,128400
1235,2003-10-27,235,2,3,5,331.0,73000
1236,2003-10-29,885,8,8,5,194.0,102600
1237,2003-10-31,852,8,5,2,159.0,83600
1238,2003-11-03,891,8,9,1,181.0,89000
1239,2003-11-05,348,3,4,8,177.0,100900
1240,2003-11-07,798,7,9,8,209.0,81400
1241,2003-11-10,930,9,3,0,213.0,94300
1242,2003-11-12,175,1,7,5,204.0,86600
1243,2003-11-14,622,6,2,2,177.0,95700
1244,2003-11-17,651,6,5,1,170.0,107500
1245,2003-11-19,704,7,0,4,156.0,109800
1246,2003-11-21,518,5,1,8,273.0,70900
1247,2003-11-24,054,0,5,4,106.0,142600
1248,2003-11-26,504,5,0,4,243.0,94700
1249,2003-11-28,455,4,5,5,224.0,81700
1250,2003-12-01,276,2,7,6,171.0,104100
1251,2003-12-03,106,1,0,6,215.0,97400
1252,2003-12-05,936,9,3,6,201.0,75000
1253,2003-12-08,353,3,5,3,195.0,101500
1254,2003-12-10,058,0,5,8,132.0,120100
1255,2003-12-12,958,9,5,8,147.0,112600
1256,2003-12-15,080,0,8,0,199.0,127600
1257,2003-12-17,239,2,3,9,198.0,80500
1258,2003-12-19,188,1,8,8,280.0,81500
1259,2003-12-22,606,6,0,6,181.0,135000
1260,2003-12-24,021,0,2,1,123.0,125100
1261,2003-12-26,724,7,2,4,348.0,59800
1262,2003-12-29,471,4,7,1,260.0,73300
1263,2004-01-05,491,4,9,1,158.0,111200
1264,2004-01-07,669,6,6,9,213.0,99100
1265,2004-01-09,409,4,0,9,201.0,98600
1266,2004-01-12,884,8,8,4,179.0,145500
1267,2004-01-14,121,1,2,1,350.0,71900
1268,2004-01-16,445,4,4,5,278.0,84500
1269,2004-01-19,136,1,3,6,336.0,75300
1270,2004-01-21,004,0,0,4,150.0,139900
1271,2004-01-23,320,3,2,0,299.0,84300
1272,2004-01-26,068,0,6,8,163.0,129500
1273,2004-01-28,337,3,3,7,381.0,66800
1274,2004-01-30,281,2,8,1,160.0,91200
1275,2004-02-02,427,4,2,7,326.0,67500
1276,2004-02-04,869,8,6,9,178.0,120000
1277,2004-02-06,777,7,7,7,1097.0,62600
1278,2004-02-09,465,4,6,5,194.0,111900
1279,2004-02-11,583,5,8,3,239.0,62700
1280,2004-02-13,822,8,2,2,275.0,81000
1281,2004-02-16,040,0,4,0,162.0,151300
1282,2004-02-18,204,2,0,4,310.0,71600
1283,2004-02-20,513,5,1,3,353.0,56400
1284,2004-02-23,990,9,9,0,222.0,113700
1285,2004-02-25,119,1,1,9,435.0,58200
1286,2004-02-27,051,0,5,1,167.0,105400
1287,2004-03-01,745,7,4,5,176.0,114900
1288,2004-03-03,030,0,3,0,169.0,128800
1289,2004-03-05,407,4,0,7,213.0,98500
1290,2004-03-08,162,1,6,2,176.0,89100
1291,2004-03-10,517,5,1,7,282.0,72400
1292,2004-03-12,725,7,2,5,308.0,68000
1293,2004-03-15,000,0,0,0,893.0,80100
1294,2004-03-17,558,5,5,8,212.0,98300
1295,2004-03-19,170,1,7,0,107.0,127000
1296,2004-03-22,893,8,9,3,235.0,88100
1297,2004-03-24,526,5,2,6,270.0,73600
1298,2004-03-26,174,1,7,4,196.0,64900
1299,2004-03-29,211,2,1,1,276.0,83200
1300,2004-03-31,590,5,9,0,117.0,124000
1301,2004-04-02,820,8,2,0,265.0,83200
1302,2004-04-05,189,1,8,9,232.0,75200
1303,2004-04-07,330,3,3,0,379.0,59400
1304,2004-04-09,308,3,0,8,236.0,77200
1305,2004-04-12,936,9,3,6,184.0,87400
1306,2004-04-14,563,5,6,3,158.0,103300
1307,2004-04-16,900,9,0,0,184.0,107600
1308,2004-04-19,733,7,3,3,184.0,101600
1309,2004-04-21,374,3,7,4,174.0,90800
1310,2004-04-23,842,8,4,2,142.0,88400
1311,2004-04-26,922,9,2,2,209.0,95300
1312,2004-04-28,764,7,6,4,128.0,120600
1313,2004-04-30,671,6,7,1,145.0,119000
1314,2004-05-03,653,6,5,3,173.0,95100
1315,2004-05-05,758,7,5,8,144.0,94300
1316,2004-05-07,953,9,5,3,201.0,98200
1317,2004-05-10,737,7,3,7,227.0,92900
1318,2004-05-12,308,3,0,8,151.0,100300
1319,2004-05-14,567,5,6,7,180.0,104400
1320,2004-05-17,452,4,5,2,222.0,88800
1321,2004-05-19,490,4,9,0,110.0,125600
1322,2004-05-21,784,7,8,4,114.0,124600
1323,2004-05-24,302,3,0,2,189.0,109600
1324,2004-05-26,855,8,5,5,163.0,123800
1325,2004-05-28,226,2,2,6,302.0,79800
1326,2004-05-31,673,6,7,3,195.0,85500
1327,2004-06-02,215,2,1,5,277.0,65400
1328,2004-06-04,376,3,7,6,154.0,113000
1329,2004-06-07,554,5,5,4,204.0,101700
1330,2004-06-09,076,0,7,6,103.0,142700
1331,2004-06-11,859,8,5,9,108.0,123000
1332,2004-06-14,978,9,7,8,166.0,93500
1333,2004-06-16,134,1,3,4,188.0,91700
1334,2004-06-18,236,2,3,6,274.0,68400
1335,2004-06-21,462,4,6,2,224.0,78700
1336,2004-06-23,206,2,0,6,229.0,93400
1337,2004-06-25,814,8,1,4,253.0,75000
1338,2004-06-28,837,8,3,7,168.0,105700
1339,2004-06-30,902,9,0,2,148.0,112500
1340,2004-07-01,597,5,9,7,82.0,120300
1341,2004-07-02,670,6,7,0,183.0,101900
1342,2004-07-05,543,5,4,3,166.0,101300
1343,2004-07-06,879,8,7,9,121.0,85500
1344,2004-07-07,342,3,4,2,125.0,87900
1345,2004-07-08,994,9,9,4,122.0,119600
1346,2004-07-09,765,7,6,5,180.0,74200
1347,2004-07-12,018,0,1,8,176.0,86300
1348,2004-07-13,821,8,2,1,130.0,75800
1349,2004-07-14,498,4,9,8,100.0,122300
1350,2004-07-15,632,6,3,2,141.0,74700
1351,2004-07-16,240,2,4,0,130.0,112500
1352,2004-07-19,562,5,6,2,199.0,87800
1353,2004-07-20,931,9,3,1,121.0,93800
1354,2004-07-21,590,5,9,0,84.0,133800
1355,2004-07-22,078,0,7,8,73.0,115200
1356,2004-07-23,998,9,9,8,181.0,90900
1357,2004-07-26,883,8,8,3,224.0,96800
1358,2004-07-27,166,1,6,6,146.0,100300
1359,2004-07-28,973,9,7,3,84.0,121300
1360,2004-07-29,109,1,0,9,170.0,66600
1361,2004-07-30,223,2,2,3,209.0,73200
1362,2004-08-02,286,2,8,6,122.0,98900
1363,2004-08-03,844,8,4,4,109.0,113700
1364,2004-08-04,843,8,4,3,106.0,105400
1365,2004-08-05,970,9,7,0,94.0,106600
1366,2004-08-06,112,1,1,2,210.0,72200
1367,2004-08-09,451,4,5,1,246.0,69100
1368,2004-08-10,480,4,8,0,78.0,114300
1369,2004-08-11,955,9,5,5,146.0,108300
1370,2004-08-12,497,4,9,7,97.0,93100
1371,2004-08-13,822,8,2,2,142.0,92900
1372,2004-08-16,383,3,8,3,155.0,100900
1373,2004-08-17,611,6,1,1,159.0,87300
1374,2004-08-18,005,0,0,5,94.0,116400
1375,2004-08-19,281,2,8,1,74.0,99200
1376,2004-08-20,114,1,1,4,272.0,66900
1377,2004-08-23,066,0,6,6,153.0,124900
1378,2004-08-24,200,2,0,0,111.0,128200
1379,2004-08-25,717,7,1,7,165.0,86700
1380,2004-08-26,983,9,8,3,117.0,99000
1381,2004-08-27,558,5,5,8,205.0,77100
1382,2004-08-30,601,6,0,1,127.0,103900
1383,2004-08-31,512,5,1,2,189.0,69800
1384,2004-09-01,525,5,2,5,172.0,89400
1385,2004-09-02,355,3,5,5,153.0,99300
1386,2004-09-03,489,4,8,9,107.0,109300
1387,2004-09-06,905,9,0,5,280.0,76200
1388,2004-09-07,632,6,3,2,98.0,80700
1389,2004-09-08,463,4,6,3,157.0,91200
1390,2004-09-09,782,7,8,2,72.0,105900
1391,2004-09-10,808,8,0,8,163.0,92600
1392,2004-09-13,921,9,2,1,286.0,61000
1393,2004-09-14,190,1,9,0,173.0,74100
1394,2004-09-15,593,5,9,3,124.0,99600
1395,2004-09-16,234,2,3,4,200.0,75400
1396,2004-09-17,621,6,2,1,156.0,78500
1397,2004-09-20,934,9,3,4,97.0,132800
1398,2004-09-21,812,8,1,2,167.0,73800
1399,2004-09-22,540,5,4,0,104.0,112200
1400,2004-09-23,522,5,2,2,163.0,75900
1401,2004-09-24,206,2,0,6,135.0,102600
1402,2004-09-27,374,3,7,4,166.0,77500
1403,2004-09-28,638,6,3,8,149.0,78100
1404,2004-09-29,804,8,0,4,98.0,116000
1405,2004-09-30,187,1,8,7,137.0,94200
1406,2004-10-01,374,3,7,4,123.0,103100
1407,2004-10-04,835,8,3,5,266.0,59800
1408,2004-10-05,945,9,4,5,131.0,72500
1409,2004-10-06,949,9,4,9,73.0,140800
1410,2004-10-07,391,3,9,1,107.0,99700
1411,2004-10-08,355,3,5,5,99.0,115900
1412,2004-10-11,697,6,9,7,92.0,144700
1413,2004-10-12,620,6,2,0,137.0,82100
1414,2004-10-13,670,6,7,0,168.0,90400
1415,2004-10-14,189,1,8,9,138.0,65400
1416,2004-10-15,266,2,6,6,111.0,106500
1417,2004-10-18,876,8,7,6,107.0,126900
1418,2004-10-19,335,3,3,5,170.0,86000
1419,2004-10-20,064,0,6,4,59.0,130200
1420,2004-10-21,499,4,9,9,156.0,107100
1421,2004-10-22,490,4,9,0,137.0,85000
1422,2004-10-25,945,9,4,5,221.0,81900
1423,2004-10-26,234,2,3,4,147.0,85400
1424,2004-10-27,353,3,5,3,144.0,88800
1425,2004-10-28,660,6,6,0,85.0,154100
1426,2004-10-29,754,7,5,4,144.0,108000
1427,2004-11-01,638,6,3,8,187.0,80200
1428,2004-11-02,699,6,9,9,141.0,104700
1429,2004-11-03,819,8,1,9,174.0,63600
1430,2004-11-04,295,2,9,5,115.0,91700
1431,2004-11-05,742,7,4,2,133.0,77000
1432,2004-11-08,400,4,0,0,189.0,107300
1433,2004-11-09,638,6,3,8,183.0,77600
1434,2004-11-10,299,2,9,9,98.0,120900
1435,2004-11-11,545,5,4,5,114.0,119100
1436,2004-11-12,196,1,9,6,95.0,114400
1437,2004-11-15,667,6,6,7,170.0,117600
1438,2004-11-16,582,5,8,2,134.0,80500
1439,2004-11-17,306,3,0,6,150.0,83500
1440,2004-11-18,684,6,8,4,92.0,103600
1441,2004-11-19,798,7,9,8,185.0,70600
1442,2004-11-22,094,0,9,4,152.0,116100
1443,2004-11-23,701,7,0,1,81.0,110900
1444,2004-11-24,065,0,6,5,65.0,143200
1445,2004-11-25,392,3,9,2,141.0,82000
1446,2004-11-26,588,5,8,8,177.0,87100
1447,2004-11-29,925,9,2,5,299.0,67800
1448,2004-11-30,189,1,8,9,138.0,63100
1449,2004-12-01,940,9,4,0,90.0,113900
1450,2004-12-02,133,1,3,3,136.0,98600
1451,2004-12-03,288,2,8,8,151.0,102800
1452,2004-12-06,301,3,0,1,208.0,88800
1453,2004-12-07,966,9,6,6,151.0,93100
1454,2004-12-08,616,6,1,6,144.0,117000
1455,2004-12-09,363,3,6,3,138.0,93800
1456,2004-12-10,662,6,6,2,116.0,120600
1457,2004-12-13,310,3,1,0,296.0,79000
1458,2004-12-14,609,6,0,9,149.0,90700
1459,2004-12-15,869,8,6,9,128.0,114200
1460,2004-12-16,377,3,7,7,155.0,77800
1461,2004-12-17,279,2,7,9,135.0,91100
1462,2004-12-20,799,7,9,9,258.0,79800
1463,2004-12-21,344,3,4,4,114.0,102900
1464,2004-12-22,082,0,8,2,87.0,128500
1465,2004-12-23,824,8,2,4,151.0,76800
1466,2004-12-24,095,0,9,5,77.0,152200
1467,2004-12-27,625,6,2,5,237.0,80600
1468,2004-12-28,497,4,9,7,113.0,99000
1469,2004-12-29,213,2,1,3,142.0,82300
1470,2004-12-30,815,8,1,5,197.0,77900
1471,2005-01-04,902,9,0,2,120.0,102100
1472,2005-01-05,227,2,2,7,223.0,69400
1473,2005-01-06,429,4,2,9,208.0,65400
1474,2005-01-07,784,7,8,4,100.0,115200
1475,2005-01-10,576,5,7,6,131.0,115400
1476,2005-01-11,055,0,5,5,146.0,77300
1477,2005-01-12,275,2,7,5,154.0,71300
1478,2005-01-13,137,1,3,7,132.0,81400
1479,2005-01-14,536,5,3,6,135.0,92500
1480,2005-01-17,809,8,0,9,170.0,96600
1481,2005-01-18,328,3,2,8,228.0,61100
1482,2005-01-19,423,4,2,3,187.0,76700
1483,2005-01-20,780,7,8,0,102.0,115700
1484,2005-01-21,026,0,2,6,115.0,115500
1485,2005-01-24,369,3,6,9,457.0,50500
1486,2005-01-25,526,5,2,6,178.0,76600
1487,2005-01-26,465,4,6,5,142.0,87900
1488,2005-01-27,968,9,6,8,84.0,137400
1489,2005-01-28,218,2,1,8,226.0,57600
1490,2005-01-31,807,8,0,7,158.0,121600
1491,2005-02-01,287,2,8,7,71.0,111600
1492,2005-02-02,997,9,9,7,89.0,143000
1493,2005-02-03,313,3,1,3,229.0,78800
1494,2005-02-04,800,8,0,0,108.0,123700
1495,2005-02-07,601,6,0,1,162.0,105500
1496,2005-02-08,742,7,4,2,91.0,86900
1497,2005-02-09,738,7,3,8,124.0,90600
1498,2005-02-10,754,7,5,4,90.0,102800
1499,2005-02-11,196,1,9,6,94.0,98200
1500,2005-02-14,453,4,5,3,207.0,83100
1501,2005-02-15,793,7,9,3,106.0,105700
1502,2005-02-16,556,5,5,6,143.0,101300
1503,2005-02-17,533,5,3,3,109.0,90500
1504,2005-02-18,058,0,5,8,110.0,104200
1505,2005-02-21,419,4,1,9,277.0,78300
1506,2005-02-22,063,0,6,3,78.0,121200
1507,2005-02-23,379,3,7,9,156.0,91500
1508,2005-02-24,928,9,2,8,168.0,70100
1509,2005-02-25,613,6,1,3,182.0,80900
1510,2005-02-28,917,9,1,7,176.0,97500
1511,2005-03-01,212,2,1,2,190.0,87200
1512,2005-03-02,887,8,8,7,126.0,126200
1513,2005-03-03,970,9,7,0,85.0,129100
1514,2005-03-04,707,7,0,7,138.0,108700
1515,2005-03-07,412,4,1,2,284.0,70600
1516,2005-03-08,603,6,0,3,151.0,87500
1517,2005-03-09,578,5,7,8,136.0,91000
1518,2005-03-10,266,2,6,6,111.0,107300
1519,2005-03-11,384,3,8,4,173.0,87400
1520,2005-03-14,680,6,8,0,157.0,116100
1521,2005-03-15,087,0,8,7,84.0,131800
1522,2005-03-16,776,7,7,6,206.0,80100
1523,2005-03-17,387,3,8,7,120.0,95400
1524,2005-03-18,319,3,1,9,303.0,56000
1525,2005-03-21,729,7,2,9,213.0,78000
1526,2005-03-22,963,9,6,3,155.0,71200
1527,2005-03-23,751,7,5,1,89.0,102400
1528,2005-03-24,948,9,4,8,87.0,105700
1529,2005-03-25,235,2,3,5,257.0,49200
1530,2005-03-28,686,6,8,6,106.0,143200
1531,2005-03-29,857,8,5,7,127.0,92400
1532,2005-03-30,786,7,8,6,180.0,70200
1533,2005-03-31,716,7,1,6,136.0,96000
1534,2005-04-01,084,0,8,4,90.0,135200
1535,2005-04-04,567,5,6,7,211.0,81700
1536,2005-04-05,414,4,1,4,186.0,76300
1537,2005-04-06,482,4,8,2,98.0,102600
1538,2005-04-07,507,5,0,7,110.0,108200
1539,2005-04-08,215,2,1,5,192.0,73100
1540,2005-04-11,350,3,5,0,234.0,100100
1541,2005-04-12,776,7,7,6,95.0,156800
1542,2005-04-13,043,0,4,3,90.0,130600
1543,2005-04-14,400,4,0,0,115.0,99100
1544,2005-04-15,190,1,9,0,172.0,83100
1545,2005-04-18,629,6,2,9,307.0,63900
1546,2005-04-19,841,8,4,1,137.0,82600
1547,2005-04-20,073,0,7,3,95.0,87700
1548,2005-04-21,942,9,4,2,93.0,103300
1549,2005-04-22,203,2,0,3,162.0,91300
1550,2005-04-25,560,5,6,0,151.0,111400
1551,2005-04-26,788,7,8,8,121.0,113600
1552,2005-04-27,530,5,3,0,175.0,87900
1553,2005-04-28,178,1,7,8,128.0,93300
1554,2005-04-29,589,5,8,9,82.0,115900
1555,2005-05-02,459,4,5,9,187.0,87700
1556,2005-05-03,250,2,5,0,85.0,108400
1557,2005-05-04,222,2,2,2,490.0,72700
1558,2005-05-05,781,7,8,1,52.0,138900
1559,2005-05-06,614,6,1,4,211.0,65100
1560,2005-05-09,973,9,7,3,122.0,105700
1561,2005-05-10,378,3,7,8,178.0,76000
1562,2005-05-11,453,4,5,3,102.0,99900
1563,2005-05-12,542,5,4,2,104.0,97300
1564,2005-05-13,241,2,4,1,153.0,84900
1565,2005-05-16,565,5,6,5,169.0,114000
1566,2005-05-17,182,1,8,2,111.0,98000
1567,2005-05-18,016,0,1,6,86.0,107800
1568,2005-05-19,204,2,0,4,127.0,95400
1569,2005-05-20,529,5,2,9,242.0,62900
1570,2005-05-23,827,8,2,7,259.0,75100
1571,2005-05-24,660,6,6,0,112.0,124900
1572,2005-05-25,597,5,9,7,92.0,111300
1573,2005-05-26,917,9,1,7,108.0,102000
1574,2005-05-27,835,8,3,5,191.0,57200
1575,2005-05-30,659,6,5,9,128.0,106600
1576,2005-05-31,392,3,9,2,112.0,93300
1577,2005-06-01,634,6,3,4,162.0,75900
1578,2005-06-02,363,3,6,3,155.0,94700
1579,2005-06-03,327,3,2,7,221.0,63000
1580,2005-06-06,042,0,4,2,156.0,102800
1581,2005-06-07,100,1,0,0,114.0,123700
1582,2005-06-08,920,9,2,0,139.0,81300
1583,2005-06-09,287,2,8,7,145.0,74900
1584,2005-06-10,217,2,1,7,172.0,67800
1585,2005-06-13,709,7,0,9,170.0,100200
1586,2005-06-14,885,8,8,5,71.0,122900
1587,2005-06-15,368,3,6,8,188.0,62000
1588,2005-06-16,769,7,6,9,90.0,106300
1589,2005-06-17,351,3,5,1,139.0,77700
1590,2005-06-20,097,0,9,7,95.0,152900
1591,2005-06-21,671,6,7,1,93.0,110600
1592,2005-06-22,402,4,0,2,138.0,87700
1593,2005-06-23,378,3,7,8,124.0,80100
1594,2005-06-24,377,3,7,7,134.0,99100
1595,2005-06-27,065,0,6,5,87.0,134500
1596,2005-06-28,095,0,9,5,85.0,120800
1597,2005-06-29,747,7,4,7,91.0,133700
1598,2005-06-30,395,3,9,5,102.0,103300
1599,2005-07-01,332,3,3,2,113.0,101300
1600,2005-07-04,146,1,4,6,211.0,75300
1601,2005-07-05,899,8,9,9,97.0,108600
1602,2005-07-06,885,8,8,5,73.0,132900
1603,2005-07-07,762,7,6,2,113.0,89700
1604,2005-07-08,382,3,8,2,136.0,87600
1605,2005-07-11,964,9,6,4,130.0,103700
1606,2005-07-12,312,3,1,2,164.0,76800
1607,2005-07-13,382,3,8,2,146.0,88100
1608,2005-07-14,318,3,1,8,237.0,62000
1609,2005-07-15,430,4,3,0,163.0,101900
1610,2005-07-18,922,9,2,2,141.0,100700
1611,2005-07-19,441,4,4,1,119.0,105000
1612,2005-07-20,261,2,6,1,108.0,87600
1613,2005-07-21,465,4,6,5,95.0,105700
1614,2005-07-22,861,8,6,1,76.0,116700
1615,2005-07-25,448,4,4,8,121.0,144400
1616,2005-07-26,347,3,4,7,126.0,79300
1617,2005-07-27,726,7,2,6,285.0,54100
1618,2005-07-28,720,7,2,0,151.0,88100
1619,2005-07-29,319,3,1,9,149.0,77100
1620,2005-08-01,424,4,2,4,175.0,106200
1621,2005-08-02,482,4,8,2,141.0,65700
1622,2005-08-03,943,9,4,3,109.0,98300
1623,2005-08-04,934,9,3,4,73.0,126000
1624,2005-08-05,977,9,7,7,85.0,135500
1625,2005-08-08,929,9,2,9,135.0,116700
1626,2005-08-09,168,1,6,8,110.0,95900
1627,2005-08-10,368,3,6,8,170.0,68100
1628,2005-08-11,607,6,0,7,106.0,110900
1629,2005-08-12,660,6,6,0,201.0,70000
1630,2005-08-15,626,6,2,6,229.0,75400
1631,2005-08-16,755,7,5,5,105.0,95300
1632,2005-08-17,486,4,8,6,82.0,108300
1633,2005-08-18,868,8,6,8,190.0,63800
1634,2005-08-19,077,0,7,7,116.0,118000
1635,2005-08-22,509,5,0,9,172.0,105400
1636,2005-08-23,980,9,8,0,66.0,115000
1637,2005-08-24,644,6,4,4,76.0,126000
1638,2005-08-25,451,4,5,1,102.0,101600
1639,2005-08-26,501,5,0,1,167.0,88100
1640,2005-08-29,787,7,8,7,181.0,116100
1641,2005-08-30,439,4,3,9,118.0,94000
1642,2005-08-31,060,0,6,0,65.0,166100
1643,2005-09-01,948,9,4,8,66.0,147100
1644,2005-09-02,917,9,1,7,183.0,76500
1645,2005-09-05,792,7,9,2,121.0,91200
1646,2005-09-06,353,3,5,3,112.0,91100
1647,2005-09-07,057,0,5,7,76.0,128200
1648,2005-09-08,633,6,3,3,109.0,107700
1649,2005-09-09,722,7,2,2,183.0,79600
1650,2005-09-12,775,7,7,5,176.0,107200
1651,2005-09-13,839,8,3,9,81.0,106800
1652,2005-09-14,059,0,5,9,123.0,113600
1653,2005-09-15,975,9,7,5,109.0,103400
1654,2005-09-16,638,6,3,8,238.0,62600
1655,2005-09-19,927,9,2,7,282.0,62400
1656,2005-09-20,784,7,8,4,188.0,82000
1657,2005-09-21,198,1,9,8,102.0,72200
1658,2005-09-22,896,8,9,6,62.0,132600
1659,2005-09-23,823,8,2,3,141.0,76000
1660,2005-09-26,554,5,5,4,191.0,95700
1661,2005-09-27,138,1,3,8,159.0,76000
1662,2005-09-28,783,7,8,3,134.0,75800
1663,2005-09-29,852,8,5,2,153.0,73400
1664,2005-09-30,542,5,4,2,89.0,100500
1665,2005-10-03,571,5,7,1,159.0,95800
1666,2005-10-04,193,1,9,3,140.0,78500
1667,2005-10-05,928,9,2,8,169.0,66600
1668,2005-10-06,616,6,1,6,128.0,108100
1669,2005-10-07,026,0,2,6,115.0,92800
1670,2005-10-10,968,9,6,8,148.0,95800
1671,2005-10-11,175,1,7,5,158.0,88200
1672,2005-10-12,990,9,9,0,98.0,116200
1673,2005-10-13,871,8,7,1,96.0,109200
1674,2005-10-14,673,6,7,3,96.0,101500
1675,2005-10-17,269,2,6,9,251.0,68400
1676,2005-10-18,448,4,4,8,75.0,133800
1677,2005-10-19,288,2,8,8,91.0,96800
1678,2005-10-20,775,7,7,5,143.0,108700
1679,2005-10-21,650,6,5,0,79.0,133100
1680,2005-10-24,832,8,3,2,152.0,88300
1681,2005-10-25,741,7,4,1,121.0,70600
1682,2005-10-26,237,2,3,7,118.0,86400
1683,2005-10-27,797,7,9,7,95.0,129600
1684,2005-10-28,461,4,6,1,120.0,105200
1685,2005-10-31,453,4,5,3,159.0,98400
1686,2005-11-01,015,0,1,5,97.0,115900
1687,2005-11-02,097,0,9,7,90.0,134400
1688,2005-11-03,918,9,1,8,210.0,55100
1689,2005-11-04,357,3,5,7,308.0,53800
1690,2005-11-07,559,5,5,9,158.0,121600
1691,2005-11-08,180,1,8,0,77.0,108300
1692,2005-11-09,538,5,3,8,191.0,57000
1693,2005-11-10,906,9,0,6,115.0,103500
1694,2005-11-11,808,8,0,8,140.0,96300
1695,2005-11-14,639,6,3,9,193.0,74000
1696,2005-11-15,948,9,4,8,66.0,121700
1697,2005-11-16,893,8,9,3,148.0,82200
1698,2005-11-17,533,5,3,3,99.0,101800
1699,2005-11-18,047,0,4,7,97.0,116500
1700,2005-11-21,844,8,4,4,105.0,138400
1701,2005-11-22,678,6,7,8,95.0,103700
1702,2005-11-23,469,4,6,9,137.0,77600
1703,2005-11-24,449,4,4,9,147.0,101700
1704,2005-11-25,924,9,2,4,184.0,72000
1705,2005-11-28,759,7,5,9,154.0,117600
1706,2005-11-29,855,8,5,5,99.0,101200
1707,2005-11-30,104,1,0,4,160.0,92600
1708,2005-12-01,463,4,6,3,168.0,81200
1709,2005-12-02,477,4,7,7,129.0,100200
1710,2005-12-05,692,6,9,2,137.0,94100
1711,2005-12-06,803,8,0,3,205.0,81000
1712,2005-12-07,280,2,8,0,80.0,118700
1713,2005-12-08,101,1,0,1,179.0,94700
1714,2005-12-09,347,3,4,7,121.0,85400
1715,2005-12-12,846,8,4,6,145.0,93500
1716,2005-12-13,792,7,9,2,108.0,91100
1717,2005-12-14,610,6,1,0,141.0,91200
1718,2005-12-15,161,1,6,1,107.0,113200
1719,2005-12-16,257,2,5,7,248.0,56300
1720,2005-12-19,028,0,2,8,137.0,110900
1721,2005-12-20,033,0,3,3,134.0,96500
1722,2005-12-21,863,8,6,3,126.0,79100
1723,2005-12-22,164,1,6,4,144.0,90200
1724,2005-12-23,616,6,1,6,175.0,81600
1725,2005-12-26,916,9,1,6,174.0,92900
1726,2005-12-27,836,8,3,6,142.0,80400
1727,2005-12-28,646,6,4,6,113.0,122500
1728,2005-12-29,908,9,0,8,141.0,101800
1729,2005-12-30,062,0,6,2,111.0,113000
1730,2006-01-04,266,2,6,6,117.0,78900
1731,2006-01-05,998,9,9,8,93.0,118300
1732,2006-01-06,119,1,1,9,233.0,66600
1733,2006-01-09,674,6,7,4,127.0,111600
1734,2006-01-10,897,8,9,7,114.0,78400
1735,2006-01-11,733,7,3,3,103.0,100600
1736,2006-01-12,675,6,7,5,99.0,111700
1737,2006-01-13,433,4,3,3,105.0,131200
1738,2006-01-16,771,7,7,1,163.0,126700
1739,2006-01-17,884,8,8,4,165.0,99500
1740,2006-01-18,801,8,0,1,105.0,109700
1741,2006-01-19,503,5,0,3,137.0,107800
1742,2006-01-20,916,9,1,6,155.0,94600
1743,2006-01-23,846,8,4,6,199.0,84900
1744,2006-01-24,188,1,8,8,125.0,96100
1745,2006-01-25,979,9,7,9,92.0,116900
1746,2006-01-26,293,2,9,3,125.0,100800
1747,2006-01-27,562,5,6,2,104.0,99500
1748,2006-01-30,021,0,2,1,131.0,107700
1749,2006-01-31,696,6,9,6,138.0,102800
1750,2006-02-01,870,8,7,0,79.0,126400
1751,2006-02-02,634,6,3,4,148.0,88700
1752,2006-02-03,092,0,9,2,79.0,129400
1753,2006-02-06,086,0,8,6,116.0,127200
1754,2006-02-07,559,5,5,9,116.0,103200
1755,2006-02-08,571,5,7,1,127.0,88600
1756,2006-02-09,029,0,2,9,145.0,84800
1757,2006-02-10,064,0,6,4,86.0,127200
1758,2006-02-13,148,1,4,8,186.0,87600
1759,2006-02-14,358,3,5,8,254.0,52800
1760,2006-02-15,399,3,9,9,129.0,98900
1761,2006-02-16,901,9,0,1,219.0,64900
1762,2006-02-17,484,4,8,4,115.0,110400
1763,2006-02-20,606,6,0,6,172.0,105200
1764,2006-02-21,433,4,3,3,96.0,116700
1765,2006-02-22,131,1,3,1,128.0,89900
1766,2006-02-23,455,4,5,5,138.0,100300
1767,2006-02-24,965,9,6,5,95.0,117200
1768,2006-02-27,743,7,4,3,214.0,94500
1769,2006-02-28,617,6,1,7,150.0,82900
1770,2006-03-01,755,7,5,5,135.0,113300
1771,2006-03-02,679,6,7,9,137.0,117700
1772,2006-03-03,643,6,4,3,129.0,96800
1773,2006-03-06,032,0,3,2,136.0,111300
1774,2006-03-07,431,4,3,1,146.0,93100
1775,2006-03-08,050,0,5,0,104.0,135300
1776,2006-03-09,259,2,5,9,177.0,78400
1777,2006-03-10,331,3,3,1,190.0,77300
1778,2006-03-13,831,8,3,1,265.0,70300
1779,2006-03-14,321,3,2,1,186.0,72900
1780,2006-03-15,164,1,6,4,124.0,92100
1781,2006-03-16,020,0,2,0,66.0,182100
1782,2006-03-17,435,4,3,5,107.0,102200
1783,2006-03-20,790,7,9,0,118.0,126400
1784,2006-03-21,955,9,5,5,96.0,107400
1785,2006-03-22,645,6,4,5,155.0,78200
1786,2006-03-23,323,3,2,3,792.0,25400
1787,2006-03-24,678,6,7,8,132.0,76800
1788,2006-03-27,740,7,4,0,92.0,145900
1789,2006-03-28,794,7,9,4,140.0,84400
1790,2006-03-29,619,6,1,9,168.0,82600
1791,2006-03-30,853,8,5,3,133.0,72200
1792,2006-03-31,261,2,6,1,115.0,98600
1793,2006-04-03,630,6,3,0,307.0,70700
1794,2006-04-04,028,0,2,8,86.0,113800
1795,2006-04-05,439,4,3,9,155.0,81400
1796,2006-04-06,587,5,8,7,156.0,80300
1797,2006-04-07,829,8,2,9,160.0,89800
1798,2006-04-10,748,7,4,8,155.0,100500
1799,2006-04-11,490,4,9,0,106.0,88300
1800,2006-04-12,483,4,8,3,111.0,104100
1801,2006-04-13,575,5,7,5,105.0,117000
1802,2006-04-14,372,3,7,2,272.0,65100
1803,2006-04-17,575,5,7,5,146.0,131600
1804,2006-04-18,273,2,7,3,207.0,67600
1805,2006-04-19,115,1,1,5,243.0,74700
1806,2006-04-20,872,8,7,2,82.0,112800
1807,2006-04-21,036,0,3,6,163.0,85600
1808,2006-04-24,422,4,2,2,493.0,49400
1809,2006-04-25,913,9,1,3,143.0,83300
1810,2006-04-26,940,9,4,0,73.0,118400
1811,2006-04-27,528,5,2,8,232.0,61600
1812,2006-04-28,326,3,2,6,242.0,61600
1813,2006-05-01,686,6,8,6,162.0,109500
1814,2006-05-02,735,7,3,5,205.0,60600
1815,2006-05-03,049,0,4,9,67.0,113000
1816,2006-05-04,861,8,6,1,110.0,90800
1817,2006-05-05,074,0,7,4,67.0,137300
1818,2006-05-08,387,3,8,7,172.0,82500
1819,2006-05-09,212,2,1,2,128.0,95600
1820,2006-05-10,694,6,9,4,97.0,104200
1821,2006-05-11,994,9,9,4,148.0,105700
1822,2006-05-12,176,1,7,6,101.0,113000
1823,2006-05-15,109,1,0,9,242.0,81200
1824,2006-05-16,423,4,2,3,167.0,69600
1825,2006-05-17,694,6,9,4,77.0,111700
1826,2006-05-18,299,2,9,9,73.0,122200
1827,2006-05-19,908,9,0,8,99.0,108000
1828,2006-05-22,493,4,9,3,108.0,124000
1829,2006-05-23,962,9,6,2,74.0,102800
1830,2006-05-24,287,2,8,7,85.0,100200
1831,2006-05-25,941,9,4,1,96.0,107200
1832,2006-05-26,598,5,9,8,91.0,132600
1833,2006-05-29,873,8,7,3,173.0,87300
1834,2006-05-30,293,2,9,3,116.0,87300
1835,2006-05-31,896,8,9,6,105.0,95200
1836,2006-06-01,792,7,9,2,104.0,82700
1837,2006-06-02,198,1,9,8,122.0,69500
1838,2006-06-05,173,1,7,3,203.0,82000
1839,2006-06-06,850,8,5,0,92.0,106200
1840,2006-06-07,795,7,9,5,100.0,106200
1841,2006-06-08,858,8,5,8,108.0,94800
1842,2006-06-09,640,6,4,0,86.0,120900
1843,2006-06-12,269,2,6,9,195.0,74400
1844,2006-06-13,178,1,7,8,151.0,69500
1845,2006-06-14,333,3,3,3,538.0,72100
1846,2006-06-15,862,8,6,2,83.0,94500
1847,2006-06-16,612,6,1,2,212.0,64800
1848,2006-06-19,696,6,9,6,126.0,118800
1849,2006-06-20,127,1,2,7,237.0,67900
1850,2006-06-21,691,6,9,1,97.0,81700
1851,2006-06-22,150,1,5,0,166.0,104500
1852,2006-06-23,572,5,7,2,174.0,74400
1853,2006-06-26,420,4,2,0,167.0,103300
1854,2006-06-27,980,9,8,0,71.0,129400
1855,2006-06-28,567,5,6,7,111.0,95400
1856,2006-06-29,618,6,1,8,215.0,64900
1857,2006-06-30,218,2,1,8,151.0,77700
1858,2006-07-03,878,8,7,8,148.0,115500
1859,2006-07-04,878,8,7,8,122.0,106800
1860,2006-07-05,117,1,1,7,251.0,62100
1861,2006-07-06,095,0,9,5,91.0,118600
1862,2006-07-07,890,8,9,0,134.0,82800
1863,2006-07-10,236,2,3,6,182.0,78100
1864,2006-07-11,926,9,2,6,129.0,79300
1865,2006-07-12,299,2,9,9,111.0,100700
1866,2006-07-13,675,6,7,5,81.0,121100
1867,2006-07-14,702,7,0,2,192.0,88100
1868,2006-07-17,733,7,3,3,117.0,99400
1869,2006-07-18,544,5,4,4,118.0,92200
1870,2006-07-19,847,8,4,7,113.0,106500
1871,2006-07-20,973,9,7,3,78.0,97300
1872,2006-07-21,496,4,9,6,133.0,79600
1873,2006-07-24,638,6,3,8,393.0,44200
1874,2006-07-25,806,8,0,6,85.0,125800
1875,2006-07-26,666,6,6,6,623.0,64400
1876,2006-07-27,129,1,2,9,181.0,67300
1877,2006-07-28,190,1,9,0,156.0,71200
1878,2006-07-31,141,1,4,1,100.0,139000
1879,2006-08-01,742,7,4,2,107.0,80000
1880,2006-08-02,674,6,7,4,111.0,101600
1881,2006-08-03,558,5,5,8,108.0,95700
1882,2006-08-04,914,9,1,4,121.0,97700
1883,2006-08-07,076,0,7,6,69.0,155700
1884,2006-08-08,528,5,2,8,145.0,72800
1885,2006-08-09,051,0,5,1,67.0,134200
1886,2006-08-10,932,9,3,2,77.0,99000
1887,2006-08-11,172,1,7,2,82.0,108800
1888,2006-08-14,370,3,7,0,83.0,105500
1889,2006-08-15,647,6,4,7,103.0,104600
1890,2006-08-16,269,2,6,9,168.0,63500
1891,2006-08-17,924,9,2,4,100.0,85300
1892,2006-08-18,183,1,8,3,108.0,72500
1893,2006-08-21,856,8,5,6,157.0,88400
1894,2006-08-22,273,2,7,3,246.0,59700
1895,2006-08-23,937,9,3,7,100.0,100900
1896,2006-08-24,656,6,5,6,109.0,124000
1897,2006-08-25,924,9,2,4,132.0,94200
1898,2006-08-28,321,3,2,1,196.0,87900
1899,2006-08-29,374,3,7,4,132.0,75400
1900,2006-08-30,845,8,4,5,213.0,66400
1901,2006-08-31,535,5,3,5,103.0,118000
1902,2006-09-01,899,8,9,9,79.0,116100
1903,2006-09-04,349,3,4,9,134.0,97500
1904,2006-09-05,874,8,7,4,165.0,81900
1905,2006-09-06,104,1,0,4,162.0,92400
1906,2006-09-07,522,5,2,2,139.0,98500
1907,2006-09-08,815,8,1,5,151.0,80700
1908,2006-09-11,892,8,9,2,126.0,95600
1909,2006-09-12,859,8,5,9,66.0,133900
1910,2006-09-13,468,4,6,8,161.0,72600
1911,2006-09-14,062,0,6,2,69.0,129500
1912,2006-09-15,019,0,1,9,82.0,109800
1913,2006-09-18,121,1,2,1,191.0,81600
1914,2006-09-19,955,9,5,5,95.0,117100
1915,2006-09-20,918,9,1,8,273.0,47700
1916,2006-09-21,586,5,8,6,115.0,100900
1917,2006-09-22,875,8,7,5,167.0,83200
1918,2006-09-25,402,4,0,2,136.0,113900
1919,2006-09-26,161,1,6,1,96.0,139200
1920,2006-09-27,898,8,9,8,141.0,93000
1921,2006-09-28,890,8,9,0,167.0,66100
1922,2006-09-29,448,4,4,8,106.0,112400
1923,2006-10-02,633,6,3,3,202.0,82100
1924,2006-10-03,461,4,6,1,95.0,101500
1925,2006-10-04,757,7,5,7,149.0,87900
1926,2006-10-05,924,9,2,4,244.0,58500
1927,2006-10-06,813,8,1,3,194.0,56200
1928,2006-10-09,113,1,1,3,277.0,69900
1929,2006-10-10,874,8,7,4,141.0,78600
1930,2006-10-11,402,4,0,2,150.0,85200
1931,2006-10-12,595,5,9,5,102.0,120800
1932,2006-10-13,887,8,8,7,122.0,105200
1933,2006-10-16,559,5,5,9,189.0,93100
1934,2006-10-17,700,7,0,0,110.0,111700
1935,2006-10-18,236,2,3,6,211.0,61500
1936,2006-10-19,113,1,1,3,188.0,78700
1937,2006-10-20,703,7,0,3,188.0,81800
1938,2006-10-23,243,2,4,3,129.0,95300
1939,2006-10-24,286,2,8,6,88.0,104800
1940,2006-10-25,440,4,4,0,102.0,119900
1941,2006-10-26,483,4,8,3,119.0,91300
1942,2006-10-27,850,8,5,0,93.0,127400
1943,2006-10-30,588,5,8,8,224.0,77900
1944,2006-10-31,121,1,2,1,170.0,81700
1945,2006-11-01,855,8,5,5,239.0,64500
1946,2006-11-02,679,6,7,9,169.0,78400
1947,2006-11-03,303,3,0,3,176.0,82900
1948,2006-11-06,992,9,9,2,167.0,97000
1949,2006-11-07,713,7,1,3,130.0,86100
1950,2006-11-08,630,6,3,0,135.0,84200
1951,2006-11-09,663,6,6,3,168.0,68500
1952,2006-11-10,368,3,6,8,178.0,65700
1953,2006-11-13,972,9,7,2,116.0,93300
1954,2006-11-14,131,1,3,1,159.0,69600
1955,2006-11-15,861,8,6,1,91.0,108100
1956,2006-11-16,432,4,3,2,107.0,102400
1957,2006-11-17,414,4,1,4,166.0,76300
1958,2006-11-20,312,3,1,2,197.0,69100
1959,2006-11-21,192,1,9,2,90.0,107000
1960,2006-11-22,460,4,6,0,65.0,143300
1961,2006-11-23,092,0,9,2,66.0,124900
1962,2006-11-24,395,3,9,5,84.0,115400
1963,2006-11-27,697,6,9,7,119.0,127600
1964,2006-11-28,359,3,5,9,151.0,92700
1965,2006-11-29,042,0,4,2,115.0,101300
1966,2006-11-30,826,8,2,6,176.0,72000
1967,2006-12-01,533,5,3,3,131.0,84000
1968,2006-12-04,407,4,0,7,135.0,96700
1969,2006-12-05,675,6,7,5,85.0,98100
1970,2006-12-06,455,4,5,5,101.0,103400
1971,2006-12-07,198,1,9,8,149.0,64900
1972,2006-12-08,058,0,5,8,80.0,110300
1973,2006-12-11,719,7,1,9,201.0,87100
1974,2006-12-12,692,6,9,2,167.0,63400
1975,2006-12-13,049,0,4,9,69.0,110100
1976,2006-12-14,555,5,5,5,732.0,55500
1977,2006-12-15,536,5,3,6,99.0,98200
1978,2006-12-18,649,6,4,9,149.0,90500
1979,2006-12-19,808,8,0,8,158.0,99800
1980,2006-12-20,652,6,5,2,76.0,116900
1981,2006-12-21,778,7,7,8,126.0,105400
1982,2006-12-22,833,8,3,3,132.0,102400
1983,2006-12-25,218,2,1,8,200.0,76700
1984,2006-12-26,258,2,5,8,143.0,69000
1985,2006-12-27,824,8,2,4,163.0,75700
1986,2006-12-28,129,1,2,9,194.0,73100
1987,2006-12-29,061,0,6,1,62.0,123600
1988,2007-01-04,090,0,9,0,134.0,110500
1989,2007-01-05,942,9,4,2,93.0,99400
1990,2007-01-08,726,7,2,6,176.0,86400
1991,2007-01-09,522,5,2,2,121.0,98200
1992,2007-01-10,949,9,4,9,82.0,136200
1993,2007-01-11,438,4,3,8,119.0,90100
1994,2007-01-12,305,3,0,5,169.0,82700
1995,2007-01-15,847,8,4,7,163.0,102600
1996,2007-01-16,581,5,8,1,136.0,79800
1997,2007-01-17,908,9,0,8,178.0,74000
1998,2007-01-18,580,5,8,0,113.0,115600
1999,2007-01-19,900,9,0,0,111.0,118700
2000,2007-01-22,440,4,4,0,125.0,135600
2001,2007-01-23,325,3,2,5,245.0,64000
2002,2007-01-24,567,5,6,7,171.0,84600
2003,2007-01-25,537,5,3,7,164.0,71000
2004,2007-01-26,810,8,1,0,170.0,95200
2005,2007-01-29,525,5,2,5,249.0,90000
2006,2007-01-30,574,5,7,4,146.0,95700
2007,2007-01-31,311,3,1,1,267.0,47700
2008,2007-02-01,624,6,2,4,189.0,69900
2009,2007-02-02,594,5,9,4,252.0,74800
2010,2007-02-05,412,4,1,2,234.0,74800
2011,2007-02-06,815,8,1,5,268.0,72600
2012,2007-02-07,539,5,3,9,115.0,91400
2013,2007-02-08,874,8,7,4,273.0,73800
2014,2007-02-09,008,0,0,8,205.0,104100
2015,2007-02-12,842,8,4,2,133.0,88300
2016,2007-02-13,268,2,6,8,129.0,85700
2017,2007-02-14,315,3,1,5,246.0,54500
2018,2007-02-15,453,4,5,3,145.0,80300
2019,2007-02-16,519,5,1,9,239.0,75200
2020,2007-02-19,449,4,4,9,146.0,110200
2021,2007-02-20,027,0,2,7,95.0,101200
2022,2007-02-21,240,2,4,0,83.0,102500
2023,2007-02-22,705,7,0,5,182.0,94000
2024,2007-02-23,939,9,3,9,104.0,122500
2025,2007-02-26,964,9,6,4,157.0,94000
2026,2007-02-27,160,1,6,0,75.0,134900
2027,2007-02-28,172,1,7,2,134.0,92600
2028,2007-03-01,378,3,7,8,183.0,71300
2029,2007-03-02,308,3,0,8,171.0,80600
2030,2007-03-05,321,3,2,1,257.0,70200
2031,2007-03-06,477,4,7,7,104.0,114000
2032,2007-03-07,974,9,7,4,112.0,92300
2033,2007-03-08,417,4,1,7,217.0,61800
2034,2007-03-09,938,9,3,8,126.0,91500
2035,2007-03-12,415,4,1,5,313.0,69600
2036,2007-03-13,403,4,0,3,87.0,127200
2037,2007-03-14,971,9,7,1,117.0,115400
2038,2007-03-15,977,9,7,7,160.0,91600
2039,2007-03-16,231,2,3,1,117.0,108500
2040,2007-03-19,732,7,3,2,144.0,90000
2041,2007-03-20,149,1,4,9,187.0,77300
2042,2007-03-21,550,5,5,0,89.0,115600
2043,2007-03-22,334,3,3,4,90.0,137300
2044,2007-03-23,034,0,3,4,89.0,117400
2045,2007-03-26,632,6,3,2,186.0,63300
2046,2007-03-27,707,7,0,7,73.0,155500
2047,2007-03-28,001,0,0,1,84.0,178300
2048,2007-03-29,984,9,8,4,83.0,115900
2049,2007-03-30,771,7,7,1,85.0,131600
2050,2007-04-02,746,7,4,6,181.0,86400
2051,2007-04-03,330,3,3,0,242.0,63700
2052,2007-04-04,121,1,2,1,162.0,77700
2053,2007-04-05,368,3,6,8,171.0,72300
2054,2007-04-06,379,3,7,9,138.0,84600
2055,2007-04-09,266,2,6,6,130.0,115300
2056,2007-04-10,646,6,4,6,95.0,122000
2057,2007-04-11,165,1,6,5,125.0,94500
2058,2007-04-12,715,7,1,5,168.0,68400
2059,2007-04-13,183,1,8,3,132.0,81600
2060,2007-04-16,223,2,2,3,212.0,85600
2061,2007-04-17,974,9,7,4,102.0,93600
2062,2007-04-18,621,6,2,1,140.0,84300
2063,2007-04-19,519,5,1,9,157.0,82400
2064,2007-04-20,926,9,2,6,177.0,64900
2065,2007-04-23,301,3,0,1,149.0,102200
2066,2007-04-24,456,4,5,6,152.0,83000
2067,2007-04-25,123,1,2,3,362.0,43200
2068,2007-04-26,157,1,5,7,141.0,103100
2069,2007-04-27,306,3,0,6,144.0,90900
2070,2007-04-30,701,7,0,1,137.0,114000
2071,2007-05-01,654,6,5,4,146.0,97700
2072,2007-05-02,399,3,9,9,92.0,119900
2073,2007-05-03,231,2,3,1,113.0,63900
2074,2007-05-04,172,1,7,2,99.0,104700
2075,2007-05-07,302,3,0,2,233.0,85800
2076,2007-05-08,827,8,2,7,204.0,75400
2077,2007-05-09,936,9,3,6,114.0,74800
2078,2007-05-10,466,4,6,6,87.0,133400
2079,2007-05-11,725,7,2,5,180.0,70100
2080,2007-05-14,594,5,9,4,172.0,99100
2081,2007-05-15,716,7,1,6,148.0,84800
2082,2007-05-16,178,1,7,8,161.0,84500
2083,2007-05-17,544,5,4,4,78.0,131500
2084,2007-05-18,826,8,2,6,185.0,72800
2085,2007-05-21,522,5,2,2,376.0,57800
2086,2007-05-22,803,8,0,3,117.0,103400
2087,2007-05-23,821,8,2,1,175.0,74400
2088,2007-05-24,407,4,0,7,125.0,103500
2089,2007-05-25,353,3,5,3,102.0,100100
2090,2007-05-28,642,6,4,2,171.0,76500
2091,2007-05-29,428,4,2,8,205.0,65200
2092,2007-05-30,156,1,5,6,141.0,94100
2093,2007-05-31,386,3,8,6,133.0,78600
2094,2007-06-01,392,3,9,2,124.0,95400
2095,2007-06-04,242,2,4,2,128.0,118900
2096,2007-06-05,556,5,5,6,111.0,103500
2097,2007-06-06,045,0,4,5,86.0,117800
2098,2007-06-07,405,4,0,5,200.0,87400
2099,2007-06-08,032,0,3,2,66.0,136400
2100,2007-06-11,642,6,4,2,182.0,69100
2101,2007-06-12,135,1,3,5,193.0,55000
2102,2007-06-13,560,5,6,0,98.0,107000
2103,2007-06-14,989,9,8,9,94.0,91900
2104,2007-06-15,236,2,3,6,201.0,65600
2105,2007-06-18,222,2,2,2,647.0,83400
2106,2007-06-19,584,5,8,4,73.0,126200
2107,2007-06-20,791,7,9,1,96.0,93800
2108,2007-06-21,106,1,0,6,136.0,91200
2109,2007-06-22,757,7,5,7,65.0,131700
2110,2007-06-25,859,8,5,9,91.0,138600
2111,2007-06-26,925,9,2,5,150.0,70600
2112,2007-06-27,482,4,8,2,116.0,80500
2113,2007-06-28,278,2,7,8,123.0,88600
2114,2007-06-29,453,4,5,3,123.0,99400
2115,2007-07-02,447,4,4,7,175.0,101300
2116,2007-07-03,656,6,5,6,109.0,110200
2117,2007-07-04,012,0,1,2,103.0,96800
2118,2007-07-05,055,0,5,5,115.0,109900
2119,2007-07-06,128,1,2,8,208.0,69200
2120,2007-07-09,591,5,9,1,115.0,119500
2121,2007-07-10,170,1,7,0,76.0,90600
2122,2007-07-11,778,7,7,8,97.0,111000
2123,2007-07-12,586,5,8,6,93.0,111600
2124,2007-07-13,867,8,6,7,119.0,90700
2125,2007-07-16,864,8,6,4,120.0,107100
2126,2007-07-17,398,3,9,8,147.0,94500
2127,2007-07-18,752,7,5,2,101.0,81700
2128,2007-07-19,600,6,0,0,102.0,133700
2129,2007-07-20,089,0,8,9,150.0,78500
2130,2007-07-23,857,8,5,7,138.0,91800
2131,2007-07-24,287,2,8,7,109.0,94000
2132,2007-07-25,938,9,3,8,94.0,102000
2133,2007-07-26,818,8,1,8,161.0,80600
2134,2007-07-27,391,3,9,1,107.0,96900
2135,2007-07-30,254,2,5,4,116.0,92500
2136,2007-07-31,971,9,7,1,70.0,115300
2137,2007-08-01,931,9,3,1,81.0,111400
2138,2007-08-02,498,4,9,8,89.0,115900
2139,2007-08-03,509,5,0,9,141.0,79300
2140,2007-08-06,318,3,1,8,224.0,68100
2141,2007-08-07,081,0,8,1,66.0,123100
2142,2007-08-08,112,1,1,2,124.0,85700
2143,2007-08-09,987,9,8,7,106.0,73600
2144,2007-08-10,189,1,8,9,208.0,41100
2145,2007-08-13,700,7,0,0,53.0,157400
2146,2007-08-14,035,0,3,5,100.0,107500
2147,2007-08-15,478,4,7,8,101.0,82900
2148,2007-08-16,822,8,2,2,138.0,85500
2149,2007-08-17,703,7,0,3,145.0,79600
2150,2007-08-20,975,9,7,5,89.0,125300
2151,2007-08-21,912,9,1,2,120.0,83000
2152,2007-08-22,730,7,3,0,90.0,114600
2153,2007-08-23,152,1,5,2,91.0,95400
2154,2007-08-24,830,8,3,0,143.0,89900
2155,2007-08-27,494,4,9,4,82.0,146200
2156,2007-08-28,239,2,3,9,94.0,95100
2157,2007-08-29,678,6,7,8,141.0,77100
2158,2007-08-30,585,5,8,5,160.0,73600
2159,2007-08-31,387,3,8,7,108.0,87900
2160,2007-09-03,353,3,5,3,150.0,94100
2161,2007-09-04,626,6,2,6,124.0,91900
2162,2007-09-05,677,6,7,7,99.0,117600
2163,2007-09-06,571,5,7,1,72.0,94200
2164,2007-09-07,150,1,5,0,97.0,118100
2165,2007-09-10,400,4,0,0,214.0,88700
2166,2007-09-11,092,0,9,2,72.0,105600
2167,2007-09-12,198,1,9,8,136.0,61800
2168,2007-09-13,169,1,6,9,88.0,96200
2169,2007-09-14,618,6,1,8,151.0,73600
2170,2007-09-17,755,7,5,5,125.0,92000
2171,2007-09-18,233,2,3,3,98.0,100700
2172,2007-09-19,673,6,7,3,79.0,101500
2173,2007-09-20,145,1,4,5,110.0,94200
2174,2007-09-21,461,4,6,1,97.0,92500
2175,2007-09-24,938,9,3,8,109.0,103400
2176,2007-09-25,762,7,6,2,86.0,99000
2177,2007-09-26,691,6,9,1,80.0,112200
2178,2007-09-27,842,8,4,2,102.0,96200
2179,2007-09-28,009,0,0,9,140.0,105400
2180,2007-10-01,644,6,4,4,98.0,122600
2181,2007-10-02,809,8,0,9,82.0,103400
2182,2007-10-03,958,9,5,8,84.0,113800
2183,2007-10-04,863,8,6,3,143.0,66800
2184,2007-10-05,236,2,3,6,131.0,72800
2185,2007-10-08,525,5,2,5,184.0,87800
2186,2007-10-09,744,7,4,4,107.0,123800
2187,2007-10-10,884,8,8,4,97.0,113600
2188,2007-10-11,785,7,8,5,93.0,97800
2189,2007-10-12,561,5,6,1,85.0,106600
2190,2007-10-15,278,2,7,8,158.0,79800
2191,2007-10-16,864,8,6,4,141.0,83900
2192,2007-10-17,757,7,5,7,112.0,86600
2193,2007-10-18,832,8,3,2,115.0,82100
2194,2007-10-19,966,9,6,6,102.0,102400
2195,2007-10-22,604,6,0,4,111.0,121900
2196,2007-10-23,171,1,7,1,102.0,104700
2197,2007-10-24,391,3,9,1,113.0,90400
2198,2007-10-25,614,6,1,4,130.0,84600
2199,2007-10-26,685,6,8,5,56.0,108100
2200,2007-10-29,130,1,3,0,161.0,95800
2201,2007-10-30,079,0,7,9,114.0,105200
2202,2007-10-31,675,6,7,5,109.0,98000
2203,2007-11-01,038,0,3,8,73.0,117800
2204,2007-11-02,254,2,5,4,100.0,97800
2205,2007-11-05,018,0,1,8,97.0,124200
2206,2007-11-06,928,9,2,8,145.0,74000
2207,2007-11-07,418,4,1,8,125.0,86400
2208,2007-11-08,955,9,5,5,113.0,80400
2209,2007-11-09,409,4,0,9,149.0,80600
2210,2007-11-12,638,6,3,8,313.0,52100
2211,2007-11-13,334,3,3,4,92.0,115200
2212,2007-11-14,785,7,8,5,71.0,111500
2213,2007-11-15,892,8,9,2,89.0,98100
2214,2007-11-16,679,6,7,9,114.0,98500
2215,2007-11-19,762,7,6,2,96.0,119400
2216,2007-11-20,652,6,5,2,94.0,99700
2217,2007-11-21,145,1,4,5,131.0,79100
2218,2007-11-22,013,0,1,3,128.0,88400
2219,2007-11-23,601,6,0,1,100.0,101900
2220,2007-11-26,781,7,8,1,90.0,120600
2221,2007-11-27,395,3,9,5,80.0,100400
2222,2007-11-28,373,3,7,3,119.0,91000
2223,2007-11-29,361,3,6,1,136.0,72500
2224,2007-11-30,326,3,2,6,151.0,68600
2225,2007-12-03,469,4,6,9,177.0,79500
2226,2007-12-04,517,5,1,7,149.0,70000
2227,2007-12-05,515,5,1,5,170.0,82000
2228,2007-12-06,426,4,2,6,176.0,61900
2229,2007-12-07,306,3,0,6,107.0,85900
2230,2007-12-10,839,8,3,9,155.0,79800
2231,2007-12-11,943,9,4,3,104.0,99400
2232,2007-12-12,580,5,8,0,70.0,107900
2233,2007-12-13,033,0,3,3,122.0,93100
2234,2007-12-14,579,5,7,9,119.0,105400
2235,2007-12-17,888,8,8,8,855.0,61200
2236,2007-12-18,761,7,6,1,101.0,100700
2237,2007-12-19,896,8,9,6,128.0,87500
2238,2007-12-20,538,5,3,8,188.0,50500
2239,2007-12-21,958,9,5,8,101.0,99500
2240,2007-12-24,768,7,6,8,108.0,97400
2241,2007-12-25,294,2,9,4,142.0,75800
2242,2007-12-26,304,3,0,4,114.0,108000
2243,2007-12-27,715,7,1,5,139.0,75000
2244,2007-12-28,182,1,8,2,175.0,70300
2245,2008-01-04,029,0,2,9,142.0,91400
2246,2008-01-07,965,9,6,5,127.0,115000
2247,2008-01-08,682,6,8,2,132.0,80800
2248,2008-01-09,443,4,4,3,228.0,85500
2249,2008-01-10,972,9,7,2,104.0,88300
2250,2008-01-11,900,9,0,0,130.0,113900
2251,2008-01-14,978,9,7,8,144.0,79500
2252,2008-01-15,651,6,5,1,106.0,81700
2253,2008-01-16,178,1,7,8,185.0,73200
2254,2008-01-17,810,8,1,0,124.0,88400
2255,2008-01-18,066,0,6,6,88.0,120500
2256,2008-01-21,875,8,7,5,167.0,84600
2257,2008-01-22,297,2,9,7,146.0,78200
2258,2008-01-23,390,3,9,0,112.0,91600
2259,2008-01-24,018,0,1,8,70.0,118600
2260,2008-01-25,004,0,0,4,72.0,160800
2261,2008-01-28,982,9,8,2,133.0,87100
2262,2008-01-29,488,4,8,8,78.0,141200
2263,2008-01-30,514,5,1,4,147.0,84100
2264,2008-01-31,309,3,0,9,141.0,96000
2265,2008-02-01,170,1,7,0,85.0,122600
2266,2008-02-04,122,1,2,2,217.0,79400
2267,2008-02-05,699,6,9,9,108.0,104500
2268,2008-02-06,745,7,4,5,148.0,82600
2269,2008-02-07,014,0,1,4,84.0,114500
2270,2008-02-08,086,0,8,6,66.0,130000
2271,2008-02-11,014,0,1,4,109.0,127300
2272,2008-02-12,610,6,1,0,125.0,88600
2273,2008-02-13,569,5,6,9,106.0,108300
2274,2008-02-14,705,7,0,5,110.0,97800
2275,2008-02-15,435,4,3,5,98.0,102700
2276,2008-02-18,599,5,9,9,164.0,122500
2277,2008-02-19,802,8,0,2,91.0,100200
2278,2008-02-20,215,2,1,5,261.0,57200
2279,2008-02-21,276,2,7,6,90.0,96000
2280,2008-02-22,175,1,7,5,115.0,77800
2281,2008-02-25,128,1,2,8,242.0,61400
2282,2008-02-26,472,4,7,2,83.0,96800
2283,2008-02-27,348,3,4,8,135.0,76700
2284,2008-02-28,956,9,5,6,115.0,87800
2285,2008-02-29,616,6,1,6,181.0,91100
2286,2008-03-03,648,6,4,8,203.0,83200
2287,2008-03-04,199,1,9,9,73.0,151400
2288,2008-03-05,022,0,2,2,96.0,111200
2289,2008-03-06,858,8,5,8,63.0,133100
2290,2008-03-07,842,8,4,2,80.0,99600
2291,2008-03-10,686,6,8,6,153.0,106500
2292,2008-03-11,685,6,8,5,91.0,101500
2293,2008-03-12,633,6,3,3,174.0,81300
2294,2008-03-13,139,1,3,9,90.0,95200
2295,2008-03-14,317,3,1,7,256.0,55900
2296,2008-03-17,281,2,8,1,149.0,86000
2297,2008-03-18,440,4,4,0,102.0,104400
2298,2008-03-19,240,2,4,0,80.0,89800
2299,2008-03-20,418,4,1,8,137.0,65400
2300,2008-03-21,411,4,1,1,125.0,85900
2301,2008-03-24,048,0,4,8,124.0,99500
2302,2008-03-25,849,8,4,9,80.0,110500
2303,2008-03-26,022,0,2,2,70.0,143600
2304,2008-03-27,631,6,3,1,100.0,91800
2305,2008-03-28,197,1,9,7,136.0,80700
2306,2008-03-31,909,9,0,9,196.0,96200
2307,2008-04-01,401,4,0,1,341.0,44000
2308,2008-04-02,601,6,0,1,85.0,92200
2309,2008-04-03,279,2,7,9,106.0,98300
2310,2008-04-04,889,8,8,9,107.0,101500
2311,2008-04-07,457,4,5,7,114.0,114700
2312,2008-04-08,478,4,7,8,142.0,64600
2313,2008-04-09,412,4,1,2,162.0,69800
2314,2008-04-10,499,4,9,9,108.0,94600
2315,2008-04-11,946,9,4,6,139.0,67300
2316,2008-04-14,422,4,2,2,183.0,86600
2317,2008-04-15,165,1,6,5,133.0,94000
2318,2008-04-16,230,2,3,0,91.0,115900
2319,2008-04-17,237,2,3,7,109.0,84300
2320,2008-04-18,617,6,1,7,131.0,87200
2321,2008-04-21,668,6,6,8,108.0,132900
2322,2008-04-22,679,6,7,9,185.0,75000
2323,2008-04-23,621,6,2,1,134.0,73500
2324,2008-04-24,774,7,7,4,155.0,92700
2325,2008-04-25,117,1,1,7,190.0,71200
2326,2008-04-28,670,6,7,0,121.0,127500
2327,2008-04-29,212,2,1,2,111.0,100400
2328,2008-04-30,724,7,2,4,214.0,58100
2329,2008-05-01,162,1,6,2,103.0,91100
2330,2008-05-02,751,7,5,1,98.0,76200
2331,2008-05-05,779,7,7,9,88.0,135300
2332,2008-05-06,627,6,2,7,211.0,52400
2333,2008-05-07,046,0,4,6,113.0,115500
2334,2008-05-08,276,2,7,6,83.0,91400
2335,2008-05-09,655,6,5,5,126.0,89200
2336,2008-05-12,970,9,7,0,71.0,170100
2337,2008-05-13,907,9,0,7,131.0,101500
2338,2008-05-14,357,3,5,7,178.0,66100
2339,2008-05-15,302,3,0,2,96.0,117300
2340,2008-05-16,119,1,1,9,144.0,86300
2341,2008-05-19,728,7,2,8,176.0,70400
2342,2008-05-20,874,8,7,4,117.0,77800
2343,2008-05-21,950,9,5,0,76.0,131000
2344,2008-05-22,677,6,7,7,145.0,95500
2345,2008-05-23,316,3,1,6,210.0,66700
2346,2008-05-26,613,6,1,3,209.0,70700
2347,2008-05-27,183,1,8,3,75.0,85300
2348,2008-05-28,975,9,7,5,68.0,114800
2349,2008-05-29,842,8,4,2,86.0,82700
2350,2008-05-30,772,7,7,2,118.0,91400
2351,2008-06-02,342,3,4,2,89.0,115300
2352,2008-06-03,041,0,4,1,46.0,127700
2353,2008-06-04,471,4,7,1,153.0,67500
2354,2008-06-05,739,7,3,9,124.0,85700
2355,2008-06-06,453,4,5,3,99.0,105700
2356,2008-06-09,091,0,9,1,70.0,126700
2357,2008-06-10,596,5,9,6,114.0,100900
2358,2008-06-11,704,7,0,4,108.0,103300
2359,2008-06-12,538,5,3,8,123.0,69800
2360,2008-06-13,272,2,7,2,84.0,112800
2361,2008-06-16,474,4,7,4,147.0,108600
2362,2008-06-17,809,8,0,9,86.0,98200
2363,2008-06-18,215,2,1,5,121.0,77500
2364,2008-06-19,401,4,0,1,100.0,103600
2365,2008-06-20,070,0,7,0,63.0,148500
2366,2008-06-23,991,9,9,1,139.0,121900
2367,2008-06-24,777,7,7,7,879.0,44200
2368,2008-06-25,597,5,9,7,107.0,100900
2369,2008-06-26,009,0,0,9,85.0,115600
2370,2008-06-27,816,8,1,6,165.0,75700
2371,2008-06-30,960,9,6,0,162.0,97000
2372,2008-07-01,856,8,5,6,65.0,116100
2373,2008-07-02,703,7,0,3,239.0,59600
2374,2008-07-03,943,9,4,3,95.0,111500
2375,2008-07-04,618,6,1,8,179.0,75000
2376,2008-07-07,271,2,7,1,160.0,78300
2377,2008-07-08,202,2,0,2,203.0,84900
2378,2008-07-09,808,8,0,8,145.0,93200
2379,2008-07-10,200,2,0,0,122.0,105600
2380,2008-07-11,372,3,7,2,132.0,84500
2381,2008-07-14,286,2,8,6,112.0,96000
2382,2008-07-15,141,1,4,1,80.0,120800
2383,2008-07-16,568,5,6,8,153.0,90700
2384,2008-07-17,066,0,6,6,62.0,119500
2385,2008-07-18,733,7,3,3,75.0,102600
2386,2008-07-21,141,1,4,1,87.0,130000
2387,2008-07-22,626,6,2,6,107.0,92100
2388,2008-07-23,475,4,7,5,109.0,97600
2389,2008-07-24,142,1,4,2,77.0,97700
2390,2008-07-25,271,2,7,1,93.0,84400
2391,2008-07-28,900,9,0,0,111.0,117600
2392,2008-07-29,325,3,2,5,168.0,72700
2393,2008-07-30,963,9,6,3,80.0,93600
2394,2008-07-31,008,0,0,8,81.0,137300
2395,2008-08-01,169,1,6,9,96.0,101500
2396,2008-08-04,003,0,0,3,127.0,111900
2397,2008-08-05,531,5,3,1,137.0,71800
2398,2008-08-06,140,1,4,0,76.0,98700
2399,2008-08-07,801,8,0,1,114.0,80900
2400,2008-08-08,703,7,0,3,154.0,79200
2401,2008-08-11,117,1,1,7,242.0,57500
2402,2008-08-12,928,9,2,8,119.0,74800
2403,2008-08-13,750,7,5,0,60.0,128800
2404,2008-08-14,158,1,5,8,101.0,79200
2405,2008-08-15,311,3,1,1,103.0,86000
2406,2008-08-18,247,2,4,7,189.0,69700
2407,2008-08-19,812,8,1,2,172.0,61600
2408,2008-08-20,016,0,1,6,64.0,98500
2409,2008-08-21,677,6,7,7,86.0,122100
2410,2008-08-22,551,5,5,1,126.0,105000
2411,2008-08-25,667,6,6,7,152.0,100400
2412,2008-08-26,725,7,2,5,160.0,70000
2413,2008-08-27,764,7,6,4,68.0,113000
2414,2008-08-28,483,4,8,3,111.0,86900
2415,2008-08-29,734,7,3,4,98.0,92800
2416,2008-09-01,200,2,0,0,98.0,135700
2417,2008-09-02,200,2,0,0,75.0,104300
2418,2008-09-03,425,4,2,5,163.0,87400
2419,2008-09-04,532,5,3,2,94.0,99400
2420,2008-09-05,801,8,0,1,99.0,101000
2421,2008-09-08,148,1,4,8,138.0,97700
2422,2008-09-09,417,4,1,7,230.0,54400
2423,2008-09-10,953,9,5,3,96.0,107300
2424,2008-09-11,718,7,1,8,122.0,79500
2425,2008-09-12,621,6,2,1,138.0,74900
2426,2008-09-15,472,4,7,2,162.0,67200
2427,2008-09-16,232,2,3,2,82.0,109800
2428,2008-09-17,748,7,4,8,106.0,95300
2429,2008-09-18,432,4,3,2,115.0,83600
2430,2008-09-19,314,3,1,4,229.0,66900
2431,2008-09-22,675,6,7,5,133.0,99700
2432,2008-09-23,223,2,2,3,124.0,82300
2433,2008-09-24,440,4,4,0,98.0,112700
2434,2008-09-25,544,5,4,4,105.0,110000
2435,2008-09-26,972,9,7,2,77.0,88900
2436,2008-09-29,321,3,2,1,223.0,62600
2437,2008-09-30,817,8,1,7,136.0,83000
2438,2008-10-01,802,8,0,2,100.0,102700
2439,2008-10-02,157,1,5,7,136.0,74400
2440,2008-10-03,234,2,3,4,180.0,65800
2441,2008-10-06,187,1,8,7,92.0,107100
2442,2008-10-07,591,5,9,1,62.0,118900
2443,2008-10-08,015,0,1,5,87.0,104500
2444,2008-10-09,493,4,9,3,94.0,103100
2445,2008-10-10,410,4,1,0,143.0,69200
2446,2008-10-13,468,4,6,8,144.0,87000
2447,2008-10-14,560,5,6,0,49.0,153500
2448,2008-10-15,950,9,5,0,52.0,129400
2449,2008-10-16,136,1,3,6,111.0,79600
2450,2008-10-17,327,3,2,7,202.0,58800
2451,2008-10-20,618,6,1,8,239.0,61600
2452,2008-10-21,053,0,5,3,64.0,138300
2453,2008-10-22,213,2,1,3,137.0,71800
2454,2008-10-23,562,5,6,2,99.0,95400
2455,2008-10-24,247,2,4,7,141.0,64300
2456,2008-10-27,969,9,6,9,123.0,118600
2457,2008-10-28,625,6,2,5,129.0,86600
2458,2008-10-29,942,9,4,2,54.0,111300
2459,2008-10-30,108,1,0,8,160.0,72200
2460,2008-10-31,449,4,4,9,89.0,129000
2461,2008-11-03,226,2,2,6,187.0,84600
2462,2008-11-04,600,6,0,0,69.0,109900
2463,2008-11-05,089,0,8,9,173.0,66200
2464,2008-11-06,150,1,5,0,78.0,114100
2465,2008-11-07,996,9,9,6,83.0,140400
2466,2008-11-10,634,6,3,4,166.0,81800
2467,2008-11-11,758,7,5,8,123.0,82400
2468,2008-11-12,178,1,7,8,237.0,54100
2469,2008-11-13,868,8,6,8,94.0,115100
2470,2008-11-14,654,6,5,4,89.0,95500
2471,2008-11-17,424,4,2,4,150.0,98000
2472,2008-11-18,862,8,6,2,100.0,87900
2473,2008-11-19,278,2,7,8,120.0,78300
2474,2008-11-20,870,8,7,0,52.0,132400
2475,2008-11-21,933,9,3,3,83.0,90000
2476,2008-11-24,560,5,6,0,81.0,138500
2477,2008-11-25,381,3,8,1,124.0,75800
2478,2008-11-26,425,4,2,5,129.0,81700
2479,2008-11-27,020,0,2,0,94.0,101300
2480,2008-11-28,879,8,7,9,62.0,95400
2481,2008-12-01,908,9,0,8,197.0,74500
2482,2008-12-02,415,4,1,5,139.0,78400
2483,2008-12-03,707,7,0,7,102.0,107500
2484,2008-12-04,082,0,8,2,64.0,115300
2485,2008-12-05,588,5,8,8,127.0,97300
2486,2008-12-08,341,3,4,1,161.0,91400
2487,2008-12-09,260,2,6,0,75.0,103100
2488,2008-12-10,927,9,2,7,127.0,73500
2489,2008-12-11,075,0,7,5,67.0,118500
2490,2008-12-12,308,3,0,8,136.0,83400
2491,2008-12-15,420,4,2,0,192.0,79200
2492,2008-12-16,155,1,5,5,79.0,116600
2493,2008-12-17,640,6,4,0,101.0,116200
2494,2008-12-18,669,6,6,9,118.0,98100
2495,2008-12-19,012,0,1,2,128.0,85300
2496,2008-12-22,514,5,1,4,183.0,87200
2497,2008-12-23,630,6,3,0,106.0,77200
2498,2008-12-24,300,3,0,0,159.0,82700
2499,2008-12-25,817,8,1,7,123.0,71400
2500,2008-12-26,885,8,8,5,114.0,105800
2501,2008-12-29,610,6,1,0,221.0,66000
2502,2008-12-30,654,6,5,4,76.0,119400
2503,2009-01-05,534,5,3,4,115.0,97600
2504,2009-01-06,799,7,9,9,105.0,102900
2505,2009-01-07,797,7,9,7,97.0,106800
2506,2009-01-08,724,7,2,4,168.0,67500
2507,2009-01-09,685,6,8,5,121.0,95500
2508,2009-01-12,328,3,2,8,193.0,69600
2509,2009-01-13,001,0,0,1,82.0,110500
2510,2009-01-14,243,2,4,3,93.0,84300
2511,2009-01-15,715,7,1,5,180.0,57300
2512,2009-01-16,308,3,0,8,127.0,90000
2513,2009-01-19,233,2,3,3,121.0,110300
2514,2009-01-20,776,7,7,6,67.0,139900
2515,2009-01-21,828,8,2,8,147.0,87800
2516,2009-01-22,614,6,1,4,187.0,65300
2517,2009-01-23,593,5,9,3,108.0,90300
2518,2009-01-26,509,5,0,9,111.0,103700
2519,2009-01-27,762,7,6,2,69.0,95500
2520,2009-01-28,826,8,2,6,145.0,71000
2521,2009-01-29,845,8,4,5,93.0,99900
2522,2009-01-30,631,6,3,1,119.0,81000
2523,2009-02-02,412,4,1,2,256.0,66700
2524,2009-02-03,461,4,6,1,101.0,101400
2525,2009-02-04,434,4,3,4,89.0,128900
2526,2009-02-05,573,5,7,3,179.0,62500
2527,2009-02-06,147,1,4,7,150.0,70900
2528,2009-02-09,069,0,6,9,161.0,101900
2529,2009-02-10,320,3,2,0,169.0,81800
2530,2009-02-11,776,7,7,6,64.0,162600
2531,2009-02-12,319,3,1,9,171.0,75800
2532,2009-02-13,031,0,3,1,88.0,111300
2533,2009-02-16,529,5,2,9,220.0,77800
2534,2009-02-17,648,6,4,8,200.0,62600
2535,2009-02-18,134,1,3,4,119.0,91200
2536,2009-02-19,133,1,3,3,103.0,81400
2537,2009-02-20,070,0,7,0,55.0,131900
2538,2009-02-23,484,4,8,4,91.0,142300
2539,2009-02-24,686,6,8,6,74.0,124200
2540,2009-02-25,787,7,8,7,241.0,63400
2541,2009-02-26,788,7,8,8,202.0,47200
2542,2009-02-27,660,6,6,0,118.0,117400
2543,2009-03-02,596,5,9,6,183.0,91900
2544,2009-03-03,403,4,0,3,98.0,96200
2545,2009-03-04,660,6,6,0,107.0,118800
2546,2009-03-05,011,0,1,1,100.0,109400
2547,2009-03-06,992,9,9,2,107.0,94000
2548,2009-03-09,779,7,7,9,140.0,93600
2549,2009-03-10,481,4,8,1,64.0,121100
2550,2009-03-11,814,8,1,4,98.0,95100
2551,2009-03-12,571,5,7,1,114.0,79000
2552,2009-03-13,195,1,9,5,105.0,104200
2553,2009-03-16,404,4,0,4,165.0,91100
2554,2009-03-17,828,8,2,8,113.0,98600
2555,2009-03-18,118,1,1,8,192.0,62000
2556,2009-03-19,586,5,8,6,73.0,128300
2557,2009-03-20,050,0,5,0,53.0,114500
2558,2009-03-23,611,6,1,1,159.0,88500
2559,2009-03-24,445,4,4,5,108.0,99500
2560,2009-03-25,753,7,5,3,154.0,76600
2561,2009-03-26,667,6,6,7,134.0,88100
2562,2009-03-27,117,1,1,7,273.0,47300
2563,2009-03-30,413,4,1,3,261.0,71100
2564,2009-03-31,566,5,6,6,111.0,101900
2565,2009-04-01,597,5,9,7,64.0,138300
2566,2009-04-02,308,3,0,8,157.0,77700
2567,2009-04-03,477,4,7,7,114.0,100500
2568,2009-04-06,890,8,9,0,110.0,104000
2569,2009-04-07,283,2,8,3,101.0,98200
2570,2009-04-08,472,4,7,2,94.0,72000
2571,2009-04-09,169,1,6,9,81.0,94100
2572,2009-04-10,400,4,0,0,203.0,60200
2573,2009-04-13,910,9,1,0,140.0,79200
2574,2009-04-14,396,3,9,6,89.0,92500
2575,2009-04-15,401,4,0,1,132.0,76600
2576,2009-04-16,870,8,7,0,79.0,122600
2577,2009-04-17,925,9,2,5,184.0,67600
2578,2009-04-20,125,1,2,5,192.0,74300
2579,2009-04-21,397,3,9,7,92.0,110000
2580,2009-04-22,315,3,1,5,209.0,58300
2581,2009-04-23,916,9,1,6,121.0,96700
2582,2009-04-24,179,1,7,9,83.0,97000
2583,2009-04-27,938,9,3,8,145.0,82600
2584,2009-04-28,263,2,6,3,156.0,77300
2585,2009-04-29,943,9,4,3,47.0,126400
2586,2009-04-30,124,1,2,4,173.0,72700
2587,2009-05-01,775,7,7,5,140.0,95900
2588,2009-05-04,714,7,1,4,168.0,66000
2589,2009-05-05,967,9,6,7,94.0,122100
2590,2009-05-06,401,4,0,1,101.0,82300
2591,2009-05-07,972,9,7,2,85.0,92700
2592,2009-05-08,183,1,8,3,134.0,72200
2593,2009-05-11,637,6,3,7,143.0,93900
2594,2009-05-12,713,7,1,3,172.0,63300
2595,2009-05-13,117,1,1,7,262.0,54400
2596,2009-05-14,769,7,6,9,86.0,119100
2597,2009-05-15,948,9,4,8,100.0,106300
2598,2009-05-18,854,8,5,4,119.0,108100
2599,2009-05-19,023,0,2,3,90.0,97400
2600,2009-05-20,748,7,4,8,78.0,99700
2601,2009-05-21,125,1,2,5,169.0,58100
2602,2009-05-22,087,0,8,7,54.0,146400
2603,2009-05-25,869,8,6,9,147.0,83200
2604,2009-05-26,870,8,7,0,115.0,95700
2605,2009-05-27,412,4,1,2,133.0,77200
2606,2009-05-28,114,1,1,4,172.0,65100
2607,2009-05-29,227,2,2,7,117.0,94200
2608,2009-06-01,108,1,0,8,193.0,77300
2609,2009-06-02,679,6,7,9,98.0,91400
2610,2009-06-03,643,6,4,3,113.0,85200
2611,2009-06-04,109,1,0,9,120.0,93600
2612,2009-06-05,617,6,1,7,191.0,65100
2613,2009-06-08,831,8,3,1,215.0,65500
2614,2009-06-09,668,6,6,8,66.0,122200
2615,2009-06-10,207,2,0,7,100.0,103300
2616,2009-06-11,047,0,4,7,62.0,144000
2617,2009-06-12,569,5,6,9,112.0,77500
2618,2009-06-15,759,7,5,9,98.0,109000
2619,2009-06-16,613,6,1,3,215.0,54100
2620,2009-06-17,275,2,7,5,87.0,92400
2621,2009-06-18,308,3,0,8,284.0,55100
2622,2009-06-19,354,3,5,4,61.0,126700
2623,2009-06-22,619,6,1,9,301.0,50900
2624,2009-06-23,875,8,7,5,97.0,89500
2625,2009-06-24,996,9,9,6,107.0,89300
2626,2009-06-25,406,4,0,6,120.0,97600
2627,2009-06-26,524,5,2,4,150.0,74400
2628,2009-06-29,209,2,0,9,253.0,76000
2629,2009-06-30,536,5,3,6,91.0,95700
2630,2009-07-01,934,9,3,4,77.0,117800
2631,2009-07-02,066,0,6,6,104.0,113400
2632,2009-07-03,175,1,7,5,167.0,53500
2633,2009-07-06,814,8,1,4,206.0,61400
2634,2009-07-07,548,5,4,8,66.0,120200
2635,2009-07-08,974,9,7,4,78.0,92600
2636,2009-07-09,819,8,1,9,147.0,62300
2637,2009-07-10,818,8,1,8,173.0,71900
2638,2009-07-13,658,6,5,8,120.0,97500
2639,2009-07-14,466,4,6,6,118.0,109000
2640,2009-07-15,183,1,8,3,102.0,88800
2641,2009-07-16,781,7,8,1,130.0,68400
2642,2009-07-17,613,6,1,3,123.0,77600
2643,2009-07-20,381,3,8,1,162.0,65800
2644,2009-07-21,605,6,0,5,64.0,120000
2645,2009-07-22,923,9,2,3,119.0,76000
2646,2009-07-23,422,4,2,2,128.0,88600
2647,2009-07-24,891,8,9,1,75.0,101100
2648,2009-07-27,089,0,8,9,108.0,89700
2649,2009-07-28,195,1,9,5,79.0,116300
2650,2009-07-29,166,1,6,6,60.0,146300
2651,2009-07-30,222,2,2,2,383.0,95200
2652,2009-07-31,236,2,3,6,189.0,58100
2653,2009-08-03,070,0,7,0,69.0,131700
2654,2009-08-04,156,1,5,6,62.0,95100
2655,2009-08-05,809,8,0,9,89.0,92200
2656,2009-08-06,196,1,9,6,115.0,70800
2657,2009-08-07,395,3,9,5,59.0,124500
2658,2009-08-10,878,8,7,8,116.0,124400
2659,2009-08-11,992,9,9,2,45.0,160600
2660,2009-08-12,711,7,1,1,153.0,68100
2661,2009-08-13,733,7,3,3,72.0,99500
2662,2009-08-14,040,0,4,0,112.0,94700
2663,2009-08-17,259,2,5,9,112.0,96000
2664,2009-08-18,382,3,8,2,88.0,86600
2665,2009-08-19,248,2,4,8,108.0,78200
2666,2009-08-20,271,2,7,1,75.0,94900
2667,2009-08-21,376,3,7,6,81.0,103700
2668,2009-08-24,436,4,3,6,125.0,95700
2669,2009-08-25,420,4,2,0,96.0,99900
2670,2009-08-26,824,8,2,4,211.0,58100
2671,2009-08-27,434,4,3,4,78.0,136000
2672,2009-08-28,565,5,6,5,129.0,89400
2673,2009-08-31,935,9,3,5,207.0,82700
2674,2009-09-01,298,2,9,8,156.0,55400
2675,2009-09-02,130,1,3,0,122.0,96200
2676,2009-09-03,805,8,0,5,132.0,83800
2677,2009-09-04,507,5,0,7,107.0,99500
2678,2009-09-07,129,1,2,9,189.0,68700
2679,2009-09-08,833,8,3,3,64.0,127800
2680,2009-09-09,760,7,6,0,42.0,155700
2681,2009-09-10,469,4,6,9,107.0,71200
2682,2009-09-11,977,9,7,7,89.0,113100
2683,2009-09-14,584,5,8,4,104.0,112900
2684,2009-09-15,336,3,3,6,140.0,99700
2685,2009-09-16,624,6,2,4,184.0,62700
2686,2009-09-17,834,8,3,4,117.0,88100
2687,2009-09-18,032,0,3,2,64.0,122000
2688,2009-09-21,799,7,9,9,85.0,133900
2689,2009-09-22,728,7,2,8,87.0,71300
2690,2009-09-23,565,5,6,5,69.0,138100
2691,2009-09-24,446,4,4,6,108.0,83900
2692,2009-09-25,225,2,2,5,237.0,62100
2693,2009-09-28,545,5,4,5,130.0,106400
2694,2009-09-29,076,0,7,6,56.0,156200
2695,2009-09-30,368,3,6,8,148.0,59800
2696,2009-10-01,341,3,4,1,103.0,94000
2697,2009-10-02,684,6,8,4,98.0,96700
2698,2009-10-05,853,8,5,3,161.0,68100
2699,2009-10-06,943,9,4,3,82.0,104100
2700,2009-10-07,280,2,8,0,65.0,114500
2701,2009-10-08,493,4,9,3,91.0,109700
2702,2009-10-09,145,1,4,5,84.0,104700
2703,2009-10-12,721,7,2,1,189.0,71200
2704,2009-10-13,071,0,7,1,46.0,126000
2705,2009-10-14,767,7,6,7,110.0,92500
2706,2009-10-15,951,9,5,1,61.0,116300
2707,2009-10-16,153,1,5,3,102.0,88300
2708,2009-10-19,113,1,1,3,229.0,66200
2709,2009-10-20,493,4,9,3,53.0,124000
2710,2009-10-21,295,2,9,5,54.0,105400
2711,2009-10-22,132,1,3,2,96.0,78600
2712,2009-10-23,659,6,5,9,97.0,116900
2713,2009-10-26,572,5,7,2,129.0,82900
2714,2009-10-27,911,9,1,1,132.0,87300
2715,2009-10-28,709,7,0,9,106.0,105800
2716,2009-10-29,837,8,3,7,106.0,89900
2717,2009-10-30,803,8,0,3,108.0,79200
2718,2009-11-02,024,0,2,4,140.0,86000
2719,2009-11-03,505,5,0,5,82.0,125100
2720,2009-11-04,747,7,4,7,75.0,132300
2721,2009-11-05,414,4,1,4,144.0,75900
2722,2009-11-06,578,5,7,8,88.0,103900
2723,2009-11-09,611,6,1,1,135.0,102200
2724,2009-11-10,309,3,0,9,139.0,77000
2725,2009-11-11,286,2,8,6,119.0,74900
2726,2009-11-12,977,9,7,7,64.0,150100
2727,2009-11-13,864,8,6,4,116.0,87200
2728,2009-11-16,141,1,4,1,118.0,92200
2729,2009-11-17,790,7,9,0,60.0,124400
2730,2009-11-18,184,1,8,4,104.0,79400
2731,2009-11-19,204,2,0,4,75.0,114900
2732,2009-11-20,967,9,6,7,57.0,128200
2733,2009-11-23,887,8,8,7,85.0,123000
2734,2009-11-24,702,7,0,2,64.0,114800
2735,2009-11-25,660,6,6,0,151.0,75000
2736,2009-11-26,973,9,7,3,70.0,119600
2737,2009-11-27,342,3,4,2,72.0,104500
2738,2009-11-30,676,6,7,6,123.0,147700
2739,2009-12-01,502,5,0,2,152.0,84000
2740,2009-12-02,875,8,7,5,93.0,101800
2741,2009-12-03,640,6,4,0,92.0,123400
2742,2009-12-04,606,6,0,6,133.0,93200
2743,2009-12-07,026,0,2,6,131.0,92200
2744,2009-12-08,050,0,5,0,103.0,107300
2745,2009-12-09,385,3,8,5,151.0,68900
2746,2009-12-10,967,9,6,7,61.0,121400
2747,2009-12-11,941,9,4,1,121.0,87200
2748,2009-12-14,476,4,7,6,157.0,97000
2749,2009-12-15,437,4,3,7,120.0,91100
2750,2009-12-16,336,3,3,6,96.0,106300
2751,2009-12-17,200,2,0,0,157.0,84000
2752,2009-12-18,589,5,8,9,110.0,91900
2753,2009-12-21,891,8,9,1,107.0,86700
2754,2009-12-22,551,5,5,1,138.0,93100
2755,2009-12-23,198,1,9,8,113.0,87000
2756,2009-12-24,237,2,3,7,114.0,86900
2757,2009-12-25,756,7,5,6,115.0,94900
2758,2009-12-28,355,3,5,5,140.0,107700
2759,2009-12-29,812,8,1,2,125.0,71000
2760,2009-12-30,552,5,5,2,104.0,98000
2761,2010-01-04,232,2,3,2,92.0,100200
2762,2010-01-05,619,6,1,9,138.0,83300
2763,2010-01-06,112,1,1,2,169.0,69900
2764,2010-01-07,845,8,4,5,110.0,97000
2765,2010-01-08,523,5,2,3,201.0,64400
2766,2010-01-11,032,0,3,2,102.0,106700
2767,2010-01-12,850,8,5,0,115.0,103900
2768,2010-01-13,999,9,9,9,327.0,106000
2769,2010-01-14,900,9,0,0,255.0,52100
2770,2010-01-15,271,2,7,1,174.0,76300
2771,2010-01-18,035,0,3,5,126.0,110400
2772,2010-01-19,579,5,7,9,105.0,97400
2773,2010-01-20,919,9,1,9,135.0,95200
2774,2010-01-21,236,2,3,6,150.0,74700
2775,2010-01-22,258,2,5,8,143.0,62100
2776,2010-01-25,029,0,2,9,132.0,98400
2777,2010-01-26,452,4,5,2,90.0,104300
2778,2010-01-27,227,2,2,7,144.0,81200
2779,2010-01-28,422,4,2,2,105.0,101100
2780,2010-01-29,562,5,6,2,90.0,96400
2781,2010-02-01,351,3,5,1,209.0,70900
2782,2010-02-02,252,2,5,2,175.0,65100
2783,2010-02-03,677,6,7,7,95.0,119100
2784,2010-02-04,829,8,2,9,191.0,77400
2785,2010-02-05,932,9,3,2,113.0,85300
2786,2010-02-08,747,7,4,7,132.0,121900
2787,2010-02-09,350,3,5,0,83.0,126200
2788,2010-02-10,295,2,9,5,139.0,62400
2789,2010-02-11,726,7,2,6,126.0,76600
2790,2010-02-12,959,9,5,9,65.0,142100
2791,2010-02-15,768,7,6,8,79.0,129100
2792,2010-02-16,135,1,3,5,149.0,74700
2793,2010-02-17,071,0,7,1,42.0,149700
2794,2010-02-18,232,2,3,2,118.0,86700
2795,2010-02-19,650,6,5,0,74.0,136400
2796,2010-02-22,738,7,3,8,151.0,103200
2797,2010-02-23,063,0,6,3,76.0,119800
2798,2010-02-24,179,1,7,9,82.0,98800
2799,2010-02-25,389,3,8,9,113.0,91900
2800,2010-02-26,122,1,2,2,102.0,82700
2801,2010-03-01,963,9,6,3,150.0,88500
2802,2010-03-02,856,8,5,6,120.0,90500
2803,2010-03-03,581,5,8,1,80.0,116700
2804,2010-03-04,334,3,3,4,128.0,83200
2805,2010-03-05,066,0,6,6,136.0,81500
2806,2010-03-08,117,1,1,7,363.0,50900
2807,2010-03-09,640,6,4,0,74.0,129600
2808,2010-03-10,848,8,4,8,69.0,136600
2809,2010-03-11,484,4,8,4,177.0,70500
2810,2010-03-12,527,5,2,7,223.0,56200
2811,2010-03-15,157,1,5,7,187.0,65300
2812,2010-03-16,443,4,4,3,87.0,116500
2813,2010-03-17,714,7,1,4,158.0,61900
2814,2010-03-18,921,9,2,1,119.0,86300
2815,2010-03-19,810,8,1,0,159.0,73700
2816,2010-03-22,507,5,0,7,85.0,125400
2817,2010-03-23,999,9,9,9,273.0,119200
2818,2010-03-24,986,9,8,6,76.0,109000
2819,2010-03-25,229,2,2,9,108.0,87700
2820,2010-03-26,860,8,6,0,85.0,122400
2821,2010-03-29,659,6,5,9,123.0,99800
2822,2010-03-30,463,4,6,3,113.0,90500
2823,2010-03-31,698,6,9,8,75.0,138100
2824,2010-04-01,862,8,6,2,96.0,94700
2825,2010-04-02,848,8,4,8,70.0,136400
2826,2010-04-05,258,2,5,8,234.0,63900
2827,2010-04-06,638,6,3,8,174.0,60200
2828,2010-04-07,448,4,4,8,139.0,66600
2829,2010-04-08,643,6,4,3,106.0,95000
2830,2010-04-09,629,6,2,9,127.0,72100
2831,2010-04-12,696,6,9,6,122.0,98100
2832,2010-04-13,354,3,5,4,114.0,99000
2833,2010-04-14,618,6,1,8,178.0,61200
2834,2010-04-15,815,8,1,5,142.0,82300
2835,2010-04-16,558,5,5,8,129.0,84300
2836,2010-04-19,420,4,2,0,250.0,72900
2837,2010-04-20,265,2,6,5,97.0,89900
2838,2010-04-21,304,3,0,4,77.0,129700
2839,2010-04-22,928,9,2,8,111.0,87600
2840,2010-04-23,142,1,4,2,70.0,95000
2841,2010-04-26,954,9,5,4,102.0,118000
2842,2010-04-27,368,3,6,8,169.0,60400
2843,2010-04-28,802,8,0,2,78.0,121600
2844,2010-04-29,371,3,7,1,143.0,72300
2845,2010-04-30,108,1,0,8,158.0,83300
2846,2010-05-03,802,8,0,2,94.0,113200
2847,2010-05-04,916,9,1,6,111.0,79200
2848,2010-05-05,948,9,4,8,66.0,109500
2849,2010-05-06,041,0,4,1,64.0,114000
2850,2010-05-07,752,7,5,2,108.0,78600
2851,2010-05-10,227,2,2,7,223.0,72700
2852,2010-05-11,162,1,6,2,70.0,89100
2853,2010-05-12,093,0,9,3,76.0,113400
2854,2010-05-13,949,9,4,9,89.0,113100
2855,2010-05-14,428,4,2,8,147.0,59000
2856,2010-05-17,427,4,2,7,206.0,65400
2857,2010-05-18,832,8,3,2,85.0,82400
2858,2010-05-19,514,5,1,4,174.0,62900
2859,2010-05-20,919,9,1,9,122.0,103000
2860,2010-05-21,803,8,0,3,116.0,80900
2861,2010-05-24,017,0,1,7,98.0,114700
2862,2010-05-25,786,7,8,6,67.0,129100
2863,2010-05-26,417,4,1,7,155.0,65800
2864,2010-05-27,169,1,6,9,108.0,86700
2865,2010-05-28,589,5,8,9,64.0,111400
2866,2010-05-31,182,1,8,2,85.0,96900
2867,2010-06-01,727,7,2,7,140.0,81100
2868,2010-06-02,520,5,2,0,110.0,105700
2869,2010-06-03,567,5,6,7,95.0,100500
2870,2010-06-04,951,9,5,1,77.0,107100
2871,2010-06-07,895,8,9,5,83.0,126000
2872,2010-06-08,882,8,8,2,75.0,108800
2873,2010-06-09,998,9,9,8,72.0,102100
2874,2010-06-10,328,3,2,8,140.0,71700
2875,2010-06-11,239,2,3,9,127.0,79200
2876,2010-06-14,999,9,9,9,995.0,46200
2877,2010-06-15,313,3,1,3,152.0,94900
2878,2010-06-16,168,1,6,8,138.0,74000
2879,2010-06-17,030,0,3,0,60.0,166200
2880,2010-06-18,027,0,2,7,68.0,114400
2881,2010-06-21,606,6,0,6,156.0,76100
2882,2010-06-22,549,5,4,9,67.0,97300
2883,2010-06-23,091,0,9,1,66.0,116200
2884,2010-06-24,554,5,5,4,101.0,115700
2885,2010-06-25,089,0,8,9,70.0,92400
2886,2010-06-28,505,5,0,5,245.0,78900
2887,2010-06-29,554,5,5,4,77.0,130300
2888,2010-06-30,497,4,9,7,56.0,114900
2889,2010-07-01,104,1,0,4,158.0,80700
2890,2010-07-02,023,0,2,3,78.0,96200
2891,2010-07-05,458,4,5,8,109.0,103600
2892,2010-07-06,274,2,7,4,125.0,78000
2893,2010-07-07,458,4,5,8,81.0,105700
2894,2010-07-08,824,8,2,4,142.0,64600
2895,2010-07-09,287,2,8,7,64.0,90900
2896,2010-07-12,867,8,6,7,79.0,129000
2897,2010-07-13,105,1,0,5,114.0,94400
2898,2010-07-14,890,8,9,0,72.0,78600
2899,2010-07-15,731,7,3,1,126.0,76000
2900,2010-07-16,395,3,9,5,81.0,103900
2901,2010-07-19,523,5,2,3,159.0,76800
2902,2010-07-20,883,8,8,3,73.0,105000
2903,2010-07-21,548,5,4,8,106.0,68900
2904,2010-07-22,223,2,2,3,161.0,75200
2905,2010-07-23,551,5,5,1,87.0,115800
2906,2010-07-26,396,3,9,6,93.0,100200
2907,2010-07-27,216,2,1,6,191.0,66000
2908,2010-07-28,793,7,9,3,52.0,129000
2909,2010-07-29,827,8,2,7,135.0,62300
2910,2010-07-30,990,9,9,0,137.0,104700
2911,2010-08-02,539,5,3,9,115.0,93700
2912,2010-08-03,014,0,1,4,55.0,116000
2913,2010-08-04,828,8,2,8,158.0,70500
2914,2010-08-05,673,6,7,3,157.0,77500
2915,2010-08-06,011,0,1,1,59.0,138300
2916,2010-08-09,076,0,7,6,86.0,120400
2917,2010-08-10,403,4,0,3,60.0,123400
2918,2010-08-11,054,0,5,4,53.0,126500
2919,2010-08-12,607,6,0,7,63.0,125400
2920,2010-08-13,424,4,2,4,110.0,113000
2921,2010-08-16,232,2,3,2,186.0,74700
2922,2010-08-17,193,1,9,3,107.0,82900
2923,2010-08-18,931,9,3,1,77.0,106000
2924,2010-08-19,633,6,3,3,60.0,119400
2925,2010-08-20,092,0,9,2,88.0,115100
2926,2010-08-23,530,5,3,0,138.0,98200
2927,2010-08-24,553,5,5,3,96.0,93800
2928,2010-08-25,371,3,7,1,101.0,93300
2929,2010-08-26,199,1,9,9,86.0,106500
2930,2010-08-27,054,0,5,4,82.0,122500
2931,2010-08-30,296,2,9,6,105.0,110500
2932,2010-08-31,551,5,5,1,133.0,95800
2933,2010-09-01,698,6,9,8,82.0,120200
2934,2010-09-02,496,4,9,6,56.0,124400
2935,2010-09-03,685,6,8,5,102.0,93800
2936,2010-09-06,007,0,0,7,133.0,111700
2937,2010-09-07,736,7,3,6,72.0,113100
2938,2010-09-08,257,2,5,7,96.0,80700
2939,2010-09-09,119,1,1,9,194.0,62400
2940,2010-09-10,221,2,2,1,128.0,87600
2941,2010-09-13,393,3,9,3,127.0,89200
2942,2010-09-14,257,2,5,7,105.0,91000
2943,2010-09-15,884,8,8,4,116.0,99000
2944,2010-09-16,442,4,4,2,130.0,75800
2945,2010-09-17,961,9,6,1,134.0,80800
2946,2010-09-20,475,4,7,5,114.0,96400
2947,2010-09-21,155,1,5,5,79.0,83900
2948,2010-09-22,376,3,7,6,65.0,116900
2949,2010-09-23,663,6,6,3,150.0,67300
2950,2010-09-24,619,6,1,9,109.0,78800
2951,2010-09-27,188,1,8,8,123.0,101600
2952,2010-09-28,072,0,7,2,90.0,93300
2953,2010-09-29,214,2,1,4,135.0,83200
2954,2010-09-30,618,6,1,8,129.0,70100
2955,2010-10-01,433,4,3,3,74.0,116800
2956,2010-10-04,496,4,9,6,67.0,122400
2957,2010-10-05,196,1,9,6,88.0,76800
2958,2010-10-06,296,2,9,6,134.0,73700
2959,2010-10-07,581,5,8,1,93.0,96900
2960,2010-10-08,936,9,3,6,82.0,68400
2961,2010-10-11,870,8,7,0,126.0,98300
2962,2010-10-12,915,9,1,5,97.0,83200
2963,2010-10-13,851,8,5,1,59.0,97800
2964,2010-10-14,722,7,2,2,150.0,84200
2965,2010-10-15,368,3,6,8,132.0,66500
2966,2010-10-18,680,6,8,0,73.0,138100
2967,2010-10-19,435,4,3,5,89.0,99600
2968,2010-10-20,611,6,1,1,84.0,109400
2969,2010-10-21,704,7,0,4,93.0,99300
2970,2010-10-22,932,9,3,2,60.0,96300
2971,2010-10-25,228,2,2,8,158.0,86200
2972,2010-10-26,207,2,0,7,88.0,106700
2973,2010-10-27,227,2,2,7,233.0,55400
2974,2010-10-28,666,6,6,6,547.0,63300
2975,2010-10-29,254,2,5,4,72.0,106200
2976,2010-11-01,204,2,0,4,112.0,102200
2977,2010-11-02,880,8,8,0,101.0,112500
2978,2010-11-03,895,8,9,5,47.0,126600
2979,2010-11-04,624,6,2,4,138.0,73100
2980,2010-11-05,676,6,7,6,51.0,147600
2981,2010-11-08,742,7,4,2,125.0,74900
2982,2010-11-09,503,5,0,3,107.0,95600
2983,2010-11-10,279,2,7,9,103.0,77800
2984,2010-11-11,692,6,9,2,67.0,97000
2985,2010-11-12,719,7,1,9,101.0,88900
2986,2010-11-15,656,6,5,6,125.0,119800
2987,2010-11-16,139,1,3,9,73.0,100100
2988,2010-11-17,703,7,0,3,186.0,64200
2989,2010-11-18,697,6,9,7,116.0,82400
2990,2010-11-19,345,3,4,5,90.0,100800
2991,2010-11-22,272,2,7,2,156.0,76800
2992,2010-11-23,153,1,5,3,94.0,79400
2993,2010-11-24,448,4,4,8,89.0,99700
2994,2010-11-25,731,7,3,1,120.0,79400
2995,2010-11-26,897,8,9,7,95.0,90500
2996,2010-11-29,920,9,2,0,173.0,88200
2997,2010-11-30,852,8,5,2,81.0,82600
2998,2010-12-01,355,3,5,5,103.0,110100
2999,2010-12-02,551,5,5,1,267.0,54300
3000,2010-12-03,206,2,0,6,76.0,107200
3001,2010-12-06,971,9,7,1,86.0,114800
3002,2010-12-07,947,9,4,7,48.0,114600
3003,2010-12-08,583,5,8,3,107.0,62500
3004,2010-12-09,074,0,7,4,62.0,145200
3005,2010-12-10,943,9,4,3,102.0,91800
3006,2010-12-13,180,1,8,0,104.0,106800
3007,2010-12-14,435,4,3,5,71.0,95200
3008,2010-12-15,393,3,9,3,70.0,132100
3009,2010-12-16,665,6,6,5,106.0,121200
3010,2010-12-17,069,0,6,9,71.0,117900
3011,2010-12-20,810,8,1,0,139.0,95800
3012,2010-12-21,554,5,5,4,152.0,88900
3013,2010-12-22,819,8,1,9,113.0,63700
3014,2010-12-23,016,0,1,6,63.0,110800
3015,2010-12-24,157,1,5,7,106.0,76900
3016,2010-12-27,384,3,8,4,162.0,92300
3017,2010-12-28,176,1,7,6,66.0,120800
3018,2010-12-29,749,7,4,9,85.0,103000
3019,2010-12-30,349,3,4,9,78.0,109900
3020,2011-01-04,534,5,3,4,102.0,81700
3021,2011-01-05,692,6,9,2,118.0,80100
3022,2011-01-06,880,8,8,0,64.0,135700
3023,2011-01-07,775,7,7,5,119.0,87700
3024,2011-01-10,975,9,7,5,90.0,114600
3025,2011-01-11,757,7,5,7,104.0,98200
3026,2011-01-12,282,2,8,2,47.0,137200
3027,2011-01-13,798,7,9,8,86.0,94500
3028,2011-01-14,449,4,4,9,75.0,115200
3029,2011-01-17,525,5,2,5,223.0,75600
3030,2011-01-18,691,6,9,1,81.0,82900
3031,2011-01-19,424,4,2,4,121.0,97400
3032,2011-01-20,353,3,5,3,200.0,60400
3033,2011-01-21,923,9,2,3,137.0,84900
3034,2011-01-24,193,1,9,3,164.0,77800
3035,2011-01-25,269,2,6,9,119.0,73500
3036,2011-01-26,099,0,9,9,90.0,104300
3037,2011-01-27,479,4,7,9,119.0,90700
3038,2011-01-28,222,2,2,2,555.0,72900
3039,2011-01-31,819,8,1,9,120.0,78700
3040,2011-02-01,110,1,1,0,152.0,83000
3041,2011-02-02,594,5,9,4,122.0,88400
3042,2011-02-03,327,3,2,7,163.0,64800
3043,2011-02-04,761,7,6,1,64.0,116800
3044,2011-02-07,628,6,2,8,228.0,71500
3045,2011-02-08,166,1,6,6,76.0,111400
3046,2011-02-09,576,5,7,6,62.0,112600
3047,2011-02-10,841,8,4,1,98.0,88900
3048,2011-02-11,946,9,4,6,55.0,90800
3049,2011-02-14,457,4,5,7,101.0,97700
3050,2011-02-15,047,0,4,7,69.0,144400
3051,2011-02-16,205,2,0,5,220.0,76500
3052,2011-02-17,263,2,6,3,82.0,90800
3053,2011-02-18,080,0,8,0,76.0,115100
3054,2011-02-21,008,0,0,8,101.0,122900
3055,2011-02-22,402,4,0,2,88.0,99000
3056,2011-02-23,374,3,7,4,129.0,81000
3057,2011-02-24,004,0,0,4,86.0,119500
3058,2011-02-25,475,4,7,5,109.0,103900
3059,2011-02-28,345,3,4,5,248.0,56300
3060,2011-03-01,082,0,8,2,54.0,130600
3061,2011-03-02,331,3,3,1,164.0,71700
3062,2011-03-03,806,8,0,6,75.0,128200
3063,2011-03-04,545,5,4,5,76.0,120300
3064,2011-03-07,976,9,7,6,146.0,91800
3065,2011-03-08,152,1,5,2,58.0,114200
3066,2011-03-09,215,2,1,5,161.0,73700
3067,2011-03-10,724,7,2,4,161.0,64900
3068,2011-03-11,437,4,3,7,81.0,85800
3069,2011-03-14,635,6,3,5,110.0,88400
3070,2011-03-15,746,7,4,6,96.0,78200
3071,2011-03-16,402,4,0,2,81.0,101800
3072,2011-03-17,557,5,5,7,83.0,92600
3073,2011-03-18,095,0,9,5,45.0,138500
3074,2011-03-21,138,1,3,8,141.0,61900
3075,2011-03-22,318,3,1,8,226.0,36400
3076,2011-03-23,261,2,6,1,59.0,99900
3077,2011-03-24,704,7,0,4,67.0,101800
3078,2011-03-25,298,2,9,8,75.0,99900
3079,2011-03-28,335,3,3,5,155.0,88300
3080,2011-03-29,680,6,8,0,109.0,99200
3081,2011-03-30,352,3,5,2,100.0,86600
3082,2011-03-31,225,2,2,5,160.0,65400
3083,2011-04-01,929,9,2,9,124.0,92100
3084,2011-04-04,643,6,4,3,93.0,95100
3085,2011-04-05,303,3,0,3,90.0,93400
3086,2011-04-06,763,7,6,3,87.0,101300
3087,2011-04-07,360,3,6,0,54.0,119100
3088,2011-04-08,061,0,6,1,63.0,134800
3089,2011-04-11,495,4,9,5,111.0,107100
3090,2011-04-12,657,6,5,7,79.0,89200
3091,2011-04-13,200,2,0,0,99.0,107800
3092,2011-04-14,963,9,6,3,96.0,82100
3093,2011-04-15,788,7,8,8,73.0,125100
3094,2011-04-18,504,5,0,4,122.0,109500
3095,2011-04-19,150,1,5,0,76.0,108800
3096,2011-04-20,929,9,2,9,72.0,126900
3097,2011-04-21,339,3,3,9,133.0,85500
3098,2011-04-22,509,5,0,9,100.0,103300
3099,2011-04-25,657,6,5,7,99.0,109500
3100,2011-04-26,092,0,9,2,60.0,122700
3101,2011-04-27,066,0,6,6,86.0,79100
3102,2011-04-28,024,0,2,4,95.0,88600
3103,2011-04-29,355,3,5,5,71.0,109900
3104,2011-05-02,606,6,0,6,172.0,76700
3105,2011-05-03,192,1,9,2,58.0,107800
3106,2011-05-04,807,8,0,7,72.0,114300
3107,2011-05-05,586,5,8,6,75.0,106300
3108,2011-05-06,500,5,0,0,114.0,90900
3109,2011-05-09,869,8,6,9,100.0,104500
3110,2011-05-10,447,4,4,7,92.0,102400
3111,2011-05-11,671,6,7,1,46.0,114500
3112,2011-05-12,514,5,1,4,175.0,63400
3113,2011-05-13,574,5,7,4,42.0,116200
3114,2011-05-16,705,7,0,5,137.0,96200
3115,2011-05-17,310,3,1,0,99.0,90600
3116,2011-05-18,074,0,7,4,65.0,119200
3117,2011-05-19,674,6,7,4,67.0,115000
3118,2011-05-20,966,9,6,6,51.0,124600
3119,2011-05-23,995,9,9,5,113.0,113900
3120,2011-05-24,362,3,6,2,70.0,96100
3121,2011-05-25,655,6,5,5,43.0,114500
3122,2011-05-26,199,1,9,9,43.0,139000
3123,2011-05-27,359,3,5,9,92.0,88800
3124,2011-05-30,091,0,9,1,66.0,119600
3125,2011-05-31,253,2,5,3,111.0,81100
3126,2011-06-01,082,0,8,2,63.0,104700
3127,2011-06-02,168,1,6,8,94.0,80100
3128,2011-06-03,719,7,1,9,99.0,87500
3129,2011-06-06,580,5,8,0,96.0,114700
3130,2011-06-07,998,9,9,8,73.0,120300
3131,2011-06-08,910,9,1,0,87.0,88400
3132,2011-06-09,600,6,0,0,87.0,112300
3133,2011-06-10,922,9,2,2,81.0,108100
3134,2011-06-13,201,2,0,1,102.0,89300
3135,2011-06-14,655,6,5,5,64.0,116400
3136,2011-06-15,944,9,4,4,90.0,95900
3137,2011-06-16,397,3,9,7,67.0,115500
3138,2011-06-17,005,0,0,5,81.0,153600
3139,2011-06-20,714,7,1,4,155.0,75300
3140,2011-06-21,643,6,4,3,63.0,100000
3141,2011-06-22,324,3,2,4,125.0,73100
3142,2011-06-23,845,8,4,5,94.0,90000
3143,2011-06-24,997,9,9,7,85.0,113600
3144,2011-06-27,674,6,7,4,82.0,108400
3145,2011-06-28,734,7,3,4,79.0,84700
3146,2011-06-29,210,2,1,0,107.0,101000
3147,2011-06-30,825,8,2,5,122.0,69700
3148,2011-07-01,872,8,7,2,50.0,104600
3149,2011-07-04,140,1,4,0,76.0,112400
3150,2011-07-05,833,8,3,3,54.0,118400
3151,2011-07-06,408,4,0,8,96.0,96300
3152,2011-07-07,594,5,9,4,94.0,87000
3153,2011-07-08,827,8,2,7,136.0,75600
3154,2011-07-11,161,1,6,1,105.0,100700
3155,2011-07-12,747,7,4,7,97.0,102400
3156,2011-07-13,366,3,6,6,61.0,102000
3157,2011-07-14,973,9,7,3,44.0,126200
3158,2011-07-15,291,2,9,1,110.0,85200
3159,2011-07-18,988,9,8,8,105.0,96500
3160,2011-07-19,194,1,9,4,90.0,87800
3161,2011-07-20,319,3,1,9,99.0,73700
3162,2011-07-21,534,5,3,4,54.0,93900
3163,2011-07-22,571,5,7,1,91.0,81200
3164,2011-07-25,420,4,2,0,160.0,75600
3165,2011-07-26,954,9,5,4,59.0,103900
3166,2011-07-27,706,7,0,6,80.0,110600
3167,2011-07-28,759,7,5,9,48.0,111600
3168,2011-07-29,622,6,2,2,120.0,73600
3169,2011-08-01,983,9,8,3,68.0,126800
3170,2011-08-02,006,0,0,6,70.0,130400
3171,2011-08-03,981,9,8,1,53.0,95600
3172,2011-08-04,815,8,1,5,149.0,63900
3173,2011-08-05,811,8,1,1,144.0,69400
3174,2011-08-08,449,4,4,9,67.0,123500
3175,2011-08-09,676,6,7,6,58.0,112400
3176,2011-08-10,662,6,6,2,52.0,136500
3177,2011-08-11,376,3,7,6,47.0,116500
3178,2011-08-12,767,7,6,7,178.0,60900
3179,2011-08-15,391,3,9,1,90.0,99700
3180,2011-08-16,293,2,9,3,100.0,90900
3181,2011-08-17,220,2,2,0,93.0,92100
3182,2011-08-18,393,3,9,3,144.0,59800
3183,2011-08-19,508,5,0,8,181.0,72500
3184,2011-08-22,142,1,4,2,79.0,110900
3185,2011-08-23,183,1,8,3,72.0,90300
3186,2011-08-24,863,8,6,3,79.0,87300
3187,2011-08-25,267,2,6,7,70.0,99200
3188,2011-08-26,703,7,0,3,157.0,79900
3189,2011-08-29,922,9,2,2,104.0,94300
3190,2011-08-30,891,8,9,1,85.0,72800
3191,2011-08-31,725,7,2,5,141.0,69700
3192,2011-09-01,469,4,6,9,140.0,77600
3193,2011-09-02,674,6,7,4,92.0,86900
3194,2011-09-05,262,2,6,2,95.0,111200
3195,2011-09-06,464,4,6,4,119.0,90200
3196,2011-09-07,854,8,5,4,64.0,113300
3197,2011-09-08,401,4,0,1,87.0,94500
3198,2011-09-09,007,0,0,7,105.0,100800
3199,2011-09-12,425,4,2,5,121.0,87400
3200,2011-09-13,705,7,0,5,88.0,108300
3201,2011-09-14,286,2,8,6,67.0,100900
3202,2011-09-15,606,6,0,6,101.0,73600
3203,2011-09-16,966,9,6,6,89.0,97600
3204,2011-09-19,203,2,0,3,89.0,108900
3205,2011-09-20,316,3,1,6,106.0,70100
3206,2011-09-21,874,8,7,4,54.0,90600
3207,2011-09-22,251,2,5,1,96.0,93500
3208,2011-09-23,703,7,0,3,134.0,79400
3209,2011-09-26,180,1,8,0,99.0,98600
3210,2011-09-27,679,6,7,9,57.0,103900
3211,2011-09-28,232,2,3,2,94.0,82400
3212,2011-09-29,404,4,0,4,183.0,72300
3213,2011-09-30,978,9,7,8,59.0,100300
3214,2011-10-03,418,4,1,8,201.0,63400
3215,2011-10-04,854,8,5,4,72.0,88000
3216,2011-10-05,256,2,5,6,91.0,81400
3217,2011-10-06,047,0,4,7,85.0,91200
3218,2011-10-07,208,2,0,8,106.0,86400
3219,2011-10-10,393,3,9,3,101.0,84000
3220,2011-10-11,644,6,4,4,51.0,130300
3221,2011-10-12,353,3,5,3,66.0,107600
3222,2011-10-13,589,5,8,9,85.0,100600
3223,2011-10-14,680,6,8,0,57.0,127400
3224,2011-10-17,957,9,5,7,91.0,110400
3225,2011-10-18,082,0,8,2,61.0,124900
3226,2011-10-19,237,2,3,7,75.0,91500
3227,2011-10-20,087,0,8,7,56.0,125200
3228,2011-10-21,859,8,5,9,65.0,118700
3229,2011-10-24,369,3,6,9,250.0,58800
3230,2011-10-25,760,7,6,0,43.0,148900
3231,2011-10-26,877,8,7,7,78.0,95200
3232,2011-10-27,856,8,5,6,73.0,91700
3233,2011-10-28,677,6,7,7,112.0,91800
3234,2011-10-31,488,4,8,8,83.0,125000
3235,2011-11-01,740,7,4,0,54.0,127500
3236,2011-11-02,569,5,6,9,71.0,87800
3237,2011-11-03,750,7,5,0,86.0,91700
3238,2011-11-04,218,2,1,8,145.0,70500
3239,2011-11-07,770,7,7,0,191.0,76200
3240,2011-11-08,711,7,1,1,92.0,64900
3241,2011-11-09,252,2,5,2,98.0,96100
3242,2011-11-10,901,9,0,1,79.0,103300
3243,2011-11-11,798,7,9,8,81.0,88800
3244,2011-11-14,124,1,2,4,152.0,74300
3245,2011-11-15,103,1,0,3,109.0,82300
3246,2011-11-16,213,2,1,3,128.0,58600
3247,2011-11-17,660,6,6,0,116.0,65000
3248,2011-11-18,875,8,7,5,150.0,67300
3249,2011-11-21,984,9,8,4,73.0,110600
3250,2011-11-22,835,8,3,5,68.0,76100
3251,2011-11-23,347,3,4,7,80.0,76500
3252,2011-11-24,642,6,4,2,59.0,82900
3253,2011-11-25,090,0,9,0,87.0,101300
3254,2011-11-28,180,1,8,0,89.0,81500
3255,2011-11-29,861,8,6,1,51.0,105100
3256,2011-11-30,267,2,6,7,87.0,77200
3257,2011-12-01,300,3,0,0,80.0,112000
3258,2011-12-02,883,8,8,3,80.0,113500
3259,2011-12-05,048,0,4,8,63.0,111000
3260,2011-12-06,603,6,0,3,63.0,100200
3261,2011-12-07,318,3,1,8,137.0,62500
3262,2011-12-08,174,1,7,4,83.0,76200
3263,2011-12-09,166,1,6,6,68.0,97900
3264,2011-12-12,188,1,8,8,131.0,88400
3265,2011-12-13,317,3,1,7,107.0,76900
3266,2011-12-14,029,0,2,9,70.0,93000
3267,2011-12-15,409,4,0,9,112.0,84100
3268,2011-12-16,591,5,9,1,78.0,100100
3269,2011-12-19,526,5,2,6,134.0,82800
3270,2011-12-20,853,8,5,3,90.0,75100
3271,2011-12-21,198,1,9,8,128.0,52400
3272,2011-12-22,045,0,4,5,67.0,120400
3273,2011-12-23,427,4,2,7,120.0,57600
3274,2011-12-26,029,0,2,9,83.0,107600
3275,2011-12-27,941,9,4,1,46.0,118900
3276,2011-12-28,228,2,2,8,119.0,76300
3277,2011-12-29,389,3,8,9,72.0,102600
3278,2011-12-30,786,7,8,6,53.0,131600
3279,2012-01-04,416,4,1,6,203.0,63400
3280,2012-01-05,447,4,4,7,88.0,101700
3281,2012-01-06,458,4,5,8,155.0,63000
3282,2012-01-09,965,9,6,5,120.0,88100
3283,2012-01-10,813,8,1,3,104.0,75000
3284,2012-01-11,861,8,6,1,71.0,97600
3285,2012-01-12,552,5,5,2,83.0,105600
3286,2012-01-13,910,9,1,0,100.0,94900
3287,2012-01-16,674,6,7,4,232.0,67800
3288,2012-01-17,398,3,9,8,100.0,93100
3289,2012-01-18,093,0,9,3,68.0,111000
3290,2012-01-19,251,2,5,1,64.0,83200
3291,2012-01-20,556,5,5,6,114.0,101400
3292,2012-01-23,707,7,0,7,174.0,91600
3293,2012-01-24,478,4,7,8,95.0,76200
3294,2012-01-25,017,0,1,7,57.0,125800
3295,2012-01-26,233,2,3,3,101.0,92100
3296,2012-01-27,079,0,7,9,39.0,142700
3297,2012-01-30,181,1,8,1,126.0,96400
3298,2012-01-31,718,7,1,8,115.0,64500
3299,2012-02-01,076,0,7,6,73.0,106400
3300,2012-02-02,782,7,8,2,52.0,110000
3301,2012-02-03,768,7,6,8,75.0,96300
3302,2012-02-06,871,8,7,1,84.0,91400
3303,2012-02-07,933,9,3,3,63.0,123700
3304,2012-02-08,890,8,9,0,73.0,83600
3305,2012-02-09,359,3,5,9,85.0,88300
3306,2012-02-10,005,0,0,5,68.0,129000
3307,2012-02-13,732,7,3,2,81.0,101200
3308,2012-02-14,219,2,1,9,121.0,69800
3309,2012-02-15,059,0,5,9,70.0,117600
3310,2012-02-16,668,6,6,8,65.0,126000
3311,2012-02-17,629,6,2,9,89.0,83200
3312,2012-02-20,563,5,6,3,111.0,102700
3313,2012-02-21,126,1,2,6,148.0,69200
3314,2012-02-22,141,1,4,1,82.0,93900
3315,2012-02-23,366,3,6,6,53.0,128900
3316,2012-02-24,267,2,6,7,79.0,88900
3317,2012-02-27,343,3,4,3,137.0,114100
3318,2012-02-28,490,4,9,0,80.0,112600
3319,2012-02-29,874,8,7,4,142.0,71500
3320,2012-03-01,012,0,1,2,75.0,103900
3321,2012-03-02,007,0,0,7,90.0,98300
3322,2012-03-05,976,9,7,6,73.0,110500
3323,2012-03-06,833,8,3,3,60.0,133600
3324,2012-03-07,017,0,1,7,62.0,122400
3325,2012-03-08,940,9,4,0,51.0,156800
3326,2012-03-09,422,4,2,2,110.0,87500
3327,2012-03-12,771,7,7,1,95.0,123300
3328,2012-03-13,300,3,0,0,62.0,114300
3329,2012-03-14,906,9,0,6,58.0,120800
3330,2012-03-15,552,5,5,2,83.0,92300
3331,2012-03-16,136,1,3,6,86.0,70900
3332,2012-03-19,160,1,6,0,96.0,114100
3333,2012-03-20,800,8,0,0,77.0,103100
3334,2012-03-21,241,2,4,1,72.0,101300
3335,2012-03-22,158,1,5,8,97.0,95200
3336,2012-03-23,228,2,2,8,93.0,93900
3337,2012-03-26,226,2,2,6,173.0,79600
3338,2012-03-27,599,5,9,9,83.0,110200
3339,2012-03-28,124,1,2,4,84.0,92600
3340,2012-03-29,594,5,9,4,60.0,102900
3341,2012-03-30,627,6,2,7,118.0,82400
3342,2012-04-02,860,8,6,0,94.0,113800
3343,2012-04-03,766,7,6,6,61.0,108300
3344,2012-04-04,575,5,7,5,74.0,106600
3345,2012-04-05,895,8,9,5,26.0,147500
3346,2012-04-06,952,9,5,2,127.0,89800
3347,2012-04-09,790,7,9,0,62.0,132200
3348,2012-04-10,284,2,8,4,52.0,107500
3349,2012-04-11,175,1,7,5,86.0,72500
3350,2012-04-12,916,9,1,6,160.0,67400
3351,2012-04-13,098,0,9,8,100.0,91600
3352,2012-04-16,789,7,8,9,120.0,80600
3353,2012-04-17,667,6,6,7,103.0,103400
3354,2012-04-18,105,1,0,5,82.0,105400
3355,2012-04-19,278,2,7,8,87.0,92800
3356,2012-04-20,420,4,2,0,391.0,35900
3357,2012-04-23,451,4,5,1,85.0,102600
3358,2012-04-24,378,3,7,8,85.0,93800
3359,2012-04-25,994,9,9,4,75.0,114800
3360,2012-04-26,322,3,2,2,164.0,71300
3361,2012-04-27,564,5,6,4,83.0,99300
3362,2012-04-30,448,4,4,8,129.0,91200
3363,2012-05-01,905,9,0,5,60.0,133000
3364,2012-05-02,138,1,3,8,72.0,70400
3365,2012-05-03,064,0,6,4,80.0,118100
3366,2012-05-04,409,4,0,9,70.0,100000
3367,2012-05-07,701,7,0,1,85.0,112300
3368,2012-05-08,685,6,8,5,91.0,93500
3369,2012-05-09,214,2,1,4,73.0,83300
3370,2012-05-10,535,5,3,5,86.0,100900
3371,2012-05-11,439,4,3,9,80.0,89700
3372,2012-05-14,301,3,0,1,124.0,93600
3373,2012-05-15,709,7,0,9,78.0,109900
3374,2012-05-16,286,2,8,6,107.0,69400
3375,2012-05-17,885,8,8,5,102.0,88300
3376,2012-05-18,156,1,5,6,78.0,82700
3377,2012-05-21,828,8,2,8,126.0,95000
3378,2012-05-22,768,7,6,8,49.0,112000
3379,2012-05-23,073,0,7,3,112.0,77200
3380,2012-05-24,547,5,4,7,79.0,83600
3381,2012-05-25,262,2,6,2,63.0,114500
3382,2012-05-28,320,3,2,0,148.0,91700
3383,2012-05-29,538,5,3,8,77.0,72200
3384,2012-05-30,038,0,3,8,54.0,97100
3385,2012-05-31,975,9,7,5,62.0,113300
3386,2012-06-01,729,7,2,9,116.0,73600
3387,2012-06-04,221,2,2,1,144.0,83600
3388,2012-06-05,819,8,1,9,128.0,55000
3389,2012-06-06,917,9,1,7,163.0,73900
3390,2012-06-07,197,1,9,7,63.0,107800
3391,2012-06-08,696,6,9,6,97.0,92100
3392,2012-06-11,600,6,0,0,101.0,87900
3393,2012-06-12,098,0,9,8,96.0,60200
3394,2012-06-13,194,1,9,4,58.0,107500
3395,2012-06-14,495,4,9,5,58.0,117000
3396,2012-06-15,051,0,5,1,55.0,124800
3397,2012-06-18,826,8,2,6,142.0,81900
3398,2012-06-19,137,1,3,7,67.0,90100
3399,2012-06-20,486,4,8,6,57.0,109400
3400,2012-06-21,714,7,1,4,127.0,68100
3401,2012-06-22,811,8,1,1,75.0,102100
3402,2012-06-25,523,5,2,3,182.0,66900
3403,2012-06-26,357,3,5,7,151.0,65900
3404,2012-06-27,884,8,8,4,76.0,117100
3405,2012-06-28,819,8,1,9,115.0,67700
3406,2012-06-29,410,4,1,0,112.0,83400
3407,2012-07-02,835,8,3,5,96.0,82200
3408,2012-07-03,077,0,7,7,57.0,120700
3409,2012-07-04,851,8,5,1,36.0,125100
3410,2012-07-05,550,5,5,0,106.0,99300
3411,2012-07-06,148,1,4,8,77.0,81900
3412,2012-07-09,092,0,9,2,106.0,96800
3413,2012-07-10,738,7,3,8,54.0,108800
3414,2012-07-11,034,0,3,4,46.0,121000
3415,2012-07-12,612,6,1,2,118.0,74000
3416,2012-07-13,680,6,8,0,73.0,115200
3417,2012-07-16,047,0,4,7,74.0,101900
3418,2012-07-17,544,5,4,4,58.0,75700
3419,2012-07-18,825,8,2,5,106.0,65500
3420,2012-07-19,377,3,7,7,66.0,115500
3421,2012-07-20,515,5,1,5,100.0,84700
3422,2012-07-23,615,6,1,5,159.0,79900
3423,2012-07-24,059,0,5,9,60.0,115400
3424,2012-07-25,899,8,9,9,59.0,112300
3425,2012-07-26,506,5,0,6,72.0,104400
3426,2012-07-27,726,7,2,6,131.0,63000
3427,2012-07-30,486,4,8,6,57.0,118500
3428,2012-07-31,916,9,1,6,116.0,71400
3429,2012-08-01,568,5,6,8,74.0,93800
3430,2012-08-02,261,2,6,1,68.0,96600
3431,2012-08-03,360,3,6,0,67.0,91800
3432,2012-08-06,055,0,5,5,103.0,88300
3433,2012-08-07,788,7,8,8,51.0,110900
3434,2012-08-08,121,1,2,1,121.0,81800
3435,2012-08-09,343,3,4,3,87.0,86700
3436,2012-08-10,090,0,9,0,79.0,76800
3438,2012-08-14,333,3,3,3,476.0,55600
3439,2012-08-15,430,4,3,0,88.0,82400
3440,2012-08-16,979,9,7,9,112.0,101800
3441,2012-08-17,911,9,1,1,129.0,73400
3442,2012-08-20,689,6,8,9,128.0,97200
3443,2012-08-21,656,6,5,6,89.0,90000
3444,2012-08-22,810,8,1,0,124.0,64100
3445,2012-08-23,514,5,1,4,118.0,80400
3446,2012-08-24,537,5,3,7,75.0,93500
3447,2012-08-27,099,0,9,9,106.0,108800
3448,2012-08-28,282,2,8,2,102.0,77500
3449,2012-08-29,887,8,8,7,67.0,113500
3450,2012-08-30,526,5,2,6,85.0,92300
3451,2012-08-31,310,3,1,0,149.0,73100
3452,2012-09-03,458,4,5,8,100.0,92000
3453,2012-09-04,357,3,5,7,119.0,71600
3454,2012-09-05,748,7,4,8,108.0,85700
3455,2012-09-06,988,9,8,8,68.0,106000
3456,2012-09-07,926,9,2,6,138.0,67700
3457,2012-09-10,351,3,5,1,108.0,77800
3458,2012-09-11,185,1,8,5,120.0,81700
3459,2012-09-12,441,4,4,1,108.0,90500
3460,2012-09-13,124,1,2,4,92.0,74000
3461,2012-09-14,445,4,4,5,79.0,110000
3462,2012-09-17,784,7,8,4,52.0,129200
3463,2012-09-18,731,7,3,1,75.0,87800
3464,2012-09-19,728,7,2,8,102.0,74600
3465,2012-09-20,049,0,4,9,54.0,111700
3466,2012-09-21,059,0,5,9,64.0,102100
3467,2012-09-24,715,7,1,5,125.0,72600
3468,2012-09-25,100,1,0,0,75.0,95300
3469,2012-09-26,466,4,6,6,69.0,105000
3470,2012-09-27,660,6,6,0,185.0,49500
3471,2012-09-28,928,9,2,8,341.0,33900
3472,2012-10-01,274,2,7,4,135.0,67600
3473,2012-10-02,298,2,9,8,83.0,98400
3474,2012-10-03,498,4,9,8,60.0,108300
3475,2012-10-04,116,1,1,6,81.0,90700
3476,2012-10-05,851,8,5,1,63.0,105800
3477,2012-10-08,782,7,8,2,57.0,97600
3478,2012-10-09,144,1,4,4,85.0,100900
3479,2012-10-10,042,0,4,2,82.0,90600
3480,2012-10-11,612,6,1,2,71.0,83400
3481,2012-10-12,472,4,7,2,60.0,84800
3482,2012-10-15,063,0,6,3,75.0,109700
3483,2012-10-16,236,2,3,6,139.0,67600
3484,2012-10-17,033,0,3,3,155.0,49100
3485,2012-10-18,662,6,6,2,58.0,94200
3486,2012-10-19,320,3,2,0,118.0,71600
3487,2012-10-22,714,7,1,4,135.0,70600
3488,2012-10-23,240,2,4,0,48.0,109400
3489,2012-10-24,341,3,4,1,68.0,94500
3490,2012-10-25,837,8,3,7,63.0,112700
3491,2012-10-26,697,6,9,7,65.0,106800
3492,2012-10-29,480,4,8,0,76.0,121900
3493,2012-10-30,804,8,0,4,64.0,105400
3494,2012-10-31,264,2,6,4,54.0,93900
3495,2012-11-01,778,7,7,8,87.0,102500
3496,2012-11-02,561,5,6,1,85.0,110000
3497,2012-11-05,620,6,2,0,112.0,95700
3498,2012-11-06,044,0,4,4,80.0,84700
3499,2012-11-07,085,0,8,5,60.0,122700
3500,2012-11-08,966,9,6,6,84.0,105300
3501,2012-11-09,666,6,6,6,581.0,60600
3502,2012-11-12,781,7,8,1,78.0,102000
3503,2012-11-13,019,0,1,9,67.0,84600
3504,2012-11-14,605,6,0,5,60.0,114100
3505,2012-11-15,495,4,9,5,43.0,105800
3506,2012-11-16,464,4,6,4,60.0,130500
3507,2012-11-19,713,7,1,3,148.0,70300
3508,2012-11-20,776,7,7,6,70.0,106600
3509,2012-11-21,872,8,7,2,82.0,79200
3510,2012-11-22,307,3,0,7,84.0,93000
3511,2012-11-23,369,3,6,9,90.0,64600
3512,2012-11-26,204,2,0,4,86.0,94100
3513,2012-11-27,660,6,6,0,134.0,58700
3514,2012-11-28,195,1,9,5,90.0,85800
3515,2012-11-29,950,9,5,0,89.0,91100
3516,2012-11-30,943,9,4,3,87.0,101900
3517,2012-12-03,217,2,1,7,138.0,69100
3518,2012-12-04,798,7,9,8,55.0,96100
3519,2012-12-05,793,7,9,3,48.0,115800
3520,2012-12-06,931,9,3,1,93.0,79500
3521,2012-12-07,167,1,6,7,53.0,111600
3522,2012-12-10,540,5,4,0,89.0,98400
3523,2012-12-11,776,7,7,6,89.0,102700
3524,2012-12-12,249,2,4,9,53.0,100000
3525,2012-12-13,374,3,7,4,82.0,87700
3526,2012-12-14,282,2,8,2,56.0,105300
3527,2012-12-17,141,1,4,1,114.0,102900
3528,2012-12-18,199,1,9,9,69.0,93000
3529,2012-12-19,036,0,3,6,85.0,92600
3530,2012-12-20,619,6,1,9,168.0,59200
3531,2012-12-21,273,2,7,3,86.0,91500
3532,2012-12-24,579,5,7,9,74.0,104700
3533,2012-12-25,296,2,9,6,79.0,79600
3534,2012-12-26,426,4,2,6,121.0,79700
3535,2012-12-27,836,8,3,6,63.0,86400
3536,2012-12-28,889,8,8,9,121.0,95700
3537,2013-01-04,609,6,0,9,93.0,105400
3538,2013-01-07,778,7,7,8,165.0,83200
3539,2013-01-08,877,8,7,7,111.0,79200
3540,2013-01-09,239,2,3,9,65.0,98200
3541,2013-01-10,240,2,4,0,75.0,88800
3542,2013-01-11,044,0,4,4,98.0,91300
3543,2013-01-14,238,2,3,8,99.0,83100
3544,2013-01-15,447,4,4,7,88.0,108600
3545,2013-01-16,663,6,6,3,88.0,106700
3546,2013-01-17,433,4,3,3,76.0,97900
3547,2013-01-18,228,2,2,8,146.0,62100
3548,2013-01-21,871,8,7,1,81.0,106400
3549,2013-01-22,068,0,6,8,50.0,131900
3550,2013-01-23,352,3,5,2,130.0,76800
3551,2013-01-24,794,7,9,4,60.0,85800
3552,2013-01-25,272,2,7,2,85.0,91900
3553,2013-01-28,481,4,8,1,58.0,101300
3554,2013-01-29,533,5,3,3,54.0,114500
3555,2013-01-30,015,0,1,5,70.0,94700
3556,2013-01-31,158,1,5,8,108.0,69600
3557,2013-02-01,844,8,4,4,70.0,102300
3558,2013-02-04,258,2,5,8,192.0,63600
3559,2013-02-05,300,3,0,0,73.0,105200
3560,2013-02-06,068,0,6,8,48.0,127600
3561,2013-02-07,252,2,5,2,88.0,96100
3562,2013-02-08,199,1,9,9,61.0,108700
3563,2013-02-11,481,4,8,1,84.0,106300
3564,2013-02-12,731,7,3,1,60.0,88000
3565,2013-02-13,381,3,8,1,71.0,79600
3566,2013-02-14,507,5,0,7,77.0,101500
3567,2013-02-15,574,5,7,4,43.0,129500
3568,2013-02-18,972,9,7,2,94.0,96100
3569,2013-02-19,139,1,3,9,81.0,81500
3570,2013-02-20,230,2,3,0,101.0,96300
3571,2013-02-21,396,3,9,6,91.0,85900
3572,2013-02-22,728,7,2,8,132.0,60900
3573,2013-02-25,751,7,5,1,109.0,82400
3574,2013-02-26,199,1,9,9,67.0,115600
3575,2013-02-27,181,1,8,1,135.0,78600
3576,2013-02-28,717,7,1,7,144.0,65600
3577,2013-03-01,837,8,3,7,42.0,116200
3578,2013-03-04,723,7,2,3,195.0,64900
3579,2013-03-05,797,7,9,7,64.0,112900
3580,2013-03-06,473,4,7,3,72.0,109200
3581,2013-03-07,158,1,5,8,68.0,87500
3582,2013-03-08,168,1,6,8,115.0,69500
3583,2013-03-11,898,8,9,8,71.0,121800
3584,2013-03-12,986,9,8,6,52.0,119500
3585,2013-03-13,980,9,8,0,66.0,90300
3586,2013-03-14,528,5,2,8,95.0,81400
3587,2013-03-15,888,8,8,8,763.0,47100
3588,2013-03-18,369,3,6,9,172.0,64000
3589,2013-03-19,349,3,4,9,63.0,111200
3590,2013-03-20,333,3,3,3,668.0,44800
3591,2013-03-21,735,7,3,5,87.0,76100
3592,2013-03-22,448,4,4,8,93.0,90200
3593,2013-03-25,291,2,9,1,96.0,98500
3594,2013-03-26,782,7,8,2,56.0,93100
3595,2013-03-27,538,5,3,8,116.0,59500
3596,2013-03-28,510,5,1,0,116.0,86900
3597,2013-03-29,259,2,5,9,67.0,87000
3598,2013-04-01,044,0,4,4,94.0,118800
3599,2013-04-02,344,3,4,4,61.0,114200
3600,2013-04-03,893,8,9,3,86.0,83500
3601,2013-04-04,422,4,2,2,127.0,82100
3602,2013-04-05,318,3,1,8,131.0,63100
3603,2013-04-08,233,2,3,3,123.0,82300
3604,2013-04-09,582,5,8,2,76.0,93200
3605,2013-04-10,045,0,4,5,62.0,123400
3606,2013-04-11,102,1,0,2,100.0,107900
3607,2013-04-12,318,3,1,8,127.0,63800
3608,2013-04-15,760,7,6,0,64.0,131900
3609,2013-04-16,210,2,1,0,64.0,133500
3610,2013-04-17,114,1,1,4,97.0,82400
3611,2013-04-18,044,0,4,4,141.0,69200
3612,2013-04-19,003,0,0,3,95.0,104700
3613,2013-04-22,947,9,4,7,64.0,125500
3614,2013-04-23,715,7,1,5,81.0,72200
3615,2013-04-24,722,7,2,2,90.0,84400
3616,2013-04-25,294,2,9,4,89.0,96600
3617,2013-04-26,921,9,2,1,86.0,96100
3618,2013-04-29,693,6,9,3,136.0,77100
3619,2013-04-30,706,7,0,6,61.0,126400
3620,2013-05-01,104,1,0,4,125.0,77900
3621,2013-05-02,832,8,3,2,72.0,88000
3622,2013-05-03,714,7,1,4,188.0,47300
3623,2013-05-06,160,1,6,0,61.0,127900
3624,2013-05-07,570,5,7,0,96.0,77800
3625,2013-05-08,407,4,0,7,99.0,92100
3626,2013-05-09,314,3,1,4,126.0,77300
3627,2013-05-10,034,0,3,4,65.0,103400
3628,2013-05-13,488,4,8,8,82.0,118200
3629,2013-05-14,164,1,6,4,70.0,100000
3630,2013-05-15,531,5,3,1,125.0,66100
3631,2013-05-16,318,3,1,8,235.0,39800
3632,2013-05-17,165,1,6,5,84.0,90300
3633,2013-05-20,963,9,6,3,113.0,80300
3634,2013-05-21,444,4,4,4,640.0,48100
3635,2013-05-22,244,2,4,4,104.0,68900
3636,2013-05-23,899,8,9,9,43.0,112000
3637,2013-05-24,456,4,5,6,55.0,108100
3638,2013-05-27,345,3,4,5,229.0,57300
3639,2013-05-28,819,8,1,9,125.0,58200
3640,2013-05-29,980,9,8,0,81.0,68200
3641,2013-05-30,041,0,4,1,60.0,107200
3642,2013-05-31,953,9,5,3,48.0,124800
3643,2013-06-03,723,7,2,3,155.0,68200
3644,2013-06-04,611,6,1,1,86.0,91500
3645,2013-06-05,143,1,4,3,62.0,101600
3646,2013-06-06,292,2,9,2,34.0,132200
3647,2013-06-07,004,0,0,4,93.0,100400
3648,2013-06-10,497,4,9,7,80.0,107300
3649,2013-06-11,137,1,3,7,65.0,86000
3650,2013-06-12,378,3,7,8,73.0,85000
3651,2013-06-13,165,1,6,5,69.0,102800
3652,2013-06-14,477,4,7,7,73.0,112200
3653,2013-06-17,883,8,8,3,119.0,93000
3654,2013-06-18,481,4,8,1,51.0,94000
3655,2013-06-19,238,2,3,8,82.0,83800
3656,2013-06-20,031,0,3,1,62.0,115000
3657,2013-06-21,527,5,2,7,121.0,68200
3658,2013-06-24,068,0,6,8,79.0,118500
3659,2013-06-25,032,0,3,2,34.0,142500
3660,2013-06-26,314,3,1,4,127.0,59200
3661,2013-06-27,725,7,2,5,158.0,67800
3662,2013-06-28,848,8,4,8,85.0,100800
3663,2013-07-01,790,7,9,0,66.0,125000
3664,2013-07-02,307,3,0,7,75.0,84800
3665,2013-07-03,587,5,8,7,44.0,127900
3666,2013-07-04,812,8,1,2,90.0,74300
3667,2013-07-05,676,6,7,6,92.0,97100
3668,2013-07-08,551,5,5,1,137.0,80800
3669,2013-07-09,082,0,8,2,69.0,106700
3670,2013-07-10,343,3,4,3,71.0,110100
3671,2013-07-11,820,8,2,0,86.0,101500
3672,2013-07-12,456,4,5,6,79.0,107000
3673,2013-07-15,940,9,4,0,58.0,133200
3674,2013-07-16,950,9,5,0,73.0,89500
3675,2013-07-17,044,0,4,4,303.0,41900
3676,2013-07-18,195,1,9,5,57.0,96100
3677,2013-07-19,235,2,3,5,109.0,77300
3678,2013-07-22,342,3,4,2,101.0,88300
3679,2013-07-23,293,2,9,3,53.0,108000
3680,2013-07-24,346,3,4,6,109.0,69300
3681,2013-07-25,740,7,4,0,48.0,121000
3682,2013-07-26,501,5,0,1,75.0,100800
3683,2013-07-29,333,3,3,3,502.0,69600
3684,2013-07-30,254,2,5,4,89.0,76600
3685,2013-07-31,757,7,5,7,63.0,124400
3686,2013-08-01,811,8,1,1,124.0,72200
3687,2013-08-02,914,9,1,4,82.0,93000
3688,2013-08-05,257,2,5,7,114.0,80600
3689,2013-08-06,497,4,9,7,36.0,112800
3690,2013-08-07,017,0,1,7,63.0,111600
3691,2013-08-08,283,2,8,3,48.0,88800
3692,2013-08-09,917,9,1,7,98.0,79000
3693,2013-08-12,234,2,3,4,124.0,85400
3694,2013-08-13,078,0,7,8,52.0,109300
3695,2013-08-14,155,1,5,5,65.0,92800
3696,2013-08-15,801,8,0,1,96.0,80800
3697,2013-08-16,900,9,0,0,99.0,80800
3698,2013-08-19,155,1,5,5,67.0,121400
3699,2013-08-20,317,3,1,7,98.0,73100
3700,2013-08-21,710,7,1,0,138.0,81500
3701,2013-08-22,850,8,5,0,67.0,108400
3702,2013-08-23,294,2,9,4,65.0,89200
3703,2013-08-26,893,8,9,3,93.0,86200
3704,2013-08-27,682,6,8,2,78.0,78500
3705,2013-08-28,793,7,9,3,53.0,106500
3706,2013-08-29,351,3,5,1,91.0,85000
3707,2013-08-30,311,3,1,1,114.0,79300
3708,2013-09-02,501,5,0,1,100.0,98800
3709,2013-09-03,204,2,0,4,58.0,79500
3710,2013-09-04,975,9,7,5,45.0,101000
3711,2013-09-05,536,5,3,6,74.0,103700
3712,2013-09-06,791,7,9,1,44.0,121600
3713,2013-09-09,547,5,4,7,68.0,117700
3714,2013-09-10,300,3,0,0,67.0,125900
3715,2013-09-11,192,1,9,2,71.0,84200
3716,2013-09-12,537,5,3,7,82.0,73600
3717,2013-09-13,511,5,1,1,107.0,80400
3718,2013-09-16,137,1,3,7,89.0,67400
3719,2013-09-17,760,7,6,0,50.0,135200
3720,2013-09-18,595,5,9,5,67.0,122100
3721,2013-09-19,789,7,8,9,104.0,76100
3722,2013-09-20,039,0,3,9,72.0,102800
3723,2013-09-23,389,3,8,9,88.0,95400
3724,2013-09-24,613,6,1,3,91.0,80400
3725,2013-09-25,825,8,2,5,124.0,64700
3726,2013-09-26,236,2,3,6,134.0,68100
3727,2013-09-27,895,8,9,5,59.0,103400
3728,2013-09-30,817,8,1,7,123.0,77100
3729,2013-10-01,113,1,1,3,100.0,89500
3730,2013-10-02,021,0,2,1,54.0,85900
3731,2013-10-03,996,9,9,6,80.0,105500
3732,2013-10-04,865,8,6,5,68.0,109200
3733,2013-10-07,694,6,9,4,108.0,86700
3734,2013-10-08,708,7,0,8,142.0,67900
3735,2013-10-09,451,4,5,1,65.0,95800
3736,2013-10-10,110,1,1,0,122.0,61100
3737,2013-10-11,484,4,8,4,37.0,112900
3738,2013-10-14,572,5,7,2,113.0,69000
3739,2013-10-15,355,3,5,5,67.0,107300
3740,2013-10-16,249,2,4,9,78.0,87600
3741,2013-10-17,896,8,9,6,81.0,93800
3742,2013-10-18,139,1,3,9,102.0,74900
3743,2013-10-21,077,0,7,7,66.0,126500
3744,2013-10-22,503,5,0,3,80.0,93000
3745,2013-10-23,907,9,0,7,66.0,119800
3746,2013-10-24,306,3,0,6,68.0,99200
3747,2013-10-25,693,6,9,3,90.0,56200
3748,2013-10-28,454,4,5,4,84.0,132800
3749,2013-10-29,140,1,4,0,60.0,105200
3750,2013-10-30,348,3,4,8,94.0,90000
3751,2013-10-31,052,0,5,2,78.0,101200
3752,2013-11-01,535,5,3,5,70.0,112600
3753,2013-11-04,952,9,5,2,51.0,108600
3754,2013-11-05,650,6,5,0,73.0,110400
3755,2013-11-06,524,5,2,4,75.0,90900
3756,2013-11-07,694,6,9,4,51.0,111700
3757,2013-11-08,380,3,8,0,69.0,103400
3758,2013-11-11,885,8,8,5,81.0,116300
3759,2013-11-12,470,4,7,0,97.0,98100
3760,2013-11-13,910,9,1,0,86.0,81300
3761,2013-11-14,014,0,1,4,76.0,83200
3762,2013-11-15,638,6,3,8,155.0,64900
3763,2013-11-18,439,4,3,9,95.0,88200
3764,2013-11-19,484,4,8,4,57.0,103900
3765,2013-11-20,721,7,2,1,130.0,66600
3766,2013-11-21,922,9,2,2,92.0,77000
3767,2013-11-22,983,9,8,3,44.0,99900
3768,2013-11-25,081,0,8,1,74.0,79800
3769,2013-11-26,975,9,7,5,35.0,107700
3770,2013-11-27,724,7,2,4,132.0,57400
3771,2013-11-28,244,2,4,4,89.0,91000
3772,2013-11-29,842,8,4,2,68.0,86900
3773,2013-12-02,421,4,2,1,144.0,71200
3774,2013-12-03,752,7,5,2,84.0,86800
3775,2013-12-04,928,9,2,8,93.0,77900
3776,2013-12-05,674,6,7,4,88.0,95400
3777,2013-12-06,443,4,4,3,75.0,110300
3778,2013-12-09,542,5,4,2,91.0,92500
3779,2013-12-10,023,0,2,3,53.0,104400
3780,2013-12-11,622,6,2,2,86.0,80700
3781,2013-12-12,372,3,7,2,56.0,95300
3782,2013-12-13,186,1,8,6,128.0,72500
3783,2013-12-16,515,5,1,5,159.0,74600
3784,2013-12-17,576,5,7,6,31.0,120100
3785,2013-12-18,107,1,0,7,112.0,83100
3786,2013-12-19,540,5,4,0,44.0,143700
3787,2013-12-20,879,8,7,9,65.0,105000
3788,2013-12-23,997,9,9,7,60.0,131400
3789,2013-12-24,456,4,5,6,107.0,83300
3790,2013-12-25,271,2,7,1,73.0,100900
3791,2013-12-26,672,6,7,2,60.0,101200
3792,2013-12-27,127,1,2,7,206.0,58900
3793,2013-12-30,549,5,4,9,80.0,104900
3794,2014-01-06,098,0,9,8,100.0,94800
3795,2014-01-07,578,5,7,8,77.0,97600
3796,2014-01-08,721,7,2,1,128.0,71600
3797,2014-01-09,613,6,1,3,114.0,71000
3798,2014-01-10,005,0,0,5,71.0,129700
3799,2014-01-13,136,1,3,6,143.0,80700
3800,2014-01-14,560,5,6,0,96.0,103900
3801,2014-01-15,506,5,0,6,59.0,130000
3802,2014-01-16,641,6,4,1,71.0,99900
3803,2014-01-17,720,7,2,0,108.0,90100
3804,2014-01-20,921,9,2,1,200.0,64400
3805,2014-01-21,119,1,1,9,184.0,60700
3806,2014-01-22,154,1,5,4,63.0,106600
3807,2014-01-23,314,3,1,4,128.0,65300
3808,2014-01-24,311,3,1,1,128.0,68700
3809,2014-01-27,138,1,3,8,134.0,60000
3810,2014-01-28,369,3,6,9,175.0,54900
3811,2014-01-29,070,0,7,0,66.0,126600
3812,2014-01-30,327,3,2,7,122.0,68800
3813,2014-01-31,729,7,2,9,142.0,60400
3814,2014-02-03,044,0,4,4,318.0,61000
3815,2014-02-04,861,8,6,1,51.0,98000
3816,2014-02-05,200,2,0,0,105.0,103000
3817,2014-02-06,095,0,9,5,52.0,125600
3818,2014-02-07,264,2,6,4,65.0,100300
3819,2014-02-10,423,4,2,3,176.0,71200
3820,2014-02-11,343,3,4,3,80.0,98600
3821,2014-02-12,951,9,5,1,55.0,112100
3822,2014-02-13,805,8,0,5,66.0,104200
3823,2014-02-14,709,7,0,9,47.0,120400
3824,2014-02-17,271,2,7,1,134.0,56900
3825,2014-02-18,687,6,8,7,64.0,108600
3826,2014-02-19,722,7,2,2,121.0,76500
3827,2014-02-20,099,0,9,9,74.0,119700
3828,2014-02-21,172,1,7,2,93.0,70000
3829,2014-02-24,287,2,8,7,88.0,83100
3830,2014-02-25,061,0,6,1,59.0,126400
3831,2014-02-26,272,2,7,2,122.0,70100
3832,2014-02-27,171,1,7,1,82.0,77200
3833,2014-02-28,101,1,0,1,116.0,96000
3834,2014-03-03,992,9,9,2,91.0,113500
3835,2014-03-04,834,8,3,4,65.0,91200
3836,2014-03-05,624,6,2,4,127.0,71300
3837,2014-03-06,087,0,8,7,44.0,151600
3838,2014-03-07,169,1,6,9,91.0,77500
3839,2014-03-10,975,9,7,5,98.0,106700
3840,2014-03-11,661,6,6,1,65.0,114600
3841,2014-03-12,558,5,5,8,88.0,109000
3842,2014-03-13,619,6,1,9,110.0,72100
3843,2014-03-14,784,7,8,4,63.0,112900
3844,2014-03-17,198,1,9,8,140.0,62300
3845,2014-03-18,729,7,2,9,110.0,66300
3846,2014-03-19,045,0,4,5,112.0,98000
3847,2014-03-20,608,6,0,8,64.0,100100
3848,2014-03-21,787,7,8,7,84.0,92600
3849,2014-03-24,263,2,6,3,116.0,80800
3850,2014-03-25,636,6,3,6,63.0,115700
3851,2014-03-26,710,7,1,0,83.0,93600
3852,2014-03-27,841,8,4,1,90.0,81800
3853,2014-03-28,643,6,4,3,82.0,106100
3854,2014-03-31,098,0,9,8,79.0,111800
3855,2014-04-01,108,1,0,8,139.0,64900
3856,2014-04-02,606,6,0,6,110.0,73100
3857,2014-04-03,858,8,5,8,36.0,156900
3858,2014-04-04,740,7,4,0,59.0,102500
3859,2014-04-07,942,9,4,2,54.0,103900
3860,2014-04-08,701,7,0,1,64.0,114500
3861,2014-04-09,295,2,9,5,77.0,91800
3862,2014-04-10,808,8,0,8,126.0,82800
3863,2014-04-11,135,1,3,5,88.0,80300
3864,2014-04-14,123,1,2,3,239.0,57900
3865,2014-04-15,160,1,6,0,45.0,112900
3866,2014-04-16,637,6,3,7,67.0,103200
3867,2014-04-17,493,4,9,3,93.0,90800
3868,2014-04-18,725,7,2,5,148.0,58900
3869,2014-04-21,017,0,1,7,105.0,95000
3870,2014-04-22,290,2,9,0,50.0,120600
3871,2014-04-23,951,9,5,1,57.0,106600
3872,2014-04-24,809,8,0,9,86.0,84300
3873,2014-04-25,589,5,8,9,68.0,101200
3874,2014-04-28,442,4,4,2,86.0,107800
3875,2014-04-29,199,1,9,9,135.0,74500
3876,2014-04-30,495,4,9,5,51.0,116600
3877,2014-05-01,808,8,0,8,113.0,85900
3878,2014-05-02,336,3,3,6,128.0,87200
3879,2014-05-05,994,9,9,4,55.0,137600
3880,2014-05-06,806,8,0,6,60.0,105900
3881,2014-05-07,297,2,9,7,83.0,95400
3882,2014-05-08,353,3,5,3,89.0,101300
3883,2014-05-09,154,1,5,4,56.0,104700
3884,2014-05-12,367,3,6,7,111.0,103400
3885,2014-05-13,934,9,3,4,75.0,84400
3886,2014-05-14,463,4,6,3,101.0,88200
3887,2014-05-15,153,1,5,3,83.0,81600
3888,2014-05-16,065,0,6,5,51.0,128900
3889,2014-05-19,836,8,3,6,79.0,88300
3890,2014-05-20,281,2,8,1,47.0,94300
3891,2014-05-21,746,7,4,6,50.0,107500
3892,2014-05-22,433,4,3,3,108.0,78700
3893,2014-05-23,034,0,3,4,65.0,96500
3894,2014-05-26,086,0,8,6,47.0,135800
3895,2014-05-27,845,8,4,5,86.0,85200
3896,2014-05-28,474,4,7,4,72.0,95100
3897,2014-05-29,761,7,6,1,89.0,95600
3898,2014-05-30,839,8,3,9,74.0,99200
3899,2014-06-02,468,4,6,8,135.0,71600
3900,2014-06-03,327,3,2,7,90.0,65400
3901,2014-06-04,769,7,6,9,53.0,111000
3902,2014-06-05,790,7,9,0,49.0,125300
3903,2014-06-06,928,9,2,8,99.0,76400
3904,2014-06-09,620,6,2,0,110.0,105100
3905,2014-06-10,431,4,3,1,65.0,105000
3906,2014-06-11,334,3,3,4,85.0,86500
3907,2014-06-12,429,4,2,9,92.0,85200
3908,2014-06-13,690,6,9,0,80.0,112600
3909,2014-06-16,797,7,9,7,81.0,131900
3910,2014-06-17,226,2,2,6,98.0,85300
3911,2014-06-18,084,0,8,4,52.0,121900
3912,2014-06-19,568,5,6,8,75.0,88300
3913,2014-06-20,644,6,4,4,74.0,108100
3914,2014-06-23,338,3,3,8,119.0,105300
3915,2014-06-24,955,9,5,5,48.0,118100
3916,2014-06-25,732,7,3,2,66.0,101500
3917,2014-06-26,101,1,0,1,72.0,106600
3918,2014-06-27,785,7,8,5,46.0,132800
3919,2014-06-30,092,0,9,2,80.0,111900
3920,2014-07-01,571,5,7,1,74.0,74400
3921,2014-07-02,953,9,5,3,73.0,106100
3922,2014-07-03,307,3,0,7,95.0,65900
3923,2014-07-04,583,5,8,3,103.0,72500
3924,2014-07-07,076,0,7,6,95.0,100200
3925,2014-07-08,856,8,5,6,59.0,109200
3926,2014-07-09,389,3,8,9,76.0,93800
3927,2014-07-10,647,6,4,7,75.0,97100
3928,2014-07-11,398,3,9,8,62.0,102400
3929,2014-07-14,061,0,6,1,72.0,117200
3930,2014-07-15,495,4,9,5,88.0,87300
3931,2014-07-16,239,2,3,9,62.0,93500
3932,2014-07-17,621,6,2,1,98.0,72900
3933,2014-07-18,790,7,9,0,69.0,113600
3934,2014-07-21,954,9,5,4,100.0,104200
3935,2014-07-22,197,1,9,7,52.0,99200
3936,2014-07-23,059,0,5,9,94.0,87400
3937,2014-07-24,070,0,7,0,40.0,143100
3938,2014-07-25,498,4,9,8,57.0,111400
3939,2014-07-28,190,1,9,0,89.0,86600
3940,2014-07-29,234,2,3,4,74.0,95800
3941,2014-07-30,392,3,9,2,74.0,92800
3942,2014-07-31,649,6,4,9,83.0,89100
3943,2014-08-01,940,9,4,0,77.0,98800
3944,2014-08-04,764,7,6,4,93.0,108400
3945,2014-08-05,955,9,5,5,39.0,145500
3946,2014-08-06,933,9,3,3,48.0,108100
3947,2014-08-07,857,8,5,7,114.0,87900
3948,2014-08-08,031,0,3,1,53.0,121200
3949,2014-08-11,793,7,9,3,79.0,89900
3950,2014-08-12,448,4,4,8,88.0,85200
3951,2014-08-13,528,5,2,8,101.0,62600
3952,2014-08-14,371,3,7,1,70.0,83500
3953,2014-08-15,122,1,2,2,90.0,94300
3954,2014-08-18,425,4,2,5,128.0,76400
3955,2014-08-19,701,7,0,1,54.0,94700
3956,2014-08-20,852,8,5,2,77.0,94100
3957,2014-08-21,059,0,5,9,63.0,118900
3958,2014-08-22,685,6,8,5,69.0,109800
3959,2014-08-25,105,1,0,5,119.0,89000
3960,2014-08-26,958,9,5,8,101.0,82100
3961,2014-08-27,314,3,1,4,122.0,71700
3962,2014-08-28,376,3,7,6,64.0,98900
3963,2014-08-29,653,6,5,3,78.0,112600
3964,2014-09-01,151,1,5,1,89.0,118900
3965,2014-09-02,721,7,2,1,112.0,63300
3966,2014-09-03,058,0,5,8,71.0,103100
3967,2014-09-04,586,5,8,6,79.0,93600
3968,2014-09-05,621,6,2,1,99.0,80000
3969,2014-09-08,802,8,0,2,128.0,84600
3970,2014-09-09,983,9,8,3,47.0,96100
3971,2014-09-10,816,8,1,6,124.0,62300
3972,2014-09-11,644,6,4,4,52.0,132300
3973,2014-09-12,249,2,4,9,55.0,95500
3974,2014-09-15,509,5,0,9,76.0,101200
3975,2014-09-16,289,2,8,9,41.0,104100
3976,2014-09-17,927,9,2,7,108.0,73000
3977,2014-09-18,498,4,9,8,85.0,89000
3978,2014-09-19,181,1,8,1,72.0,104800
3979,2014-09-22,174,1,7,4,102.0,71700
3980,2014-09-23,468,4,6,8,79.0,89300
3981,2014-09-24,697,6,9,7,75.0,106400
3982,2014-09-25,113,1,1,3,113.0,84300
3983,2014-09-26,517,5,1,7,85.0,74400
3984,2014-09-29,786,7,8,6,92.0,109600
3985,2014-09-30,066,0,6,6,180.0,57400
3986,2014-10-01,354,3,5,4,84.0,93900
3987,2014-10-02,045,0,4,5,64.0,114400
3988,2014-10-03,745,7,4,5,60.0,111500
3989,2014-10-06,065,0,6,5,69.0,121100
3990,2014-10-07,890,8,9,0,72.0,83300
3991,2014-10-08,148,1,4,8,91.0,84200
3992,2014-10-09,178,1,7,8,133.0,57700
3993,2014-10-10,782,7,8,2,89.0,78600
3994,2014-10-13,509,5,0,9,73.0,92000
3995,2014-10-14,369,3,6,9,164.0,46700
3996,2014-10-15,893,8,9,3,113.0,60800
3997,2014-10-16,963,9,6,3,95.0,80200
3998,2014-10-17,908,9,0,8,112.0,77700
3999,2014-10-20,717,7,1,7,118.0,97600
4000,2014-10-21,404,4,0,4,55.0,105400
4001,2014-10-22,373,3,7,3,144.0,73900
4002,2014-10-23,336,3,3,6,60.0,126100
4003,2014-10-24,799,7,9,9,66.0,123300
4004,2014-10-27,444,4,4,4,443.0,87400
4005,2014-10-28,260,2,6,0,64.0,130300
4006,2014-10-29,009,0,0,9,60.0,119600
4007,2014-10-30,274,2,7,4,94.0,71600
4008,2014-10-31,885,8,8,5,57.0,108900
4009,2014-11-03,040,0,4,0,67.0,138100
4010,2014-11-04,832,8,3,2,71.0,93800
4011,2014-11-05,861,8,6,1,49.0,104700
4012,2014-11-06,551,5,5,1,140.0,54500
4013,2014-11-07,866,8,6,6,53.0,125100
4014,2014-11-10,611,6,1,1,137.0,73400
4015,2014-11-11,181,1,8,1,96.0,81700
4016,2014-11-12,112,1,1,2,184.0,48100
4017,2014-11-13,277,2,7,7,95.0,79600
4018,2014-11-14,194,1,9,4,75.0,100100
4019,2014-11-17,335,3,3,5,136.0,81800
4020,2014-11-18,618,6,1,8,133.0,63000
4021,2014-11-19,095,0,9,5,48.0,99700
4022,2014-11-20,536,5,3,6,72.0,102700
4023,2014-11-21,426,4,2,6,96.0,81100
4024,2014-11-24,000,0,0,0,289.0,102400
4025,2014-11-25,303,3,0,3,82.0,81400
4026,2014-11-26,372,3,7,2,67.0,81200
4027,2014-11-27,384,3,8,4,61.0,108800
4028,2014-11-28,990,9,9,0,69.0,104300
4029,2014-12-01,913,9,1,3,114.0,76300
4030,2014-12-02,725,7,2,5,117.0,63900
4031,2014-12-03,076,0,7,6,57.0,123400
4032,2014-12-04,916,9,1,6,86.0,76300
4033,2014-12-05,384,3,8,4,67.0,107700
4034,2014-12-08,900,9,0,0,80.0,120300
4035,2014-12-09,312,3,1,2,115.0,83100
4036,2014-12-10,501,5,0,1,70.0,98100
4037,2014-12-11,840,8,4,0,79.0,118300
4038,2014-12-12,410,4,1,0,223.0,56400
4039,2014-12-15,511,5,1,1,162.0,71100
4040,2014-12-16,889,8,8,9,79.0,115300
4041,2014-12-17,235,2,3,5,111.0,84500
4042,2014-12-18,983,9,8,3,51.0,88500
4043,2014-12-19,929,9,2,9,124.0,91800
4044,2014-12-22,853,8,5,3,113.0,80800
4045,2014-12-23,330,3,3,0,170.0,63300
4046,2014-12-24,516,5,1,6,121.0,84400
4047,2014-12-25,728,7,2,8,137.0,61500
4048,2014-12-26,167,1,6,7,119.0,72200
4049,2014-12-29,537,5,3,7,115.0,82700
4050,2014-12-30,642,6,4,2,101.0,76000
4051,2015-01-05,025,0,2,5,106.0,102400
4052,2015-01-06,202,2,0,2,113.0,85300
4053,2015-01-07,826,8,2,6,102.0,84900
4054,2015-01-08,211,2,1,1,83.0,99300
4055,2015-01-09,031,0,3,1,65.0,98800
4056,2015-01-12,763,7,6,3,84.0,111500
4057,2015-01-13,836,8,3,6,65.0,83200
4058,2015-01-14,271,2,7,1,78.0,76800
4059,2015-01-15,765,7,6,5,48.0,147400
4060,2015-01-16,048,0,4,8,57.0,133400
4061,2015-01-19,222,2,2,2,699.0,59700
4062,2015-01-20,597,5,9,7,88.0,95100
4063,2015-01-21,772,7,7,2,53.0,113700
4064,2015-01-22,849,8,4,9,89.0,103000
4065,2015-01-23,432,4,3,2,77.0,91100
4066,2015-01-26,996,9,9,6,71.0,133500
4067,2015-01-27,722,7,2,2,92.0,73200
4068,2015-01-28,740,7,4,0,56.0,132800
4069,2015-01-29,809,8,0,9,65.0,82200
4070,2015-01-30,355,3,5,5,60.0,109800
4071,2015-02-02,192,1,9,2,92.0,82900
4072,2015-02-03,250,2,5,0,53.0,120800
4073,2015-02-04,365,3,6,5,101.0,97900
4074,2015-02-05,690,6,9,0,49.0,121000
4075,2015-02-06,201,2,0,1,76.0,104100
4076,2015-02-09,377,3,7,7,87.0,121800
4077,2015-02-10,583,5,8,3,86.0,71200
4078,2015-02-11,266,2,6,6,60.0,112900
4079,2015-02-12,349,3,4,9,79.0,101300
4080,2015-02-13,539,5,3,9,75.0,99700
4081,2015-02-16,202,2,0,2,153.0,89400
4082,2015-02-17,845,8,4,5,89.0,93000
4083,2015-02-18,682,6,8,2,60.0,95600
4084,2015-02-19,521,5,2,1,126.0,67800
4085,2015-02-20,829,8,2,9,126.0,80000
4086,2015-02-23,618,6,1,8,160.0,68500
4087,2015-02-24,904,9,0,4,94.0,99200
4088,2015-02-25,824,8,2,4,116.0,76200
4089,2015-02-26,574,5,7,4,45.0,121400
4090,2015-02-27,311,3,1,1,152.0,66600
4091,2015-03-02,161,1,6,1,78.0,125800
4092,2015-03-03,462,4,6,2,114.0,64600
4093,2015-03-04,227,2,2,7,140.0,60500
4094,2015-03-05,751,7,5,1,78.0,83800
4095,2015-03-06,526,5,2,6,122.0,68700
4096,2015-03-09,862,8,6,2,103.0,87500
4097,2015-03-10,100,1,0,0,62.0,113600
4098,2015-03-11,623,6,2,3,135.0,69700
4099,2015-03-12,553,5,5,3,70.0,126600
4100,2015-03-13,302,3,0,2,86.0,124100
4101,2015-03-16,813,8,1,3,133.0,68900
4102,2015-03-17,607,6,0,7,50.0,135600
4103,2015-03-18,944,9,4,4,80.0,82500
4104,2015-03-19,339,3,3,9,106.0,84000
4105,2015-03-20,663,6,6,3,99.0,99000
4106,2015-03-23,011,0,1,1,73.0,114100
4107,2015-03-24,245,2,4,5,69.0,91800
4108,2015-03-25,427,4,2,7,137.0,66900
4109,2015-03-26,908,9,0,8,63.0,83900
4110,2015-03-27,928,9,2,8,113.0,77100
4111,2015-03-30,187,1,8,7,63.0,95900
4112,2015-03-31,007,0,0,7,87.0,106600
4113,2015-04-01,336,3,3,6,83.0,94600
4114,2015-04-02,677,6,7,7,99.0,88000
4115,2015-04-03,845,8,4,5,78.0,95100
4116,2015-04-06,159,1,5,9,95.0,92700
4117,2015-04-07,589,5,8,9,85.0,92100
4118,2015-04-08,521,5,2,1,64.0,97200
4119,2015-04-09,988,9,8,8,61.0,100900
4120,2015-04-10,658,6,5,8,76.0,98000
4121,2015-04-13,507,5,0,7,87.0,106300
4122,2015-04-14,986,9,8,6,41.0,116500
4123,2015-04-15,675,6,7,5,91.0,86900
4124,2015-04-16,009,0,0,9,78.0,116400
4125,2015-04-17,348,3,4,8,66.0,100200
4126,2015-04-20,164,1,6,4,96.0,85000
4127,2015-04-21,222,2,2,2,521.0,62800
4128,2015-04-22,220,2,2,0,107.0,81900
4129,2015-04-23,081,0,8,1,56.0,114200
4130,2015-04-24,153,1,5,3,113.0,72800
4131,2015-04-27,190,1,9,0,58.0,102800
4132,2015-04-28,450,4,5,0,50.0,125900
4133,2015-04-29,899,8,9,9,72.0,77400
4134,2015-04-30,242,2,4,2,57.0,114500
4135,2015-05-01,897,8,9,7,46.0,103000
4136,2015-05-04,636,6,3,6,59.0,118700
4137,2015-05-05,856,8,5,6,43.0,105400
4138,2015-05-06,906,9,0,6,52.0,129800
4139,2015-05-07,905,9,0,5,47.0,94300
4140,2015-05-08,440,4,4,0,110.0,79800
4141,2015-05-11,356,3,5,6,111.0,103700
4142,2015-05-12,800,8,0,0,67.0,96300
4143,2015-05-13,595,5,9,5,49.0,136400
4144,2015-05-14,361,3,6,1,67.0,96800
4145,2015-05-15,735,7,3,5,109.0,75500
4146,2015-05-18,991,9,9,1,77.0,105400
4147,2015-05-19,433,4,3,3,91.0,95900
4148,2015-05-20,576,5,7,6,40.0,127500
4149,2015-05-21,934,9,3,4,60.0,97300
4150,2015-05-22,977,9,7,7,81.0,96400
4151,2015-05-25,362,3,6,2,114.0,88800
4152,2015-05-26,166,1,6,6,56.0,104400
4153,2015-05-27,309,3,0,9,70.0,94500
4154,2015-05-28,384,3,8,4,63.0,105600
4155,2015-05-29,778,7,7,8,83.0,93200
4156,2015-06-01,465,4,6,5,95.0,100200
4157,2015-06-02,641,6,4,1,74.0,116700
4158,2015-06-03,537,5,3,7,81.0,81200
4159,2015-06-04,858,8,5,8,60.0,109100
4160,2015-06-05,191,1,9,1,87.0,92000
4161,2015-06-08,081,0,8,1,63.0,105200
4162,2015-06-09,240,2,4,0,92.0,82400
4163,2015-06-10,455,4,5,5,62.0,103100
4164,2015-06-11,402,4,0,2,85.0,96300
4165,2015-06-12,549,5,4,9,102.0,79300
4166,2015-06-15,690,6,9,0,74.0,113200
4167,2015-06-16,589,5,8,9,89.0,89300
4168,2015-06-17,451,4,5,1,81.0,91400
4169,2015-06-18,313,3,1,3,137.0,65200
4170,2015-06-19,258,2,5,8,108.0,74500
4171,2015-06-22,880,8,8,0,78.0,107600
4172,2015-06-23,454,4,5,4,80.0,96500
4173,2015-06-24,691,6,9,1,64.0,97800
4174,2015-06-25,885,8,8,5,80.0,111600
4175,2015-06-26,086,0,8,6,61.0,112200
4176,2015-06-29,319,3,1,9,142.0,79100
4177,2015-06-30,686,6,8,6,60.0,144000
4178,2015-07-01,470,4,7,0,62.0,106800
4179,2015-07-02,516,5,1,6,97.0,89400
4180,2015-07-03,447,4,4,7,78.0,108000
4181,2015-07-06,174,1,7,4,87.0,79900
4182,2015-07-07,097,0,9,7,60.0,119600
4183,2015-07-08,583,5,8,3,87.0,66300
4184,2015-07-09,590,5,9,0,43.0,104000
4185,2015-07-10,818,8,1,8,131.0,76800
4186,2015-07-13,721,7,2,1,220.0,50800
4187,2015-07-14,279,2,7,9,114.0,65200
4188,2015-07-15,023,0,2,3,56.0,113000
4189,2015-07-16,334,3,3,4,84.0,76900
4190,2015-07-17,598,5,9,8,67.0,98900
4191,2015-07-20,844,8,4,4,67.0,104700
4192,2015-07-21,895,8,9,5,51.0,131800
4193,2015-07-22,013,0,1,3,57.0,120400
4194,2015-07-23,300,3,0,0,111.0,77400
4195,2015-07-24,468,4,6,8,80.0,90400
4196,2015-07-27,287,2,8,7,77.0,77200
4197,2015-07-28,080,0,8,0,36.0,147700
4198,2015-07-29,461,4,6,1,67.0,104900
4199,2015-07-30,409,4,0,9,69.0,98500
4200,2015-07-31,004,0,0,4,67.0,90700
4201,2015-08-03,336,3,3,6,119.0,95100
4202,2015-08-04,907,9,0,7,59.0,119900
4203,2015-08-05,275,2,7,5,85.0,71400
4204,2015-08-06,426,4,2,6,80.0,76000
4205,2015-08-07,802,8,0,2,84.0,84900
4206,2015-08-10,567,5,6,7,90.0,105500
4207,2015-08-11,419,4,1,9,78.0,86500
4208,2015-08-12,119,1,1,9,147.0,64700
4209,2015-08-13,809,8,0,9,79.0,56100
4210,2015-08-14,859,8,5,9,55.0,82700
4211,2015-08-17,507,5,0,7,95.0,104100
4212,2015-08-18,978,9,7,8,54.0,86100
4213,2015-08-19,580,5,8,0,72.0,91600
4214,2015-08-20,214,2,1,4,82.0,82000
4215,2015-08-21,372,3,7,2,82.0,82100
4216,2015-08-24,315,3,1,5,216.0,52500
4217,2015-08-25,282,2,8,2,63.0,99600
4218,2015-08-26,920,9,2,0,106.0,86000
4219,2015-08-27,778,7,7,8,61.0,113200
4220,2015-08-28,169,1,6,9,62.0,84600
4221,2015-08-31,763,7,6,3,79.0,113700
4222,2015-09-01,104,1,0,4,109.0,78500
4223,2015-09-02,787,7,8,7,36.0,138900
4224,2015-09-03,890,8,9,0,73.0,68800
4225,2015-09-04,489,4,8,9,68.0,97200
4226,2015-09-07,678,6,7,8,147.0,79200
4227,2015-09-08,423,4,2,3,63.0,95600
4228,2015-09-09,896,8,9,6,44.0,120400
4229,2015-09-10,468,4,6,8,101.0,78700
4230,2015-09-11,549,5,4,9,55.0,96300
4231,2015-09-14,820,8,2,0,98.0,111000
4232,2015-09-15,759,7,5,9,65.0,108000
4233,2015-09-16,117,1,1,7,213.0,51000
4234,2015-09-17,306,3,0,6,95.0,86100
4235,2015-09-18,302,3,0,2,54.0,128300
4236,2015-09-21,243,2,4,3,59.0,95800
4237,2015-09-22,264,2,6,4,55.0,90000
4238,2015-09-23,144,1,4,4,49.0,104700
4239,2015-09-24,924,9,2,4,258.0,38300
4240,2015-09-25,792,7,9,2,87.0,86500
4241,2015-09-28,191,1,9,1,50.0,119000
4242,2015-09-29,166,1,6,6,58.0,119900
4243,2015-09-30,945,9,4,5,49.0,126600
4244,2015-10-01,203,2,0,3,51.0,110400
4245,2015-10-02,468,4,6,8,88.0,81700
4246,2015-10-05,173,1,7,3,67.0,97000
4247,2015-10-06,524,5,2,4,110.0,80000
4248,2015-10-07,425,4,2,5,98.0,87500
4249,2015-10-08,321,3,2,1,98.0,84900
4250,2015-10-09,658,6,5,8,50.0,99700
4251,2015-10-12,185,1,8,5,67.0,88900
4252,2015-10-13,418,4,1,8,96.0,72000
4253,2015-10-14,119,1,1,9,111.0,73600
4254,2015-10-15,288,2,8,8,58.0,112700
4255,2015-10-16,503,5,0,3,112.0,81400
4256,2015-10-19,363,3,6,3,83.0,114700
4257,2015-10-20,504,5,0,4,57.0,115200
4258,2015-10-21,458,4,5,8,78.0,86300
4259,2015-10-22,396,3,9,6,69.0,71400
4260,2015-10-23,686,6,8,6,60.0,120400
4261,2015-10-26,370,3,7,0,96.0,100000
4262,2015-10-27,906,9,0,6,48.0,116300
4263,2015-10-28,049,0,4,9,45.0,132700
4264,2015-10-29,118,1,1,8,162.0,62000
4265,2015-10-30,394,3,9,4,65.0,113300
4266,2015-11-02,675,6,7,5,77.0,97200
4267,2015-11-03,230,2,3,0,55.0,97000
4268,2015-11-04,675,6,7,5,44.0,134900
4269,2015-11-05,715,7,1,5,117.0,71000
4270,2015-11-06,220,2,2,0,80.0,103100
4271,2015-11-09,708,7,0,8,88.0,106500
4272,2015-11-10,945,9,4,5,54.0,102400
4273,2015-11-11,493,4,9,3,71.0,99300
4274,2015-11-12,711,7,1,1,121.0,73300
4275,2015-11-13,050,0,5,0,56.0,124600
4276,2015-11-16,305,3,0,5,415.0,50600
4277,2015-11-17,757,7,5,7,66.0,105700
4278,2015-11-18,414,4,1,4,85.0,99200
4279,2015-11-19,161,1,6,1,72.0,83900
4280,2015-11-20,851,8,5,1,52.0,110300
4281,2015-11-23,359,3,5,9,86.0,89900
4282,2015-11-24,691,6,9,1,54.0,103500
4283,2015-11-25,748,7,4,8,63.0,86800
4284,2015-11-26,895,8,9,5,71.0,74500
4285,2015-11-27,372,3,7,2,58.0,86000
4286,2015-11-30,547,5,4,7,100.0,96900
4287,2015-12-01,784,7,8,4,61.0,108800
4288,2015-12-02,999,9,9,9,522.0,62700
4289,2015-12-03,422,4,2,2,73.0,100000
4290,2015-12-04,192,1,9,2,64.0,91300
4291,2015-12-07,429,4,2,9,130.0,65800
4292,2015-12-08,368,3,6,8,109.0,67600
4293,2015-12-09,687,6,8,7,87.0,100200
4294,2015-12-10,336,3,3,6,98.0,82900
4295,2015-12-11,332,3,3,2,104.0,104000
4296,2015-12-14,671,6,7,1,83.0,99200
4297,2015-12-15,484,4,8,4,63.0,115800
4298,2015-12-16,166,1,6,6,93.0,105400
4299,2015-12-17,308,3,0,8,152.0,72700
4300,2015-12-18,966,9,6,6,82.0,114900
4301,2015-12-21,530,5,3,0,109.0,105000
4302,2015-12-22,454,4,5,4,83.0,115300
4303,2015-12-23,447,4,4,7,70.0,116400
4304,2015-12-24,187,1,8,7,47.0,116000
4305,2015-12-25,166,1,6,6,107.0,103700
4306,2015-12-28,549,5,4,9,104.0,85500
4307,2015-12-29,710,7,1,0,95.0,87200
4308,2015-12-30,350,3,5,0,63.0,115000
4309,2016-01-04,748,7,4,8,51.0,113600
4310,2016-01-05,988,9,8,8,98.0,87400
4311,2016-01-06,274,2,7,4,100.0,82500
4312,2016-01-07,603,6,0,3,75.0,103100
4313,2016-01-08,797,7,9,7,58.0,108300
4314,2016-01-11,787,7,8,7,118.0,84800
4315,2016-01-12,946,9,4,6,77.0,81400
4316,2016-01-13,081,0,8,1,54.0,108900
4317,2016-01-14,727,7,2,7,95.0,89900
4318,2016-01-15,992,9,9,2,57.0,108500
4319,2016-01-18,283,2,8,3,111.0,89700
4320,2016-01-19,392,3,9,2,62.0,100000
4321,2016-01-20,814,8,1,4,116.0,75400
4322,2016-01-21,725,7,2,5,196.0,49500
4323,2016-01-22,751,7,5,1,60.0,88100
4324,2016-01-25,211,2,1,1,88.0,84200
4325,2016-01-26,564,5,6,4,39.0,136500
4326,2016-01-27,504,5,0,4,78.0,109400
4327,2016-01-28,234,2,3,4,74.0,92000
4328,2016-01-29,694,6,9,4,36.0,134700
4329,2016-02-01,366,3,6,6,99.0,110600
4330,2016-02-02,602,6,0,2,71.0,111500
4331,2016-02-03,712,7,1,2,113.0,68100
4332,2016-02-04,182,1,8,2,83.0,83400
4333,2016-02-05,418,4,1,8,100.0,80900
4334,2016-02-08,305,3,0,5,126.0,83300
4335,2016-02-09,344,3,4,4,67.0,109400
4336,2016-02-10,307,3,0,7,86.0,99700
4337,2016-02-11,136,1,3,6,88.0,79400
4338,2016-02-12,147,1,4,7,152.0,60500
4339,2016-02-15,886,8,8,6,115.0,105300
4340,2016-02-16,721,7,2,1,141.0,68900
4341,2016-02-17,092,0,9,2,74.0,102800
4342,2016-02-18,934,9,3,4,64.0,111200
4343,2016-02-19,055,0,5,5,62.0,105800
4344,2016-02-22,456,4,5,6,150.0,81100
4345,2016-02-23,908,9,0,8,92.0,71000
4346,2016-02-24,837,8,3,7,82.0,87900
4347,2016-02-25,878,8,7,8,78.0,89700
4348,2016-02-26,250,2,5,0,50.0,138500
4349,2016-02-29,311,3,1,1,169.0,66800
4350,2016-03-01,099,0,9,9,36.0,128100
4351,2016-03-02,927,9,2,7,88.0,79800
4352,2016-03-03,002,0,0,2,143.0,96500
4353,2016-03-04,201,2,0,1,105.0,75400
4354,2016-03-07,405,4,0,5,120.0,103800
4355,2016-03-08,500,5,0,0,100.0,81000
4356,2016-03-09,334,3,3,4,82.0,97600
4357,2016-03-10,244,2,4,4,93.0,82800
4358,2016-03-11,200,2,0,0,128.0,95600
4359,2016-03-14,426,4,2,6,135.0,72400
4360,2016-03-15,986,9,8,6,68.0,114700
4361,2016-03-16,937,9,3,7,54.0,121500
4362,2016-03-17,146,1,4,6,73.0,104500
4363,2016-03-18,213,2,1,3,93.0,81500
4364,2016-03-21,257,2,5,7,107.0,80100
4365,2016-03-22,187,1,8,7,49.0,107700
4366,2016-03-23,355,3,5,5,94.0,93600
4367,2016-03-24,207,2,0,7,108.0,81500
4368,2016-03-25,913,9,1,3,80.0,88200
4369,2016-03-28,457,4,5,7,76.0,103300
4370,2016-03-29,446,4,4,6,92.0,96400
4371,2016-03-30,622,6,2,2,112.0,78600
4372,2016-03-31,654,6,5,4,53.0,108500
4373,2016-04-01,375,3,7,5,134.0,61600
4374,2016-04-04,304,3,0,4,123.0,92300
4375,2016-04-05,602,6,0,2,61.0,129800
4376,2016-04-06,878,8,7,8,79.0,114000
4377,2016-04-07,065,0,6,5,44.0,127500
4378,2016-04-08,863,8,6,3,43.0,98000
4379,2016-04-11,900,9,0,0,92.0,94100
4380,2016-04-12,813,8,1,3,83.0,73000
4381,2016-04-13,763,7,6,3,57.0,117500
4382,2016-04-14,661,6,6,1,79.0,97300
4383,2016-04-15,836,8,3,6,67.0,91200
4384,2016-04-18,180,1,8,0,77.0,97400
4385,2016-04-19,230,2,3,0,63.0,104400
4386,2016-04-20,660,6,6,0,158.0,69200
4387,2016-04-21,603,6,0,3,110.0,63600
4388,2016-04-22,099,0,9,9,67.0,105600
4389,2016-04-25,188,1,8,8,118.0,84500
4390,2016-04-26,263,2,6,3,74.0,91800
4391,2016-04-27,962,9,6,2,49.0,112600
4392,2016-04-28,183,1,8,3,105.0,73900
4393,2016-04-29,183,1,8,3,72.0,86400
4394,2016-05-02,701,7,0,1,73.0,108600
4395,2016-05-03,732,7,3,2,75.0,84600
4396,2016-05-04,942,9,4,2,57.0,103400
4397,2016-05-05,987,9,8,7,46.0,105700
4398,2016-05-06,528,5,2,8,158.0,59500
4399,2016-05-09,468,4,6,8,189.0,70900
4400,2016-05-10,933,9,3,3,36.0,107500
4401,2016-05-11,511,5,1,1,324.0,37200
4402,2016-05-12,497,4,9,7,88.0,100300
4403,2016-05-13,339,3,3,9,72.0,98400
4404,2016-05-16,975,9,7,5,98.0,99700
4405,2016-05-17,750,7,5,0,80.0,96300
4406,2016-05-18,590,5,9,0,60.0,82200
4407,2016-05-19,237,2,3,7,67.0,98900
4408,2016-05-20,402,4,0,2,81.0,85600
4409,2016-05-23,985,9,8,5,159.0,90800
4410,2016-05-24,664,6,6,4,43.0,115800
4411,2016-05-25,070,0,7,0,154.0,85600
4412,2016-05-26,642,6,4,2,65.0,92800
4413,2016-05-27,271,2,7,1,56.0,84400
4414,2016-05-30,921,9,2,1,126.0,82000
4415,2016-05-31,397,3,9,7,100.0,90500
4416,2016-06-01,658,6,5,8,63.0,87900
4417,2016-06-02,256,2,5,6,123.0,85600
4418,2016-06-03,093,0,9,3,54.0,120400
4419,2016-06-06,617,6,1,7,129.0,81200
4420,2016-06-07,034,0,3,4,38.0,132100
4421,2016-06-08,262,2,6,2,81.0,98200
4422,2016-06-09,355,3,5,5,59.0,108900
4423,2016-06-10,809,8,0,9,110.0,61100
4424,2016-06-13,244,2,4,4,67.0,112300
4425,2016-06-14,543,5,4,3,61.0,94600
4426,2016-06-15,742,7,4,2,80.0,80800
4427,2016-06-16,370,3,7,0,57.0,107600
4428,2016-06-17,063,0,6,3,84.0,95900
4429,2016-06-20,724,7,2,4,120.0,75800
4430,2016-06-21,615,6,1,5,119.0,72100
4431,2016-06-22,125,1,2,5,107.0,74800
4432,2016-06-23,693,6,9,3,55.0,84400
4433,2016-06-24,088,0,8,8,69.0,86600
4434,2016-06-27,440,4,4,0,151.0,74500
4435,2016-06-28,546,5,4,6,59.0,87000
4436,2016-06-29,748,7,4,8,97.0,78500
4437,2016-06-30,602,6,0,2,65.0,113500
4438,2016-07-01,958,9,5,8,57.0,108400
4439,2016-07-04,728,7,2,8,162.0,62800
4440,2016-07-05,514,5,1,4,122.0,76800
4441,2016-07-06,510,5,1,0,99.0,87400
4442,2016-07-07,003,0,0,3,44.0,131900
4443,2016-07-08,443,4,4,3,66.0,105600
4444,2016-07-11,826,8,2,6,132.0,77600
4445,2016-07-12,716,7,1,6,117.0,75000
4446,2016-07-13,291,2,9,1,88.0,83300
4447,2016-07-14,001,0,0,1,40.0,136600
4448,2016-07-15,292,2,9,2,49.0,106900
4449,2016-07-18,914,9,1,4,106.0,88800
4450,2016-07-19,804,8,0,4,97.0,82500
4451,2016-07-20,451,4,5,1,45.0,105100
4452,2016-07-21,095,0,9,5,68.0,95900
4453,2016-07-22,141,1,4,1,86.0,89100
4454,2016-07-25,097,0,9,7,54.0,131100
4455,2016-07-26,356,3,5,6,81.0,95800
4456,2016-07-27,052,0,5,2,53.0,113200
4457,2016-07-28,047,0,4,7,50.0,111100
4458,2016-07-29,532,5,3,2,71.0,99200
4459,2016-08-01,806,8,0,6,76.0,105000
4460,2016-08-02,206,2,0,6,57.0,101400
4461,2016-08-03,308,3,0,8,103.0,62900
4462,2016-08-04,867,8,6,7,42.0,127100
4463,2016-08-05,623,6,2,3,108.0,68700
4464,2016-08-08,682,6,8,2,58.0,98100
4465,2016-08-09,058,0,5,8,45.0,113900
4466,2016-08-10,472,4,7,2,69.0,86300
4467,2016-08-11,067,0,6,7,50.0,110300
4468,2016-08-12,377,3,7,7,73.0,88200
4469,2016-08-15,367,3,6,7,89.0,88700
4470,2016-08-16,773,7,7,3,178.0,70700
4471,2016-08-17,001,0,0,1,39.0,155800
4472,2016-08-18,142,1,4,2,59.0,100800
4473,2016-08-19,768,7,6,8,44.0,131100
4474,2016-08-22,621,6,2,1,121.0,72900
4475,2016-08-23,695,6,9,5,84.0,96100
4476,2016-08-24,431,4,3,1,56.0,103800
4477,2016-08-25,111,1,1,1,459.0,68000
4478,2016-08-26,100,1,0,0,189.0,51500
4479,2016-08-29,595,5,9,5,59.0,142900
4480,2016-08-30,988,9,8,8,59.0,112800
4481,2016-08-31,103,1,0,3,80.0,81900
4482,2016-09-01,054,0,5,4,56.0,113000
4483,2016-09-02,284,2,8,4,54.0,101500
4484,2016-09-05,337,3,3,7,197.0,76800
4485,2016-09-06,509,5,0,9,71.0,82700
4486,2016-09-07,701,7,0,1,71.0,92000
4487,2016-09-08,346,3,4,6,49.0,101500
4488,2016-09-09,879,8,7,9,66.0,88400
4489,2016-09-12,450,4,5,0,71.0,113100
4490,2016-09-13,437,4,3,7,41.0,104400
4491,2016-09-14,927,9,2,7,89.0,76000
4492,2016-09-15,053,0,5,3,56.0,101200
4493,2016-09-16,804,8,0,4,54.0,110600
4494,2016-09-19,470,4,7,0,65.0,104500
4495,2016-09-20,401,4,0,1,76.0,86600
4496,2016-09-21,211,2,1,1,74.0,90600
4497,2016-09-22,373,3,7,3,73.0,101800
4498,2016-09-23,947,9,4,7,55.0,117000
4499,2016-09-26,545,5,4,5,68.0,126700
4500,2016-09-27,237,2,3,7,70.0,82400
4501,2016-09-28,139,1,3,9,73.0,90300
4502,2016-09-29,161,1,6,1,63.0,96300
4503,2016-09-30,719,7,1,9,84.0,79300
4504,2016-10-03,636,6,3,6,78.0,118900
4505,2016-10-04,167,1,6,7,64.0,92100
4506,2016-10-05,861,8,6,1,57.0,95700
4507,2016-10-06,787,7,8,7,84.0,85600
4508,2016-10-07,316,3,1,6,123.0,68800
4509,2016-10-10,657,6,5,7,66.0,108700
4510,2016-10-11,480,4,8,0,49.0,133100
4511,2016-10-12,829,8,2,9,83.0,78000
4512,2016-10-13,662,6,6,2,39.0,140000
4513,2016-10-14,271,2,7,1,55.0,79200
4514,2016-10-17,946,9,4,6,67.0,111900
4515,2016-10-18,410,4,1,0,71.0,87000
4516,2016-10-19,774,7,7,4,66.0,112900
4517,2016-10-20,693,6,9,3,54.0,80400
4518,2016-10-21,471,4,7,1,72.0,70700
4519,2016-10-24,217,2,1,7,149.0,69500
4520,2016-10-25,111,1,1,1,342.0,86300
4521,2016-10-26,090,0,9,0,81.0,84000
4522,2016-10-27,640,6,4,0,53.0,105900
4523,2016-10-28,568,5,6,8,84.0,79900
4524,2016-10-31,485,4,8,5,83.0,103300
4525,2016-11-01,643,6,4,3,63.0,101800
4526,2016-11-02,215,2,1,5,108.0,85700
4527,2016-11-03,306,3,0,6,120.0,68400
4528,2016-11-04,971,9,7,1,52.0,115700
4529,2016-11-07,721,7,2,1,174.0,52600
4530,2016-11-08,994,9,9,4,43.0,137500
4531,2016-11-09,687,6,8,7,36.0,119400
4532,2016-11-10,526,5,2,6,96.0,84000
4533,2016-11-11,623,6,2,3,82.0,77300
4534,2016-11-14,244,2,4,4,91.0,93100
4535,2016-11-15,697,6,9,7,44.0,119000
4536,2016-11-16,396,3,9,6,77.0,72800
4537,2016-11-17,899,8,9,9,49.0,110000
4538,2016-11-18,281,2,8,1,72.0,91900
4539,2016-11-21,722,7,2,2,110.0,76800
4540,2016-11-22,325,3,2,5,179.0,65600
4541,2016-11-23,850,8,5,0,51.0,108900
4542,2016-11-24,839,8,3,9,54.0,87300
4543,2016-11-25,609,6,0,9,63.0,103300
4544,2016-11-28,090,0,9,0,120.0,80400
4545,2016-11-29,217,2,1,7,110.0,55000
4546,2016-11-30,628,6,2,8,91.0,78200
4547,2016-12-01,939,9,3,9,130.0,84600
4548,2016-12-02,336,3,3,6,130.0,70400
4549,2016-12-05,043,0,4,3,63.0,131400
4550,2016-12-06,699,6,9,9,82.0,107600
4551,2016-12-07,367,3,6,7,100.0,89000
4552,2016-12-08,087,0,8,7,47.0,117200
4553,2016-12-09,721,7,2,1,287.0,37600
4554,2016-12-12,687,6,8,7,98.0,89000
4555,2016-12-13,231,2,3,1,58.0,95200
4556,2016-12-14,915,9,1,5,103.0,90800
4557,2016-12-15,679,6,7,9,70.0,103400
4558,2016-12-16,073,0,7,3,59.0,113800
4559,2016-12-19,137,1,3,7,111.0,74800
4560,2016-12-20,513,5,1,3,109.0,71900
4561,2016-12-21,651,6,5,1,83.0,81500
4562,2016-12-22,291,2,9,1,41.0,103000
4563,2016-12-23,153,1,5,3,65.0,100300
4564,2016-12-26,934,9,3,4,83.0,100200
4565,2016-12-27,837,8,3,7,50.0,122500
4566,2016-12-28,007,0,0,7,77.0,95000
4567,2016-12-29,415,4,1,5,125.0,82900
4568,2016-12-30,767,7,6,7,46.0,134200
4569,2017-01-04,450,4,5,0,47.0,119500
4570,2017-01-05,387,3,8,7,66.0,112900
4571,2017-01-06,714,7,1,4,126.0,65600
4572,2017-01-09,076,0,7,6,78.0,102500
4573,2017-01-10,339,3,3,9,79.0,99400
4574,2017-01-11,694,6,9,4,88.0,91400
4575,2017-01-12,575,5,7,5,96.0,101200
4576,2017-01-13,211,2,1,1,134.0,64900
4577,2017-01-16,085,0,8,5,61.0,147000
4578,2017-01-17,649,6,4,9,49.0,124800
4579,2017-01-18,745,7,4,5,50.0,94500
4580,2017-01-19,697,6,9,7,104.0,79000
4581,2017-01-20,859,8,5,9,75.0,87900
4582,2017-01-23,857,8,5,7,71.0,102100
4583,2017-01-24,387,3,8,7,76.0,92200
4584,2017-01-25,644,6,4,4,59.0,116700
4585,2017-01-26,852,8,5,2,51.0,95200
4586,2017-01-27,132,1,3,2,46.0,107000
4587,2017-01-30,440,4,4,0,144.0,105300
4588,2017-01-31,837,8,3,7,73.0,83500
4589,2017-02-01,906,9,0,6,94.0,92200
4590,2017-02-02,292,2,9,2,67.0,100200
4591,2017-02-03,132,1,3,2,50.0,91200
4592,2017-02-06,762,7,6,2,54.0,107800
4593,2017-02-07,862,8,6,2,59.0,98800
4594,2017-02-08,828,8,2,8,105.0,78900
4595,2017-02-09,070,0,7,0,54.0,136600
4596,2017-02-10,261,2,6,1,63.0,94700
4597,2017-02-13,425,4,2,5,133.0,75600
4598,2017-02-14,027,0,2,7,45.0,108800
4599,2017-02-15,089,0,8,9,42.0,87000
4600,2017-02-16,464,4,6,4,46.0,149600
4601,2017-02-17,015,0,1,5,65.0,118500
4602,2017-02-20,890,8,9,0,89.0,97200
4603,2017-02-21,866,8,6,6,45.0,119000
4604,2017-02-22,893,8,9,3,65.0,96100
4605,2017-02-23,840,8,4,0,37.0,136800
4606,2017-02-24,631,6,3,1,72.0,100300
4607,2017-02-27,147,1,4,7,138.0,64200
4608,2017-02-28,788,7,8,8,56.0,109000
4609,2017-03-01,157,1,5,7,75.0,85500
4610,2017-03-02,449,4,4,9,56.0,133100
4611,2017-03-03,111,1,1,1,613.0,58200
4612,2017-03-06,226,2,2,6,150.0,74800
4613,2017-03-07,868,8,6,8,61.0,112600
4614,2017-03-08,959,9,5,9,53.0,130900
4615,2017-03-09,960,9,6,0,65.0,114600
4616,2017-03-10,689,6,8,9,86.0,82900
4617,2017-03-28,785,7,8,5,77.0,104900
4618,2017-03-14,101,1,0,1,70.0,106000
4619,2017-03-15,789,7,8,9,97.0,77500
4620,2017-03-16,101,1,0,1,88.0,98700
4621,2017-03-17,692,6,9,2,65.0,105200
4622,2017-03-20,164,1,6,4,92.0,97400
4623,2017-03-21,064,0,6,4,25.0,161100
4624,2017-03-22,712,7,1,2,82.0,63300
4625,2017-03-23,405,4,0,5,65.0,95000
4626,2017-03-24,719,7,1,9,78.0,95700
4627,2017-03-27,546,5,4,6,64.0,102400
4629,2017-03-29,053,0,5,3,34.0,117900
4630,2017-03-30,638,6,3,8,142.0,56700
4631,2017-03-31,226,2,2,6,75.0,97100
4632,2017-04-03,066,0,6,6,104.0,87600
4633,2017-04-04,642,6,4,2,47.0,85800
4634,2017-04-05,374,3,7,4,128.0,66000
4635,2017-04-06,984,9,8,4,34.0,137800
4636,2017-04-07,132,1,3,2,73.0,80700
4637,2017-04-10,473,4,7,3,76.0,112300
4638,2017-04-11,081,0,8,1,43.0,104500
4639,2017-04-12,353,3,5,3,66.0,105100
4640,2017-04-13,067,0,6,7,45.0,118000
4641,2017-04-14,535,5,3,5,76.0,99900
4642,2017-04-17,439,4,3,9,111.0,84000
4643,2017-04-18,833,8,3,3,61.0,112900
4644,2017-04-19,091,0,9,1,60.0,101400
4645,2017-04-20,771,7,7,1,89.0,106500
4646,2017-04-21,254,2,5,4,83.0,98200
4647,2017-04-24,364,3,6,4,121.0,73700
4648,2017-04-25,849,8,4,9,55.0,124800
4649,2017-04-26,796,7,9,6,56.0,123500
4650,2017-04-27,799,7,9,9,87.0,90000
4651,2017-04-28,508,5,0,8,97.0,85900
4652,2017-05-01,525,5,2,5,135.0,89500
4653,2017-05-02,939,9,3,9,39.0,168200
4654,2017-05-03,479,4,7,9,61.0,93700
4655,2017-05-04,904,9,0,4,67.0,98900
4656,2017-05-05,433,4,3,3,58.0,111600
4657,2017-05-08,459,4,5,9,80.0,89000
4658,2017-05-09,768,7,6,8,53.0,91100
4659,2017-05-10,161,1,6,1,74.0,99300
4660,2017-05-11,895,8,9,5,62.0,103000
4661,2017-05-12,922,9,2,2,61.0,101100
4662,2017-05-15,682,6,8,2,77.0,100100
4663,2017-05-16,017,0,1,7,88.0,85800
4664,2017-05-17,597,5,9,7,46.0,109200
4665,2017-05-18,423,4,2,3,99.0,69200
4666,2017-05-19,909,9,0,9,74.0,110800
4667,2017-05-22,052,0,5,2,50.0,126700
4668,2017-05-23,509,5,0,9,73.0,76900
4669,2017-05-24,307,3,0,7,57.0,106600
4670,2017-05-25,039,0,3,9,77.0,90600
4671,2017-05-26,041,0,4,1,59.0,105000
4672,2017-05-29,990,9,9,0,89.0,99400
4673,2017-05-30,537,5,3,7,65.0,86300
4674,2017-05-31,471,4,7,1,62.0,81100
4675,2017-06-01,570,5,7,0,45.0,120200
4676,2017-06-02,622,6,2,2,89.0,75900
4677,2017-06-05,873,8,7,3,81.0,98600
4678,2017-06-06,289,2,8,9,74.0,81500
4679,2017-06-07,870,8,7,0,56.0,115100
4680,2017-06-08,037,0,3,7,74.0,97500
4681,2017-06-09,908,9,0,8,135.0,48800
4682,2017-06-12,172,1,7,2,52.0,67700
4683,2017-06-13,577,5,7,7,53.0,118100
4684,2017-06-14,428,4,2,8,106.0,79400
4685,2017-06-15,501,5,0,1,76.0,98100
4686,2017-06-16,540,5,4,0,58.0,103700
4687,2017-06-19,874,8,7,4,119.0,91700
4688,2017-06-20,671,6,7,1,45.0,115700
4689,2017-06-21,311,3,1,1,73.0,85400
4690,2017-06-22,375,3,7,5,81.0,79100
4691,2017-06-23,811,8,1,1,83.0,99400
4692,2017-06-26,242,2,4,2,55.0,125900
4693,2017-06-27,171,1,7,1,79.0,71800
4694,2017-06-28,796,7,9,6,88.0,97300
4695,2017-06-29,208,2,0,8,60.0,104200
4696,2017-06-30,161,1,6,1,73.0,98800
4697,2017-07-03,871,8,7,1,125.0,67200
4698,2017-07-04,713,7,1,3,98.0,66500
4699,2017-07-05,749,7,4,9,47.0,107900
4700,2017-07-06,817,8,1,7,92.0,75100
4701,2017-07-07,346,3,4,6,61.0,104100
4702,2017-07-10,844,8,4,4,48.0,107800
4703,2017-07-11,010,0,1,0,183.0,60700
4704,2017-07-12,904,9,0,4,48.0,124500
4705,2017-07-13,159,1,5,9,85.0,87500
4706,2017-07-14,458,4,5,8,54.0,97400
4707,2017-07-17,401,4,0,1,100.0,85900
4708,2017-07-18,880,8,8,0,57.0,106100
4709,2017-07-19,332,3,3,2,51.0,113700
4710,2017-07-20,008,0,0,8,65.0,124200
4711,2017-07-21,109,1,0,9,123.0,66800
4712,2017-07-24,381,3,8,1,79.0,76100
4713,2017-07-25,661,6,6,1,54.0,105600
4714,2017-07-26,898,8,9,8,64.0,94500
4715,2017-07-27,593,5,9,3,73.0,105700
4716,2017-07-28,679,6,7,9,52.0,109400
4717,2017-07-31,718,7,1,8,134.0,62600
4718,2017-08-01,463,4,6,3,75.0,87000
4719,2017-08-02,722,7,2,2,101.0,75200
4720,2017-08-03,661,6,6,1,93.0,105400
4721,2017-08-04,082,0,8,2,28.0,134300
4722,2017-08-07,207,2,0,7,62.0,109300
4723,2017-08-08,594,5,9,4,56.0,82500
4724,2017-08-09,097,0,9,7,40.0,107600
4725,2017-08-10,229,2,2,9,67.0,92800
4726,2017-08-11,347,3,4,7,47.0,100700
4727,2017-08-14,693,6,9,3,71.0,80800
4728,2017-08-15,201,2,0,1,65.0,110000
4729,2017-08-16,508,5,0,8,72.0,96700
4730,2017-08-17,711,7,1,1,98.0,72100
4731,2017-08-18,105,1,0,5,91.0,85500
4732,2017-08-21,933,9,3,3,53.0,120800
4733,2017-08-22,015,0,1,5,36.0,124300
4734,2017-08-23,409,4,0,9,68.0,91500
4735,2017-08-24,432,4,3,2,60.0,111500
4736,2017-08-25,253,2,5,3,72.0,95000
4737,2017-08-28,185,1,8,5,70.0,95900
4738,2017-08-29,153,1,5,3,85.0,75000
4739,2017-08-30,862,8,6,2,45.0,105400
4740,2017-08-31,007,0,0,7,84.0,88700
4741,2017-09-01,906,9,0,6,106.0,83800
4742,2017-09-04,630,6,3,0,125.0,85400
4743,2017-09-05,058,0,5,8,68.0,105900
4744,2017-09-06,301,3,0,1,104.0,76700
4745,2017-09-07,297,2,9,7,52.0,83900
4746,2017-09-08,707,7,0,7,83.0,96900
4747,2017-09-11,199,1,9,9,126.0,74700
4748,2017-09-12,147,1,4,7,73.0,74900
4749,2017-09-13,302,3,0,2,82.0,81700
4750,2017-09-14,648,6,4,8,60.0,99000
4751,2017-09-15,132,1,3,2,102.0,67000
4752,2017-09-18,372,3,7,2,71.0,87600
4753,2017-09-19,005,0,0,5,74.0,113400
4754,2017-09-20,684,6,8,4,53.0,127800
4755,2017-09-21,276,2,7,6,55.0,119800
4756,2017-09-22,222,2,2,2,536.0,55700
4757,2017-09-25,313,3,1,3,153.0,75400
4758,2017-09-26,214,2,1,4,83.0,79900
4759,2017-09-27,228,2,2,8,103.0,83100
4760,2017-09-28,347,3,4,7,77.0,88900
4761,2017-09-29,573,5,7,3,103.0,86500
4762,2017-10-02,321,3,2,1,126.0,61100
4763,2017-10-03,679,6,7,9,59.0,108800
4764,2017-10-04,925,9,2,5,163.0,67100
4765,2017-10-05,870,8,7,0,47.0,118700
4766,2017-10-06,656,6,5,6,45.0,123500
4767,2017-10-09,187,1,8,7,82.0,84400
4768,2017-10-10,925,9,2,5,74.0,97600
4769,2017-10-11,085,0,8,5,48.0,121100
4770,2017-10-12,933,9,3,3,59.0,100100
4771,2017-10-13,394,3,9,4,66.0,105100
4772,2017-10-16,236,2,3,6,123.0,68400
4773,2017-10-17,219,2,1,9,79.0,80700
4774,2017-10-18,021,0,2,1,35.0,122400
4775,2017-10-19,227,2,2,7,116.0,66700
4776,2017-10-20,420,4,2,0,107.0,73600
4777,2017-10-23,071,0,7,1,72.0,100300
4778,2017-10-24,252,2,5,2,71.0,91700
4779,2017-10-25,921,9,2,1,92.0,80200
4780,2017-10-26,072,0,7,2,93.0,75400
4781,2017-10-27,830,8,3,0,89.0,94800
4782,2017-10-30,205,2,0,5,95.0,103600
4783,2017-10-31,023,0,2,3,68.0,82300
4784,2017-11-01,046,0,4,6,54.0,122300
4785,2017-11-02,501,5,0,1,82.0,77700
4786,2017-11-03,221,2,2,1,113.0,69700
4787,2017-11-06,996,9,9,6,72.0,130500
4788,2017-11-07,496,4,9,6,40.0,114800
4789,2017-11-08,714,7,1,4,96.0,66100
4790,2017-11-09,836,8,3,6,40.0,99400
4791,2017-11-10,621,6,2,1,107.0,68700
4792,2017-11-13,732,7,3,2,75.0,75100
4793,2017-11-14,523,5,2,3,105.0,73400
4794,2017-11-15,385,3,8,5,139.0,52800
4795,2017-11-16,754,7,5,4,47.0,123600
4796,2017-11-17,434,4,3,4,46.0,121600
4797,2017-11-20,891,8,9,1,89.0,82800
4798,2017-11-21,176,1,7,6,66.0,101800
4799,2017-11-22,609,6,0,9,74.0,81000
4800,2017-11-23,794,7,9,4,66.0,95300
4801,2017-11-24,177,1,7,7,124.0,88000
4802,2017-11-27,173,1,7,3,75.0,90000
4803,2017-11-28,261,2,6,1,72.0,89000
4804,2017-11-29,782,7,8,2,61.0,83000
4805,2017-11-30,820,8,2,0,73.0,90900
4806,2017-12-01,242,2,4,2,45.0,122900
4807,2017-12-04,945,9,4,5,70.0,93900
4808,2017-12-05,233,2,3,3,42.0,125200
4809,2017-12-06,218,2,1,8,89.0,69700
4810,2017-12-07,618,6,1,8,120.0,67800
4811,2017-12-08,937,9,3,7,34.0,116300
4812,2017-12-11,278,2,7,8,95.0,79800
4813,2017-12-12,276,2,7,6,47.0,97900
4814,2017-12-13,043,0,4,3,53.0,122700
4815,2017-12-14,078,0,7,8,50.0,118700
4816,2017-12-15,542,5,4,2,41.0,123800
4817,2017-12-18,325,3,2,5,186.0,67600
4818,2017-12-19,162,1,6,2,41.0,95800
4819,2017-12-20,351,3,5,1,96.0,68200
4820,2017-12-21,663,6,6,3,48.0,127900
4821,2017-12-22,288,2,8,8,43.0,134600
4822,2017-12-25,720,7,2,0,94.0,102000
4823,2017-12-26,809,8,0,9,116.0,52800
4824,2017-12-27,372,3,7,2,77.0,81300
4825,2017-12-28,591,5,9,1,63.0,112500
4826,2017-12-29,842,8,4,2,73.0,95700
4827,2018-01-04,858,8,5,8,62.0,119400
4828,2018-01-05,384,3,8,4,79.0,96500
4829,2018-01-08,976,9,7,6,81.0,111400
4830,2018-01-09,930,9,3,0,90.0,95300
4831,2018-01-10,634,6,3,4,125.0,73200
4832,2018-01-11,223,2,2,3,133.0,67900
4833,2018-01-12,413,4,1,3,108.0,78400
4834,2018-01-15,881,8,8,1,70.0,127600
4835,2018-01-16,368,3,6,8,85.0,73200
4836,2018-01-17,873,8,7,3,70.0,80700
4837,2018-01-18,916,9,1,6,110.0,69100
4838,2018-01-19,955,9,5,5,49.0,99200
4839,2018-01-22,122,1,2,2,320.0,39500
4840,2018-01-23,327,3,2,7,105.0,56900
4841,2018-01-24,092,0,9,2,78.0,91600
4842,2018-01-25,282,2,8,2,47.0,117600
4843,2018-01-26,956,9,5,6,54.0,122200
4844,2018-01-29,415,4,1,5,121.0,74500
4845,2018-01-30,432,4,3,2,62.0,81400
4846,2018-01-31,437,4,3,7,39.0,105800
4847,2018-02-01,546,5,4,6,53.0,96900
4848,2018-02-02,291,2,9,1,62.0,85300
4849,2018-02-05,461,4,6,1,102.0,94400
4850,2018-02-06,139,1,3,9,72.0,87700
4851,2018-02-07,138,1,3,8,85.0,64300
4852,2018-02-08,448,4,4,8,71.0,102400
4853,2018-02-09,936,9,3,6,68.0,77100
4854,2018-02-12,221,2,2,1,123.0,53200
4855,2018-02-13,876,8,7,6,38.0,141900
4856,2018-02-14,347,3,4,7,89.0,81300
4857,2018-02-15,631,6,3,1,80.0,83100
4858,2018-02-16,725,7,2,5,176.0,57800
4859,2018-02-19,949,9,4,9,64.0,150900
4860,2018-02-20,271,2,7,1,118.0,49500
4861,2018-02-21,545,5,4,5,53.0,151500
4862,2018-02-22,320,3,2,0,90.0,85300
4863,2018-02-23,060,0,6,0,94.0,105300
4864,2018-02-26,060,0,6,0,77.0,133600
4865,2018-02-27,350,3,5,0,45.0,115500
4866,2018-02-28,839,8,3,9,61.0,86400
4867,2018-03-01,382,3,8,2,77.0,78100
4868,2018-03-02,776,7,7,6,56.0,147500
4869,2018-03-05,411,4,1,1,111.0,80500
4870,2018-03-06,586,5,8,6,53.0,101900
4871,2018-03-07,045,0,4,5,79.0,94000
4872,2018-03-08,123,1,2,3,137.0,49200
4873,2018-03-09,720,7,2,0,48.0,122200
4874,2018-03-12,497,4,9,7,67.0,103100
4875,2018-03-13,243,2,4,3,47.0,99400
4876,2018-03-14,363,3,6,3,52.0,98200
4877,2018-03-15,236,2,3,6,89.0,59000
4878,2018-03-16,399,3,9,9,49.0,123600
4879,2018-03-19,217,2,1,7,150.0,59600
4880,2018-03-20,118,1,1,8,113.0,79300
4881,2018-03-21,486,4,8,6,41.0,109000
4882,2018-03-22,029,0,2,9,52.0,119100
4883,2018-03-23,900,9,0,0,123.0,65400
4884,2018-03-26,484,4,8,4,78.0,131400
4885,2018-03-27,905,9,0,5,72.0,94700
4886,2018-03-28,800,8,0,0,58.0,112800
4887,2018-03-29,339,3,3,9,141.0,64200
4888,2018-03-30,950,9,5,0,51.0,109400
4889,2018-04-02,684,6,8,4,99.0,102200
4890,2018-04-03,507,5,0,7,76.0,99600
4891,2018-04-04,750,7,5,0,63.0,107500
4892,2018-04-05,352,3,5,2,42.0,100400
4893,2018-04-06,516,5,1,6,96.0,82800
4894,2018-04-09,760,7,6,0,77.0,116200
4895,2018-04-10,016,0,1,6,54.0,92800
4896,2018-04-11,759,7,5,9,36.0,124000
4897,2018-04-12,196,1,9,6,46.0,100600
4898,2018-04-13,775,7,7,5,80.0,118100
4899,2018-04-16,118,1,1,8,129.0,86000
4900,2018-04-17,993,9,9,3,59.0,132300
4901,2018-04-18,984,9,8,4,46.0,122500
4902,2018-04-19,159,1,5,9,63.0,98600
4903,2018-04-20,955,9,5,5,51.0,111200
4904,2018-04-23,716,7,1,6,113.0,85500
4905,2018-04-24,936,9,3,6,64.0,82700
4906,2018-04-25,081,0,8,1,105.0,90800
4907,2018-04-26,355,3,5,5,87.0,99800
4908,2018-04-27,714,7,1,4,123.0,63300
4909,2018-04-30,002,0,0,2,56.0,141900
4910,2018-05-01,440,4,4,0,91.0,84100
4911,2018-05-02,372,3,7,2,147.0,66100
4912,2018-05-03,589,5,8,9,76.0,89200
4913,2018-05-04,119,1,1,9,107.0,68900
4914,2018-05-07,299,2,9,9,77.0,94100
4915,2018-05-08,909,9,0,9,86.0,86200
4916,2018-05-09,037,0,3,7,37.0,110300
4917,2018-05-10,402,4,0,2,72.0,94100
4918,2018-05-11,030,0,3,0,52.0,90600
4919,2018-05-14,604,6,0,4,98.0,114400
4920,2018-05-15,497,4,9,7,41.0,118600
4921,2018-05-16,909,9,0,9,91.0,90200
4922,2018-05-17,851,8,5,1,72.0,77800
4923,2018-05-18,934,9,3,4,48.0,102600
4924,2018-05-21,109,1,0,9,130.0,73600
4925,2018-05-22,531,5,3,1,109.0,68100
4926,2018-05-23,393,3,9,3,73.0,84700
4927,2018-05-24,496,4,9,6,44.0,115200
4928,2018-05-25,535,5,3,5,62.0,104200
4929,2018-05-28,513,5,1,3,168.0,64600
4930,2018-05-29,797,7,9,7,87.0,108700
4931,2018-05-30,648,6,4,8,65.0,90800
4932,2018-05-31,319,3,1,9,106.0,65800
4933,2018-06-01,669,6,6,9,141.0,64100
4934,2018-06-04,173,1,7,3,81.0,90700
4935,2018-06-05,269,2,6,9,80.0,94300
4936,2018-06-06,557,5,5,7,90.0,107000
4937,2018-06-07,653,6,5,3,63.0,100100
4938,2018-06-08,137,1,3,7,87.0,79100
4939,2018-06-11,413,4,1,3,90.0,91600
4940,2018-06-12,193,1,9,3,93.0,67400
4941,2018-06-13,642,6,4,2,55.0,89500
4942,2018-06-14,487,4,8,7,48.0,123600
4943,2018-06-15,765,7,6,5,74.0,96400
4944,2018-06-18,119,1,1,9,183.0,69200
4945,2018-06-19,182,1,8,2,32.0,114600
4946,2018-06-20,912,9,1,2,98.0,67900
4947,2018-06-21,018,0,1,8,72.0,87700
4948,2018-06-22,001,0,0,1,108.0,82500
4949,2018-06-25,549,5,4,9,56.0,109900
4950,2018-06-26,256,2,5,6,88.0,84200
4951,2018-06-27,032,0,3,2,61.0,108000
4952,2018-06-28,751,7,5,1,45.0,95600
4953,2018-06-29,349,3,4,9,54.0,112300
4954,2018-07-02,193,1,9,3,143.0,62700
4955,2018-07-03,489,4,8,9,79.0,104200
4956,2018-07-04,901,9,0,1,90.0,77400
4957,2018-07-05,668,6,6,8,54.0,117800
4958,2018-07-06,870,8,7,0,80.0,89200
4959,2018-07-09,061,0,6,1,55.0,118600
4960,2018-07-10,625,6,2,5,114.0,72200
4961,2018-07-11,223,2,2,3,95.0,84200
4962,2018-07-12,205,2,0,5,58.0,115000
4963,2018-07-13,989,9,8,9,71.0,111400
4964,2018-07-16,176,1,7,6,85.0,75700
4965,2018-07-17,877,8,7,7,48.0,87800
4966,2018-07-18,580,5,8,0,54.0,104500
4967,2018-07-19,051,0,5,1,58.0,96600
4968,2018-07-20,115,1,1,5,156.0,57700
4969,2018-07-23,330,3,3,0,121.0,78500
4970,2018-07-24,977,9,7,7,40.0,144400
4971,2018-07-25,778,7,7,8,94.0,83300
4972,2018-07-26,220,2,2,0,94.0,87600
4973,2018-07-27,241,2,4,1,54.0,94900
4974,2018-07-30,096,0,9,6,81.0,117500
4975,2018-07-31,430,4,3,0,72.0,111800
4976,2018-08-01,918,9,1,8,115.0,69100
4977,2018-08-02,644,6,4,4,56.0,104900
4978,2018-08-03,646,6,4,6,49.0,100000
4979,2018-08-06,047,0,4,7,65.0,121500
4980,2018-08-07,260,2,6,0,46.0,125900
4981,2018-08-08,529,5,2,9,103.0,76400
4982,2018-08-09,879,8,7,9,60.0,95000
4983,2018-08-10,890,8,9,0,100.0,54500
4984,2018-08-13,069,0,6,9,62.0,106300
4985,2018-08-14,322,3,2,2,55.0,106300
4986,2018-08-15,505,5,0,5,112.0,88300
4987,2018-08-16,480,4,8,0,49.0,122600
4988,2018-08-17,131,1,3,1,103.0,74900
4989,2018-08-20,203,2,0,3,315.0,56300
4990,2018-08-21,078,0,7,8,39.0,125800
4991,2018-08-22,308,3,0,8,142.0,65900
4992,2018-08-23,371,3,7,1,81.0,81800
4993,2018-08-24,075,0,7,5,47.0,128800
4994,2018-08-27,300,3,0,0,150.0,81500
4995,2018-08-28,650,6,5,0,62.0,111600
4996,2018-08-29,731,7,3,1,128.0,69300
4997,2018-08-30,943,9,4,3,105.0,85200
4998,2018-08-31,271,2,7,1,95.0,62400
4999,2018-09-03,045,0,4,5,94.0,92800
5000,2018-09-04,317,3,1,7,119.0,53900
5001,2018-09-05,488,4,8,8,88.0,87300
5002,2018-09-06,480,4,8,0,67.0,93600
5003,2018-09-07,571,5,7,1,92.0,74200
5004,2018-09-10,635,6,3,5,76.0,120300
5005,2018-09-11,283,2,8,3,67.0,86200
5006,2018-09-12,739,7,3,9,50.0,109600
5007,2018-09-13,704,7,0,4,69.0,108400
5008,2018-09-14,589,5,8,9,70.0,102400
5009,2018-09-17,674,6,7,4,96.0,88200
5010,2018-09-18,960,9,6,0,41.0,121000
5011,2018-09-19,046,0,4,6,65.0,102100
5012,2018-09-20,234,2,3,4,89.0,87900
5013,2018-09-21,681,6,8,1,127.0,83200
5014,2018-09-24,240,2,4,0,77.0,102300
5015,2018-09-25,365,3,6,5,47.0,127500
5016,2018-09-26,763,7,6,3,58.0,108900
5017,2018-09-27,026,0,2,6,54.0,114000
5018,2018-09-28,669,6,6,9,65.0,108000
5019,2018-10-01,942,9,4,2,65.0,99100
5020,2018-10-02,461,4,6,1,56.0,104600
5021,2018-10-03,877,8,7,7,50.0,122400
5022,2018-10-04,449,4,4,9,56.0,100800
5023,2018-10-05,233,2,3,3,72.0,103000
5024,2018-10-08,361,3,6,1,91.0,87200
5025,2018-10-09,368,3,6,8,76.0,83200
5026,2018-10-10,131,1,3,1,67.0,90400
5027,2018-10-11,046,0,4,6,51.0,107900
5028,2018-10-12,046,0,4,6,79.0,100700
5029,2018-10-15,352,3,5,2,74.0,94000
5030,2018-10-16,870,8,7,0,71.0,98700
5031,2018-10-17,271,2,7,1,92.0,58700
5032,2018-10-18,083,0,8,3,116.0,83300
5033,2018-10-19,930,9,3,0,69.0,95500
5034,2018-10-22,098,0,9,8,100.0,71700
5035,2018-10-23,012,0,1,2,56.0,103800
5036,2018-10-24,049,0,4,9,72.0,97200
5037,2018-10-25,594,5,9,4,93.0,73700
5038,2018-10-26,244,2,4,4,88.0,89900
5039,2018-10-29,453,4,5,3,108.0,85300
5040,2018-10-30,546,5,4,6,56.0,83400
5041,2018-10-31,379,3,7,9,73.0,102500
5042,2018-11-01,458,4,5,8,77.0,94300
5043,2018-11-02,115,1,1,5,102.0,88800
5044,2018-11-05,735,7,3,5,97.0,82100
5045,2018-11-06,350,3,5,0,66.0,94900
5046,2018-11-07,142,1,4,2,39.0,108500
5047,2018-11-08,343,3,4,3,76.0,107100
5048,2018-11-09,209,2,0,9,77.0,95900
5049,2018-11-12,132,1,3,2,121.0,63300
5050,2018-11-13,309,3,0,9,103.0,77200
5051,2018-11-14,281,2,8,1,56.0,96800
5052,2018-11-15,105,1,0,5,94.0,79600
5053,2018-11-16,800,8,0,0,66.0,93000
5054,2018-11-19,775,7,7,5,89.0,134700
5055,2018-11-20,476,4,7,6,54.0,99700
5056,2018-11-21,885,8,8,5,59.0,124200
5057,2018-11-22,589,5,8,9,107.0,75900
5058,2018-11-23,275,2,7,5,48.0,102700
5059,2018-11-26,196,1,9,6,74.0,96400
5060,2018-11-27,948,9,4,8,52.0,111200
5061,2018-11-28,987,9,8,7,41.0,98400
5062,2018-11-29,405,4,0,5,114.0,78200
5063,2018-11-30,285,2,8,5,106.0,74200
5064,2018-12-03,313,3,1,3,121.0,84000
5065,2018-12-04,921,9,2,1,80.0,67500
5066,2018-12-05,009,0,0,9,67.0,97700
5067,2018-12-06,295,2,9,5,91.0,90900
5068,2018-12-07,223,2,2,3,115.0,74200
5069,2018-12-10,991,9,9,1,70.0,109700
5070,2018-12-11,656,6,5,6,45.0,129800
5071,2018-12-12,304,3,0,4,55.0,117400
5072,2018-12-13,136,1,3,6,105.0,76400
5073,2018-12-14,922,9,2,2,60.0,94100
5074,2018-12-17,234,2,3,4,128.0,76000
5075,2018-12-18,643,6,4,3,92.0,80100
5076,2018-12-19,871,8,7,1,74.0,87900
5077,2018-12-20,600,6,0,0,49.0,147100
5078,2018-12-21,100,1,0,0,93.0,100600
5079,2018-12-24,329,3,2,9,148.0,68400
5080,2018-12-25,442,4,4,2,68.0,120000
5081,2018-12-26,644,6,4,4,79.0,108300
5082,2018-12-27,080,0,8,0,61.0,124400
5083,2018-12-28,234,2,3,4,96.0,89300
5084,2019-01-04,804,8,0,4,65.0,111900
5085,2019-01-07,755,7,5,5,119.0,92400
5086,2019-01-08,088,0,8,8,69.0,94100
5087,2019-01-09,733,7,3,3,84.0,94700
5088,2019-01-10,654,6,5,4,59.0,108600
5089,2019-01-11,953,9,5,3,66.0,112500
5090,2019-01-14,650,6,5,0,46.0,147700
5091,2019-01-15,608,6,0,8,78.0,101400
5092,2019-01-16,704,7,0,4,71.0,101600
5093,2019-01-17,162,1,6,2,74.0,87200
5094,2019-01-18,616,6,1,6,126.0,75800
5095,2019-01-21,702,7,0,2,109.0,95900
5096,2019-01-22,637,6,3,7,40.0,119400
5097,2019-01-23,249,2,4,9,52.0,105000
5098,2019-01-24,547,5,4,7,57.0,113800
5099,2019-01-25,079,0,7,9,65.0,110400
5100,2019-01-28,647,6,4,7,117.0,92600
5101,2019-01-29,596,5,9,6,72.0,100200
5102,2019-01-30,603,6,0,3,129.0,75200
5103,2019-01-31,210,2,1,0,96.0,88800
5104,2019-02-01,049,0,4,9,85.0,87400
5105,2019-02-04,766,7,6,6,63.0,127300
5106,2019-02-05,322,3,2,2,84.0,83800
5107,2019-02-06,660,6,6,0,128.0,71600
5108,2019-02-07,626,6,2,6,115.0,77600
5109,2019-02-08,684,6,8,4,51.0,108600
5110,2019-02-11,077,0,7,7,93.0,108500
5111,2019-02-12,882,8,8,2,57.0,117200
5112,2019-02-13,087,0,8,7,80.0,90600
5113,2019-02-14,446,4,4,6,78.0,98700
5114,2019-02-15,771,7,7,1,86.0,100100
5115,2019-02-18,878,8,7,8,96.0,82700
5116,2019-02-19,991,9,9,1,107.0,71400
5117,2019-02-20,956,9,5,6,30.0,163300
5118,2019-02-21,831,8,3,1,110.0,73400
5119,2019-02-22,672,6,7,2,77.0,97300
5120,2019-02-25,661,6,6,1,174.0,72700
5121,2019-02-26,635,6,3,5,42.0,118900
5122,2019-02-27,663,6,6,3,89.0,83200
5123,2019-02-28,366,3,6,6,118.0,68200
5124,2019-03-01,958,9,5,8,60.0,127800
5125,2019-03-04,123,1,2,3,235.0,54800
5126,2019-03-05,892,8,9,2,50.0,120500
5127,2019-03-06,637,6,3,7,69.0,94400
5128,2019-03-07,757,7,5,7,47.0,127100
5129,2019-03-08,097,0,9,7,57.0,124300
5130,2019-03-11,302,3,0,2,123.0,86600
5131,2019-03-12,030,0,3,0,67.0,95300
5132,2019-03-13,413,4,1,3,99.0,69800
5133,2019-03-14,449,4,4,9,52.0,104000
5134,2019-03-15,652,6,5,2,60.0,110400
5135,2019-03-18,631,6,3,1,145.0,68300
5136,2019-03-19,998,9,9,8,57.0,116000
5137,2019-03-20,431,4,3,1,50.0,126600
5138,2019-03-21,378,3,7,8,68.0,95900
5139,2019-03-22,148,1,4,8,44.0,105300
5140,2019-03-25,887,8,8,7,148.0,83500
5141,2019-03-26,556,5,5,6,92.0,85400
5142,2019-03-27,247,2,4,7,93.0,76800
5143,2019-03-28,967,9,6,7,58.0,105300
5144,2019-03-29,960,9,6,0,43.0,111200
5145,2019-04-01,373,3,7,3,133.0,91500
5146,2019-04-02,502,5,0,2,62.0,107700
5147,2019-04-03,942,9,4,2,42.0,115900
5148,2019-04-04,391,3,9,1,66.0,92300
5149,2019-04-05,699,6,9,9,63.0,98500
5150,2019-04-08,169,1,6,9,88.0,80100
5151,2019-04-09,745,7,4,5,61.0,115400
5152,2019-04-10,511,5,1,1,79.0,81100
5153,2019-04-11,026,0,2,6,44.0,121500
5154,2019-04-12,906,9,0,6,77.0,81200
5155,2019-04-15,167,1,6,7,97.0,94800
5156,2019-04-16,607,6,0,7,83.0,85400
5157,2019-04-17,765,7,6,5,60.0,100500
5158,2019-04-18,145,1,4,5,46.0,109100
5159,2019-04-19,984,9,8,4,61.0,100800
5160,2019-04-22,764,7,6,4,82.0,94100
5161,2019-04-23,452,4,5,2,75.0,90600
5162,2019-04-24,152,1,5,2,63.0,94300
5163,2019-04-25,830,8,3,0,130.0,70600
5164,2019-04-26,166,1,6,6,79.0,103500
5165,2019-04-29,746,7,4,6,86.0,91300
5166,2019-04-30,619,6,1,9,111.0,70700
5167,2019-05-01,335,3,3,5,82.0,110000
5168,2019-05-02,992,9,9,2,35.0,142900
5169,2019-05-03,349,3,4,9,68.0,85300
5170,2019-05-06,265,2,6,5,79.0,100100
5171,2019-05-07,705,7,0,5,86.0,71600
5172,2019-05-08,451,4,5,1,57.0,99000
5173,2019-05-09,983,9,8,3,62.0,102200
5174,2019-05-10,776,7,7,6,68.0,102800
5175,2019-05-13,482,4,8,2,65.0,115200
5176,2019-05-14,856,8,5,6,64.0,97600
5177,2019-05-15,314,3,1,4,135.0,69800
5178,2019-05-16,129,1,2,9,110.0,67500
5179,2019-05-17,647,6,4,7,105.0,81100
5180,2019-05-20,025,0,2,5,83.0,84000
5181,2019-05-21,193,1,9,3,86.0,77500
5182,2019-05-22,522,5,2,2,300.0,31200
5183,2019-05-23,381,3,8,1,59.0,88700
5184,2019-05-24,682,6,8,2,69.0,107500
5185,2019-05-27,718,7,1,8,121.0,74400
5186,2019-05-28,077,0,7,7,34.0,132200
5187,2019-05-29,779,7,7,9,69.0,105000
5188,2019-05-30,731,7,3,1,96.0,68500
5189,2019-05-31,943,9,4,3,133.0,65200
5190,2019-06-03,383,3,8,3,65.0,130700
5191,2019-06-04,755,7,5,5,65.0,113000
5192,2019-06-05,342,3,4,2,47.0,105800
5193,2019-06-06,856,8,5,6,53.0,108700
5194,2019-06-07,397,3,9,7,61.0,105500
5195,2019-06-10,814,8,1,4,123.0,86900
5196,2019-06-11,080,0,8,0,39.0,123500
5197,2019-06-12,246,2,4,6,148.0,63600
5198,2019-06-13,560,5,6,0,105.0,96800
5199,2019-06-14,683,6,8,3,88.0,86300
5200,2019-06-17,226,2,2,6,167.0,69800
5201,2019-06-18,055,0,5,5,61.0,113900
5202,2019-06-19,377,3,7,7,82.0,105100
5203,2019-06-20,942,9,4,2,41.0,113900
5204,2019-06-21,180,1,8,0,42.0,91900
5205,2019-06-24,011,0,1,1,113.0,86800
5206,2019-06-25,957,9,5,7,49.0,118500
5207,2019-06-26,720,7,2,0,107.0,93600
5208,2019-06-27,928,9,2,8,102.0,73400
5209,2019-06-28,202,2,0,2,100.0,91100
5210,2019-07-01,937,9,3,7,55.0,125800
5211,2019-07-02,214,2,1,4,91.0,80500
5212,2019-07-03,297,2,9,7,61.0,88000
5213,2019-07-04,951,9,5,1,41.0,132300
5214,2019-07-05,782,7,8,2,82.0,81700
5215,2019-07-08,458,4,5,8,92.0,95500
5216,2019-07-09,739,7,3,9,50.0,94800
5217,2019-07-10,763,7,6,3,61.0,99800
5218,2019-07-11,736,7,3,6,68.0,94700
5219,2019-07-12,273,2,7,3,85.0,73600
5220,2019-07-15,047,0,4,7,94.0,106900
5221,2019-07-16,502,5,0,2,71.0,110400
5222,2019-07-17,042,0,4,2,100.0,90000
5223,2019-07-18,808,8,0,8,97.0,97000
5224,2019-07-19,503,5,0,3,86.0,96400
5225,2019-07-22,060,0,6,0,60.0,139000
5226,2019-07-23,463,4,6,3,71.0,91300
5227,2019-07-24,799,7,9,9,69.0,113200
5228,2019-07-25,064,0,6,4,41.0,121000
5229,2019-07-26,519,5,1,9,97.0,89300
5230,2019-07-29,477,4,7,7,64.0,133900
5231,2019-07-30,195,1,9,5,58.0,122400
5232,2019-07-31,980,9,8,0,68.0,90600
5233,2019-08-01,079,0,7,9,65.0,101000
5234,2019-08-02,791,7,9,1,77.0,81800
5236,2019-08-06,912,9,1,2,70.0,86900
5237,2019-08-07,975,9,7,5,73.0,104200
5238,2019-08-08,859,8,5,9,65.0,94200
5239,2019-08-09,613,6,1,3,95.0,79500
5240,2019-08-12,596,5,9,6,61.0,105900
5241,2019-08-13,426,4,2,6,91.0,73300
5242,2019-08-14,882,8,8,2,61.0,111000
5243,2019-08-15,557,5,5,7,51.0,118100
5244,2019-08-16,254,2,5,4,47.0,108300
5245,2019-08-19,009,0,0,9,76.0,102200
5246,2019-08-20,554,5,5,4,102.0,91500
5247,2019-08-21,430,4,3,0,68.0,109400
5248,2019-08-22,297,2,9,7,57.0,102900
5249,2019-08-23,633,6,3,3,62.0,103300
5250,2019-08-26,848,8,4,8,79.0,117000
5251,2019-08-27,680,6,8,0,44.0,127400
5252,2019-08-28,246,2,4,6,108.0,69200
5253,2019-08-29,856,8,5,6,83.0,86600
5254,2019-08-30,043,0,4,3,57.0,131100
5255,2019-09-02,971,9,7,1,111.0,79300
5256,2019-09-03,874,8,7,4,98.0,97500
5257,2019-09-04,012,0,1,2,71.0,112700
5258,2019-09-05,773,7,7,3,99.0,98100
5259,2019-09-06,489,4,8,9,53.0,110500
5260,2019-09-09,032,0,3,2,94.0,98500
5261,2019-09-10,169,1,6,9,55.0,82000
5263,2019-09-12,304,3,0,4,62.0,103100
5264,2019-09-13,910,9,1,0,115.0,77300
5265,2019-09-16,133,1,3,3,68.0,107300
5266,2019-09-17,323,3,2,3,105.0,86000
5267,2019-09-18,786,7,8,6,50.0,111800
5268,2019-09-19,583,5,8,3,80.0,71700
5269,2019-09-20,240,2,4,0,44.0,112900
5270,2019-09-23,825,8,2,5,144.0,70900
5271,2019-09-24,069,0,6,9,66.0,99900
5272,2019-09-25,665,6,6,5,66.0,135700
5273,2019-09-26,876,8,7,6,53.0,123300
5274,2019-09-27,286,2,8,6,58.0,98000
5275,2019-09-30,766,7,6,6,57.0,122000
5276,2019-10-01,597,5,9,7,64.0,103500
5277,2019-10-02,715,7,1,5,104.0,74000
5278,2019-10-03,635,6,3,5,60.0,96100
5279,2019-10-04,705,7,0,5,70.0,103600
5283,2019-10-10,191,1,9,1,54.0,99500
5284,2019-10-11,207,2,0,7,42.0,114300
5285,2019-10-14,163,1,6,3,119.0,71700
5286,2019-10-15,393,3,9,3,84.0,88000
5291,2019-10-22,158,1,5,8,56.0,95200
5292,2019-10-23,822,8,2,2,95.0,84700
5293,2019-10-24,530,5,3,0,101.0,97900
5294,2019-10-25,175,1,7,5,96.0,85600
5295,2019-10-28,762,7,6,2,84.0,99400
5296,2019-10-29,716,7,1,6,74.0,81600
5297,2019-10-30,920,9,2,0,85.0,103000
5298,2019-10-31,134,1,3,4,70.0,93100
5299,2019-11-01,317,3,1,7,113.0,63600
5300,2019-11-04,465,4,6,5,66.0,111400
5301,2019-11-05,601,6,0,1,81.0,105600
5302,2019-11-06,219,2,1,9,86.0,68400
5303,2019-11-07,612,6,1,2,128.0,67900
5304,2019-11-08,153,1,5,3,78.0,71100
5305,2019-11-11,544,5,4,4,126.0,80600
5306,2019-11-12,961,9,6,1,50.0,98500
5307,2019-11-13,828,8,2,8,175.0,76800
5308,2019-11-14,818,8,1,8,122.0,80200
5310,2019-11-18,275,2,7,5,94.0,79800
5311,2019-11-19,695,6,9,5,36.0,126700
5312,2019-11-20,363,3,6,3,62.0,100800
5313,2019-11-21,204,2,0,4,66.0,105200
5314,2019-11-22,094,0,9,4,81.0,113400
5315,2019-11-25,962,9,6,2,90.0,91800
5316,2019-11-26,118,1,1,8,125.0,68500
5317,2019-11-27,565,5,6,5,50.0,137500
5318,2019-11-28,491,4,9,1,69.0,104100
5319,2019-11-29,339,3,3,9,90.0,85800
5320,2019-12-02,448,4,4,8,128.0,86800
5321,2019-12-03,242,2,4,2,60.0,92400
5322,2019-12-04,340,3,4,0,119.0,88100
5324,2019-12-06,694,6,9,4,83.0,89400
5325,2019-12-09,869,8,6,9,99.0,99200
5326,2019-12-10,436,4,3,6,60.0,88000
5327,2019-12-11,247,2,4,7,80.0,78200
5328,2019-12-12,844,8,4,4,74.0,99100
5329,2019-12-13,865,8,6,5,83.0,93800
5330,2019-12-16,491,4,9,1,83.0,115400
5331,2019-12-17,392,3,9,2,82.0,84500
5332,2019-12-18,626,6,2,6,93.0,99500
5333,2019-12-19,680,6,8,0,61.0,111400
5334,2019-12-20,325,3,2,5,162.0,70500
5335,2019-12-23,349,3,4,9,103.0,87400
5336,2019-12-24,113,1,1,3,177.0,67300
5338,2019-12-26,914,9,1,4,82.0,88200
5339,2019-12-27,475,4,7,5,72.0,103800
5340,2019-12-30,721,7,2,1,246.0,49500
5341,2020-01-06,887,8,8,7,78.0,115200
5342,2020-01-07,109,1,0,9,96.0,87400
5343,2020-01-08,527,5,2,7,106.0,75400
5344,2020-01-09,409,4,0,9,88.0,101300
5345,2020-01-10,785,7,8,5,48.0,105800
5346,2020-01-13,705,7,0,5,112.0,94500
5347,2020-01-14,428,4,2,8,110.0,78200
5348,2020-01-15,565,5,6,5,40.0,141100
5349,2020-01-16,592,5,9,2,55.0,107600
5350,2020-01-17,626,6,2,6,79.0,96500
5351,2020-01-20,485,4,8,5,83.0,109200
5352,2020-01-21,069,0,6,9,47.0,101900
5353,2020-01-22,444,4,4,4,289.0,117000
5354,2020-01-23,366,3,6,6,40.0,122300
5355,2020-01-24,629,6,2,9,107.0,74500
5356,2020-01-27,345,3,4,5,160.0,71900
5357,2020-01-28,002,0,0,2,50.0,158300
5358,2020-01-29,312,3,1,2,101.0,64800
5359,2020-01-30,472,4,7,2,63.0,95500
5360,2020-01-31,436,4,3,6,59.0,87000
5361,2020-02-03,272,2,7,2,98.0,84800
5362,2020-02-04,514,5,1,4,110.0,79800
5363,2020-02-05,108,1,0,8,142.0,70700
5364,2020-02-06,577,5,7,7,59.0,112300
5365,2020-02-07,433,4,3,3,100.0,105800
5366,2020-02-10,516,5,1,6,118.0,86800
5367,2020-02-11,720,7,2,0,80.0,87500
5368,2020-02-12,503,5,0,3,76.0,100400
5369,2020-02-13,123,1,2,3,148.0,50900
5370,2020-02-14,006,0,0,6,55.0,137900
5371,2020-02-17,005,0,0,5,92.0,121000
5372,2020-02-18,386,3,8,6,58.0,104400
5373,2020-02-19,461,4,6,1,96.0,89100
5374,2020-02-20,518,5,1,8,153.0,70300
5375,2020-02-21,206,2,0,6,65.0,104200
5376,2020-02-25,996,9,9,6,88.0,106700
5378,2020-02-26,528,5,2,8,116.0,70500
5379,2020-02-27,907,9,0,7,53.0,106200
5380,2020-02-28,780,7,8,0,75.0,113900
5381,2020-03-02,843,8,4,3,77.0,117300
5382,2020-03-03,178,1,7,8,106.0,80500
5383,2020-03-04,452,4,5,2,78.0,91800
5384,2020-03-05,073,0,7,3,51.0,110300
5385,2020-03-06,162,1,6,2,59.0,92800
5386,2020-03-09,921,9,2,1,149.0,73100
5387,2020-03-10,372,3,7,2,100.0,71700
5388,2020-03-11,168,1,6,8,117.0,72000
5389,2020-03-12,233,2,3,3,67.0,105500
5390,2020-03-13,504,5,0,4,100.0,75500
5391,2020-03-16,983,9,8,3,49.0,127300
5392,2020-03-17,679,6,7,9,79.0,90200
5393,2020-03-18,738,7,3,8,94.0,79100
5394,2020-03-19,376,3,7,6,66.0,90900
5395,2020-03-20,397,3,9,7,69.0,76300
5396,2020-03-23,063,0,6,3,90.0,102200
5397,2020-03-24,477,4,7,7,34.0,127900
5398,2020-03-25,509,5,0,9,94.0,88800
5399,2020-03-26,930,9,3,0,121.0,88300
5400,2020-03-27,938,9,3,8,43.0,120700
5401,2020-03-30,574,5,7,4,80.0,103900
5402,2020-03-31,724,7,2,4,127.0,59300
5403,2020-04-01,176,1,7,6,43.0,113500
5404,2020-04-02,010,0,1,0,69.0,128500
5405,2020-04-03,802,8,0,2,80.0,94400
5406,2020-04-06,602,6,0,2,99.0,109000
5407,2020-04-07,221,2,2,1,121.0,81600
5408,2020-04-08,925,9,2,5,114.0,76600
5409,2020-04-09,505,5,0,5,90.0,103700
5410,2020-04-10,182,1,8,2,41.0,97600
5411,2020-04-13,684,6,8,4,60.0,107200
5412,2020-04-14,909,9,0,9,77.0,90300
5413,2020-04-15,962,9,6,2,26.0,122700
5414,2020-04-16,010,0,1,0,54.0,138900
5415,2020-04-17,391,3,9,1,68.0,89400
5416,2020-04-20,950,9,5,0,37.0,123700
5417,2020-04-21,889,8,8,9,60.0,101500
5418,2020-04-22,489,4,8,9,54.0,99500
5419,2020-04-23,804,8,0,4,64.0,79900
5420,2020-04-24,654,6,5,4,34.0,128600
5421,2020-04-27,867,8,6,7,41.0,110300
5422,2020-04-28,843,8,4,3,33.0,117600
5423,2020-04-29,457,4,5,7,33.0,105100
5424,2020-04-30,054,0,5,4,32.0,125700
5425,2020-05-01,815,8,1,5,70.0,88300
5426,2020-05-04,534,5,3,4,40.0,106400
5427,2020-05-05,809,8,0,9,62.0,60200
5428,2020-05-06,348,3,4,8,81.0,94400
5429,2020-05-07,033,0,3,3,70.0,87300
5430,2020-05-08,278,2,7,8,59.0,94300
5431,2020-05-11,837,8,3,7,57.0,88900
5432,2020-05-12,996,9,9,6,57.0,124400
5433,2020-05-13,860,8,6,0,37.0,119800
5434,2020-05-14,700,7,0,0,101.0,70200
5435,2020-05-15,803,8,0,3,131.0,65300
5437,2020-05-19,162,1,6,2,46.0,93500
5438,2020-05-20,729,7,2,9,102.0,68700
5439,2020-05-21,684,6,8,4,60.0,103400
5443,2020-05-27,551,5,5,1,106.0,72700
5444,2020-05-28,343,3,4,3,58.0,129100
5445,2020-05-29,892,8,9,2,71.0,88900
5446,2020-06-01,536,5,3,6,101.0,86600
5447,2020-06-02,202,2,0,2,62.0,97300
5448,2020-06-03,697,6,9,7,60.0,115300
5449,2020-06-04,432,4,3,2,81.0,84100
5450,2020-06-05,863,8,6,3,124.0,67400
5451,2020-06-08,507,5,0,7,117.0,90800
5452,2020-06-09,744,7,4,4,75.0,105700
5453,2020-06-10,774,7,7,4,77.0,97500
5454,2020-06-11,383,3,8,3,61.0,121300
5455,2020-06-12,078,0,7,8,53.0,120400
5456,2020-06-15,712,7,1,2,136.0,62900
5457,2020-06-16,826,8,2,6,110.0,68400
5458,2020-06-17,153,1,5,3,79.0,86100
5459,2020-06-18,365,3,6,5,74.0,100700
5460,2020-06-19,734,7,3,4,77.0,81200
5461,2020-06-22,197,1,9,7,84.0,110200
5462,2020-06-23,988,9,8,8,68.0,104000
5463,2020-06-24,550,5,5,0,51.0,128900
5464,2020-06-25,981,9,8,1,39.0,107000
5465,2020-06-26,709,7,0,9,103.0,75900
5466,2020-06-29,801,8,0,1,116.0,81400
5467,2020-06-30,245,2,4,5,86.0,90100
5468,2020-07-01,358,3,5,8,376.0,33600
5469,2020-07-02,510,5,1,0,114.0,82600
5470,2020-07-03,464,4,6,4,93.0,112900
5471,2020-07-06,337,3,3,7,127.0,77500
5472,2020-07-07,112,1,1,2,112.0,82100
5473,2020-07-08,024,0,2,4,97.0,88300
5474,2020-07-09,339,3,3,9,102.0,85100
5475,2020-07-10,937,9,3,7,54.0,119000
5476,2020-07-13,182,1,8,2,61.0,105100
5477,2020-07-14,738,7,3,8,66.0,88800
5478,2020-07-15,697,6,9,7,93.0,94400
5479,2020-07-16,699,6,9,9,84.0,100400
5480,2020-07-17,613,6,1,3,86.0,75400
5481,2020-07-20,350,3,5,0,96.0,104400
5482,2020-07-21,378,3,7,8,91.0,81400
5483,2020-07-22,637,6,3,7,112.0,61800
5484,2020-07-23,097,0,9,7,48.0,115300
5485,2020-07-24,224,2,2,4,117.0,83400
5486,2020-07-27,495,4,9,5,74.0,92300
5487,2020-07-28,008,0,0,8,73.0,106400
5488,2020-07-29,902,9,0,2,78.0,82900
5489,2020-07-30,555,5,5,5,366.0,89600
5490,2020-07-31,130,1,3,0,102.0,85600
5491,2020-08-03,009,0,0,9,147.0,76000
5492,2020-08-04,113,1,1,3,136.0,70900
5493,2020-08-05,229,2,2,9,101.0,84700
5494,2020-08-06,796,7,9,6,52.0,108500
5495,2020-08-07,332,3,3,2,75.0,97200
5496,2020-08-10,681,6,8,1,102.0,91600
5497,2020-08-11,871,8,7,1,56.0,95900
5498,2020-08-12,640,6,4,0,43.0,135000
5499,2020-08-13,998,9,9,8,76.0,101400
5500,2020-08-14,132,1,3,2,83.0,80700
5501,2020-08-17,858,8,5,8,82.0,89400
5503,2020-08-19,884,8,8,4,74.0,124200
5504,2020-08-20,611,6,1,1,118.0,83500
5505,2020-08-21,529,5,2,9,91.0,88400
5506,2020-08-24,317,3,1,7,141.0,70600
5507,2020-08-25,226,2,2,6,160.0,60400
5508,2020-08-26,687,6,8,7,59.0,107100
5509,2020-08-27,267,2,6,7,69.0,91000
5510,2020-08-28,930,9,3,0,63.0,99700
5511,2020-08-31,443,4,4,3,151.0,81600
5512,2020-09-01,838,8,3,8,74.0,101500
5513,2020-09-02,995,9,9,5,66.0,118600
5514,2020-09-03,716,7,1,6,111.0,77600
5515,2020-09-04,445,4,4,5,79.0,118300
5516,2020-09-07,793,7,9,3,76.0,103500
5517,2020-09-08,948,9,4,8,66.0,96800
5518,2020-09-09,461,4,6,1,68.0,99900
5519,2020-09-10,899,8,9,9,71.0,111200
5520,2020-09-11,195,1,9,5,64.0,106400
5521,2020-09-14,046,0,4,6,105.0,100600
5522,2020-09-15,848,8,4,8,64.0,100800
5523,2020-09-16,927,9,2,7,123.0,67500
5524,2020-09-17,376,3,7,6,55.0,95100
5525,2020-09-18,432,4,3,2,82.0,90900
5526,2020-09-21,240,2,4,0,201.0,76300
5527,2020-09-22,208,2,0,8,52.0,103600
5528,2020-09-23,365,3,6,5,69.0,96400
5529,2020-09-24,660,6,6,0,161.0,71800
5530,2020-09-25,040,0,4,0,88.0,96400
5531,2020-09-28,932,9,3,2,100.0,98300
5532,2020-09-29,969,9,6,9,50.0,110100
5533,2020-09-30,130,1,3,0,87.0,96500
5534,2020-10-01,659,6,5,9,60.0,116600
5535,2020-10-02,040,0,4,0,93.0,121000
5536,2020-10-05,160,1,6,0,97.0,95800
5537,2020-10-06,472,4,7,2,71.0,82000
5538,2020-10-07,944,9,4,4,58.0,107200
5539,2020-10-08,277,2,7,7,57.0,95000
5540,2020-10-09,820,8,2,0,86.0,100000
5541,2020-10-12,979,9,7,9,72.0,126000
5542,2020-10-13,300,3,0,0,120.0,85900
5543,2020-10-14,424,4,2,4,104.0,83100
5544,2020-10-15,650,6,5,0,56.0,128200
5545,2020-10-16,680,6,8,0,48.0,107600
5556,2020-11-02,761,7,6,1,60.0,125800
5557,2020-11-03,210,2,1,0,86.0,92200
5558,2020-11-04,322,3,2,2,100.0,73300
5559,2020-11-05,993,9,9,3,64.0,99200
5560,2020-11-06,415,4,1,5,112.0,81200
5561,2020-11-09,174,1,7,4,100.0,84400
5562,2020-11-10,242,2,4,2,45.0,114400
5563,2020-11-11,287,2,8,7,51.0,109300
5564,2020-11-12,475,4,7,5,57.0,92400
5565,2020-11-13,922,9,2,2,87.0,96600
5566,2020-11-16,842,8,4,2,92.0,94600
5567,2020-11-17,136,1,3,6,80.0,71900
5568,2020-11-18,346,3,4,6,76.0,91400
5569,2020-11-19,000,0,0,0,345.0,93000
5570,2020-11-20,321,3,2,1,108.0,61400
5571,2020-11-23,014,0,1,4,75.0,91200
5572,2020-11-24,998,9,9,8,72.0,106900
5573,2020-11-25,945,9,4,5,60.0,100800
5574,2020-11-26,171,1,7,1,54.0,95900
5575,2020-11-27,282,2,8,2,70.0,78100
5576,2020-11-30,571,5,7,1,75.0,98600
5577,2020-12-01,659,6,5,9,68.0,107100
5578,2020-12-02,729,7,2,9,98.0,73000
5579,2020-12-03,275,2,7,5,78.0,81100
5580,2020-12-04,201,2,0,1,77.0,108600
5581,2020-12-07,314,3,1,4,215.0,60100
5582,2020-12-08,898,8,9,8,69.0,98900
5583,2020-12-09,823,8,2,3,120.0,71300
5585,2020-12-11,831,8,3,1,117.0,64500
5586,2020-12-14,688,6,8,8,195.0,76000
5587,2020-12-15,377,3,7,7,82.0,105800
5588,2020-12-16,364,3,6,4,53.0,105700
5589,2020-12-17,711,7,1,1,106.0,84400
5590,2020-12-18,017,0,1,7,81.0,93300
5591,2020-12-21,421,4,2,1,116.0,74400
5592,2020-12-22,689,6,8,9,98.0,99100
5593,2020-12-23,485,4,8,5,59.0,117100
5594,2020-12-24,316,3,1,6,148.0,64700
5595,2020-12-25,588,5,8,8,69.0,130300
5596,2020-12-28,925,9,2,5,183.0,72200
5597,2020-12-29,439,4,3,9,87.0,75600
5598,2020-12-30,013,0,1,3,98.0,88900
5599,2021-01-04,489,4,8,9,139.0,93000
5600,2021-01-05,715,7,1,5,133.0,69400
5601,2021-01-06,325,3,2,5,139.0,65300
5602,2021-01-07,762,7,6,2,73.0,99100
5603,2021-01-08,229,2,2,9,87.0,95400
5604,2021-01-11,051,0,5,1,81.0,103400
5605,2021-01-12,197,1,9,7,86.0,99900
5606,2021-01-13,517,5,1,7,134.0,75400
5607,2021-01-14,053,0,5,3,48.0,123400
5608,2021-01-15,740,7,4,0,64.0,116500
5609,2021-01-18,240,2,4,0,89.0,106100
5610,2021-01-19,355,3,5,5,119.0,84400
5611,2021-01-20,294,2,9,4,70.0,93400
5612,2021-01-21,923,9,2,3,115.0,77600
5613,2021-01-22,635,6,3,5,71.0,99500
5614,2021-01-25,196,1,9,6,102.0,88800
5615,2021-01-26,240,2,4,0,70.0,114500
5616,2021-01-27,602,6,0,2,79.0,105100
5617,2021-01-28,951,9,5,1,45.0,114500
5618,2021-01-29,698,6,9,8,78.0,113100
5619,2021-02-01,514,5,1,4,153.0,81300
5620,2021-02-02,509,5,0,9,77.0,92800
5621,2021-02-03,398,3,9,8,72.0,97900
5622,2021-02-04,704,7,0,4,75.0,112900
5623,2021-02-05,281,2,8,1,71.0,89700
5624,2021-02-08,357,3,5,7,178.0,65600
5625,2021-02-09,486,4,8,6,78.0,78400
5626,2021-02-10,843,8,4,3,74.0,111900
5627,2021-02-11,641,6,4,1,62.0,97900
5628,2021-02-12,000,0,0,0,301.0,119800
5629,2021-02-15,744,7,4,4,76.0,135800
5630,2021-02-16,785,7,8,5,59.0,116300
5631,2021-02-17,003,0,0,3,77.0,141900
5632,2021-02-18,912,9,1,2,109.0,55600
5633,2021-02-19,154,1,5,4,72.0,115400
5634,2021-02-22,179,1,7,9,82.0,112100
5635,2021-02-23,862,8,6,2,52.0,80900
5636,2021-02-24,385,3,8,5,152.0,51800
5637,2021-02-25,997,9,9,7,80.0,127300
5638,2021-02-26,298,2,9,8,110.0,79500
5639,2021-03-01,246,2,4,6,147.0,69600
5640,2021-03-02,934,9,3,4,84.0,97600
5641,2021-03-03,291,2,9,1,98.0,80700
5642,2021-03-04,931,9,3,1,101.0,78600
5643,2021-03-05,831,8,3,1,127.0,63900
5644,2021-03-08,097,0,9,7,123.0,108000
5645,2021-03-09,807,8,0,7,56.0,96300
5646,2021-03-10,566,5,6,6,132.0,84200
5647,2021-03-11,767,7,6,7,85.0,91700
5648,2021-03-12,759,7,5,9,50.0,121000
5649,2021-03-15,351,3,5,1,164.0,56800
5650,2021-03-16,642,6,4,2,99.0,67100
5651,2021-03-17,881,8,8,1,56.0,123000
5652,2021-03-18,347,3,4,7,84.0,92300
5653,2021-03-19,989,9,8,9,74.0,102600
5654,2021-03-22,048,0,4,8,81.0,116100
5655,2021-03-23,369,3,6,9,189.0,51200
5656,2021-03-24,876,8,7,6,43.0,116700
5657,2021-03-25,548,5,4,8,48.0,107700
5658,2021-03-26,020,0,2,0,60.0,121600
5659,2021-03-29,574,5,7,4,72.0,120600
5660,2021-03-30,526,5,2,6,109.0,79200
5661,2021-03-31,985,9,8,5,58.0,121600
5662,2021-04-01,655,6,5,5,65.0,126200
5663,2021-04-02,933,9,3,3,82.0,85200
5664,2021-04-05,415,4,1,5,168.0,68400
5665,2021-04-06,053,0,5,3,62.0,114500
5666,2021-04-07,742,7,4,2,117.0,67300
5667,2021-04-08,611,6,1,1,105.0,84800
5668,2021-04-09,684,6,8,4,127.0,84700
5669,2021-04-12,178,1,7,8,204.0,54500
5670,2021-04-13,136,1,3,6,135.0,65400
5671,2021-04-14,680,6,8,0,77.0,120500
5672,2021-04-15,016,0,1,6,96.0,107700
5673,2021-04-16,623,6,2,3,129.0,67800
5674,2021-04-19,750,7,5,0,117.0,108300
5675,2021-04-20,526,5,2,6,115.0,81500
5676,2021-04-21,258,2,5,8,113.0,69700
5677,2021-04-22,148,1,4,8,74.0,91900
5678,2021-04-23,762,7,6,2,102.0,100400
5679,2021-04-26,109,1,0,9,172.0,76900
5680,2021-04-27,053,0,5,3,52.0,117600
5681,2021-04-28,537,5,3,7,96.0,81900
5682,2021-04-29,755,7,5,5,56.0,101800
5683,2021-04-30,050,0,5,0,86.0,110800
5684,2021-05-03,971,9,7,1,95.0,96400
5685,2021-05-04,465,4,6,5,80.0,109800
5686,2021-05-05,782,7,8,2,104.0,81700
5687,2021-05-06,475,4,7,5,90.0,85700
5688,2021-05-07,068,0,6,8,69.0,120600
5689,2021-05-10,860,8,6,0,106.0,116500
5690,2021-05-11,753,7,5,3,139.0,66300
5691,2021-05-12,265,2,6,5,62.0,95200
5692,2021-05-13,958,9,5,8,75.0,89200
5693,2021-05-14,863,8,6,3,105.0,69300
5694,2021-05-17,615,6,1,5,136.0,74800
5695,2021-05-18,270,2,7,0,81.0,91900
5696,2021-05-19,855,8,5,5,84.0,95500
5697,2021-05-20,130,1,3,0,99.0,96900
5698,2021-05-21,151,1,5,1,115.0,92500
5699,2021-05-24,052,0,5,2,130.0,87900
5700,2021-05-25,369,3,6,9,176.0,56400
5701,2021-05-26,576,5,7,6,71.0,85300
5702,2021-05-27,635,6,3,5,82.0,88900
5703,2021-05-28,282,2,8,2,76.0,112000
5704,2021-05-31,493,4,9,3,86.0,89900
5705,2021-06-01,117,1,1,7,172.0,62700
5706,2021-06-02,948,9,4,8,79.0,105900
5707,2021-06-03,633,6,3,3,91.0,85700
5708,2021-06-04,227,2,2,7,137.0,65600
5709,2021-06-07,118,1,1,8,367.0,35000
5710,2021-06-08,841,8,4,1,109.0,90900
5711,2021-06-09,736,7,3,6,79.0,82400
5712,2021-06-10,746,7,4,6,56.0,105300
5713,2021-06-11,695,6,9,5,107.0,97600
5714,2021-06-14,901,9,0,1,109.0,97900
5715,2021-06-15,108,1,0,8,145.0,64800
5716,2021-06-16,553,5,5,3,150.0,94300
5717,2021-06-17,089,0,8,9,107.0,84600
5718,2021-06-18,752,7,5,2,113.0,84400
5719,2021-06-21,367,3,6,7,177.0,79700
5720,2021-06-22,400,4,0,0,127.0,102900
5721,2021-06-23,836,8,3,6,48.0,97400
5722,2021-06-24,153,1,5,3,144.0,72200
5723,2021-06-25,093,0,9,3,108.0,102100
5724,2021-06-28,479,4,7,9,147.0,78000
5725,2021-06-29,736,7,3,6,126.0,79500
5726,2021-06-30,389,3,8,9,116.0,82800
5727,2021-07-01,472,4,7,2,76.0,74200
5728,2021-07-02,759,7,5,9,117.0,91400
5729,2021-07-05,591,5,9,1,107.0,101900
5730,2021-07-06,641,6,4,1,103.0,101600
5731,2021-07-07,888,8,8,8,505.0,70700
5732,2021-07-08,758,7,5,8,153.0,69200
5733,2021-07-09,292,2,9,2,74.0,104100
5734,2021-07-12,768,7,6,8,164.0,100900
5735,2021-07-13,293,2,9,3,74.0,95300
5736,2021-07-14,740,7,4,0,149.0,95300
5737,2021-07-15,920,9,2,0,140.0,81400
5738,2021-07-16,090,0,9,0,131.0,67300
5739,2021-07-19,415,4,1,5,211.0,56800
5740,2021-07-20,900,9,0,0,143.0,87100
5741,2021-07-21,803,8,0,3,78.0,96500
5742,2021-07-22,764,7,6,4,108.0,91400
5743,2021-07-23,378,3,7,8,150.0,68000
5744,2021-07-26,388,3,8,8,201.0,91100
5745,2021-07-27,556,5,5,6,134.0,86500
5746,2021-07-28,614,6,1,4,160.0,72800
5747,2021-07-29,764,7,6,4,125.0,89900
5748,2021-07-30,704,7,0,4,144.0,83000
5749,2021-08-02,239,2,3,9,259.0,57700
5750,2021-08-03,240,2,4,0,253.0,49300
5751,2021-08-04,696,6,9,6,117.0,101700
5752,2021-08-05,345,3,4,5,91.0,88100
5753,2021-08-06,163,1,6,3,254.0,58700
5754,2021-08-09,419,4,1,9,287.0,56700
5755,2021-08-10,599,5,9,9,148.0,104300
5756,2021-08-11,261,2,6,1,151.0,70800
5757,2021-08-12,745,7,4,5,142.0,88300
5758,2021-08-13,707,7,0,7,241.0,80500
5759,2021-08-16,746,7,4,6,247.0,67600
5760,2021-08-17,630,6,3,0,233.0,67700
5761,2021-08-18,144,1,4,4,229.0,72400
5762,2021-08-19,034,0,3,4,160.0,84100
5763,2021-08-20,862,8,6,2,166.0,73500
5764,2021-08-23,128,1,2,8,316.0,50900
5765,2021-08-24,841,8,4,1,120.0,74200
5766,2021-08-25,760,7,6,0,69.0,114800
5767,2021-08-26,987,9,8,7,159.0,74100
5768,2021-08-27,413,4,1,3,214.0,65000
5769,2021-08-30,412,4,1,2,350.0,57700
5770,2021-08-31,335,3,3,5,78.0,90200
5771,2021-09-01,502,5,0,2,360.0,59300
5772,2021-09-02,933,9,3,3,193.0,84400
5773,2021-09-03,099,0,9,9,390.0,60600
5774,2021-09-06,595,5,9,5,321.0,79100
5775,2021-09-07,059,0,5,9,293.0,55100
5776,2021-09-08,547,5,4,7,294.0,65700
5777,2021-09-09,916,9,1,6,99.0,74400
5778,2021-09-10,931,9,3,1,241.0,66900
5779,2021-09-13,040,0,4,0,424.0,66800
5780,2021-09-14,468,4,6,8,70.0,81200
5781,2021-09-15,032,0,3,2,428.0,49200
5782,2021-09-16,662,6,6,2,213.0,82300
5783,2021-09-17,714,7,1,4,153.0,62100
5784,2021-09-20,723,7,2,3,192.0,56000
5785,2021-09-21,114,1,1,4,101.0,82000
5786,2021-09-22,708,7,0,8,63.0,115600
5787,2021-09-23,975,9,7,5,69.0,100500
5788,2021-09-24,262,2,6,2,47.0,113100
5789,2021-09-27,275,2,7,5,78.0,80300
5790,2021-09-28,226,2,2,6,108.0,81800
5791,2021-09-29,610,6,1,0,121.0,84600
5792,2021-09-30,606,6,0,6,78.0,74200
5793,2021-10-01,910,9,1,0,123.0,75900
5794,2021-10-04,876,8,7,6,52.0,137300
5795,2021-10-05,033,0,3,3,58.0,103500
5796,2021-10-06,649,6,4,9,60.0,81500
5797,2021-10-07,716,7,1,6,86.0,77100
5798,2021-10-08,071,0,7,1,42.0,110000
5799,2021-10-11,473,4,7,3,80.0,99300
5800,2021-10-12,461,4,6,1,56.0,88900
5801,2021-10-13,642,6,4,2,52.0,87300
5802,2021-10-14,019,0,1,9,59.0,118100
5803,2021-10-15,968,9,6,8,53.0,125200
5804,2021-10-18,527,5,2,7,121.0,69500
5805,2021-10-19,491,4,9,1,42.0,114100
5806,2021-10-20,353,3,5,3,41.0,115300
5807,2021-10-21,722,7,2,2,132.0,77400
5808,2021-10-22,426,4,2,6,122.0,75100
5809,2021-10-25,970,9,7,0,73.0,99500
5810,2021-10-26,495,4,9,5,51.0,103400
5811,2021-10-27,488,4,8,8,45.0,118200
5812,2021-10-28,187,1,8,7,54.0,94200
5813,2021-10-29,236,2,3,6,119.0,58000
5814,2021-11-01,042,0,4,2,99.0,92800
5815,2021-11-02,265,2,6,5,56.0,91800
5816,2021-11-03,188,1,8,8,56.0,98400
5817,2021-11-04,063,0,6,3,75.0,111500
5818,2021-11-05,169,1,6,9,59.0,81700
5819,2021-11-08,576,5,7,6,96.0,94900
5820,2021-11-09,024,0,2,4,55.0,94400
5821,2021-11-10,905,9,0,5,75.0,91700
5822,2021-11-11,748,7,4,8,59.0,93100
5823,2021-11-12,635,6,3,5,116.0,78900
5824,2021-11-15,245,2,4,5,89.0,77200
5825,2021-11-17,313,3,1,3,100.0,84400
5827,2021-11-18,802,8,0,2,62.0,92200
5828,2021-11-19,571,5,7,1,67.0,78500
5829,2021-11-22,363,3,6,3,88.0,113500
5830,2021-11-23,549,5,4,9,58.0,102000
5831,2021-11-24,448,4,4,8,93.0,77100
5832,2021-11-25,357,3,5,7,149.0,49400
5833,2021-11-26,931,9,3,1,51.0,97300
5834,2021-11-29,935,9,3,5,131.0,80800
5835,2021-11-30,840,8,4,0,85.0,89200
5836,2021-12-01,126,1,2,6,114.0,60700
5837,2021-12-02,398,3,9,8,63.0,97700
5838,2021-12-03,856,8,5,6,85.0,85800
5839,2021-12-06,075,0,7,5,90.0,108200
5840,2021-12-07,871,8,7,1,41.0,110900
5841,2021-12-08,570,5,7,0,26.0,157100
5842,2021-12-09,398,3,9,8,80.0,94700
5843,2021-12-10,540,5,4,0,69.0,116300
5844,2021-12-13,418,4,1,8,169.0,68600
5845,2021-12-14,702,7,0,2,51.0,109900
5846,2021-12-15,728,7,2,8,156.0,67800
5847,2021-12-17,074,0,7,4,54.0,113500
5849,2021-12-20,245,2,4,5,87.0,93500
5850,2021-12-21,858,8,5,8,37.0,130700
5851,2021-12-22,365,3,6,5,105.0,83300
5852,2021-12-23,486,4,8,6,73.0,87100
5853,2021-12-24,069,0,6,9,55.0,105100
5854,2021-12-27,692,6,9,2,85.0,96600
5855,2021-12-28,553,5,5,3,80.0,109800
5856,2021-12-29,737,7,3,7,64.0,109300
5857,2022-01-03,131,1,3,1,121.0,72600
5858,2022-01-04,394,3,9,4,74.0,96700
5859,2022-01-05,917,9,1,7,169.0,66900
5860,2022-01-06,201,2,0,1,41.0,105900
5861,2022-01-07,698,6,9,8,38.0,126800
5862,2022-01-10,758,7,5,8,112.0,83000
5863,2022-01-11,906,9,0,6,87.0,102900
5864,2022-01-12,372,3,7,2,102.0,81800
5865,2022-01-13,387,3,8,7,61.0,97200
5866,2022-01-14,946,9,4,6,66.0,84500
5867,2022-01-17,529,5,2,9,195.0,67300
5868,2022-01-18,118,1,1,8,267.0,40800
5869,2022-01-19,330,3,3,0,119.0,86400
5870,2022-01-20,739,7,3,9,49.0,92700
5871,2022-01-21,597,5,9,7,77.0,93800
5872,2022-01-24,207,2,0,7,104.0,100000
5873,2022-01-25,607,6,0,7,85.0,121000
5874,2022-01-26,988,9,8,8,72.0,109500
5875,2022-01-27,995,9,9,5,49.0,148800
5876,2022-01-28,355,3,5,5,105.0,83900
5877,2022-01-31,125,1,2,5,225.0,59600
5878,2022-02-01,372,3,7,2,91.0,76000
5879,2022-02-02,160,1,6,0,44.0,133900
5880,2022-02-03,839,8,3,9,76.0,76200
5881,2022-02-04,094,0,9,4,87.0,91800
5882,2022-02-07,138,1,3,8,125.0,69400
5883,2022-02-08,355,3,5,5,114.0,88400
5884,2022-02-09,008,0,0,8,40.0,122800
5885,2022-02-10,577,5,7,7,68.0,94000
5886,2022-02-11,888,8,8,8,453.0,74400
5887,2022-02-14,973,9,7,3,79.0,100800
5888,2022-02-15,280,2,8,0,61.0,122600
5889,2022-02-16,494,4,9,4,117.0,108100
5890,2022-02-17,719,7,1,9,198.0,72000
5891,2022-02-18,098,0,9,8,98.0,73600
5892,2022-02-21,991,9,9,1,82.0,100100
5893,2022-02-22,481,4,8,1,48.0,115400
5894,2022-02-23,520,5,2,0,68.0,110800
5895,2022-02-24,811,8,1,1,116.0,84200
5896,2022-02-25,951,9,5,1,52.0,105600
5897,2022-02-28,358,3,5,8,520.0,32300
5898,2022-03-01,463,4,6,3,113.0,75400
5899,2022-03-02,735,7,3,5,108.0,67100
5900,2022-03-03,907,9,0,7,139.0,81500
5901,2022-03-04,432,4,3,2,77.0,102100
5902,2022-03-07,493,4,9,3,75.0,98400
5903,2022-03-08,348,3,4,8,71.0,85900
5904,2022-03-09,516,5,1,6,134.0,73000
5905,2022-03-10,920,9,2,0,196.0,76400
5906,2022-03-11,790,7,9,0,67.0,116200
5907,2022-03-14,552,5,5,2,67.0,131200
5908,2022-03-15,805,8,0,5,106.0,79400
5909,2022-03-16,567,5,6,7,155.0,80900
5910,2022-03-17,798,7,9,8,256.0,57000
5911,2022-03-18,529,5,2,9,90.0,76900
5912,2022-03-21,133,1,3,3,94.0,99700
5913,2022-03-22,428,4,2,8,78.0,78600
5914,2022-03-23,028,0,2,8,113.0,112700
5915,2022-03-24,959,9,5,9,90.0,118000
5916,2022-03-25,928,9,2,8,311.0,54000
5917,2022-03-28,943,9,4,3,122.0,96100
5918,2022-03-29,515,5,1,5,145.0,83300
5919,2022-03-30,522,5,2,2,122.0,88300
5920,2022-03-31,733,7,3,3,47.0,105500
5921,2022-04-01,194,1,9,4,236.0,77600
5922,2022-04-04,060,0,6,0,88.0,125700
5923,2022-04-05,106,1,0,6,88.0,82600
5924,2022-04-06,922,9,2,2,104.0,91400
5925,2022-04-07,622,6,2,2,371.0,52500
5926,2022-04-08,683,6,8,3,81.0,78600
5927,2022-04-11,391,3,9,1,106.0,81200
5928,2022-04-12,338,3,3,8,82.0,109300
5929,2022-04-13,882,8,8,2,64.0,97100
5930,2022-04-14,859,8,5,9,179.0,81200
5931,2022-04-15,451,4,5,1,75.0,74300
5932,2022-04-18,950,9,5,0,91.0,92200
5933,2022-04-19,124,1,2,4,98.0,81600
5934,2022-04-20,162,1,6,2,43.0,97100
5935,2022-04-21,040,0,4,0,69.0,118200
5936,2022-04-22,193,1,9,3,127.0,71700
5937,2022-04-25,696,6,9,6,74.0,104000
5938,2022-04-26,939,9,3,9,53.0,103900
5939,2022-04-27,183,1,8,3,120.0,73400
5940,2022-04-28,621,6,2,1,118.0,76300
5941,2022-04-29,226,2,2,6,173.0,60200
5942,2022-05-02,468,4,6,8,107.0,81300
5943,2022-05-03,985,9,8,5,61.0,107700
5944,2022-05-04,394,3,9,4,173.0,66700
5945,2022-05-05,655,6,5,5,203.0,80500
5946,2022-05-06,529,5,2,9,132.0,67300
5947,2022-05-09,283,2,8,3,128.0,80900
5948,2022-05-10,408,4,0,8,112.0,98700
5949,2022-05-11,713,7,1,3,107.0,64700
5950,2022-05-12,264,2,6,4,78.0,80400
5951,2022-05-13,612,6,1,2,96.0,77000
5952,2022-05-16,981,9,8,1,65.0,103600
5953,2022-05-17,150,1,5,0,71.0,109100
5954,2022-05-18,007,0,0,7,116.0,85500
5955,2022-05-19,603,6,0,3,81.0,96600
5956,2022-05-20,941,9,4,1,47.0,111000
5957,2022-05-23,319,3,1,9,157.0,55600
5958,2022-05-24,123,1,2,3,145.0,57400
5959,2022-05-25,940,9,4,0,59.0,122700
5960,2022-05-26,544,5,4,4,61.0,105100
5961,2022-05-27,431,4,3,1,55.0,94800
5962,2022-05-30,250,2,5,0,84.0,110500
5963,2022-05-31,790,7,9,0,51.0,116200
5964,2022-06-01,030,0,3,0,43.0,134000
5965,2022-06-02,044,0,4,4,121.0,86100
5966,2022-06-03,677,6,7,7,88.0,111400
5967,2022-06-06,739,7,3,9,101.0,82500
5968,2022-06-08,936,9,3,6,93.0,68800
5970,2022-06-09,415,4,1,5,134.0,65000
5971,2022-06-10,274,2,7,4,109.0,73200
5972,2022-06-13,272,2,7,2,80.0,97700
5973,2022-06-14,753,7,5,3,74.0,75000
5974,2022-06-16,492,4,9,2,55.0,101800
5976,2022-06-17,087,0,8,7,65.0,113100
5977,2022-06-21,112,1,1,2,148.0,83800
5979,2022-06-22,377,3,7,7,104.0,92300
5980,2022-06-23,844,8,4,4,72.0,113100
5981,2022-06-24,959,9,5,9,83.0,86500
5982,2022-06-27,953,9,5,3,100.0,91200
5983,2022-06-28,098,0,9,8,181.0,72600
5984,2022-06-29,483,4,8,3,78.0,103400
5985,2022-06-30,134,1,3,4,69.0,101800
5986,2022-07-01,089,0,8,9,174.0,87600
5987,2022-07-04,671,6,7,1,67.0,94600
5988,2022-07-05,640,6,4,0,58.0,125300
5989,2022-07-06,771,7,7,1,74.0,107400
5990,2022-07-07,628,6,2,8,78.0,80400
5991,2022-07-08,641,6,4,1,55.0,98900
5992,2022-07-11,606,6,0,6,85.0,103100
5993,2022-07-12,043,0,4,3,66.0,113500
5994,2022-07-13,689,6,8,9,56.0,125200
5995,2022-07-14,949,9,4,9,90.0,99300
5996,2022-07-15,359,3,5,9,73.0,89000
5997,2022-07-18,994,9,9,4,77.0,120500
5998,2022-07-19,459,4,5,9,112.0,58700
5999,2022-07-20,941,9,4,1,55.0,93700
6000,2022-07-21,217,2,1,7,268.0,41600
6001,2022-07-22,414,4,1,4,85.0,96000
6002,2022-07-25,370,3,7,0,68.0,94000
6003,2022-07-26,208,2,0,8,35.0,104700
6004,2022-07-28,047,0,4,7,92.0,76500
6006,2022-07-29,705,7,0,5,135.0,72100
6007,2022-08-01,827,8,2,7,105.0,81400
6008,2022-08-02,890,8,9,0,62.0,82600
6009,2022-08-03,818,8,1,8,139.0,66900
6010,2022-08-04,475,4,7,5,70.0,98700
6011,2022-08-05,509,5,0,9,93.0,78700
6012,2022-08-08,546,5,4,6,149.0,92400
6013,2022-08-09,498,4,9,8,67.0,77100
6014,2022-08-10,257,2,5,7,75.0,82300
6015,2022-08-11,802,8,0,2,56.0,101900
6016,2022-08-12,731,7,3,1,121.0,65800
6017,2022-08-15,033,0,3,3,89.0,95100
6018,2022-08-16,624,6,2,4,102.0,71000
6019,2022-08-18,287,2,8,7,180.0,76900
6021,2022-08-19,462,4,6,2,79.0,98100
6022,2022-08-22,849,8,4,9,74.0,114300
6023,2022-08-23,048,0,4,8,46.0,107200
6024,2022-08-24,877,8,7,7,82.0,93100
6025,2022-08-25,252,2,5,2,66.0,109600
6026,2022-08-26,514,5,1,4,129.0,72800
6027,2022-08-29,988,9,8,8,87.0,113700
6028,2022-08-30,879,8,7,9,67.0,77000
6029,2022-08-31,685,6,8,5,284.0,72200
6030,2022-09-01,353,3,5,3,66.0,106700
6031,2022-09-02,347,3,4,7,68.0,89600
6032,2022-09-05,591,5,9,1,81.0,91700
6033,2022-09-07,114,1,1,4,89.0,93900
6035,2022-09-08,020,0,2,0,131.0,87400
6036,2022-09-09,566,5,6,6,86.0,100500
6037,2022-09-12,411,4,1,1,91.0,109100
6038,2022-09-13,170,1,7,0,171.0,85300
6039,2022-09-14,318,3,1,8,145.0,61500
6040,2022-09-15,988,9,8,8,56.0,109400
6041,2022-09-16,979,9,7,9,56.0,98200
6042,2022-09-19,445,4,4,5,176.0,80700
6043,2022-09-20,232,2,3,2,36.0,91800
6044,2022-09-21,281,2,8,1,30.0,110000
6045,2022-09-22,595,5,9,5,33.0,125700
6046,2022-09-23,278,2,7,8,42.0,101900
6047,2022-09-26,222,2,2,2,648.0,61000
6048,2022-09-27,443,4,4,3,84.0,101500
6049,2022-09-28,727,7,2,7,214.0,60300
6050,2022-09-30,274,2,7,4,85.0,67600
6052,2022-10-03,394,3,9,4,68.0,86700
6053,2022-10-04,009,0,0,9,100.0,85200
6054,2022-10-05,146,1,4,6,53.0,101700
6055,2022-10-06,432,4,3,2,69.0,99200
6056,2022-10-07,031,0,3,1,62.0,94400
6057,2022-10-10,139,1,3,9,62.0,74800
6058,2022-10-11,601,6,0,1,73.0,111600
6059,2022-10-12,630,6,3,0,86.0,86700
6060,2022-10-13,280,2,8,0,39.0,120600
6061,2022-10-14,595,5,9,5,97.0,100000
6062,2022-10-17,763,7,6,3,108.0,93600
6063,2022-10-18,809,8,0,9,82.0,76800
6064,2022-10-19,002,0,0,2,100.0,106200
6065,2022-10-20,804,8,0,4,47.0,115200
6066,2022-10-24,570,5,7,0,93.0,103900
6068,2022-10-25,046,0,4,6,184.0,78000
6069,2022-10-26,605,6,0,5,85.0,99600
6070,2022-10-27,850,8,5,0,64.0,93700
6071,2022-10-28,849,8,4,9,83.0,104100
6072,2022-10-31,986,9,8,6,66.0,125500
6073,2022-11-01,281,2,8,1,36.0,113500
6074,2022-11-02,746,7,4,6,76.0,97600
6075,2022-11-03,065,0,6,5,43.0,132400
6076,2022-11-04,763,7,6,3,63.0,106800
6077,2022-11-07,089,0,8,9,100.0,66700
6078,2022-11-08,800,8,0,0,87.0,70300
6079,2022-11-09,054,0,5,4,57.0,92700
6080,2022-11-10,394,3,9,4,163.0,71300
6081,2022-11-11,754,7,5,4,56.0,123200
6082,2022-11-14,659,6,5,9,202.0,85800
6083,2022-11-15,641,6,4,1,90.0,88500
6084,2022-11-17,930,9,3,0,185.0,71000
6086,2022-11-18,947,9,4,7,52.0,96200
6087,2022-11-21,590,5,9,0,65.0,90800
6088,2022-11-22,348,3,4,8,65.0,103300
6089,2022-11-23,533,5,3,3,54.0,100800
6090,2022-11-24,438,4,3,8,99.0,98200
6091,2022-11-25,424,4,2,4,338.0,61600
6092,2022-11-28,754,7,5,4,78.0,104700
6093,2022-11-29,386,3,8,6,66.0,83100
6094,2022-11-30,589,5,8,9,107.0,75500
6095,2022-12-01,978,9,7,8,88.0,92800
6096,2022-12-05,447,4,4,7,91.0,100000
6098,2022-12-06,658,6,5,8,61.0,101300
6099,2022-12-07,745,7,4,5,103.0,70100
6100,2022-12-08,671,6,7,1,201.0,81000
6101,2022-12-09,742,7,4,2,79.0,73900
6102,2022-12-12,636,6,3,6,276.0,79400
6103,2022-12-13,638,6,3,8,95.0,68500
6104,2022-12-14,799,7,9,9,54.0,123000
6105,2022-12-15,613,6,1,3,219.0,63200
6106,2022-12-16,559,5,5,9,97.0,112900
6107,2022-12-19,460,4,6,0,103.0,103500
6108,2022-12-20,229,2,2,9,106.0,93400
6109,2022-12-21,947,9,4,7,72.0,98400
6110,2022-12-22,035,0,3,5,73.0,103100
6111,2022-12-23,329,3,2,9,131.0,78100
6112,2022-12-26,857,8,5,7,80.0,111100
6113,2022-12-27,929,9,2,9,115.0,82500
6114,2022-12-28,958,9,5,8,385.0,55600
6115,2022-12-29,194,1,9,4,82.0,92600
6116,2023-01-03,953,9,5,3,106.0,72200
6117,2023-01-04,091,0,9,1,55.0,118600
6118,2023-01-05,433,4,3,3,258.0,74600
6119,2023-01-06,185,1,8,5,167.0,80000
6120,2023-01-09,661,6,6,1,67.0,120400
6121,2023-01-10,203,2,0,3,64.0,113900
6122,2023-01-11,895,8,9,5,77.0,102600
6123,2023-01-12,055,0,5,5,75.0,116900
6124,2023-01-13,118,1,1,8,150.0,69700
6125,2023-01-16,169,1,6,9,98.0,78100
6126,2023-01-17,625,6,2,5,152.0,65900
6127,2023-01-18,963,9,6,3,116.0,69200
6128,2023-01-19,611,6,1,1,102.0,84000
6129,2023-01-20,630,6,3,0,88.0,88500
6130,2023-01-23,606,6,0,6,132.0,80900
6131,2023-01-24,167,1,6,7,95.0,105700
6132,2023-01-25,252,2,5,2,80.0,102100
6133,2023-01-26,637,6,3,7,171.0,72700
6134,2023-01-27,310,3,1,0,125.0,77600
6135,2023-01-30,108,1,0,8,134.0,78100
6136,2023-01-31,482,4,8,2,232.0,71400
6137,2023-02-01,226,2,2,6,175.0,62000
6138,2023-02-02,596,5,9,6,65.0,102200
6139,2023-02-03,566,5,6,6,61.0,119900
6140,2023-02-06,514,5,1,4,150.0,73800
6141,2023-02-07,168,1,6,8,166.0,62100
6142,2023-02-08,716,7,1,6,102.0,77700
6143,2023-02-09,310,3,1,0,99.0,96500
6144,2023-02-10,470,4,7,0,67.0,109100
6145,2023-02-13,309,3,0,9,148.0,86100
6146,2023-02-14,727,7,2,7,101.0,87800
6147,2023-02-15,268,2,6,8,103.0,79400
6148,2023-02-16,657,6,5,7,48.0,118700
6149,2023-02-17,986,9,8,6,40.0,118500
6150,2023-02-20,800,8,0,0,97.0,96300
6151,2023-02-21,520,5,2,0,78.0,101400
6152,2023-02-22,460,4,6,0,70.0,108000
6153,2023-02-23,909,9,0,9,71.0,108600
6154,2023-02-24,432,4,3,2,69.0,98700
6155,2023-02-27,424,4,2,4,99.0,99100
6156,2023-02-28,715,7,1,5,258.0,50500
6157,2023-03-01,989,9,8,9,78.0,95200
6158,2023-03-02,474,4,7,4,45.0,130000
6159,2023-03-03,609,6,0,9,72.0,96500
6160,2023-03-06,145,1,4,5,313.0,64700
6161,2023-03-07,276,2,7,6,84.0,80000
6162,2023-03-08,175,1,7,5,107.0,82400
6163,2023-03-09,092,0,9,2,107.0,95200
6164,2023-03-10,429,4,2,9,154.0,69600
6165,2023-03-13,674,6,7,4,133.0,91900
6166,2023-03-14,144,1,4,4,61.0,111100
6167,2023-03-15,134,1,3,4,76.0,83300
6168,2023-03-16,232,2,3,2,61.0,99900
6169,2023-03-17,161,1,6,1,78.0,115800
6170,2023-03-20,675,6,7,5,99.0,116600
6171,2023-03-21,337,3,3,7,66.0,109900
6172,2023-03-22,928,9,2,8,120.0,75400
6173,2023-03-23,325,3,2,5,158.0,59900
6174,2023-03-24,484,4,8,4,177.0,72000
6175,2023-03-27,321,3,2,1,366.0,52200
6176,2023-03-28,137,1,3,7,67.0,88900
6177,2023-03-29,320,3,2,0,98.0,87500
6178,2023-03-30,839,8,3,9,51.0,86900
6179,2023-03-31,694,6,9,4,85.0,80000
6180,2023-04-03,009,0,0,9,127.0,92300
6181,2023-04-04,911,9,1,1,139.0,65100
6182,2023-04-05,644,6,4,4,120.0,96800
6183,2023-04-06,258,2,5,8,253.0,58300
6184,2023-04-07,278,2,7,8,78.0,81200
6185,2023-04-10,847,8,4,7,122.0,99000
6186,2023-04-11,600,6,0,0,56.0,128800
6187,2023-04-12,890,8,9,0,111.0,56200
6188,2023-04-13,101,1,0,1,146.0,75200
6189,2023-04-14,543,5,4,3,58.0,113800
6190,2023-04-17,072,0,7,2,66.0,103800
6191,2023-04-18,188,1,8,8,204.0,73700
6192,2023-04-19,733,7,3,3,61.0,107200
6193,2023-04-20,423,4,2,3,115.0,69800
6194,2023-04-21,962,9,6,2,55.0,98500
6195,2023-04-24,178,1,7,8,298.0,54400
6196,2023-04-25,273,2,7,3,71.0,73400
6197,2023-04-26,799,7,9,9,58.0,130200
6198,2023-04-27,958,9,5,8,79.0,93800
6199,2023-04-28,953,9,5,3,90.0,96100
6200,2023-05-01,237,2,3,7,291.0,68800
6201,2023-05-02,372,3,7,2,290.0,63500
6202,2023-05-03,828,8,2,8,108.0,78700
6203,2023-05-04,019,0,1,9,60.0,100000
6204,2023-05-05,788,7,8,8,66.0,120300
6205,2023-05-08,734,7,3,4,78.0,96500
6206,2023-05-09,675,6,7,5,65.0,102700
6207,2023-05-10,746,7,4,6,51.0,95000
6208,2023-05-11,218,2,1,8,84.0,82900
6209,2023-05-12,140,1,4,0,46.0,110300
6210,2023-05-15,055,0,5,5,99.0,93500
6211,2023-05-16,464,4,6,4,50.0,116800
6212,2023-05-17,620,6,2,0,80.0,99000
6213,2023-05-18,350,3,5,0,213.0,75600
6214,2023-05-19,138,1,3,8,61.0,80300
6215,2023-05-22,292,2,9,2,74.0,92100
6216,2023-05-23,931,9,3,1,82.0,68700
6217,2023-05-24,584,5,8,4,74.0,93500
6218,2023-05-25,908,9,0,8,94.0,66400
6219,2023-05-26,277,2,7,7,59.0,92700
6220,2023-05-29,022,0,2,2,75.0,103500
6221,2023-05-30,041,0,4,1,45.0,122500
6222,2023-05-31,047,0,4,7,75.0,101200
6223,2023-06-01,608,6,0,8,67.0,103900
6224,2023-06-02,322,3,2,2,210.0,78000
6225,2023-06-05,753,7,5,3,115.0,73800
6226,2023-06-06,076,0,7,6,70.0,116700
6227,2023-06-07,995,9,9,5,60.0,112100
6228,2023-06-08,232,2,3,2,75.0,106700
6229,2023-06-09,583,5,8,3,95.0,66300
6230,2023-06-12,088,0,8,8,101.0,83700
6231,2023-06-13,370,3,7,0,37.0,113000
6232,2023-06-14,809,8,0,9,98.0,55700
6233,2023-06-15,469,4,6,9,76.0,95500
6234,2023-06-16,377,3,7,7,208.0,73600
6235,2023-06-19,893,8,9,3,96.0,81900
6236,2023-06-20,499,4,9,9,88.0,100400
6237,2023-06-21,941,9,4,1,204.0,72500
6238,2023-06-22,357,3,5,7,243.0,63100
6239,2023-06-23,781,7,8,1,41.0,119100
6240,2023-06-26,600,6,0,0,101.0,91300
6241,2023-06-27,305,3,0,5,86.0,89800
6242,2023-06-28,342,3,4,2,60.0,102700
6243,2023-06-29,795,7,9,5,202.0,82400
6244,2023-06-30,455,4,5,5,235.0,71500
6245,2023-07-03,430,4,3,0,136.0,90800
6246,2023-07-04,921,9,2,1,105.0,68800
6247,2023-07-05,574,5,7,4,81.0,88000
6248,2023-07-06,893,8,9,3,70.0,92600
6249,2023-07-07,637,6,3,7,205.0,73900
6250,2023-07-10,888,8,8,8,453.0,78200
6251,2023-07-11,688,6,8,8,55.0,127400
6252,2023-07-12,339,3,3,9,100.0,74300
6253,2023-07-13,112,1,1,2,101.0,78600
6254,2023-07-14,642,6,4,2,70.0,100700
6255,2023-07-17,974,9,7,4,77.0,101900
6256,2023-07-18,097,0,9,7,96.0,78600
6257,2023-07-19,857,8,5,7,123.0,104700
6258,2023-07-20,430,4,3,0,75.0,118500
6259,2023-07-21,831,8,3,1,158.0,62100
6260,2023-07-24,785,7,8,5,57.0,132000
6261,2023-07-25,023,0,2,3,55.0,103300
6262,2023-07-26,199,1,9,9,81.0,91200
6263,2023-07-27,243,2,4,3,96.0,100200
6264,2023-07-28,558,5,5,8,203.0,82300
6265,2023-07-31,353,3,5,3,106.0,95300
6266,2023-08-01,684,6,8,4,120.0,75600
6267,2023-08-02,507,5,0,7,90.0,83500
6268,2023-08-03,427,4,2,7,165.0,61700
6269,2023-08-04,485,4,8,5,161.0,83800
6270,2023-08-07,555,5,5,5,454.0,81300
6271,2023-08-08,422,4,2,2,233.0,63600
6272,2023-08-09,840,8,4,0,52.0,123100
6273,2023-08-10,692,6,9,2,91.0,110600
6274,2023-08-11,485,4,8,5,72.0,98000
6275,2023-08-14,622,6,2,2,128.0,79100
6276,2023-08-15,747,7,4,7,81.0,93800
6277,2023-08-16,748,7,4,8,72.0,88600
6278,2023-08-17,068,0,6,8,52.0,125900
6279,2023-08-18,035,0,3,5,49.0,110900
6280,2023-08-21,846,8,4,6,113.0,81400
6281,2023-08-22,935,9,3,5,114.0,81000
6282,2023-08-23,326,3,2,6,263.0,57200
6283,2023-08-24,758,7,5,8,85.0,81900
6284,2023-08-25,901,9,0,1,96.0,93500
6285,2023-08-28,075,0,7,5,181.0,95400
6286,2023-08-29,672,6,7,2,59.0,107600
6287,2023-08-30,216,2,1,6,144.0,64600
6288,2023-08-31,052,0,5,2,69.0,124600
6289,2023-09-01,781,7,8,1,158.0,88700
6290,2023-09-04,940,9,4,0,86.0,95100
6291,2023-09-05,007,0,0,7,96.0,99500
6292,2023-09-06,117,1,1,7,263.0,41200
6293,2023-09-07,164,1,6,4,95.0,83700
6294,2023-09-08,928,9,2,8,103.0,74100
6295,2023-09-11,286,2,8,6,168.0,78600
6296,2023-09-12,917,9,1,7,126.0,67000
6297,2023-09-13,751,7,5,1,71.0,79100
6298,2023-09-14,580,5,8,0,62.0,99400
6299,2023-09-15,579,5,7,9,173.0,75400
6300,2023-09-18,577,5,7,7,77.0,103500
6301,2023-09-19,484,4,8,4,48.0,114200
6302,2023-09-20,669,6,6,9,113.0,88000
6303,2023-09-21,876,8,7,6,47.0,94200
6304,2023-09-22,017,0,1,7,265.0,67500
6305,2023-09-25,951,9,5,1,96.0,86400
6306,2023-09-26,251,2,5,1,75.0,104300
6307,2023-09-27,305,3,0,5,67.0,90400
6308,2023-09-28,184,1,8,4,58.0,98900
6309,2023-09-29,103,1,0,3,177.0,72400
6310,2023-10-02,951,9,5,1,81.0,108200
6311,2023-10-03,220,2,2,0,73.0,110200
6312,2023-10-04,484,4,8,4,72.0,107300
6313,2023-10-05,068,0,6,8,229.0,76800
6314,2023-10-06,235,2,3,5,92.0,81900
6315,2023-10-09,209,2,0,9,92.0,101600
6316,2023-10-10,414,4,1,4,108.0,93500
6317,2023-10-11,590,5,9,0,286.0,65300
6318,2023-10-12,550,5,5,0,88.0,104900
6319,2023-10-13,549,5,4,9,156.0,60000
6320,2023-10-16,149,1,4,9,70.0,101500
6321,2023-10-17,844,8,4,4,45.0,107000
6322,2023-10-18,373,3,7,3,110.0,71000
6323,2023-10-19,985,9,8,5,36.0,109200
6324,2023-10-20,712,7,1,2,91.0,75300
6325,2023-10-23,110,1,1,0,190.0,84000
6326,2023-10-24,509,5,0,9,88.0,76900
6327,2023-10-25,880,8,8,0,68.0,106600
6328,2023-10-26,878,8,7,8,72.0,124600
6329,2023-10-27,374,3,7,4,103.0,77800
6330,2023-10-30,400,4,0,0,90.0,102100
6331,2023-10-31,645,6,4,5,93.0,98000
6332,2023-11-01,208,2,0,8,74.0,93100
6333,2023-11-02,840,8,4,0,73.0,93300
6334,2023-11-03,006,0,0,6,59.0,128000
6335,2023-11-06,282,2,8,2,73.0,111400
6336,2023-11-07,595,5,9,5,58.0,100600
6337,2023-11-08,114,1,1,4,245.0,61400
6338,2023-11-09,866,8,6,6,63.0,93400
6339,2023-11-10,060,0,6,0,188.0,84900
6340,2023-11-13,566,5,6,6,69.0,129600
6341,2023-11-14,208,2,0,8,54.0,105600
6342,2023-11-15,802,8,0,2,93.0,86300
6343,2023-11-16,105,1,0,5,350.0,54200
6344,2023-11-17,158,1,5,8,71.0,97400
6345,2023-11-20,502,5,0,2,92.0,91000
6346,2023-11-21,109,1,0,9,125.0,71000
6347,2023-11-22,584,5,8,4,65.0,106200
6348,2023-11-23,443,4,4,3,64.0,116800
6349,2023-11-24,470,4,7,0,376.0,63100
6350,2023-11-27,770,7,7,0,110.0,89500
6351,2023-11-28,041,0,4,1,46.0,115000
6352,2023-11-29,949,9,4,9,302.0,70600
6353,2023-11-30,060,0,6,0,35.0,125600
6354,2023-12-01,082,0,8,2,69.0,90100
6355,2023-12-04,511,5,1,1,197.0,74100
6356,2023-12-05,557,5,5,7,85.0,96200
6357,2023-12-06,204,2,0,4,112.0,74400
6358,2023-12-07,384,3,8,4,383.0,58200
6359,2023-12-08,183,1,8,3,117.0,82400
6360,2023-12-11,558,5,5,8,477.0,59600
6361,2023-12-12,544,5,4,4,78.0,93700
6362,2023-12-13,104,1,0,4,131.0,72300
6363,2023-12-14,169,1,6,9,58.0,86400
6364,2023-12-15,230,2,3,0,77.0,103400
6365,2023-12-18,532,5,3,2,76.0,101600
6366,2023-12-19,118,1,1,8,213.0,61500
6367,2023-12-20,153,1,5,3,118.0,69500
6368,2023-12-21,304,3,0,4,332.0,61400
6369,2023-12-22,850,8,5,0,60.0,111900
6370,2023-12-25,049,0,4,9,132.0,88300
6371,2023-12-26,906,9,0,6,89.0,97300
6372,2023-12-27,451,4,5,1,126.0,67800
6373,2023-12-28,090,0,9,0,454.0,50500
6374,2023-12-29,429,4,2,9,121.0,80200
6375,2024-01-04,013,0,1,3,87.0,92600
6376,2024-01-05,491,4,9,1,372.0,57800
6377,2024-01-08,565,5,6,5,87.0,113600
6378,2024-01-09,389,3,8,9,43.0,115000
6379,2024-01-10,460,4,6,0,110.0,103300
6380,2024-01-11,341,3,4,1,103.0,88700
6381,2024-01-12,919,9,1,9,125.0,96400
6382,2024-01-15,833,8,3,3,96.0,106000
6383,2024-01-16,780,7,8,0,33.0,118300
6384,2024-01-17,320,3,2,0,93.0,92500
6385,2024-01-18,604,6,0,4,131.0,97400
6386,2024-01-19,091,0,9,1,73.0,83800
6387,2024-01-22,385,3,8,5,137.0,61100
6388,2024-01-23,715,7,1,5,122.0,69300
6389,2024-01-24,725,7,2,5,133.0,68400
6390,2024-01-25,796,7,9,6,46.0,121100
6391,2024-01-26,101,1,0,1,245.0,73200
6392,2024-01-29,419,4,1,9,101.0,82100
6393,2024-01-30,802,8,0,2,89.0,73600
6394,2024-01-31,723,7,2,3,169.0,57600
6395,2024-02-01,310,3,1,0,180.0,58900
6396,2024-02-02,546,5,4,6,84.0,109200
6397,2024-02-05,458,4,5,8,83.0,89000
6398,2024-02-06,945,9,4,5,192.0,70100
6399,2024-02-07,791,7,9,1,49.0,109900
6400,2024-02-08,948,9,4,8,80.0,104600
6401,2024-02-09,706,7,0,6,68.0,119500
6402,2024-02-12,916,9,1,6,408.0,57200
6403,2024-02-13,055,0,5,5,64.0,101800
6404,2024-02-14,692,6,9,2,176.0,90500
6405,2024-02-15,963,9,6,3,102.0,66800
6406,2024-02-16,394,3,9,4,132.0,74700
6407,2024-02-19,920,9,2,0,116.0,90500
6408,2024-02-20,541,5,4,1,125.0,77800
6409,2024-02-21,105,1,0,5,110.0,72400
6410,2024-02-22,633,6,3,3,45.0,111600
6411,2024-02-23,834,8,3,4,58.0,118700
6412,2024-02-26,834,8,3,4,395.0,72100
6413,2024-02-27,358,3,5,8,332.0,34100
6414,2024-02-28,983,9,8,3,54.0,88900
6415,2024-02-29,414,4,1,4,94.0,107600
6416,2024-03-01,367,3,6,7,61.0,115500
6417,2024-03-04,017,0,1,7,348.0,64300
6418,2024-03-05,566,5,6,6,53.0,147300
6419,2024-03-06,395,3,9,5,84.0,93100
6420,2024-03-07,956,9,5,6,118.0,75500
6421,2024-03-08,810,8,1,0,136.0,79300
6422,2024-03-11,366,3,6,6,155.0,94700
6423,2024-03-12,494,4,9,4,115.0,94000
6424,2024-03-13,388,3,8,8,73.0,98000
6425,2024-03-14,833,8,3,3,180.0,54500
6426,2024-03-15,957,9,5,7,117.0,113400
6427,2024-03-18,378,3,7,8,362.0,56400
6428,2024-03-19,991,9,9,1,49.0,131500
6429,2024-03-20,978,9,7,8,86.0,97400
6430,2024-03-21,495,4,9,5,71.0,102200
6431,2024-03-22,059,0,5,9,69.0,91300
6432,2024-03-25,391,3,9,1,95.0,83500
6433,2024-03-26,504,5,0,4,84.0,85100
6434,2024-03-27,346,3,4,6,273.0,63400
6435,2024-03-28,578,5,7,8,83.0,96500
6436,2024-03-29,150,1,5,0,176.0,91100
6437,2024-04-01,603,6,0,3,380.0,63700
6438,2024-04-02,440,4,4,0,84.0,86900
6439,2024-04-03,992,9,9,2,112.0,106000
6440,2024-04-04,965,9,6,5,42.0,137600
6441,2024-04-05,639,6,3,9,75.0,68400
6442,2024-04-08,881,8,8,1,104.0,116200
6443,2024-04-09,018,0,1,8,82.0,80300
6444,2024-04-10,668,6,6,8,48.0,137200
6445,2024-04-11,627,6,2,7,101.0,84900
6446,2024-04-12,490,4,9,0,423.0,56300
6447,2024-04-15,089,0,8,9,245.0,57600
6448,2024-04-16,081,0,8,1,75.0,96700
6449,2024-04-17,180,1,8,0,115.0,77900
6450,2024-04-18,736,7,3,6,70.0,101900
6451,2024-04-19,910,9,1,0,146.0,66200
6452,2024-04-22,941,9,4,1,105.0,88300
6453,2024-04-23,806,8,0,6,64.0,98500
6454,2024-04-24,975,9,7,5,123.0,95700
6455,2024-04-25,981,9,8,1,62.0,80200
6456,2024-04-26,279,2,7,9,147.0,62200
6457,2024-04-29,898,8,9,8,71.0,78400
6458,2024-04-30,020,0,2,0,83.0,120500
6459,2024-05-01,907,9,0,7,240.0,73200
6460,2024-05-02,313,3,1,3,100.0,91400
6461,2024-05-03,666,6,6,6,426.0,78600
6462,2024-05-06,827,8,2,7,118.0,83300
6463,2024-05-07,282,2,8,2,398.0,53200
6464,2024-05-08,412,4,1,2,90.0,90700
6465,2024-05-09,271,2,7,1,304.0,49800
6466,2024-05-10,473,4,7,3,57.0,107500
6467,2024-05-13,186,1,8,6,115.0,89600
6468,2024-05-14,772,7,7,2,49.0,96700
6469,2024-05-15,219,2,1,9,108.0,74100
6470,2024-05-16,943,9,4,3,212.0,66200
6471,2024-05-17,872,8,7,2,149.0,78000
6472,2024-05-20,156,1,5,6,418.0,53600
6473,2024-05-21,526,5,2,6,506.0,41600
6474,2024-05-22,719,7,1,9,84.0,85900
6475,2024-05-23,268,2,6,8,72.0,83600
6476,2024-05-24,267,2,6,7,70.0,88200
6477,2024-05-27,161,1,6,1,66.0,116600
6478,2024-05-28,564,5,6,4,167.0,95200
6479,2024-05-29,419,4,1,9,152.0,59500
6480,2024-05-30,933,9,3,3,441.0,49300
6481,2024-05-31,904,9,0,4,42.0,114400
6482,2024-06-03,199,1,9,9,132.0,81700
6483,2024-06-04,478,4,7,8,59.0,118300
6484,2024-06-05,712,7,1,2,83.0,80600
6485,2024-06-06,781,7,8,1,70.0,85500
6486,2024-06-07,455,4,5,5,69.0,130200
6487,2024-06-10,760,7,6,0,441.0,65400
6488,2024-06-11,529,5,2,9,404.0,46100
6489,2024-06-12,788,7,8,8,263.0,69700
6490,2024-06-13,435,4,3,5,62.0,117100
6491,2024-06-14,632,6,3,2,244.0,71000
6492,2024-06-17,421,4,2,1,289.0,64600
6493,2024-06-18,119,1,1,9,430.0,43900
6494,2024-06-19,665,6,6,5,248.0,83100
6495,2024-06-20,017,0,1,7,83.0,100300
6496,2024-06-21,668,6,6,8,87.0,118300
6497,2024-06-24,484,4,8,4,77.0,96400
6498,2024-06-25,018,0,1,8,245.0,60600
6499,2024-06-26,426,4,2,6,144.0,72500
6500,2024-06-27,280,2,8,0,38.0,108200
6501,2024-06-28,364,3,6,4,112.0,96600
6502,2024-07-01,724,7,2,4,264.0,56200
6503,2024-07-02,732,7,3,2,178.0,69500
6504,2024-07-03,094,0,9,4,155.0,108000
6505,2024-07-04,575,5,7,5,178.0,95400
6506,2024-07-05,993,9,9,3,66.0,124900
6507,2024-07-08,810,8,1,0,152.0,74300
6508,2024-07-09,273,2,7,3,192.0,75800
6509,2024-07-10,224,2,2,4,174.0,80700
6510,2024-07-11,335,3,3,5,86.0,75700
6511,2024-07-12,475,4,7,5,112.0,84600
6512,2024-07-15,098,0,9,8,463.0,47200
6513,2024-07-16,884,8,8,4,195.0,75900
6514,2024-07-17,100,1,0,0,487.0,44800
6515,2024-07-18,864,8,6,4,83.0,99800
6516,2024-07-19,086,0,8,6,242.0,75000
6517,2024-07-22,937,9,3,7,99.0,89700
6518,2024-07-23,620,6,2,0,63.0,111100
6519,2024-07-24,643,6,4,3,301.0,63400
6520,2024-07-25,503,5,0,3,71.0,94000
6521,2024-07-26,498,4,9,8,68.0,103100
6522,2024-07-29,853,8,5,3,85.0,64800
6523,2024-07-30,343,3,4,3,66.0,111800
6524,2024-07-31,392,3,9,2,248.0,70800
6525,2024-08-01,098,0,9,8,293.0,60800
6526,2024-08-02,127,1,2,7,322.0,51100
6527,2024-08-05,280,2,8,0,160.0,73600
6528,2024-08-06,802,8,0,2,147.0,51000
6529,2024-08-07,862,8,6,2,224.0,65100
6530,2024-08-08,036,0,3,6,248.0,69700
6531,2024-08-09,270,2,7,0,32.0,117500
6532,2024-08-12,580,5,8,0,144.0,96100
6533,2024-08-13,701,7,0,1,54.0,113700
6534,2024-08-14,051,0,5,1,59.0,105800
6535,2024-08-15,337,3,3,7,70.0,108800
6536,2024-08-16,322,3,2,2,83.0,85700
6537,2024-08-19,684,6,8,4,193.0,83000
6538,2024-08-20,772,7,7,2,47.0,138800
6539,2024-08-21,803,8,0,3,98.0,77500
6540,2024-08-22,801,8,0,1,153.0,60600
6541,2024-08-23,067,0,6,7,66.0,131500
6542,2024-08-26,900,9,0,0,153.0,86700
6543,2024-08-27,376,3,7,6,54.0,119900
6544,2024-08-28,656,6,5,6,52.0,143600
6545,2024-08-29,355,3,5,5,131.0,71400
6546,2024-08-30,864,8,6,4,105.0,91400
6547,2024-09-02,398,3,9,8,72.0,80300
6548,2024-09-03,216,2,1,6,252.0,60600
6549,2024-09-04,385,3,8,5,232.0,52600
6550,2024-09-05,666,6,6,6,323.0,94500
6551,2024-09-06,827,8,2,7,259.0,39600
6552,2024-09-09,500,5,0,0,79.0,104500
6553,2024-09-10,811,8,1,1,490.0,41200
6554,2024-09-11,508,5,0,8,75.0,101500
6555,2024-09-12,527,5,2,7,103.0,83700
6556,2024-09-13,215,2,1,5,156.0,78500
6557,2024-09-16,319,3,1,9,249.0,53100
6558,2024-09-17,669,6,6,9,73.0,102100
6559,2024-09-18,430,4,3,0,90.0,96800
6560,2024-09-19,297,2,9,7,88.0,76600
6561,2024-09-20,776,7,7,6,94.0,111500
6562,2024-09-23,808,8,0,8,299.0,49500
6563,2024-09-24,844,8,4,4,217.0,64100
6564,2024-09-25,835,8,3,5,483.0,38400
6565,2024-09-26,841,8,4,1,42.0,108800
6566,2024-09-27,171,1,7,1,55.0,102700
6567,2024-09-30,549,5,4,9,354.0,60800
6568,2024-10-01,484,4,8,4,331.0,48100
6569,2024-10-02,190,1,9,0,122.0,87400
6570,2024-10-03,097,0,9,7,63.0,119200
6571,2024-10-04,610,6,1,0,95.0,82400
6572,2024-10-07,477,4,7,7,76.0,105100
6573,2024-10-08,014,0,1,4,57.0,101600
6574,2024-10-09,113,1,1,3,129.0,66200
6575,2024-10-10,264,2,6,4,68.0,100600
6576,2024-10-11,751,7,5,1,118.0,77700
6577,2024-10-14,202,2,0,2,76.0,101400
6578,2024-10-15,582,5,8,2,134.0,83200
6579,2024-10-16,983,9,8,3,33.0,105100
6580,2024-10-17,546,5,4,6,47.0,127200
6581,2024-10-18,411,4,1,1,89.0,85700
6582,2024-10-21,934,9,3,4,306.0,66300
6583,2024-10-22,731,7,3,1,573.0,39000
6584,2024-10-23,691,6,9,1,51.0,102400
6585,2024-10-24,021,0,2,1,29.0,120500
6586,2024-10-25,783,7,8,3,66.0,120800
6587,2024-10-28,830,8,3,0,117.0,85600
6588,2024-10-29,161,1,6,1,52.0,122700
6589,2024-10-30,060,0,6,0,497.0,45100
6590,2024-10-31,133,1,3,3,330.0,51900
6591,2024-11-01,241,2,4,1,472.0,47800
6592,2024-11-04,187,1,8,7,347.0,57300
6593,2024-11-05,290,2,9,0,165.0,84000
6594,2024-11-06,359,3,5,9,80.0,78600
6595,2024-11-07,395,3,9,5,42.0,108800
6596,2024-11-08,984,9,8,4,65.0,101100
6597,2024-11-11,230,2,3,0,75.0,117700
6598,2024-11-12,518,5,1,8,346.0,53200
6599,2024-11-13,091,0,9,1,193.0,70500
6600,2024-11-14,530,5,3,0,99.0,77200
6601,2024-11-15,091,0,9,1,95.0,95100
6602,2024-11-18,035,0,3,5,506.0,42700
6603,2024-11-19,956,9,5,6,39.0,133800
6604,2024-11-20,406,4,0,6,54.0,116200
6605,2024-11-21,138,1,3,8,152.0,55400
6606,2024-11-22,147,1,4,7,589.0,38000
6607,2024-11-25,566,5,6,6,151.0,84000
6608,2024-11-26,814,8,1,4,78.0,89000
6609,2024-11-27,638,6,3,8,163.0,64400
6610,2024-11-28,878,8,7,8,30.0,125700
6611,2024-11-29,656,6,5,6,299.0,66900
6612,2024-12-02,175,1,7,5,126.0,82300
6613,2024-12-03,340,3,4,0,544.0,46400
6614,2024-12-04,179,1,7,9,113.0,92600
6615,2024-12-05,710,7,1,0,121.0,75500
6616,2024-12-06,281,2,8,1,662.0,36400
6617,2024-12-09,692,6,9,2,54.0,104100
6618,2024-12-10,205,2,0,5,57.0,107000
6619,2024-12-11,431,4,3,1,138.0,77900
6620,2024-12-12,989,9,8,9,531.0,42600
6621,2024-12-13,409,4,0,9,91.0,84500
6622,2024-12-16,632,6,3,2,46.0,110000
6623,2024-12-17,264,2,6,4,76.0,88500
6624,2024-12-18,108,1,0,8,137.0,57500
6625,2024-12-19,873,8,7,3,74.0,102400
6626,2024-12-20,052,0,5,2,98.0,103900
6627,2024-12-23,495,4,9,5,187.0,82300
6628,2024-12-24,496,4,9,6,68.0,97400
6629,2024-12-25,404,4,0,4,90.0,105100
6630,2024-12-26,315,3,1,5,224.0,47900
6631,2024-12-27,953,9,5,3,272.0,69700
6632,2024-12-30,303,3,0,3,620.0,44300
6633,2025-01-06,188,1,8,8,172.0,88700
6634,2025-01-07,238,2,3,8,202.0,68100
6635,2025-01-08,462,4,6,2,112.0,81700
6636,2025-01-09,207,2,0,7,630.0,39900
6637,2025-01-10,669,6,6,9,88.0,113400
6638,2025-01-13,265,2,6,5,55.0,111800
6639,2025-01-14,606,6,0,6,139.0,74400
6640,2025-01-15,216,2,1,6,111.0,67300
6641,2025-01-16,100,1,0,0,73.0,103200
6642,2025-01-17,944,9,4,4,289.0,70600
6643,2025-01-20,672,6,7,2,61.0,114100
6644,2025-01-21,496,4,9,6,65.0,102100
6645,2025-01-22,842,8,4,2,45.0,104400
6646,2025-01-23,239,2,3,9,137.0,76400
6647,2025-01-24,557,5,5,7,122.0,101300
6648,2025-01-27,169,1,6,9,195.0,67900
6649,2025-01-28,763,7,6,3,266.0,65800
6650,2025-01-29,314,3,1,4,136.0,72200
6651,2025-01-30,577,5,7,7,161.0,92600
6652,2025-01-31,020,0,2,0,56.0,111600
6653,2025-02-03,168,1,6,8,323.0,48200
6654,2025-02-04,799,7,9,9,141.0,90100
6655,2025-02-05,973,9,7,3,57.0,116400
6656,2025-02-06,033,0,3,3,183.0,72300
6657,2025-02-07,100,1,0,0,68.0,107300
6658,2025-02-10,249,2,4,9,116.0,88700
6659,2025-02-11,086,0,8,6,27.0,147400
6660,2025-02-12,427,4,2,7,111.0,68100
6661,2025-02-13,354,3,5,4,158.0,70300
6662,2025-02-14,720,7,2,0,86.0,103400
6663,2025-02-17,796,7,9,6,58.0,124500
6664,2025-02-18,804,8,0,4,165.0,77700
6665,2025-02-19,157,1,5,7,75.0,85300
6666,2025-02-20,770,7,7,0,47.0,101400
6667,2025-02-21,531,5,3,1,104.0,81100
6668,2025-02-24,423,4,2,3,137.0,70600
6669,2025-02-25,185,1,8,5,63.0,104100
6670,2025-02-26,996,9,9,6,107.0,84700
6671,2025-02-27,372,3,7,2,94.0,76800
6672,2025-02-28,394,3,9,4,92.0,84800
6673,2025-03-03,422,4,2,2,84.0,90800
6674,2025-03-04,638,6,3,8,91.0,83100
6675,2025-03-05,052,0,5,2,45.0,127000
6676,2025-03-06,417,4,1,7,151.0,58100
6677,2025-03-07,128,1,2,8,116.0,64300
6678,2025-03-10,959,9,5,9,53.0,132300
6679,2025-03-11,036,0,3,6,79.0,88900
6680,2025-03-12,312,3,1,2,226.0,40300
6681,2025-03-13,946,9,4,6,71.0,95300
6682,2025-03-14,766,7,6,6,105.0,103200
6683,2025-03-17,187,1,8,7,70.0,90300
6684,2025-03-18,150,1,5,0,69.0,106200
6685,2025-03-19,099,0,9,9,226.0,67200
6686,2025-03-20,320,3,2,0,297.0,34600
6687,2025-03-21,146,1,4,6,58.0,90600
6688,2025-03-24,948,9,4,8,61.0,108100
6689,2025-03-25,990,9,9,0,355.0,60600
6690,2025-03-26,029,0,2,9,82.0,84900
6691,2025-03-27,725,7,2,5,110.0,67700
6692,2025-03-28,730,7,3,0,166.0,74800
6693,2025-03-31,337,3,3,7,181.0,78300
6694,2025-04-01,515,5,1,5,84.0,92300
6695,2025-04-02,964,9,6,4,82.0,93800
6696,2025-04-03,129,1,2,9,165.0,58900
6697,2025-04-04,214,2,1,4,140.0,74000
6698,2025-04-07,623,6,2,3,167.0,70400
6699,2025-04-08,457,4,5,7,167.0,74100
6700,2025-04-09,046,0,4,6,133.0,86900
6701,2025-04-10,467,4,6,7,160.0,70700
6702,2025-04-11,543,5,4,3,59.0,133900
6703,2025-04-14,313,3,1,3,150.0,80200
6704,2025-04-15,574,5,7,4,69.0,95400
6705,2025-04-16,629,6,2,9,97.0,79700
6706,2025-04-17,249,2,4,9,59.0,104800
6707,2025-04-18,440,4,4,0,121.0,87400
6708,2025-04-21,637,6,3,7,82.0,102000
6709,2025-04-22,020,0,2,0,100.0,120200
6710,2025-04-23,896,8,9,6,148.0,90700
6711,2025-04-24,978,9,7,8,58.0,100400
6712,2025-04-25,446,4,4,6,65.0,125400
6713,2025-04-28,718,7,1,8,262.0,63100
6714,2025-04-29,253,2,5,3,102.0,79100
6715,2025-04-30,878,8,7,8,194.0,88700
6716,2025-05-01,752,7,5,2,107.0,98700
6717,2025-05-02,652,6,5,2,161.0,87700
6718,2025-05-05,133,1,3,3,58.0,104000
6719,2025-05-06,157,1,5,7,78.0,82600
6720,2025-05-07,990,9,9,0,99.0,96500
6721,2025-05-08,990,9,9,0,88.0,87700
6722,2025-05-09,190,1,9,0,394.0,43000
6723,2025-05-12,502,5,0,2,83.0,103400
6724,2025-05-13,152,1,5,2,74.0,70100
6725,2025-05-14,122,1,2,2,109.0,74400
6726,2025-05-15,371,3,7,1,218.0,65500
6727,2025-05-16,611,6,1,1,103.0,82200
6728,2025-05-19,870,8,7,0,95.0,108200
6729,2025-05-20,263,2,6,3,56.0,115400
6730,2025-05-21,355,3,5,5,113.0,79000
6731,2025-05-22,680,6,8,0,40.0,124500
6732,2025-05-23,752,7,5,2,81.0,84100
6733,2025-05-26,902,9,0,2,188.0,80300
6734,2025-05-27,238,2,3,8,94.0,88700
6735,2025-05-28,564,5,6,4,226.0,71100
6736,2025-05-29,849,8,4,9,65.0,95800
6737,2025-05-30,549,5,4,9,44.0,105200
6738,2025-06-02,898,8,9,8,71.0,108600
6739,2025-06-03,800,8,0,0,63.0,91400
6740,2025-06-04,819,8,1,9,138.0,58700
6741,2025-06-05,066,0,6,6,63.0,95200
6742,2025-06-06,227,2,2,7,279.0,54200
6743,2025-06-09,490,4,9,0,47.0,127800
6744,2025-06-10,284,2,8,4,43.0,105400
6745,2025-06-11,918,9,1,8,159.0,77700
6746,2025-06-12,535,5,3,5,39.0,112800
6747,2025-06-13,069,0,6,9,60.0,100900
6748,2025-06-16,040,0,4,0,108.0,117200
6749,2025-06-17,482,4,8,2,116.0,82200
6750,2025-06-18,120,1,2,0,350.0,52200
6751,2025-06-19,695,6,9,5,45.0,120500
6752,2025-06-20,536,5,3,6,59.0,103600
6753,2025-06-23,870,8,7,0,56.0,119200
6754,2025-06-24,652,6,5,2,76.0,95600
6755,2025-06-25,306,3,0,6,106.0,97800
6756,2025-06-26,458,4,5,8,201.0,62300
6757,2025-06-27,621,6,2,1,240.0,59300
6758,2025-06-30,149,1,4,9,74.0,93000
6759,2025-07-01,307,3,0,7,80.0,88100
6760,2025-07-02,897,8,9,7,34.0,134400
6761,2025-07-03,108,1,0,8,106.0,57800
6762,2025-07-04,407,4,0,7,88.0,81200
6763,2025-07-07,190,1,9,0,92.0,83000
6764,2025-07-08,614,6,1,4,90.0,79800
6765,2025-07-09,843,8,4,3,41.0,120700
6766,2025-07-10,364,3,6,4,130.0,81100
6767,2025-07-11,324,3,2,4,150.0,77100
6768,2025-07-14,588,5,8,8,160.0,83100
6769,2025-07-15,548,5,4,8,73.0,92600
6770,2025-07-16,693,6,9,3,71.0,70200
6771,2025-07-17,442,4,4,2,57.0,125900
6772,2025-07-18,601,6,0,1,126.0,90700
6773,2025-07-21,224,2,2,4,103.0,92600
6774,2025-07-22,168,1,6,8,153.0,63800
6775,2025-07-23,801,8,0,1,80.0,80300
6776,2025-07-24,671,6,7,1,229.0,71000
6777,2025-07-25,294,2,9,4,84.0,91600
6778,2025-07-28,648,6,4,8,223.0,60100
6779,2025-07-29,524,5,2,4,159.0,57100
6780,2025-07-30,491,4,9,1,72.0,91400
6781,2025-07-31,244,2,4,4,77.0,90500
6782,2025-08-01,808,8,0,8,154.0,70600
6783,2025-08-04,856,8,5,6,189.0,82700
6784,2025-08-05,361,3,6,1,79.0,83400
6785,2025-08-06,300,3,0,0,236.0,67500
6786,2025-08-07,207,2,0,7,47.0,103700
6787,2025-08-08,657,6,5,7,43.0,138400
6788,2025-08-11,090,0,9,0,79.0,98900
6789,2025-08-12,462,4,6,2,110.0,78400
6790,2025-08-13,766,7,6,6,32.0,157900
6791,2025-08-14,142,1,4,2,58.0,103100
6792,2025-08-15,486,4,8,6,67.0,87600
6793,2025-08-18,776,7,7,6,87.0,99700
6794,2025-08-19,631,6,3,1,152.0,88600
6795,2025-08-20,218,2,1,8,106.0,71300
6796,2025-08-21,741,7,4,1,179.0,61300
6797,2025-08-22,461,4,6,1,113.0,77400
6798,2025-08-25,313,3,1,3,120.0,83900
6799,2025-08-26,650,6,5,0,63.0,119100
6800,2025-08-27,038,0,3,8,101.0,95100
6801,2025-08-28,186,1,8,6,43.0,91300
6802,2025-08-29,805,8,0,5,81.0,97100
6803,2025-09-01,229,2,2,9,115.0,83900
6804,2025-09-02,275,2,7,5,49.0,87800
6805,2025-09-03,806,8,0,6,48.0,97600
6806,2025-09-04,131,1,3,1,227.0,70200
6807,2025-09-05,856,8,5,6,66.0,102600
6808,2025-09-08,572,5,7,2,74.0,94300
6809,2025-09-09,891,8,9,1,166.0,79100
6810,2025-09-10,777,7,7,7,434.0,69100
6811,2025-09-11,827,8,2,7,496.0,36600
6812,2025-09-12,411,4,1,1,73.0,99800
6813,2025-09-15,573,5,7,3,70.0,90900
6814,2025-09-16,672,6,7,2,41.0,108700
6815,2025-09-17,578,5,7,8,46.0,106300
6816,2025-09-18,368,3,6,8,93.0,76400
6817,2025-09-19,630,6,3,0,96.0,93200
6818,2025-09-22,064,0,6,4,66.0,120100
6819,2025-09-23,072,0,7,2,274.0,63400
6820,2025-09-24,055,0,5,5,134.0,91500
6821,2025-09-25,439,4,3,9,156.0,71800
6822,2025-09-26,049,0,4,9,257.0,65100
6823,2025-09-29,789,7,8,9,144.0,95400
6824,2025-09-30,194,1,9,4,88.0,84800
6825,2025-10-01,213,2,1,3,128.0,73200
6826,2025-10-02,936,9,3,6,89.0,81800
6827,2025-10-03,279,2,7,9,67.0,88300
6828,2025-10-06,523,5,2,3,122.0,78000
6829,2025-10-07,654,6,5,4,42.0,104100
6830,2025-10-08,404,4,0,4,52.0,114300
6831,2025-10-09,636,6,3,6,185.0,87600
6832,2025-10-10,708,7,0,8,77.0,106500
6833,2025-10-13,278,2,7,8,87.0,86100
6834,2025-10-14,404,4,0,4,331.0,63400
6835,2025-10-15,374,3,7,4,94.0,85200
6836,2025-10-16,157,1,5,7,137.0,70300
6837,2025-10-17,729,7,2,9,111.0,83000
6838,2025-10-20,518,5,1,8,157.0,81500
6839,2025-10-21,204,2,0,4,177.0,71700
6840,2025-10-22,139,1,3,9,216.0,60900
6841,2025-10-23,209,2,0,9,65.0,78700
6842,2025-10-24,472,4,7,2,97.0,76800
6843,2025-10-27,631,6,3,1,99.0,80600
6844,2025-10-28,656,6,5,6,55.0,123700
6845,2025-10-29,652,6,5,2,154.0,83700
6846,2025-10-30,013,0,1,3,51.0,95600
6847,2025-10-31,395,3,9,5,143.0,81800
6848,2025-11-03,810,8,1,0,397.0,45700
6849,2025-11-04,684,6,8,4,151.0,73300
6850,2025-11-05,344,3,4,4,61.0,118500
6851,2025-11-06,199,1,9,9,256.0,62900
6852,2025-11-07,289,2,8,9,129.0,71300
6853,2025-11-10,256,2,5,6,106.0,86800
6854,2025-11-11,758,7,5,8,426.0,50700
6855,2025-11-12,663,6,6,3,272.0,73300
6856,2025-11-13,790,7,9,0,186.0,81200
6857,2025-11-14,706,7,0,6,87.0,112100
6858,2025-11-17,567,5,6,7,334.0,63200
6859,2025-11-18,143,1,4,3,141.0,81800
6860,2025-11-19,379,3,7,9,410.0,53400
6861,2025-11-20,909,9,0,9,98.0,81000
6862,2025-11-21,619,6,1,9,113.0,70100
6863,2025-11-24,836,8,3,6,119.0,77300
6864,2025-11-25,873,8,7,3,202.0,67100
6865,2025-11-26,106,1,0,6,165.0,80300
6866,2025-11-27,861,8,6,1,54.0,94100
6867,2025-11-28,656,6,5,6,459.0,52700
6868,2025-12-01,886,8,8,6,62.0,110100
6869,2025-12-02,584,5,8,4,60.0,107300
6870,2025-12-03,156,1,5,6,95.0,82900
6871,2025-12-04,973,9,7,3,814.0,36400
6872,2025-12-05,835,8,3,5,96.0,61600
6873,2025-12-08,412,4,1,2,224.0,70300
6874,2025-12-09,735,7,3,5,207.0,63300
6875,2025-12-10,983,9,8,3,310.0,55000
6876,2025-12-11,270,2,7,0,39.0,120600
6877,2025-12-12,567,5,6,7,115.0,91500
6878,2025-12-15,355,3,5,5,177.0,79400
6879,2025-12-16,003,0,0,3,393.0,62300
6880,2025-12-17,249,2,4,9,394.0,55200
6881,2025-12-18,558,5,5,8,182.0,90800
6882,2025-12-19,837,8,3,7,404.0,57000
6883,2025-12-22,919,9,1,9,185.0,82700
6884,2025-12-23,112,1,1,2,99.0,81400
6885,2025-12-24,862,8,6,2,53.0,103100
6886,2025-12-25,319,3,1,9,383.0,51400
6887,2025-12-26,395,3,9,5,58.0,95500
6888,2025-12-29,089,0,8,9,341.0,58100
6889,2025-12-30,921,9,2,1,265.0,55100
6890,2026-01-05,622,6,2,2,441.0,53400
6891,2026-01-06,696,6,9,6,55.0,125200
6892,2026-01-07,620,6,2,0,782.0,35300
6893,2026-01-08,649,6,4,9,53.0,101200
6894,2026-01-09,673,6,7,3,554.0,47700
6895,2026-01-12,982,9,8,2,360.0,66800
6896,2026-01-13,784,7,8,4,89.0,95500
6897,2026-01-14,325,3,2,5,138.0,69500
6898,2026-01-15,345,3,4,5,150.0,76700
6899,2026-01-16,597,5,9,7,574.0,50500
6900,2026-01-19,590,5,9,0,63.0,100300
6901,2026-01-20,932,9,3,2,520.0,44700
6902,2026-01-21,949,9,4,9,94.0,114000
6903,2026-01-22,527,5,2,7,594.0,37200
6904,2026-01-23,443,4,4,3,61.0,127800
6905,2026-01-26,643,6,4,3,383.0,60000
6906,2026-01-27,073,0,7,3,34.0,137100
6907,2026-01-28,447,4,4,7,65.0,104400
6908,2026-01-29,461,4,6,1,141.0,80700
6909,2026-01-30,388,3,8,8,70.0,126500
6910,2026-02-02,037,0,3,7,267.0,78300
6911,2026-02-03,105,1,0,5,256.0,67400
6912,2026-02-04,160,1,6,0,451.0,55600
6913,2026-02-05,470,4,7,0,39.0,129100
6914,2026-02-06,388,3,8,8,67.0,123500
6915,2026-02-09,316,3,1,6,255.0,47900
6916,2026-02-10,293,2,9,3,53.0,108900
6917,2026-02-11,224,2,2,4,82.0,80000
6918,2026-02-12,827,8,2,7,78.0,77100
6919,2026-02-13,493,4,9,3,495.0,50300
6920,2026-02-16,758,7,5,8,112.0,91500
6921,2026-02-17,269,2,6,9,91.0,81700
6922,2026-02-18,979,9,7,9,144.0,108800
6923,2026-02-19,135,1,3,5,72.0,94300
6924,2026-02-20,918,9,1,8,76.0,91600
6925,2026-02-23,843,8,4,3,62.0,102800
6926,2026-02-24,490,4,9,0,513.0,45100
6927,2026-02-25,099,0,9,9,97.0,83600
6928,2026-02-26,123,1,2,3,127.0,67100
6929,2026-02-27,682,6,8,2,124.0,86000
6930,2026-03-02,132,1,3,2,52.0,93500
6931,2026-03-03,731,7,3,1,215.0,59100
6932,2026-03-04,971,9,7,1,52.0,111500
6933,2026-03-05,903,9,0,3,97.0,87600
6934,2026-03-06,314,3,1,4,122.0,70200
6935,2026-03-09,413,4,1,3,232.0,60900
6936,2026-03-10,917,9,1,7,127.0,73000
6937,2026-03-11,540,5,4,0,104.0,109400
6938,2026-03-12,614,6,1,4,94.0,77000
6939,2026-03-13,670,6,7,0,483.0,55500
6940,2026-03-16,423,4,2,3,107.0,81000
6941,2026-03-17,834,8,3,4,47.0,108900
6942,2026-03-18,128,1,2,8,181.0,63500
6943,2026-03-19,690,6,9,0,332.0,63700
6944,2026-03-20,319,3,1,9,140.0,50200
6945,2026-03-23,191,1,9,1,135.0,82100
6946,2026-03-24,619,6,1,9,225.0,53300
6947,2026-03-25,141,1,4,1,72.0,112700
6948,2026-03-26,413,4,1,3,608.0,34400
6949,2026-03-27,048,0,4,8,56.0,122200
6950,2026-03-30,860,8,6,0,77.0,106300
6951,2026-03-31,048,0,4,8,66.0,97000
6952,2026-04-01,063,0,6,3,329.0,65800
6953,2026-04-02,095,0,9,5,100.0,111600
6954,2026-04-03,479,4,7,9,125.0,90600
6955,2026-04-06,881,8,8,1,555.0,51800
6956,2026-04-07,228,2,2,8,107.0,83200
6957,2026-04-08,941,9,4,1,275.0,60700
6958,2026-04-09,944,9,4,4,52.0,105600
6959,2026-04-10,047,0,4,7,757.0,36400
6960,2026-04-13,528,5,2,8,130.0,74000
6961,2026-04-14,186,1,8,6,38.0,93900
6962,2026-04-15,099,0,9,9,201.0,70700
6963,2026-04-16,039,0,3,9,93.0,83800
6964,2026-04-17,133,1,3,3,101.0,76500
6965,2026-04-20,231,2,3,1,446.0,46300
6966,2026-04-21,202,2,0,2,455.0,52100
6967,2026-04-22,801,8,0,1,739.0,33200
6968,2026-04-23,377,3,7,7,48.0,116800
6969,2026-04-24,137,1,3,7,125.0,59300
6970,2026-04-27,425,4,2,5,242.0,60400
6971,2026-04-28,837,8,3,7,517.0,48000
6972,2026-04-29,818,8,1,8,110.0,81000
6973,2026-04-30,035,0,3,5,58.0,118200
6974,2026-05-01,706,7,0,6,51.0,127800
6975,2026-05-04,791,7,9,1,693.0,46400
6976,2026-05-05,579,5,7,9,49.0,113300
6977,2026-05-06,369,3,6,9,670.0,31000
6978,2026-05-07,256,2,5,6,67.0,82700
6979,2026-05-08,647,6,4,7,56.0,108000
6980,2026-05-11,971,9,7,1,51.0,108600
6981,2026-05-12,760,7,6,0,55.0,122800
6982,2026-05-13,848,8,4,8,56.0,121500
6983,2026-05-14,674,6,7,4,142.0,78300
6984,2026-05-15,685,6,8,5,374.0,58600
6985,2026-05-18,621,6,2,1,158.0,74400
6986,2026-05-19,284,2,8,4,41.0,100800
6987,2026-05-20,762,7,6,2,807.0,36300
6988,2026-05-21,127,1,2,7,773.0,29100
6989,2026-05-22,253,2,5,3,67.0,95800
6990,2026-05-25,097,0,9,7,99.0,113500
6991,2026-05-26,667,6,6,7,234.0,74400
6992,2026-05-27,255,2,5,5,74.0,90500
6993,2026-05-28,274,2,7,4,245.0,62800
6994,2026-05-29,692,6,9,2,736.0,37300
6995,2026-06-01,286,2,8,6,85.0,80400
6996,2026-06-02,625,6,2,5,269.0,52800
6997,2026-06-03,948,9,4,8,83.0,90300
6998,2026-06-04,030,0,3,0,34.0,134100
6999,2026-06-05,360,3,6,0,59.0,95000
7000,2026-06-08,649,6,4,9,91.0,93300
7001,2026-06-09,633,6,3,3,54.0,116200
7002,2026-06-10,159,1,5,9,716.0,37400
7003,2026-06-11,707,7,0,7,98.0,106100
7004,2026-06-12,008,0,0,8,92.0,108500
7005,2026-06-15,016,0,1,6,586.0,51400
7006,2026-06-16,577,5,7,7,43.0,135800
7007,2026-06-17,096,0,9,6,579.0,48900
7008,2026-06-18,936,9,3,6,43.0,76400
7009,2026-06-19,651,6,5,1,118.0,83100
7010,2026-06-22,166,1,6,6,100.0,77200
7011,2026-06-23,495,4,9,5,45.0,103200
7012,2026-06-24,527,5,2,7,114.0,72300
7013,2026-06-25,873,8,7,3,67.0,98600
7014,2026-06-26,481,4,8,1,138.0,70300
7015,2026-06-29,554,5,5,4,532.0,54700
7016,2026-06-30,629,6,2,9,121.0,65600
7017,2026-07-01,026,0,2,6,75.0,88800
7018,2026-07-02,768,7,6,8,36.0,118500
7019,2026-07-03,304,3,0,4,91.0,100600
7020,2026-07-06,069,0,6,9,79.0,96900
7021,2026-07-07,134,1,3,4,96.0,93100
7022,2026-07-08,830,8,3,0,74.0,96100
7023,2026-07-09,826,8,2,6,78.0,86000
7024,2026-07-10,097,0,9,7,183.0,83400
7025,2026-07-13,549,5,4,9,276.0,80300
7026,2026-07-14,939,9,3,9,51.0,127700
7027,2026-07-15,583,5,8,3,283.0,55600
7028,2026-07-16,456,4,5,6,51.0,92000
7029,2026-07-17,388,3,8,8,78.0,108200
7030,2026-07-20,053,0,5,3,128.0,87600
7031,2026-07-21,413,4,1,3,83.0,85000
7032,2026-07-22,492,4,9,2,52.0,101000
7033,2026-07-23,147,1,4,7,64.0,79100
7034,2026-07-24,777,7,7,7,373.0,80400
7035,2026-07-27,432,4,3,2,517.0,48000
7036,2026-07-28,420,4,2,0,77.0,90300
7037,2026-07-29,038,0,3,8,66.0,96200
7038,2026-07-30,424,4,2,4,388.0,50100
7039,2026-07-31,838,8,3,8,85.0,86200
7040,2026-08-03,313,3,1,3,161.0,68400
7041,2026-08-04,722,7,2,2,700.0,34400
7042,2026-08-05,750,7,5,0,65.0,120400
7043,2026-08-06,163,1,6,3,78.0,83000
7044,2026-08-07,487,4,8,7,55.0,101700
7045,2026-08-10,180,1,8,0,70.0,69000
7046,2026-08-11,507,5,0,7,84.0,112200
7047,2026-08-12,380,3,8,0,96.0,89500
7048,2026-08-13,770,7,7,0,77.0,98600
7049,2026-08-14,638,6,3,8,139.0,70200
